CustomerID,Region,Gender,Age,Education Years,Employment Years,Job Category,Retired,Marital Status,Household Size,Household Income,Number Pets,Home Owner,Car Ownership,Car Brand,Car Value,Commute Distance,Political Party,Votes,Credit Card,Credit Card Tenure,Active Lifestyle,TV Watching Hours,Streaming Svcs,Wireless Internet,Smart Phone,Twitter Acct,LinkedIn Acct,Facebook Acct,News Subscriber,Coupon Redemption,Brand Tenure Months,Monthly Spend ProductA,Cumulative Spend ProductA,Monthly Spend ProductB,Cumulative Spend ProductB,Monthly Spend ProductC,Cumulative Spend ProductC,Total Avg Monthly Spend,High Value Customer
0002-GTOKLU-YVY,5,Male,63,16,3,Sales,No,Married,2,"$122,000.00",3,1,Own,Domestic,"$26,000",24,No,Yes,AMEX,11,No,18,Yes,Yes,Yes,Yes,Yes,Yes,No,0,21,$20.60,$84.92,$147.60,$602.92,$176.50,$790.02,$344.70,1
0003-RLTRGE-IW2,1,Male,52,11,14,Professional,No,Unmarried,1,"$170,000.00",2,1,Own,Domestic,"$43,100",27,No,No,AMEX,15,No,20,No,Yes,No,Yes,Yes,No,No,0,31,$46.20,$304.28,$0.00,$0.00,$107.25,$746.28,$153.45,0
0003-UTGKPR-PRU,2,Male,73,14,11,Professional,No,Unmarried,1,"$78,000.00",0,1,Lease,Domestic,"$10,000",41,Yes,No,Visa,31,No,13,No,No,No,No,No,No,Yes,0,54,$65.20,$703.88,$0.00,$0.00,$0.00,$0.00,$65.20,0
0008-ZIQQOT-SGB,3,Female,40,21,3,Sales,No,Married,3,"$138,000.00",8,1,Own,Domestic,"$66,200",16,Yes,Yes,AMEX,1,Yes,24,Yes,Yes,Yes,Yes,Yes,Yes,No,0,1,$8.60,$1.72,$171.20,$34.24,$150.25,$36.06,$330.05,1
0012-CIVYLF-839,4,Male,40,12,9,Labor,No,Married,2,"$126,000.00",0,1,Own,Domestic,"$39,300",35,No,No,Disc,17,No,17,No,No,No,No,No,No,No,0,48,$46.60,$495.20,$0.00,$0.00,$0.00,$0.00,$46.60,0
0014-DOIOFX-LXB,2,Female,37,12,10,Crafts,No,Married,4,"$74,000.00",0,1,Own,Domestic,"$15,800",25,No,Yes,AMEX,19,No,19,No,No,No,No,No,Yes,Yes,0,59,$93.60,"$1,175.76",$0.00,$0.00,$0.00,$0.00,$93.60,0
0014-SHVSIE-LP9,3,Male,39,19,8,Professional,No,Unmarried,3,"$184,000.00",0,1,NoCar,N/A,$0,20,No,Yes,Mast,7,Yes,7,Yes,Yes,Yes,Yes,Yes,Yes,No,0,28,$29.60,$160.88,$222.00,"$1,189.60",$295.00,"$1,893.60",$546.60,1
0016-KTTUQR-TJY,2,Male,47,16,11,Professional,No,Married,3,"$90,000.00",7,1,Own,Domestic,"$29,100",24,No,No,Visa,29,No,17,No,No,No,No,No,No,Yes,1,54,$46.40,$503.80,$0.00,$0.00,$0.00,$0.00,$46.40,0
0016-XBFXXW-2G0,4,Female,19,14,0,Professional,No,Married,3,"$40,000.00",2,1,Own,Foreign,"$10,900",28,No,Yes,Visa,1,Yes,26,Yes,No,No,No,No,Yes,No,0,22,$22.60,$101.48,$107.80,$435.16,$0.00,$0.00,$130.40,0
0016-YQHYTA-32U,5,Female,27,16,3,Professional,No,Married,4,"$144,000.00",2,1,Own,Domestic,"$17,000",21,No,Yes,Visa,9,No,21,No,Yes,Yes,Yes,Yes,Yes,No,0,47,$28.40,$264.96,$0.00,$0.00,$186.75,"$2,119.14",$215.15,0
0017-SYHARA-8BI,1,Male,50,20,15,Agriculture,No,Married,4,"$228,000.00",2,1,Own,Domestic,"$77,700",25,Yes,Yes,Disc,19,No,22,Yes,No,No,No,No,Yes,No,0,38,$24.00,$171.64,$159.20,"$1,257.60",$0.00,$0.00,$183.20,0
0022-QFOJNN-XSH,3,Male,39,13,4,Sales,No,Married,3,"$84,000.00",10,1,Own,Domestic,"$22,900",31,No,No,Mast,2,No,24,Yes,Yes,Yes,Yes,Yes,No,No,0,3,$16.80,$11.24,$128.40,$50.84,$110.00,$38.28,$255.20,0
0022-UFDRNE-TAW,5,Male,28,19,0,Sales,No,Unmarried,3,"$84,000.00",9,0,Own,Domestic,"$23,400",29,No,Yes,Visa,5,Yes,10,Yes,Yes,No,Yes,Yes,Yes,No,0,14,$24.80,$67.80,$129.60,$346.64,$105.00,$333.54,$259.40,0
0023-SFNINN-16J,3,Female,68,15,12,Crafts,Yes,Unmarried,1,"$18,000.00",0,0,Lease,Foreign,"$3,500",40,Yes,Yes,Disc,30,No,0,No,No,No,No,No,Yes,Yes,1,63,$93.60,"$1,205.40",$0.00,$0.00,$0.00,$0.00,$93.60,0
0023-WKLZQN-M6X,5,Female,35,17,2,Sales,No,Married,2,"$102,000.00",2,0,Own,Domestic,"$26,100",20,No,No,Visa,1,Yes,18,No,Yes,Yes,No,Yes,Yes,No,1,2,$10.80,$4.56,$0.00,$0.00,$130.75,$42.30,$141.55,0
0024-UQUVXG-79W,1,Male,26,21,0,Sales,No,Married,3,"$125,000.00",2,1,Own,Foreign,"$42,600",25,No,No,AMEX,5,Yes,16,Yes,Yes,Yes,Yes,Yes,Yes,No,0,9,$20.60,$47.04,$252.20,$379.80,$399.75,$790.08,$672.55,1
0026-GRFYZR-6M4,3,Female,60,8,12,Sales,No,Married,2,"$92,000.00",0,1,Lease,Foreign,"$21,400",27,Yes,No,Visa,30,No,20,No,No,No,Yes,Yes,No,Yes,0,62,$69.00,$794.04,$0.00,$0.00,$0.00,$0.00,$69.00,0
0030-BUXRDA-LRX,3,Female,52,12,25,Agriculture,No,Married,2,"$114,000.00",5,0,Own,Domestic,"$42,600",23,Yes,Yes,Mast,29,No,23,No,No,No,No,Yes,No,Yes,0,65,$132.00,"$1,737.08",$0.00,$0.00,$0.00,$0.00,$132.00,0
0030-HAVPBZ-2V8,4,Female,77,13,42,Agriculture,Yes,Married,2,"$48,000.00",3,0,Own,Foreign,"$13,100",15,No,No,Mast,40,No,16,Yes,No,No,No,No,Yes,Yes,0,72,$162.00,"$2,276.56",$129.20,"$1,804.56",$0.00,$0.00,$291.20,1
0030-LPYZKX-CUL,5,Female,27,16,2,Labor,No,Married,2,"$92,000.00",7,1,Own,Domestic,"$24,300",26,No,Yes,AMEX,9,Yes,30,No,No,No,Yes,Yes,No,Yes,0,19,$34.20,$135.36,$0.00,$0.00,$0.00,$0.00,$34.20,0
0031-DMPSUG-NZ2,1,Male,21,15,0,Crafts,No,Unmarried,2,"$40,000.00",4,1,Own,Domestic,"$10,800",24,Yes,Yes,Mast,3,Yes,26,No,Yes,No,No,Yes,No,No,0,11,$45.60,$96.04,$0.00,$0.00,$90.25,$217.08,$135.85,0
0031-EYRVUV-U32,3,Male,46,13,8,Professional,No,Married,4,"$60,000.00",8,0,Own,Domestic,"$15,200",26,No,Yes,Mast,17,Yes,21,No,No,No,No,No,No,Yes,0,37,$33.60,$228.20,$0.00,$0.00,$0.00,$0.00,$33.60,0
0031-PLCHXI-LOA,3,Male,27,18,0,Sales,No,Unmarried,1,"$42,000.00",16,1,NoCar,N/A,$0,37,Yes,No,Visa,9,Yes,19,No,No,Yes,Yes,Yes,No,Yes,0,35,$22.40,$155.12,$0.00,$0.00,$0.00,$0.00,$22.40,0
0031-UJQGML-YHK,3,Male,50,13,2,Sales,No,Married,3,"$58,000.00",2,0,Own,Foreign,"$14,600",29,No,Yes,Disc,8,Yes,21,No,No,No,No,No,No,No,0,21,$47.80,$202.76,$0.00,$0.00,$0.00,$0.00,$47.80,0
0032-AKTRIG-C0N,1,Male,44,19,6,Professional,No,Married,3,"$120,000.00",2,1,Own,Domestic,"$65,100",9,No,No,Disc,26,No,15,No,No,No,Yes,Yes,Yes,Yes,1,61,$76.40,$974.20,$0.00,$0.00,$0.00,$0.00,$76.40,0
0034-EFPVBU-CUF,5,Male,78,12,15,Sales,Yes,Married,2,"$32,000.00",6,1,Lease,Domestic,"$9,300",31,No,No,Disc,38,No,22,No,No,No,No,No,No,Yes,0,71,$83.60,"$1,144.80",$0.00,$0.00,$0.00,$0.00,$83.60,0
0037-VHZRCO-JXT,5,Female,73,10,9,Sales,Yes,Married,2,"$28,000.00",1,1,Own,Domestic,"$6,600",27,No,Yes,Disc,37,No,22,No,No,No,No,No,No,Yes,0,72,$83.00,"$1,215.20",$0.00,$0.00,$0.00,$0.00,$83.00,0
0038-LEEHSR-PWO,3,Male,53,19,10,Professional,No,Unmarried,1,"$172,000.00",4,1,NoCar,N/A,$0,21,Yes,Yes,Disc,30,No,20,Yes,Yes,Yes,Yes,Yes,Yes,Yes,0,66,$34.60,$487.00,$196.40,"$2,582.56",$365.50,"$5,771.28",$596.50,1
0043-WEGFXZ-ZJ2,1,Female,77,15,32,Crafts,Yes,Unmarried,1,"$96,000.00",3,1,Own,Domestic,"$21,900",30,No,Yes,Othe,40,Yes,27,No,Yes,No,Yes,Yes,No,Yes,0,72,$95.80,"$1,430.60",$0.00,$0.00,$137.50,"$2,232.60",$233.30,0
0044-LVJIBD-G76,4,Female,49,16,6,Professional,No,Unmarried,1,"$100,000.00",3,0,Own,Foreign,"$25,000",28,Yes,No,Disc,15,No,21,No,No,No,No,Yes,No,Yes,1,25,$31.60,$147.56,$0.00,$0.00,$0.00,$0.00,$31.60,0
0045-CSRFAS-QBU,2,Female,38,11,5,Professional,No,Married,4,"$170,000.00",6,1,Own,Foreign,"$46,900",31,No,Yes,Mast,18,No,28,No,No,No,No,No,No,Yes,0,43,$43.40,$360.92,$0.00,$0.00,$0.00,$0.00,$43.40,0
0045-ZIMFJC-1BM,5,Female,59,9,9,Professional,No,Married,2,"$94,000.00",5,1,Own,Domestic,"$28,300",38,No,Yes,Visa,19,No,16,No,No,No,No,No,No,No,1,45,$25.00,$227.28,$0.00,$0.00,$0.00,$0.00,$25.00,0
0046-IBWRNV-OP7,4,Male,39,15,3,Sales,No,Married,4,"$56,000.00",0,1,NoCar,N/A,$0,35,Yes,Yes,AMEX,16,Yes,19,No,No,No,No,Yes,No,No,0,35,$53.80,$380.80,$0.00,$0.00,$0.00,$0.00,$53.80,0
0047-PFHDOH-EWY,5,Female,57,17,19,Service,No,Married,2,"$111,000.00",0,1,Own,Domestic,"$51,500",28,Yes,Yes,Disc,36,No,23,Yes,No,No,No,No,No,Yes,0,70,$105.00,"$1,494.96",$128.80,"$1,772.64",$0.00,$0.00,$233.80,0
0049-BFKAIL-TVF,3,Male,27,17,2,Service,No,Unmarried,1,"$135,000.00",1,1,Own,Foreign,"$79,400",21,Yes,Yes,AMEX,7,No,9,Yes,Yes,Yes,Yes,Yes,Yes,No,1,13,$16.20,$34.64,$155.00,$346.84,$158.50,$430.74,$329.70,1
0049-WQQPTR-R0I,4,Male,45,20,8,Professional,No,Married,2,"$112,000.00",2,1,Own,Foreign,"$56,500",30,No,Yes,AMEX,27,No,12,Yes,Yes,Yes,No,Yes,Yes,Yes,0,70,$76.00,"$1,054.88",$201.20,"$2,707.00",$286.50,"$4,812.90",$563.70,1
0049-ZDULPT-RP6,3,Male,25,17,1,Crafts,No,Married,4,"$46,000.00",0,1,Own,Domestic,"$10,200",18,No,No,AMEX,1,No,0,Yes,Yes,No,Yes,No,Yes,No,0,1,$9.00,$1.80,$129.00,$25.80,$122.75,$29.46,$260.75,0
0050-HSYSUA-MX9,1,Male,50,10,5,Sales,No,Married,2,"$102,000.00",13,1,Lease,Foreign,"$21,400",23,No,Yes,Mast,11,No,25,No,No,No,Yes,Yes,No,No,0,23,$47.80,$238.60,$0.00,$0.00,$0.00,$0.00,$47.80,0
0050-JUNHKS-MMD,4,Male,43,18,6,Professional,No,Unmarried,1,"$84,000.00",0,0,Lease,Domestic,"$20,000",22,Yes,No,Othe,3,No,13,No,Yes,No,Yes,Yes,No,No,0,7,$17.80,$24.44,$0.00,$0.00,$102.75,$141.96,$120.55,0
0050-VSGLEA-9NB,4,Male,39,14,5,Sales,No,Unmarried,1,"$132,000.00",2,1,Own,Domestic,"$24,400",19,Yes,Yes,Mast,1,No,20,No,No,Yes,Yes,Yes,No,No,0,4,$10.40,$8.36,$0.00,$0.00,$0.00,$0.00,$10.40,0
0052-JAKAKY-2N2,3,Female,62,13,25,Labor,No,Married,2,"$276,000.00",0,1,Own,Domestic,"$88,800",28,Yes,Yes,Disc,38,No,23,No,Yes,Yes,No,Yes,Yes,Yes,0,71,$93.80,"$1,342.80",$0.00,$0.00,$260.00,"$4,233.00",$353.80,1
0054-HCDCVL-L8L,2,Female,25,15,0,Professional,No,Married,4,"$60,000.00",0,1,Own,Foreign,"$11,700",18,Yes,Yes,Visa,1,No,25,Yes,Yes,Yes,Yes,Yes,Yes,No,0,1,$7.40,$1.48,$147.20,$29.44,$115.75,$27.78,$270.35,0
0054-JUDZVU-3JR,3,Male,28,9,2,Sales,No,Married,4,"$40,000.00",0,1,NoCar,N/A,$0,29,No,No,Disc,7,No,18,No,No,No,Yes,Yes,No,No,0,20,$34.20,$118.56,$0.00,$0.00,$0.00,$0.00,$34.20,0
0054-RUKLRZ-LM2,2,Female,34,13,0,Sales,No,Married,4,"$66,000.00",1,1,Lease,Domestic,"$19,700",22,No,Yes,Mast,16,Yes,29,Yes,No,No,Yes,No,No,No,0,57,$41.20,$474.68,$113.00,"$1,334.16",$0.00,$0.00,$154.20,0
0057-EYQWVK-ESK,5,Male,69,18,37,Crafts,Yes,Unmarried,1,"$92,000.00",10,1,Own,Domestic,"$26,600",32,Yes,Yes,Disc,37,No,24,No,No,No,No,Yes,No,Yes,0,67,$50.80,$715.84,$0.00,$0.00,$0.00,$0.00,$50.80,0
0058-NUPJBB-SDR,2,Male,37,9,4,Sales,No,Unmarried,1,"$34,000.00",0,0,Own,Domestic,"$7,800",33,No,No,Visa,9,Yes,20,No,No,No,No,No,No,No,0,20,$14.00,$45.48,$0.00,$0.00,$0.00,$0.00,$14.00,0
0060-IQXKJE-0HJ,2,Male,30,18,3,Professional,No,Unmarried,1,"$44,000.00",0,1,Own,Foreign,"$9,700",20,No,Yes,Mast,11,No,18,Yes,Yes,Yes,Yes,Yes,No,No,1,39,$19.20,$143.44,$129.40,$961.12,$117.50,"$1,132.92",$266.10,0
0061-IUOHXW-6TN,1,Male,36,17,9,Professional,No,Married,4,"$104,000.00",9,1,NoCar,N/A,$0,14,No,No,AMEX,18,No,15,Yes,No,Yes,Yes,Yes,Yes,Yes,0,68,$107.00,"$1,376.84",$166.20,"$2,273.52",$0.00,$0.00,$273.20,0
0063-DWPGGH-D1I,1,Female,35,15,3,Sales,No,Married,3,"$106,000.00",9,1,Own,Domestic,"$23,800",15,Yes,No,Visa,11,Yes,15,Yes,No,Yes,No,No,Yes,No,1,11,$9.80,$13.44,$125.80,$229.32,$0.00,$0.00,$135.60,0
0064-ICJQQF-J5B,2,Female,30,17,4,Service,No,Unmarried,2,"$56,000.00",12,0,Lease,Foreign,"$9,100",37,No,Yes,Visa,13,Yes,19,No,No,No,No,No,No,No,0,27,$27.80,$145.88,$0.00,$0.00,$0.00,$0.00,$27.80,0
0064-NJLGVM-CTR,4,Female,63,16,29,Service,No,Married,4,"$170,000.00",7,1,Own,Foreign,"$78,000",26,No,No,AMEX,38,No,22,No,No,No,No,Yes,No,Yes,0,71,$133.20,"$1,906.92",$0.00,$0.00,$0.00,$0.00,$133.20,0
0064-OBMVYI-GHS,4,Male,60,14,17,Professional,No,Married,2,"$176,000.00",3,1,NoCar,N/A,$0,33,Yes,Yes,Visa,24,No,18,Yes,Yes,Yes,Yes,Yes,No,Yes,0,53,$41.80,$396.44,$222.60,"$2,248.48",$229.25,"$2,862.90",$493.65,1
0066-PXANVZ-DFW,4,Male,69,10,20,Professional,Yes,Married,2,"$30,000.00",2,0,Own,Foreign,"$8,200",29,Yes,Yes,Visa,39,No,22,No,No,No,No,Yes,No,Yes,1,72,$187.00,"$2,696.80",$0.00,$0.00,$0.00,$0.00,$187.00,0
0071-OEBNPX-SOO,4,Female,66,17,29,Service,No,Married,2,"$133,000.00",2,1,Own,Domestic,"$53,000",26,No,No,Disc,39,No,25,No,Yes,Yes,Yes,Yes,Yes,Yes,0,71,$191.80,"$2,899.28",$0.00,$0.00,$194.25,"$3,338.46",$386.05,1
0072-MQVNDV-4KO,5,Male,27,16,0,Sales,No,Married,4,"$58,000.00",2,1,Lease,Domestic,"$13,000",29,No,No,Visa,9,Yes,22,Yes,No,No,No,No,No,No,1,31,$31.20,$201.24,$117.20,$644.04,$0.00,$0.00,$148.40,0
0074-GMQRAF-RL9,2,Female,23,14,0,Sales,No,Unmarried,2,"$32,000.00",4,0,Own,Domestic,"$5,600",34,No,No,Mast,5,Yes,19,No,No,No,No,No,Yes,No,1,22,$37.00,$153.04,$0.00,$0.00,$0.00,$0.00,$37.00,0
0074-IEYMHS-EQ5,1,Male,45,20,10,Agriculture,No,Unmarried,1,"$170,000.00",4,1,Own,Foreign,"$33,300",19,No,Yes,Visa,16,Yes,16,No,Yes,Yes,Yes,Yes,No,Yes,0,18,$30.60,$100.72,$0.00,$0.00,$218.00,$888.60,$248.60,0
0076-HVSWXM-HUQ,3,Male,73,11,30,Labor,Yes,Unmarried,1,"$34,000.00",1,0,Own,Foreign,"$11,600",23,Yes,Yes,Visa,31,Yes,25,No,No,No,Yes,Yes,No,Yes,0,56,$58.80,$659.04,$0.00,$0.00,$0.00,$0.00,$58.80,0
0076-YGZXNR-QMC,5,Male,35,14,4,Professional,No,Unmarried,1,"$44,000.00",1,0,Own,Foreign,"$12,000",29,Yes,No,Disc,4,Yes,22,Yes,Yes,Yes,Yes,Yes,No,No,0,6,$16.20,$13.40,$136.40,$155.56,$129.25,$137.82,$281.85,1
0077-YFKJAV-D91,2,Female,56,18,3,Professional,No,Married,2,"$129,000.00",9,1,Own,Domestic,"$53,700",23,Yes,Yes,Disc,13,No,20,Yes,No,No,No,No,Yes,No,0,40,$24.20,$195.32,$132.80,"$1,011.00",$0.00,$0.00,$157.00,0
0078-GEDTVZ-ZZ6,4,Female,23,18,0,Professional,No,Unmarried,1,"$120,000.00",5,1,Own,Domestic,"$36,200",24,No,No,Disc,4,Yes,25,No,No,Yes,Yes,Yes,No,No,0,9,$36.60,$68.68,$0.00,$0.00,$0.00,$0.00,$36.60,0
0082-NSSEDJ-QLZ,5,Male,34,16,8,Service,No,Unmarried,1,"$100,000.00",7,0,Own,Foreign,"$23,400",19,Yes,No,AMEX,3,Yes,15,Yes,No,No,No,No,Yes,No,0,12,$17.60,$34.24,$103.80,$221.52,$0.00,$0.00,$121.40,0
0086-VMUGHD-VQ4,4,Male,22,17,0,Professional,No,Unmarried,3,"$38,000.00",1,1,Own,Foreign,"$10,000",28,Yes,Yes,Othe,5,Yes,19,No,No,No,Yes,No,No,No,0,10,$10.20,$27.52,$0.00,$0.00,$0.00,$0.00,$10.20,0
0088-EOKODB-ZFH,4,Male,64,18,8,Sales,No,Married,2,"$50,000.00",1,1,Own,Foreign,"$13,400",18,Yes,No,Disc,38,Yes,24,Yes,No,No,No,No,No,Yes,0,72,$153.60,"$2,151.36",$140.80,"$1,939.92",$0.00,$0.00,$294.40,1
0095-KRZMOC-CAZ,5,Male,38,14,9,Labor,No,Married,4,"$106,000.00",0,1,Own,Domestic,"$18,700",27,Yes,Yes,Disc,20,Yes,20,No,Yes,Yes,Yes,Yes,No,No,1,54,$42.20,$445.80,$0.00,$0.00,$285.50,"$3,407.16",$327.70,1
0095-LVHMQG-T94,5,Female,57,12,15,Labor,No,Married,2,"$96,000.00",2,1,Own,Domestic,"$26,500",21,No,No,Visa,26,No,14,No,Yes,No,Yes,Yes,No,No,0,54,$38.40,$427.08,$0.00,$0.00,$135.50,"$1,709.58",$173.90,0
0097-WZJEZS-RAN,2,Male,51,14,18,Labor,No,Unmarried,1,"$187,000.00",0,1,Own,Foreign,"$80,300",31,No,No,AMEX,24,Yes,29,No,Yes,Yes,Yes,Yes,No,Yes,0,46,$47.40,$440.40,$0.00,$0.00,$245.00,"$2,586.48",$292.40,1
0103-YALHYM-GL8,2,Male,60,12,20,Agriculture,Yes,Married,2,"$74,000.00",10,1,Own,Domestic,"$17,900",16,No,No,Visa,30,Yes,31,No,No,No,No,No,No,No,1,55,$36.80,$390.76,$0.00,$0.00,$0.00,$0.00,$36.80,0
0106-WTLOLB-O43,1,Male,52,18,15,Professional,No,Married,5,"$108,000.00",1,1,Own,Domestic,"$32,000",28,No,No,AMEX,34,No,21,No,Yes,Yes,Yes,Yes,No,Yes,0,69,$93.60,"$1,308.76",$0.00,$0.00,$215.25,"$3,504.18",$308.85,1
0107-IFJBTR-1JZ,3,Male,44,17,19,Crafts,No,Unmarried,1,"$123,000.00",0,0,NoCar,N/A,$0,32,Yes,Yes,Mast,21,No,14,No,No,No,No,Yes,Yes,Yes,0,52,$64.00,$658.24,$0.00,$0.00,$0.00,$0.00,$64.00,0
0107-OLGMAK-RDY,4,Male,77,9,38,Crafts,Yes,Married,2,"$68,000.00",0,1,Own,Domestic,"$14,200",19,No,Yes,Visa,40,No,19,No,No,No,Yes,Yes,No,Yes,0,72,$284.80,"$4,106.76",$0.00,$0.00,$0.00,$0.00,$284.80,1
0107-RHRNEN-1SR,3,Male,68,17,1,Sales,No,Unmarried,1,"$82,000.00",6,0,NoCar,N/A,$0,28,No,Yes,Disc,3,No,21,Yes,No,No,Yes,Yes,Yes,No,0,6,$10.00,$11.88,$117.20,$114.00,$0.00,$0.00,$127.20,0
0108-VXMWNR-WG6,5,Male,62,22,13,Labor,No,Unmarried,1,"$224,000.00",8,0,Own,Domestic,"$78,000",18,No,Yes,Mast,25,No,22,Yes,Yes,Yes,Yes,Yes,Yes,No,0,55,$61.60,$656.36,$191.40,"$2,176.76",$163.50,"$2,007.78",$416.50,1
0109-POJOQC-B1R,3,Female,25,20,0,Sales,No,Unmarried,1,"$78,000.00",0,0,Own,Domestic,"$15,900",31,No,No,AMEX,1,No,29,Yes,Yes,Yes,Yes,Yes,Yes,No,0,5,$18.00,$19.44,$160.80,$119.96,$115.00,$94.86,$293.80,1
0110-CJNSND-Y6N,2,Male,23,18,0,Crafts,No,Married,4,"$44,000.00",2,1,Own,Domestic,"$13,600",13,Yes,Yes,Disc,4,Yes,18,No,No,No,No,Yes,Yes,No,0,6,$12.00,$19.32,$0.00,$0.00,$0.00,$0.00,$12.00,0
0110-DOBQFH-3F6,1,Female,18,13,0,Labor,No,Married,4,"$32,000.00",9,1,Own,Foreign,"$7,900",29,Yes,Yes,Mast,0,No,19,No,No,No,No,Yes,No,No,1,7,$11.20,$11.68,$0.00,$0.00,$0.00,$0.00,$11.20,0
0114-BLSPYE-A8B,3,Male,68,10,33,Service,Yes,Unmarried,2,"$74,000.00",5,0,Own,Domestic,"$20,700",35,Yes,Yes,Visa,35,No,14,No,No,No,No,Yes,No,Yes,1,68,$102.80,"$1,412.08",$0.00,$0.00,$0.00,$0.00,$102.80,0
0115-BGCJZG-B08,3,Female,35,17,8,Agriculture,No,Unmarried,2,"$118,000.00",0,0,Own,Domestic,"$24,800",23,Yes,No,Visa,13,Yes,16,Yes,No,No,No,No,No,Yes,0,27,$26.00,$155.56,$93.20,$515.96,$0.00,$0.00,$119.20,0
0118-OUCHII-GSB,1,Female,25,19,0,Sales,No,Unmarried,1,"$36,000.00",0,1,Lease,Foreign,"$8,100",17,No,Yes,Disc,3,Yes,20,Yes,Yes,Yes,Yes,No,No,No,0,6,$14.20,$13.12,$126.20,$94.16,$102.25,$119.58,$242.65,0
0118-ZOCCEU-UHA,1,Male,47,15,7,Sales,No,Married,6,"$146,000.00",1,1,Own,Domestic,"$40,200",24,No,Yes,Disc,22,Yes,25,No,No,No,No,Yes,No,Yes,0,48,$31.20,$309.12,$0.00,$0.00,$0.00,$0.00,$31.20,0
0119-ZUYERZ-58D,4,Female,73,7,26,Labor,Yes,Unmarried,1,"$52,000.00",0,1,Lease,Domestic,"$14,500",21,No,No,Visa,34,No,23,No,No,No,Yes,Yes,No,Yes,0,63,$80.80,$998.84,$0.00,$0.00,$0.00,$0.00,$80.80,0
0120-GCQSYY-BC4,4,Male,75,15,13,Sales,No,Unmarried,1,"$126,000.00",2,0,Own,Foreign,"$27,100",24,Yes,Yes,AMEX,34,No,18,No,No,No,No,No,No,No,1,60,$119.00,"$1,400.12",$0.00,$0.00,$0.00,$0.00,$119.00,0
0120-LNQRIP-L2M,2,Male,23,9,4,Professional,No,Married,3,"$48,000.00",7,0,Own,Foreign,"$12,100",14,No,No,Visa,5,Yes,21,No,No,No,Yes,Yes,No,Yes,0,32,$45.00,$298.20,$0.00,$0.00,$0.00,$0.00,$45.00,0
0121-DXYYZN-UXZ,3,Male,27,17,0,Sales,No,Married,4,"$32,000.00",0,1,Own,Domestic,"$7,400",27,No,No,Mast,9,Yes,19,No,No,No,No,No,Yes,No,0,21,$14.60,$52.76,$0.00,$0.00,$0.00,$0.00,$14.60,0
0123-MKOGIQ-0L8,3,Female,39,16,5,Sales,No,Married,5,"$166,000.00",15,0,Own,Foreign,"$31,000",34,No,No,AMEX,6,Yes,14,Yes,No,No,Yes,No,No,No,1,19,$28.00,$91.44,$112.00,$415.32,$0.00,$0.00,$140.00,0
0123-MVBNGR-7O5,4,Male,76,15,27,Labor,Yes,Unmarried,1,"$88,000.00",0,1,Lease,Domestic,"$16,700",30,No,Yes,Disc,39,No,14,No,No,No,No,No,No,Yes,0,71,$254.40,"$3,609.68",$0.00,$0.00,$0.00,$0.00,$254.40,0
0124-VNHDHV-64B,1,Male,59,13,6,Sales,No,Married,2,"$62,000.00",1,1,NoCar,N/A,$0,22,No,No,Disc,26,No,21,No,Yes,Yes,Yes,Yes,No,Yes,0,57,$32.80,$359.88,$0.00,$0.00,$243.25,"$3,179.28",$276.05,1
0126-NHBDFC-AX5,1,Male,67,12,12,Sales,No,Unmarried,1,"$76,000.00",0,0,Own,Foreign,"$19,600",26,No,Yes,Mast,7,No,16,No,Yes,No,Yes,Yes,No,Yes,0,21,$21.00,$87.52,$0.00,$0.00,$133.75,$645.96,$154.75,0
0127-NJJYNR-WUP,1,Female,60,15,24,Service,No,Married,2,"$191,000.00",4,0,Own,Foreign,"$86,900",28,No,Yes,Visa,19,Yes,19,No,No,No,No,No,No,Yes,0,32,$51.00,$365.76,$0.00,$0.00,$0.00,$0.00,$51.00,0
0130-PMBXHA-JG3,2,Female,20,15,0,Service,No,Married,4,"$30,000.00",8,0,Own,Domestic,"$8,600",28,No,Yes,Visa,2,No,20,No,No,No,Yes,Yes,No,No,0,20,$26.60,$112.16,$0.00,$0.00,$0.00,$0.00,$26.60,0
0132-MBDKOW-6I6,3,Female,69,10,4,Sales,No,Unmarried,1,"$52,000.00",1,0,Own,Domestic,"$17,300",32,No,No,Othe,20,No,29,No,No,No,Yes,Yes,No,No,0,39,$25.20,$178.92,$0.00,$0.00,$0.00,$0.00,$25.20,0
0133-TBTJGH-37J,3,Male,66,14,6,Sales,Yes,Married,2,"$22,000.00",2,1,Own,Foreign,"$8,200",27,No,No,Visa,22,No,18,Yes,No,No,No,No,Yes,No,0,51,$42.20,$423.44,$115.00,"$1,254.08",$0.00,$0.00,$157.20,0
0139-XRFSOB-402,1,Male,35,16,7,Service,No,Married,2,"$102,000.00",0,1,Own,Foreign,"$17,400",26,No,No,Othe,8,No,15,Yes,Yes,No,No,No,Yes,Yes,1,9,$22.00,$57.96,$119.60,$173.56,$130.75,$251.94,$272.35,0
0140-CCGMEW-LAS,5,Female,23,17,0,Labor,No,Unmarried,3,"$52,000.00",7,1,Own,Foreign,"$13,000",32,Yes,Yes,AMEX,6,Yes,23,No,No,No,No,No,No,No,0,13,$10.00,$21.48,$0.00,$0.00,$0.00,$0.00,$10.00,0
0140-PXEUGB-VVZ,2,Female,31,11,6,Professional,No,Unmarried,1,"$60,000.00",6,1,NoCar,N/A,$0,27,Yes,Yes,Mast,7,Yes,20,Yes,Yes,No,No,No,No,No,0,10,$22.60,$53.32,$111.00,$206.48,$90.50,$140.16,$224.10,0
0142-QMGDVL-8WD,5,Male,30,15,5,Crafts,No,Unmarried,2,"$78,000.00",6,1,Own,Domestic,"$21,700",20,No,Yes,Visa,12,Yes,16,No,No,Yes,Yes,Yes,Yes,Yes,1,49,$52.00,$476.32,$0.00,$0.00,$0.00,$0.00,$52.00,0
0144-UFVNEK-87S,5,Male,38,15,5,Professional,No,Married,4,"$170,000.00",1,0,Own,Domestic,"$40,100",34,No,Yes,Mast,19,Yes,19,No,No,No,Yes,Yes,No,Yes,0,51,$74.40,$758.72,$0.00,$0.00,$0.00,$0.00,$74.40,0
0144-YKOEQZ-47I,3,Male,25,17,0,Professional,No,Married,5,"$132,000.00",0,1,Own,Foreign,"$30,000",36,No,Yes,AMEX,7,No,26,No,Yes,No,Yes,Yes,No,No,1,18,$25.40,$98.88,$0.00,$0.00,$152.25,$668.82,$177.65,0
0149-BQASNG-OUW,5,Male,29,10,3,Professional,No,Unmarried,1,"$76,000.00",10,1,Own,Foreign,"$23,600",21,No,No,Mast,8,No,15,No,No,No,No,No,No,No,1,8,$29.40,$54.68,$0.00,$0.00,$0.00,$0.00,$29.40,0
0149-MDXYXQ-WTU,4,Female,24,11,1,Professional,No,Married,5,"$68,000.00",3,0,Own,Foreign,"$15,400",36,No,No,Mast,6,Yes,19,No,No,No,No,Yes,Yes,Yes,0,42,$43.20,$365.00,$0.00,$0.00,$0.00,$0.00,$43.20,0
0151-FFFOZW-1S7,5,Female,23,17,0,Sales,No,Married,3,"$68,000.00",0,1,Own,Domestic,"$15,900",30,Yes,Yes,Visa,1,Yes,14,Yes,Yes,Yes,Yes,Yes,No,No,0,1,$8.20,$1.64,$148.00,$29.60,$168.00,$40.32,$324.20,1
0151-PMYWWF-53S,2,Male,55,15,6,Sales,No,Married,2,"$116,000.00",2,1,Own,Foreign,"$27,800",27,Yes,No,Visa,7,No,20,No,No,No,Yes,Yes,No,No,0,11,$19.20,$49.04,$0.00,$0.00,$0.00,$0.00,$19.20,0
0153-ZNOKYH-LLS,5,Male,49,11,21,Labor,No,Married,2,"$118,000.00",0,1,Own,Foreign,"$31,300",36,Yes,No,Visa,22,Yes,15,No,No,No,Yes,Yes,No,Yes,0,48,$51.20,$469.56,$0.00,$0.00,$0.00,$0.00,$51.20,0
0155-UEFNCR-63E,2,Male,77,15,25,Labor,Yes,Married,2,"$52,000.00",9,1,Own,Domestic,"$15,700",25,No,No,Disc,40,No,25,No,No,No,Yes,No,No,Yes,0,72,$183.80,"$2,785.60",$0.00,$0.00,$0.00,$0.00,$183.80,0
0157-DPVLPH-QQZ,1,Female,25,17,1,Professional,No,Married,2,"$88,000.00",8,1,NoCar,N/A,$0,24,No,No,Visa,3,No,19,No,No,Yes,Yes,Yes,No,No,0,6,$10.40,$13.52,$0.00,$0.00,$0.00,$0.00,$10.40,0
0159-IGIWSN-HNZ,5,Male,34,16,7,Labor,No,Married,5,"$94,000.00",1,1,Own,Foreign,"$21,000",24,Yes,Yes,Visa,6,Yes,26,No,Yes,No,Yes,Yes,No,No,1,9,$13.40,$16.08,$0.00,$0.00,$95.25,$168.66,$108.65,0
0161-ZGCKJD-1M2,4,Male,60,19,6,Professional,No,Unmarried,1,"$72,000.00",4,0,Own,Domestic,"$18,400",30,No,Yes,Visa,1,No,20,Yes,No,No,No,No,Yes,No,0,5,$25.60,$27.88,$117.80,$94.08,$0.00,$0.00,$143.40,0
0163-IJPFTN-CVD,3,Female,20,15,0,Service,No,Married,4,"$50,000.00",4,1,Own,Domestic,"$7,600",37,No,No,AMEX,2,Yes,22,No,No,No,No,No,No,No,0,14,$17.20,$52.00,$0.00,$0.00,$0.00,$0.00,$17.20,0
0172-DKBDDS-6T5,3,Female,34,14,1,Sales,No,Married,3,"$96,000.00",7,1,Own,Domestic,"$28,300",25,Yes,Yes,Disc,8,Yes,18,Yes,Yes,Yes,Yes,Yes,Yes,Yes,0,15,$35.00,$102.24,$196.20,$532.52,$269.25,$912.12,$500.45,1
0172-EUUJNB-E99,2,Male,70,12,7,Sales,Yes,Married,2,"$24,000.00",0,1,Own,Foreign,"$5,200",20,No,Yes,Mast,33,No,17,No,No,No,No,No,Yes,No,1,69,$67.80,$934.16,$0.00,$0.00,$0.00,$0.00,$67.80,0
0172-KSFHLM-V76,3,Male,47,9,9,Sales,No,Unmarried,1,"$144,000.00",0,0,Own,Domestic,"$34,900",30,No,No,Visa,12,Yes,17,No,No,No,Yes,Yes,No,Yes,0,34,$35.40,$253.76,$0.00,$0.00,$0.00,$0.00,$35.40,0
0176-WXKRJL-KXL,4,Male,18,12,0,Sales,No,Unmarried,2,"$38,000.00",0,0,Own,Domestic,"$7,300",26,Yes,No,Visa,0,No,20,No,No,No,No,No,No,Yes,0,0,$36.00,#NULL!,$0.00,$0.00,$0.00,$0.00,$36.00,0
0179-BHZVEV-IQQ,4,Male,36,10,7,Sales,No,Married,2,"$94,000.00",3,1,Own,Foreign,"$27,100",26,Yes,No,Visa,6,No,22,No,No,No,No,No,No,No,0,10,$17.20,$33.20,$0.00,$0.00,$0.00,$0.00,$17.20,0
0179-CFWNMI-0VI,4,Female,20,15,0,Professional,No,Married,4,"$36,000.00",7,1,Own,Domestic,"$7,300",20,No,Yes,Mast,2,Yes,17,No,No,No,Yes,No,No,No,0,16,$16.60,$56.60,$0.00,$0.00,$0.00,$0.00,$16.60,0
0187-MUTJIS-0D6,2,Female,26,17,3,Labor,No,Married,5,"$96,000.00",0,1,Own,Foreign,"$25,000",23,Yes,No,Disc,8,Yes,16,Yes,No,No,No,No,No,No,0,37,$49.60,$346.48,$130.40,$898.68,$0.00,$0.00,$180.00,0
0190-RBMWAK-BEZ,4,Female,34,14,0,Sales,No,Unmarried,1,"$38,000.00",8,1,Own,Foreign,"$9,100",28,No,No,Disc,11,Yes,30,Yes,No,No,No,No,Yes,Yes,1,30,$25.80,$196.80,$93.20,$549.16,$0.00,$0.00,$119.00,0
0191-AWCKTC-J5K,4,Male,49,11,17,Labor,No,Married,2,"$150,000.00",0,1,Own,Foreign,"$84,100",28,Yes,Yes,AMEX,22,No,20,Yes,No,No,No,Yes,No,No,0,63,$115.60,"$1,444.44",$133.80,"$1,642.16",$0.00,$0.00,$249.40,0
0191-BTHYQA-HYD,1,Female,74,16,7,Professional,No,Married,2,"$90,000.00",1,1,Own,Domestic,"$23,800",15,No,No,AMEX,29,No,16,No,Yes,Yes,Yes,Yes,No,Yes,1,63,$59.40,$745.44,$0.00,$0.00,$173.75,"$2,604.36",$233.15,0
0191-VKRHCM-922,1,Female,73,13,38,Service,No,Unmarried,1,"$218,000.00",5,1,Own,Domestic,"$98,500",25,No,Yes,Mast,37,No,23,No,No,No,No,No,Yes,Yes,1,71,$128.40,"$1,726.40",$0.00,$0.00,$0.00,$0.00,$128.40,0
0192-MGFZIR-QEO,2,Male,30,21,0,Sales,No,Married,3,"$82,000.00",1,0,Own,Foreign,"$24,800",24,No,Yes,Mast,3,Yes,24,Yes,Yes,Yes,Yes,Yes,Yes,Yes,0,10,$18.40,$39.68,$165.80,$284.92,$231.75,$492.84,$415.95,1
0193-RZPXXT-4EU,4,Male,71,16,15,Service,No,Married,2,"$192,000.00",0,1,Own,Foreign,"$44,500",21,No,Yes,AMEX,25,No,18,No,No,No,Yes,Yes,No,No,0,53,$54.00,$543.84,$0.00,$0.00,$0.00,$0.00,$54.00,0
0195-FXTDDT-7OJ,1,Female,47,19,15,Labor,No,Unmarried,1,"$185,000.00",8,1,Own,Foreign,"$91,000",27,Yes,Yes,Mast,14,No,11,No,No,No,No,Yes,Yes,Yes,0,28,$28.80,$179.40,$0.00,$0.00,$0.00,$0.00,$28.80,0
0197-AMEAYR-851,5,Male,47,19,1,Sales,No,Married,2,"$150,000.00",6,0,Own,Foreign,"$46,100",22,No,Yes,AMEX,15,No,19,Yes,No,No,No,No,Yes,No,0,21,$24.60,$113.00,$105.40,$413.04,$0.00,$0.00,$130.00,0
0198-MUHWOZ-918,1,Female,26,15,1,Sales,No,Unmarried,1,"$46,000.00",5,0,Own,Foreign,"$14,800",19,Yes,No,Mast,5,Yes,14,No,No,No,No,No,No,No,0,8,$20.60,$46.72,$0.00,$0.00,$0.00,$0.00,$20.60,0
0198-WSNPJB-YZP,4,Female,73,10,28,Labor,Yes,Married,2,"$18,000.00",0,1,Lease,Domestic,"$4,300",28,No,No,Othe,35,Yes,19,No,No,No,No,Yes,No,Yes,1,65,$100.00,"$1,248.44",$0.00,$0.00,$0.00,$0.00,$100.00,0
0203-MYNNAC-CE2,3,Male,40,13,1,Sales,No,Married,4,"$82,000.00",1,1,Own,Foreign,"$15,500",23,Yes,No,Mast,7,No,23,Yes,No,No,No,No,No,No,0,7,$15.60,$17.60,$87.00,$118.72,$0.00,$0.00,$102.60,0
0205-CECTHW-Z15,5,Female,27,17,1,Professional,No,Unmarried,1,"$42,000.00",7,0,Own,Domestic,"$9,400",17,Yes,Yes,Mast,8,No,17,Yes,No,No,No,Yes,Yes,No,0,18,$29.00,$81.68,$118.80,$394.12,$0.00,$0.00,$147.80,0
0205-TMBGKK-FBU,1,Female,58,13,16,Professional,No,Unmarried,2,"$74,000.00",8,0,Own,Domestic,"$18,800",22,No,No,Mast,17,No,19,No,No,No,No,Yes,No,No,0,34,$28.60,$173.04,$0.00,$0.00,$0.00,$0.00,$28.60,0
0206-LHHZYR-TK2,1,Male,34,19,2,Labor,No,Unmarried,1,"$104,000.00",2,1,Own,Domestic,"$28,300",21,Yes,Yes,Disc,15,Yes,19,Yes,No,No,No,No,No,No,1,32,$21.60,$135.84,$99.20,$597.84,$0.00,$0.00,$120.80,0
0206-WPXVWW-W8K,1,Male,32,15,5,Service,No,Married,2,"$38,000.00",12,1,Own,Foreign,"$8,800",11,No,No,AMEX,14,No,26,No,No,No,Yes,No,Yes,No,0,45,$58.60,$569.24,$0.00,$0.00,$0.00,$0.00,$58.60,0
0206-XOPTXB-VSG,1,Female,62,11,9,Professional,Yes,Married,2,"$28,000.00",0,1,Lease,Domestic,"$6,300",28,No,No,Othe,35,Yes,18,No,No,No,No,No,No,Yes,0,69,$107.60,"$1,484.16",$0.00,$0.00,$0.00,$0.00,$107.60,0
0207-TJRISO-IYL,5,Male,54,15,11,Sales,No,Married,2,"$72,000.00",2,0,Own,Foreign,"$19,000",29,Yes,Yes,Mast,4,No,27,Yes,Yes,No,No,No,Yes,No,0,7,$12.80,$23.76,$108.80,$138.28,$74.00,$124.62,$195.60,0
0209-YYAIJN-RVU,4,Female,70,13,20,Labor,Yes,Unmarried,1,"$32,000.00",0,0,Lease,Foreign,"$10,500",18,Yes,No,AMEX,7,No,22,No,No,No,No,No,No,No,0,27,$24.00,$119.80,$0.00,$0.00,$0.00,$0.00,$24.00,0
0210-INIVGV-M4Y,4,Male,74,10,35,Labor,No,Married,2,"$151,000.00",2,1,Own,Foreign,"$70,500",37,No,Yes,Visa,40,No,28,No,Yes,Yes,Yes,Yes,No,Yes,1,72,$119.20,"$1,687.08",$0.00,$0.00,$193.50,"$3,450.96",$312.70,1
0213-HSPXOI-LYR,5,Female,21,16,0,Crafts,No,Married,4,"$60,000.00",0,1,Own,Foreign,"$9,900",31,No,Yes,Disc,4,Yes,20,Yes,No,No,No,No,Yes,No,0,10,$18.80,$41.88,$98.80,$152.68,$0.00,$0.00,$117.60,0
0213-TLHOJE-2FY,3,Female,40,13,3,Sales,No,Married,5,"$50,000.00",6,1,Lease,Domestic,"$17,300",18,No,No,Visa,23,No,29,No,No,No,No,No,No,Yes,0,43,$50.60,$450.48,$0.00,$0.00,$0.00,$0.00,$50.60,0
0214-ZEXCAK-747,5,Female,59,18,3,Sales,No,Unmarried,2,"$36,000.00",1,0,Own,Foreign,"$5,900",41,Yes,No,Visa,23,No,25,Yes,Yes,No,Yes,Yes,Yes,Yes,0,52,$47.60,$495.76,$183.00,"$1,957.68",$154.25,"$1,993.62",$384.85,1
0216-CBFAEO-2KQ,2,Female,19,14,0,Professional,No,Unmarried,3,"$34,000.00",12,1,Lease,Foreign,"$9,200",24,No,No,Visa,2,Yes,20,No,No,No,No,No,No,No,0,2,$21.00,$9.00,$0.00,$0.00,$0.00,$0.00,$21.00,0
0216-HRADQP-WS4,2,Male,29,11,8,Service,No,Married,3,"$104,000.00",0,0,Own,Foreign,"$31,200",30,No,No,Disc,11,No,30,No,Yes,No,Yes,Yes,No,Yes,0,41,$65.20,$533.64,$0.00,$0.00,$175.25,"$1,579.80",$240.45,0
0216-UIFHNQ-BJY,1,Female,29,20,1,Service,No,Unmarried,1,"$52,000.00",9,1,NoCar,N/A,$0,23,No,No,Visa,7,Yes,20,Yes,No,No,No,No,Yes,No,0,7,$18.40,$35.52,$111.00,$112.88,$0.00,$0.00,$129.40,0
0218-IHFKWL-FJ8,4,Male,54,16,11,Professional,No,Married,2,"$60,000.00",0,1,NoCar,N/A,$0,25,No,No,Disc,36,Yes,20,No,No,No,No,No,No,Yes,0,70,$109.00,"$1,550.80",$0.00,$0.00,$0.00,$0.00,$109.00,0
0219-ALHPXT-GZE,1,Male,53,14,16,Professional,No,Married,2,"$181,000.00",2,1,Own,Domestic,"$89,300",24,Yes,Yes,Disc,34,Yes,23,No,No,No,No,No,Yes,Yes,0,68,$110.20,"$1,540.76",$0.00,$0.00,$0.00,$0.00,$110.20,0
0223-CJYGFZ-D4C,1,Female,30,15,4,Professional,No,Married,2,"$60,000.00",0,1,Own,Foreign,"$14,600",17,No,Yes,Disc,1,Yes,13,No,No,No,Yes,Yes,No,No,0,1,$5.60,$1.12,$0.00,$0.00,$0.00,$0.00,$5.60,0
0224-HMKMEG-EJF,1,Female,18,13,0,Agriculture,No,Unmarried,1,"$26,000.00",1,0,NoCar,N/A,$0,12,Yes,Yes,Visa,0,Yes,23,No,No,No,Yes,Yes,No,No,1,5,$25.20,$26.04,$0.00,$0.00,$0.00,$0.00,$25.20,0
0225-LFNXNQ-CBB,5,Female,37,14,12,Labor,No,Unmarried,1,"$60,000.00",0,1,Lease,Foreign,"$13,300",30,Yes,Yes,Visa,19,No,16,Yes,Yes,Yes,Yes,Yes,Yes,No,0,62,$56.60,$622.76,$190.40,"$2,332.88",$265.75,"$4,051.92",$512.75,1
0226-VHPBUL-OSQ,2,Female,48,15,3,Sales,No,Married,3,"$48,000.00",8,1,Own,Domestic,"$14,000",19,No,Yes,Disc,30,No,29,No,Yes,Yes,Yes,Yes,No,Yes,0,71,$212.20,"$2,982.08",$0.00,$0.00,$233.25,"$3,829.32",$445.45,1
0228-GGJEXI-9A3,1,Male,55,17,6,Professional,No,Married,2,"$138,000.00",1,1,Own,Domestic,"$37,700",22,Yes,Yes,AMEX,22,No,25,Yes,Yes,No,Yes,No,No,Yes,0,54,$33.80,$363.88,$184.60,"$1,971.48",$238.25,"$3,017.70",$456.65,1
0228-TOWTVB-GJR,4,Male,71,15,7,Sales,No,Married,2,"$66,000.00",2,1,Own,Domestic,"$14,400",26,No,No,Mast,40,No,17,No,No,No,Yes,Yes,Yes,Yes,0,72,$520.00,"$7,485.32",$0.00,$0.00,$0.00,$0.00,$520.00,1
0228-XPKZOF-2W3,4,Male,25,14,1,Professional,No,Unmarried,1,"$50,000.00",2,0,Own,Foreign,"$11,000",30,No,Yes,Mast,4,Yes,15,No,Yes,Yes,Yes,Yes,No,No,0,6,$11.80,$12.16,$0.00,$0.00,$106.25,$134.52,$118.05,0
0236-BKUNTH-6VO,1,Female,55,11,13,Professional,No,Married,2,"$133,000.00",0,1,Own,Foreign,"$59,200",27,Yes,No,Mast,22,Yes,26,No,No,No,No,No,No,Yes,0,47,$32.00,$318.16,$0.00,$0.00,$0.00,$0.00,$32.00,0
0238-TDKQMF-WVH,5,Male,49,12,22,Service,No,Married,2,"$118,000.00",9,1,Own,Foreign,"$27,800",21,No,No,Visa,31,Yes,22,No,No,No,No,No,No,Yes,0,67,$73.60,"$1,034.68",$0.00,$0.00,$0.00,$0.00,$73.60,0
0238-VGATLL-U7B,2,Male,78,9,44,Labor,Yes,Married,2,"$50,000.00",0,1,Lease,Domestic,"$16,500",31,No,No,Disc,40,Yes,16,No,No,No,No,No,No,Yes,0,72,$136.60,"$2,047.80",$0.00,$0.00,$0.00,$0.00,$136.60,0
0239-JWVLSP-UOK,3,Male,33,19,2,Sales,No,Unmarried,1,"$149,000.00",5,1,Own,Foreign,"$62,900",19,No,Yes,Mast,3,No,24,No,No,No,No,No,No,No,0,10,$15.80,$36.08,$0.00,$0.00,$0.00,$0.00,$15.80,0
0243-FFVTII-MLA,5,Male,53,15,6,Sales,No,Married,2,"$162,000.00",0,1,Own,Domestic,"$37,200",24,No,Yes,Mast,35,No,17,Yes,Yes,Yes,Yes,Yes,No,Yes,0,70,$202.40,"$2,823.12",$195.40,"$2,835.08",$329.50,"$5,481.12",$727.30,1
0246-BDEUXK-1RM,3,Female,21,14,0,Labor,No,Unmarried,4,"$40,000.00",10,0,Own,Domestic,"$11,700",43,Yes,Yes,Mast,3,No,18,No,No,No,Yes,Yes,No,Yes,0,45,$68.80,$617.24,$0.00,$0.00,$0.00,$0.00,$68.80,0
0247-ATNXAU-WWD,2,Female,73,13,16,Sales,Yes,Unmarried,1,"$42,000.00",0,0,Lease,Foreign,"$11,000",21,No,No,Visa,28,No,23,No,No,No,Yes,Yes,No,No,1,55,$49.40,$537.52,$0.00,$0.00,$0.00,$0.00,$49.40,0
0247-KEGYUI-7U8,1,Female,48,13,22,Service,No,Married,2,"$134,000.00",0,1,Own,Domestic,"$36,000",24,No,Yes,Mast,30,No,21,No,No,No,No,Yes,No,No,0,71,$108.20,"$1,611.12",$0.00,$0.00,$0.00,$0.00,$108.20,0
0247-QOHCLZ-0YP,2,Female,44,19,9,Professional,No,Unmarried,2,"$190,000.00",0,1,NoCar,N/A,$0,24,No,No,Disc,8,No,16,No,No,No,No,No,Yes,No,0,20,$23.00,$110.12,$0.00,$0.00,$0.00,$0.00,$23.00,0
0249-WNVELU-RFS,2,Male,23,16,1,Crafts,No,Married,4,"$88,000.00",9,1,Own,Foreign,"$16,500",34,No,Yes,Mast,5,No,25,No,No,No,Yes,Yes,No,Yes,0,42,$29.80,$230.72,$0.00,$0.00,$0.00,$0.00,$29.80,0
0251-NNYDYD-ZVW,4,Male,44,15,5,Service,No,Unmarried,1,"$58,000.00",0,0,NoCar,N/A,$0,21,No,No,Disc,13,No,19,Yes,No,No,No,No,Yes,No,0,44,$19.60,$188.16,$132.60,"$1,088.20",$0.00,$0.00,$152.20,0
0255-AJDJGP-JXL,3,Female,44,15,5,Sales,No,Married,3,"$46,000.00",0,1,Own,Domestic,"$13,100",19,Yes,Yes,Visa,15,Yes,19,Yes,No,No,No,Yes,Yes,No,0,22,$15.40,$65.84,$113.60,$484.80,$0.00,$0.00,$129.00,0
0255-GKHBCO-T2C,1,Male,66,10,25,Agriculture,Yes,Unmarried,1,"$20,000.00",6,0,Lease,Domestic,"$4,800",23,No,Yes,Disc,14,Yes,19,Yes,No,No,No,No,No,Yes,0,37,$88.80,$683.12,$77.20,$502.64,$0.00,$0.00,$166.00,0
0256-JXPOLY-RHL,1,Female,64,8,30,Labor,No,Unmarried,1,"$143,000.00",3,1,Own,Foreign,"$65,900",26,Yes,Yes,Disc,33,No,23,No,No,No,Yes,No,No,Yes,0,61,$75.80,$942.40,$0.00,$0.00,$0.00,$0.00,$75.80,0
0256-VFLEDH-Y42,1,Male,29,19,0,Professional,No,Unmarried,1,"$142,000.00",9,1,Own,Foreign,"$49,800",29,No,Yes,AMEX,11,No,12,Yes,No,No,No,No,Yes,Yes,1,44,$43.20,$387.92,$118.00,"$1,073.00",$0.00,$0.00,$161.20,0
0257-JWKZZF-G0Y,5,Female,63,10,40,Crafts,Yes,Married,2,"$28,000.00",0,1,Lease,Foreign,"$7,500",40,No,No,Visa,27,No,26,No,No,No,No,No,No,Yes,1,54,$30.00,$311.16,$0.00,$0.00,$0.00,$0.00,$30.00,0
0261-LJPDKI-ASJ,1,Female,63,20,1,Sales,No,Unmarried,1,"$174,000.00",7,0,Own,Domestic,"$34,700",30,Yes,Yes,AMEX,6,No,12,Yes,Yes,Yes,Yes,Yes,Yes,No,1,12,$24.80,$69.20,$186.40,$421.56,$239.50,$699.90,$450.70,1
0264-XXEEFY-T1N,2,Male,23,15,1,Labor,No,Unmarried,1,"$38,000.00",0,0,Own,Domestic,"$5,600",28,Yes,Yes,Disc,3,No,12,Yes,Yes,No,Yes,No,No,No,0,7,$12.00,$15.72,$122.40,$155.60,$116.75,$146.76,$251.15,0
0267-TXVXFC-QBE,3,Male,61,19,3,Sales,No,Unmarried,1,"$44,000.00",0,1,Own,Foreign,"$10,600",21,No,No,AMEX,7,No,12,Yes,No,No,No,No,Yes,No,0,16,$17.00,$61.48,$140.20,$482.40,$0.00,$0.00,$157.20,0
0271-CQVXCL-0DH,5,Male,18,13,0,Labor,No,Unmarried,2,"$22,000.00",3,1,Lease,Foreign,"$5,000",31,No,No,Mast,0,Yes,18,No,Yes,Yes,Yes,Yes,Yes,No,0,5,$28.20,$31.80,$0.00,$0.00,$200.25,$168.18,$228.45,0
0273-COHJKL-MYW,3,Female,77,14,15,Professional,No,Married,2,"$136,000.00",3,0,Own,Domestic,"$35,500",27,No,Yes,Disc,29,No,21,No,No,No,Yes,Yes,No,Yes,0,60,$66.00,$773.72,$0.00,$0.00,$0.00,$0.00,$66.00,0
0275-XIRSOP-4TX,1,Male,43,8,19,Labor,No,Unmarried,3,"$172,000.00",13,1,Own,Domestic,"$39,700",24,Yes,Yes,Othe,13,Yes,16,Yes,No,No,No,No,No,No,1,29,$30.20,$166.08,$103.80,$567.08,$0.00,$0.00,$134.00,0
0283-BOIKUR-4YP,2,Female,77,9,15,Sales,Yes,Married,2,"$18,000.00",0,0,Lease,Domestic,"$4,300",23,Yes,No,Disc,29,No,21,No,No,No,No,No,No,No,0,61,$70.20,$838.48,$0.00,$0.00,$0.00,$0.00,$70.20,0
0283-JJTSCJ-ENB,2,Male,36,15,6,Crafts,No,Unmarried,1,"$92,000.00",0,0,Own,Foreign,"$17,900",17,No,No,Disc,6,Yes,19,No,Yes,Yes,Yes,Yes,No,No,1,10,$13.20,$29.44,$0.00,$0.00,$117.75,$271.80,$130.95,0
0286-ZUKLWW-UD1,2,Female,29,19,1,Professional,No,Married,5,"$138,000.00",0,1,Own,Domestic,"$37,200",39,Yes,Yes,Mast,11,Yes,21,No,No,No,Yes,Yes,Yes,No,0,21,$25.20,$119.68,$0.00,$0.00,$0.00,$0.00,$25.20,0
0290-RPEAHR-8B2,1,Male,78,8,39,Service,Yes,Unmarried,1,"$46,000.00",8,1,Lease,Domestic,"$9,900",21,No,No,Othe,39,No,27,No,No,No,Yes,Yes,No,Yes,1,72,$152.40,"$2,181.64",$0.00,$0.00,$0.00,$0.00,$152.40,0
0290-YJPOKT-GVX,5,Female,57,14,5,Sales,No,Married,2,"$96,000.00",1,1,Own,Foreign,"$28,100",46,No,Yes,Disc,18,Yes,22,No,No,No,Yes,Yes,No,Yes,0,42,$34.80,$295.12,$0.00,$0.00,$0.00,$0.00,$34.80,0
0296-BWZTYP-TSU,1,Male,71,20,20,Service,No,Married,2,"$193,000.00",0,1,Own,Foreign,"$95,600",19,No,Yes,Disc,27,No,20,No,Yes,Yes,Yes,Yes,No,No,0,61,$92.20,"$1,103.48",$0.00,$0.00,$194.50,"$2,826.90",$286.70,1
0297-JQFCXO-IEU,1,Female,30,14,1,Sales,No,Married,4,"$52,000.00",2,1,Own,Foreign,"$9,200",22,Yes,No,Disc,12,Yes,20,Yes,Yes,Yes,Yes,Yes,Yes,Yes,0,43,$56.20,$518.88,$186.40,"$1,592.76",$223.25,"$2,366.22",$465.85,1
0300-TDWEFX-GJJ,4,Female,73,11,13,Professional,Yes,Unmarried,1,"$18,000.00",2,0,Lease,Foreign,"$5,000",27,Yes,No,Othe,13,No,0,Yes,Yes,Yes,Yes,Yes,Yes,No,0,26,$38.20,$186.28,$189.80,$937.52,$126.75,$720.24,$354.75,1
0304-ULDWXL-WY1,3,Male,57,17,29,Labor,Yes,Married,2,"$134,000.00",0,1,Own,Foreign,"$32,800",24,No,Yes,AMEX,40,No,23,No,No,No,No,No,No,Yes,0,72,$198.20,"$2,831.28",$0.00,$0.00,$0.00,$0.00,$198.20,0
0304-YFMNUF-R3Q,3,Male,56,20,19,Agriculture,No,Unmarried,1,"$183,000.00",0,0,Own,Foreign,"$81,500",33,No,No,Mast,7,No,16,No,No,Yes,Yes,Yes,No,No,0,21,$32.60,$132.24,$0.00,$0.00,$0.00,$0.00,$32.60,0
0305-HLODEN-3UF,5,Male,38,18,7,Professional,No,Unmarried,1,"$105,000.00",7,0,Own,Foreign,"$52,700",26,No,Yes,Disc,13,No,19,Yes,No,No,No,No,Yes,No,0,34,$50.20,$316.12,$119.40,$748.84,$0.00,$0.00,$169.60,0
0305-JXBKTV-GE1,4,Female,55,13,15,Professional,No,Unmarried,1,"$100,000.00",9,1,Own,Domestic,"$32,700",24,Yes,No,Mast,35,No,30,Yes,Yes,Yes,Yes,Yes,No,Yes,0,65,$74.60,$982.88,$202.20,"$2,610.76",$214.50,"$3,369.30",$491.30,1
0309-KOSUPM-CSV,5,Male,32,14,5,Professional,No,Unmarried,1,"$130,000.00",1,1,Own,Domestic,"$36,700",27,No,Yes,Mast,7,No,20,Yes,No,No,No,No,Yes,No,0,10,$14.80,$23.92,$131.80,$208.96,$0.00,$0.00,$146.60,0
0313-ZUAFRJ-9MC,4,Male,68,9,7,Professional,No,Married,2,"$66,000.00",0,1,Own,Domestic,"$14,700",28,Yes,Yes,AMEX,38,No,19,No,No,No,No,No,No,Yes,0,70,$83.60,"$1,116.08",$0.00,$0.00,$0.00,$0.00,$83.60,0
0318-JLIHPT-JFQ,2,Female,22,17,0,Service,No,Unmarried,1,"$34,000.00",2,1,Own,Domestic,"$6,500",21,No,Yes,Othe,1,No,21,Yes,Yes,Yes,Yes,Yes,No,No,1,1,$6.00,$1.20,$149.00,$29.80,$101.25,$24.30,$256.25,0
0318-MLIFBY-LQ3,1,Female,55,15,7,Professional,No,Married,2,"$76,000.00",9,0,Own,Foreign,"$18,100",24,No,Yes,Disc,3,No,17,No,No,No,Yes,No,No,No,0,15,$12.20,$31.16,$0.00,$0.00,$0.00,$0.00,$12.20,0
0319-KYECRA-S6I,5,Male,52,12,16,Service,No,Married,2,"$124,000.00",10,1,Own,Foreign,"$25,100",26,No,Yes,Mast,34,No,13,No,No,Yes,Yes,No,No,Yes,0,72,$128.00,"$1,827.20",$0.00,$0.00,$0.00,$0.00,$128.00,0
0322-CPQONG-DO4,3,Female,48,13,9,Sales,No,Married,2,"$68,000.00",11,1,Own,Domestic,"$18,100",40,Yes,No,Disc,12,Yes,14,No,No,No,No,No,No,Yes,0,21,$28.40,$132.64,$0.00,$0.00,$0.00,$0.00,$28.40,0
0324-CARFOI-F9Q,2,Male,45,14,6,Professional,No,Unmarried,2,"$126,000.00",13,1,Own,Domestic,"$38,400",23,No,No,Disc,4,No,18,Yes,No,No,No,No,Yes,No,0,12,$27.80,$56.28,$105.40,$232.28,$0.00,$0.00,$133.20,0
0324-PJIMHY-FQ2,3,Male,51,15,8,Professional,No,Unmarried,1,"$181,000.00",2,1,Own,Domestic,"$83,500",28,No,Yes,Mast,11,Yes,21,No,No,No,No,No,No,Yes,1,32,$28.60,$182.84,$0.00,$0.00,$0.00,$0.00,$28.60,0
0325-IAWOCS-M5N,4,Female,31,16,2,Professional,No,Unmarried,3,"$48,000.00",0,1,Own,Domestic,"$11,600",23,Yes,Yes,Disc,2,Yes,15,No,No,No,Yes,Yes,No,No,0,1,$7.80,$1.56,$0.00,$0.00,$0.00,$0.00,$7.80,0
0327-LHCBEE-PGD,4,Male,27,17,2,Professional,No,Married,7,"$144,000.00",1,1,Own,Domestic,"$28,700",25,Yes,No,Disc,9,Yes,23,Yes,Yes,Yes,Yes,No,Yes,Yes,0,50,$24.60,$268.96,$165.60,"$1,728.28",$138.00,"$1,684.86",$328.20,1
0331-ADVLCH-6DA,4,Female,29,13,6,Agriculture,No,Married,2,"$32,000.00",0,1,Own,Domestic,"$8,800",31,No,No,Visa,4,No,24,No,No,No,No,No,No,No,1,6,$11.60,$11.76,$0.00,$0.00,$0.00,$0.00,$11.60,0
0331-DSSQNF-CN0,3,Female,29,19,0,Sales,No,Married,2,"$48,000.00",2,1,Lease,Domestic,"$8,900",29,Yes,No,Disc,5,Yes,21,No,No,No,No,Yes,No,No,0,13,$26.80,$63.04,$0.00,$0.00,$0.00,$0.00,$26.80,0
0331-MQFNWA-QDA,4,Female,67,9,17,Professional,No,Unmarried,1,"$122,000.00",0,1,Own,Domestic,"$20,600",21,No,No,Mast,5,No,18,No,No,No,Yes,Yes,No,Yes,0,8,$19.60,$37.52,$0.00,$0.00,$0.00,$0.00,$19.60,0
0331-ZWQBAG-DHM,2,Male,46,18,3,Professional,No,Unmarried,1,"$60,000.00",2,1,NoCar,N/A,$0,22,Yes,No,AMEX,6,No,20,Yes,Yes,Yes,Yes,Yes,No,Yes,0,14,$18.00,$70.68,$150.00,$391.40,$227.25,$749.58,$395.25,1
0335-TBOJAS-KB0,5,Male,38,13,12,Labor,No,Married,2,"$108,000.00",4,1,Own,Foreign,"$29,800",30,No,No,Mast,20,No,25,No,No,No,Yes,No,No,Yes,1,46,$62.00,$620.76,$0.00,$0.00,$0.00,$0.00,$62.00,0
0338-BKEZYW-DWC,5,Male,49,14,15,Professional,No,Unmarried,3,"$146,000.00",2,1,Own,Domestic,"$87,700",19,No,No,Mast,22,No,17,No,Yes,No,Yes,Yes,No,Yes,0,53,$107.20,"$1,078.84",$0.00,$0.00,$157.25,"$2,006.64",$264.45,0
0338-OTHZDL-0PC,1,Female,49,18,5,Professional,No,Unmarried,1,"$146,000.00",0,1,Own,Domestic,"$27,000",28,No,Yes,Disc,32,No,22,No,No,No,Yes,No,No,Yes,1,66,$70.20,$878.40,$0.00,$0.00,$0.00,$0.00,$70.20,0
0340-LKGDQN-N7B,2,Female,63,15,17,Professional,No,Married,2,"$101,000.00",0,0,Own,Domestic,"$50,700",17,No,Yes,Mast,38,Yes,17,No,No,No,No,No,No,Yes,0,70,$54.80,$818.44,$0.00,$0.00,$0.00,$0.00,$54.80,0
0340-TEOCNL-N0S,1,Male,56,15,23,Crafts,No,Unmarried,1,"$105,000.00",11,1,Own,Foreign,"$63,900",24,No,No,Visa,34,No,11,No,Yes,Yes,Yes,Yes,No,Yes,1,70,$105.00,"$1,446.84",$0.00,$0.00,$219.25,"$3,501.48",$324.25,1
0342-MRGOAJ-6X0,4,Female,26,18,0,Sales,No,Unmarried,2,"$144,000.00",1,1,Own,Foreign,"$33,000",17,Yes,Yes,AMEX,8,No,18,Yes,No,Yes,No,No,Yes,No,0,29,$27.20,$149.04,$125.00,$750.16,$0.00,$0.00,$152.20,0
0342-SZFMTA-J30,5,Male,43,12,10,Professional,No,Unmarried,1,"$170,000.00",3,1,Own,Foreign,"$61,600",32,No,Yes,Disc,21,No,14,No,No,No,Yes,No,No,No,0,44,$51.40,$460.32,$0.00,$0.00,$0.00,$0.00,$51.40,0
0342-ZGHGJT-9OL,2,Female,33,14,8,Crafts,No,Unmarried,1,"$62,000.00",6,0,Own,Foreign,"$15,100",25,No,No,Disc,5,No,15,Yes,No,No,No,Yes,No,No,0,8,$16.80,$28.24,$113.80,$142.00,$0.00,$0.00,$130.60,0
0344-LJPLEA-C4O,2,Female,71,18,12,Professional,No,Married,2,"$90,000.00",4,0,Own,Foreign,"$27,600",33,No,Yes,Mast,20,Yes,19,No,No,No,No,No,No,Yes,0,40,$52.00,$425.88,$0.00,$0.00,$0.00,$0.00,$52.00,0
0348-CKKPNL-H6A,3,Male,21,16,0,Labor,No,Unmarried,4,"$54,000.00",0,1,Own,Foreign,"$17,400",33,Yes,Yes,Visa,3,No,14,Yes,Yes,Yes,Yes,Yes,Yes,No,1,17,$73.20,$243.08,$146.00,$465.72,$201.50,$777.00,$420.70,1
0349-TNFGFC-ZAA,2,Male,53,14,1,Sales,No,Married,5,"$80,000.00",7,1,Own,Foreign,"$21,500",15,No,Yes,Visa,11,No,19,Yes,No,No,No,No,Yes,No,1,35,$28.00,$221.00,$154.20,"$1,052.76",$0.00,$0.00,$182.20,0
0359-DQOMHP-1YU,4,Female,50,14,18,Service,No,Unmarried,1,"$118,000.00",2,0,Own,Foreign,"$26,200",21,Yes,Yes,AMEX,18,No,20,Yes,Yes,Yes,Yes,Yes,No,Yes,0,46,$45.80,$399.68,$213.80,"$1,999.92",$338.50,"$3,504.78",$598.10,1
0361-OPHNCS-BH2,3,Male,35,14,2,Sales,No,Unmarried,1,"$64,000.00",0,1,Lease,Foreign,"$17,800",23,Yes,No,Visa,17,No,15,No,No,No,Yes,Yes,No,Yes,0,37,$16.80,$124.68,$0.00,$0.00,$0.00,$0.00,$16.80,0
0362-TRYKBE-0F1,5,Male,37,15,3,Professional,No,Married,2,"$116,000.00",1,1,Own,Domestic,"$36,100",16,No,Yes,Disc,4,No,19,No,No,No,No,No,No,No,0,10,$16.80,$21.00,$0.00,$0.00,$0.00,$0.00,$16.80,0
0366-MVEJTD-89K,5,Female,33,19,1,Professional,No,Married,3,"$94,000.00",4,0,Own,Domestic,"$25,300",31,No,No,Mast,11,Yes,20,Yes,Yes,Yes,No,Yes,Yes,Yes,0,31,$32.80,$185.04,$169.00,$956.76,$222.00,"$1,592.28",$423.80,1
0368-XOWDFM-1CR,1,Male,63,21,24,Labor,No,Unmarried,1,"$237,000.00",0,1,NoCar,N/A,$0,16,No,Yes,Disc,35,No,29,Yes,No,Yes,Yes,Yes,Yes,Yes,1,65,$58.40,$760.76,$209.60,"$2,639.48",$0.00,$0.00,$268.00,0
0370-ZJULGD-MOV,1,Male,46,10,17,Labor,No,Unmarried,1,"$124,000.00",0,0,Own,Foreign,"$42,100",21,Yes,No,AMEX,6,Yes,19,No,No,No,No,No,No,Yes,0,22,$25.40,$117.68,$0.00,$0.00,$0.00,$0.00,$25.40,0
0375-GLYKLB-UWH,3,Female,51,8,21,Crafts,No,Unmarried,1,"$136,000.00",1,0,Own,Foreign,"$29,600",22,No,No,Mast,9,No,16,No,No,Yes,Yes,Yes,No,Yes,1,32,$34.20,$200.16,$0.00,$0.00,$0.00,$0.00,$34.20,0
0378-YTNFRY-YPC,5,Male,21,13,1,Crafts,No,Unmarried,1,"$44,000.00",2,1,NoCar,N/A,$0,26,No,No,AMEX,3,Yes,25,Yes,Yes,Yes,Yes,Yes,No,Yes,1,44,$69.00,$601.08,$197.40,"$1,532.92",$173.00,"$1,849.92",$439.40,1
0381-NFGAKR-AFB,1,Female,32,20,0,Sales,No,Unmarried,1,"$74,000.00",1,1,Own,Domestic,"$10,200",23,No,Yes,Disc,5,No,22,Yes,No,Yes,No,Yes,Yes,No,0,1,$19.00,$3.80,$121.00,$24.20,$0.00,$0.00,$140.00,0
0382-PFNONT-ZC6,2,Male,46,18,11,Crafts,No,Unmarried,1,"$74,000.00",5,1,NoCar,N/A,$0,35,Yes,Yes,AMEX,28,No,25,Yes,No,Yes,No,No,Yes,Yes,0,70,$67.40,$915.04,$143.60,"$2,064.96",$0.00,$0.00,$211.00,0
0383-QZAGJU-JE8,4,Male,23,16,0,Sales,No,Married,4,"$40,000.00",0,0,NoCar,N/A,$0,22,Yes,Yes,Visa,5,No,17,No,No,No,No,No,No,No,1,14,$10.20,$28.80,$0.00,$0.00,$0.00,$0.00,$10.20,0
0386-GSRAYK-6QQ,3,Female,49,14,12,Labor,No,Married,2,"$116,000.00",4,1,Own,Foreign,"$30,600",24,Yes,Yes,Mast,21,Yes,15,Yes,Yes,Yes,Yes,Yes,No,No,0,57,$36.40,$421.20,$214.00,"$2,444.16",$273.50,"$3,644.10",$523.90,1
0387-ILUHZR-U94,3,Female,66,12,3,Sales,No,Married,2,"$42,000.00",1,1,Own,Foreign,"$12,800",34,No,No,Visa,38,No,23,No,Yes,Yes,Yes,Yes,No,Yes,0,71,$82.80,"$1,168.80",$0.00,$0.00,$166.25,"$2,714.10",$249.05,0
0388-JOJPIY-9BY,1,Male,77,17,37,Labor,Yes,Married,2,"$194,000.00",0,1,Own,Foreign,"$45,800",32,Yes,Yes,AMEX,35,Yes,23,No,No,Yes,No,Yes,No,Yes,0,70,$106.80,"$1,498.00",$0.00,$0.00,$0.00,$0.00,$106.80,0
0388-KHMXUA-ZCP,1,Male,59,9,12,Professional,No,Married,2,"$90,000.00",0,0,Own,Foreign,"$34,000",26,No,No,Mast,27,No,18,No,No,No,Yes,Yes,No,Yes,1,59,$41.20,$463.36,$0.00,$0.00,$0.00,$0.00,$41.20,0
0392-XGGPFB-SFH,5,Male,33,15,0,Sales,No,Unmarried,1,"$60,000.00",1,1,Own,Foreign,"$16,500",26,Yes,Yes,Disc,3,Yes,22,No,Yes,Yes,Yes,Yes,No,No,0,15,$19.00,$46.00,$0.00,$0.00,$107.50,$348.90,$126.50,0
0393-WICKKS-RI4,2,Male,26,13,2,Sales,No,Married,5,"$104,000.00",3,1,Own,Foreign,"$36,300",23,Yes,No,Visa,8,Yes,23,No,Yes,Yes,Yes,Yes,No,No,0,22,$30.00,$142.52,$0.00,$0.00,$166.00,$816.24,$196.00,0
0394-AVUMJX-JAH,3,Female,35,17,10,Agriculture,No,Unmarried,1,"$50,000.00",2,1,NoCar,N/A,$0,27,No,No,AMEX,18,Yes,17,No,No,No,No,No,Yes,Yes,0,57,$56.20,$658.28,$0.00,$0.00,$0.00,$0.00,$56.20,0
0394-MDULKL-PC7,4,Male,37,17,1,Sales,No,Married,3,"$120,000.00",5,0,Own,Foreign,"$33,200",25,Yes,Yes,Disc,16,No,26,No,No,No,Yes,Yes,No,No,1,56,$49.00,$508.32,$0.00,$0.00,$0.00,$0.00,$49.00,0
0397-SGLLTF-HUD,1,Female,24,19,0,Professional,No,Married,3,"$88,000.00",0,1,Own,Foreign,"$20,100",25,No,Yes,Visa,7,No,24,No,No,Yes,No,No,Yes,Yes,0,15,$22.60,$74.52,$0.00,$0.00,$0.00,$0.00,$22.60,0
0400-DJWIIC-FEW,3,Female,18,13,0,Professional,No,Unmarried,3,"$28,000.00",3,0,Own,Domestic,"$5,100",32,No,No,AMEX,0,Yes,19,Yes,Yes,Yes,Yes,Yes,Yes,Yes,0,6,$36.80,$40.20,$151.80,$146.24,$133.00,$164.70,$321.60,1
0402-XMMWBM-GSH,1,Male,36,16,6,Professional,No,Unmarried,1,"$72,000.00",13,1,Own,Foreign,"$16,300",28,No,No,Visa,2,No,23,No,No,No,No,No,Yes,No,0,7,$10.40,$8.92,$0.00,$0.00,$0.00,$0.00,$10.40,0
0403-OAVOPU-N5J,5,Male,28,15,3,Professional,No,Married,4,"$74,000.00",4,1,Own,Domestic,"$25,100",23,Yes,Yes,Disc,3,Yes,21,Yes,No,No,No,No,Yes,No,1,23,$18.60,$73.96,$78.40,$368.16,$0.00,$0.00,$97.00,0
0403-YVGXYF-XGN,3,Male,52,17,4,Sales,No,Married,2,"$106,000.00",11,0,Own,Foreign,"$20,900",26,No,No,Disc,32,No,24,Yes,Yes,Yes,Yes,No,No,No,0,53,$52.00,$556.64,$136.00,"$1,412.68",$147.00,"$1,851.90",$335.00,1
0405-BACHZT-AYK,4,Male,24,17,0,Professional,No,Married,3,"$66,000.00",1,1,Own,Foreign,"$16,800",30,No,No,Disc,6,No,22,Yes,Yes,Yes,No,No,Yes,No,0,5,$23.80,$30.60,$167.40,$130.72,$127.00,$107.52,$318.20,1
0407-SLTYDQ-NGJ,5,Male,19,12,0,Agriculture,No,Unmarried,1,"$48,000.00",8,1,NoCar,N/A,$0,19,No,Yes,Disc,1,No,25,Yes,No,No,Yes,No,Yes,Yes,1,15,$44.80,$135.40,$122.80,$281.36,$0.00,$0.00,$167.60,0
0409-MMPGJY-ECA,1,Female,60,12,27,Crafts,No,Unmarried,1,"$158,000.00",2,1,NoCar,N/A,$0,15,Yes,Yes,AMEX,19,No,14,No,No,No,No,Yes,No,No,0,30,$32.60,$217.24,$0.00,$0.00,$0.00,$0.00,$32.60,0
0412-LYGHKQ-8SE,1,Male,64,19,15,Labor,Yes,Married,2,"$64,000.00",0,0,Lease,Domestic,"$15,300",19,Yes,No,Mast,29,Yes,17,Yes,No,No,No,No,No,Yes,0,63,$75.00,$964.72,$109.80,"$1,340.84",$0.00,$0.00,$184.80,0
0413-SGEEWA-MBY,2,Female,19,10,1,Crafts,No,Unmarried,3,"$36,000.00",2,1,Own,Domestic,"$6,300",17,No,No,Othe,1,No,18,No,No,No,No,No,No,No,0,4,$23.20,$16.52,$0.00,$0.00,$0.00,$0.00,$23.20,0
0415-IKVMWW-UQQ,5,Male,69,13,25,Labor,Yes,Married,2,"$182,000.00",9,1,Own,Foreign,"$45,400",21,No,Yes,Visa,38,No,17,No,No,No,Yes,Yes,No,Yes,0,71,$86.80,"$1,197.16",$0.00,$0.00,$0.00,$0.00,$86.80,0
0417-AAEGSX-04Q,1,Female,28,11,5,Crafts,No,Married,5,"$50,000.00",2,1,Own,Foreign,"$15,100",25,Yes,No,Visa,4,No,28,No,Yes,Yes,Yes,Yes,Yes,No,0,5,$7.80,$5.48,$0.00,$0.00,$193.00,$171.84,$200.80,0
0423-RHVQHI-61H,5,Male,65,16,3,Sales,No,Unmarried,1,"$84,000.00",5,0,NoCar,N/A,$0,33,No,Yes,Disc,8,Yes,15,No,No,No,No,No,No,Yes,0,35,$24.20,$168.36,$0.00,$0.00,$0.00,$0.00,$24.20,0
0423-YWTIEG-ZK5,1,Male,37,15,9,Labor,No,Unmarried,1,"$116,000.00",1,0,Own,Domestic,"$29,300",19,No,Yes,AMEX,13,Yes,16,Yes,No,Yes,Yes,Yes,Yes,No,0,29,$56.00,$348.16,$113.60,$622.00,$0.00,$0.00,$169.60,0
0424-AIXCMU-CMQ,5,Female,24,19,0,Crafts,No,Unmarried,3,"$42,000.00",0,0,Own,Domestic,"$12,900",34,Yes,Yes,AMEX,7,No,13,Yes,Yes,Yes,Yes,Yes,Yes,No,0,21,$11.60,$59.84,$180.20,$666.52,$195.75,$954.78,$387.55,1
0426-XJDJWQ-I5M,2,Male,78,21,2,Sales,Yes,Married,2,"$48,000.00",6,1,Lease,Foreign,"$16,800",26,Yes,Yes,Mast,7,Yes,24,No,No,Yes,Yes,Yes,No,No,0,23,$38.20,$154.56,$0.00,$0.00,$0.00,$0.00,$38.20,0
0432-HSXSTK-GUM,3,Female,70,16,21,Professional,No,Unmarried,1,"$190,000.00",2,1,Own,Domestic,"$44,100",35,No,No,Visa,11,Yes,22,Yes,Yes,Yes,Yes,Yes,No,No,0,23,$23.80,$115.72,$149.00,$656.08,$149.75,$853.02,$322.55,1
0436-OYXWQA-21R,2,Male,41,22,2,Sales,No,Unmarried,1,"$122,000.00",0,1,Own,Foreign,"$36,800",22,No,No,Disc,14,No,21,Yes,No,No,No,No,Yes,Yes,0,33,$72.40,$467.56,$113.60,$687.28,$0.00,$0.00,$186.00,0
0438-VUBTYC-L81,2,Male,66,21,25,Crafts,No,Married,4,"$109,000.00",7,1,NoCar,N/A,$0,39,No,Yes,Disc,40,No,20,No,Yes,Yes,Yes,Yes,No,Yes,1,72,$455.00,"$6,542.88",$0.00,$0.00,$391.25,"$6,745.50",$846.25,1
0439-PITRZR-4GK,3,Male,31,15,7,Crafts,No,Unmarried,3,"$42,000.00",1,0,Lease,Foreign,"$10,100",27,No,No,AMEX,12,Yes,13,No,No,No,Yes,Yes,No,No,0,28,$45.20,$247.28,$0.00,$0.00,$0.00,$0.00,$45.20,0
0444-UPDFUW-2S9,4,Male,52,16,11,Crafts,No,Married,2,"$138,000.00",2,1,Own,Domestic,"$44,600",27,Yes,No,Disc,23,Yes,25,No,Yes,Yes,Yes,Yes,No,Yes,0,49,$93.40,$852.32,$0.00,$0.00,$354.25,"$4,171.74",$447.65,1
0445-EFSRZJ-LOA,5,Female,43,15,4,Professional,No,Unmarried,1,"$186,000.00",1,0,Own,Foreign,"$27,200",27,Yes,Yes,Disc,20,No,13,No,No,Yes,Yes,Yes,Yes,Yes,0,30,$31.60,$186.60,$0.00,$0.00,$0.00,$0.00,$31.60,0
0447-RXQHHD-6AO,5,Female,64,8,31,Crafts,Yes,Married,4,"$20,000.00",2,1,Lease,Domestic,"$5,600",30,Yes,Yes,Visa,29,No,16,No,No,No,Yes,No,No,Yes,0,63,$61.00,$771.12,$0.00,$0.00,$0.00,$0.00,$61.00,0
0450-DSWNCJ-69N,1,Female,41,11,13,Crafts,No,Married,4,"$84,000.00",4,1,Own,Domestic,"$24,000",23,No,Yes,Visa,23,No,25,No,No,Yes,Yes,Yes,No,No,1,44,$23.40,$196.16,$0.00,$0.00,$0.00,$0.00,$23.40,0
0450-TWQRYG-IVO,1,Male,78,16,33,Professional,Yes,Unmarried,1,"$40,000.00",1,0,Lease,Foreign,"$10,700",21,Yes,Yes,Visa,38,No,21,No,No,No,No,No,Yes,Yes,1,70,$86.80,"$1,246.96",$0.00,$0.00,$0.00,$0.00,$86.80,0
0453-LYAETZ-K69,2,Female,39,18,7,Professional,No,Unmarried,2,"$68,000.00",8,0,Own,Domestic,"$17,700",26,No,No,Mast,20,Yes,20,Yes,No,Yes,Yes,Yes,No,No,1,28,$21.00,$99.20,$162.80,$922.32,$0.00,$0.00,$183.80,0
0455-EFUBYG-CW2,5,Male,59,11,26,Service,No,Married,4,"$156,000.00",0,1,Own,Foreign,"$46,700",22,Yes,Yes,Mast,40,Yes,21,No,No,No,Yes,Yes,No,Yes,0,72,$351.60,"$5,045.92",$0.00,$0.00,$0.00,$0.00,$351.60,1
0455-ZMAKZN-6ID,2,Male,58,15,4,Sales,No,Married,3,"$84,000.00",2,0,Own,Domestic,"$19,600",25,No,No,Mast,5,Yes,22,No,No,No,No,No,No,No,0,11,$11.00,$33.36,$0.00,$0.00,$0.00,$0.00,$11.00,0
0457-JOTWMX-KQ8,4,Female,23,10,2,Professional,No,Married,3,"$70,000.00",0,0,NoCar,N/A,$0,26,Yes,No,Visa,5,Yes,18,No,No,No,Yes,Yes,No,No,1,44,$35.60,$289.44,$0.00,$0.00,$0.00,$0.00,$35.60,0
0459-QZFBYH-LUV,2,Female,28,13,6,Crafts,No,Married,3,"$62,000.00",0,1,Own,Foreign,"$15,800",36,No,No,Visa,8,No,18,No,No,No,No,Yes,No,No,1,12,$27.40,$73.56,$0.00,$0.00,$0.00,$0.00,$27.40,0
0460-LSSVSY-KRB,1,Female,32,19,0,Sales,No,Married,4,"$60,000.00",3,1,Own,Domestic,"$12,200",25,Yes,Yes,AMEX,14,Yes,24,Yes,Yes,Yes,Yes,Yes,Yes,No,1,35,$48.40,$320.16,$242.80,"$1,611.56",$317.25,"$2,620.80",$608.45,1
0466-PHYEYE-T4Y,3,Male,69,17,9,Professional,No,Married,2,"$110,000.00",0,1,NoCar,N/A,$0,23,Yes,No,Mast,24,Yes,25,No,No,No,No,No,No,No,1,47,$33.00,$301.12,$0.00,$0.00,$0.00,$0.00,$33.00,0
0468-GLIWUH-DWI,2,Male,21,10,3,Service,No,Unmarried,2,"$40,000.00",1,0,Own,Domestic,"$8,900",26,No,No,Othe,3,Yes,19,No,No,No,Yes,Yes,No,Yes,0,28,$33.20,$206.52,$0.00,$0.00,$0.00,$0.00,$33.20,0
0471-IWBYGB-11R,4,Female,58,15,6,Sales,Yes,Unmarried,1,"$22,000.00",0,0,Lease,Domestic,"$4,500",33,Yes,No,Visa,17,No,15,Yes,No,No,Yes,Yes,Yes,No,1,48,$28.80,$258.60,$173.80,"$1,689.12",$0.00,$0.00,$202.60,0
0472-PSMKTM-XZ8,4,Female,24,17,0,Service,No,Married,3,"$56,000.00",1,1,NoCar,N/A,$0,27,Yes,No,Disc,6,Yes,17,No,No,No,Yes,Yes,No,No,0,31,$31.60,$185.84,$0.00,$0.00,$0.00,$0.00,$31.60,0
0472-RUPTZZ-6GD,5,Male,46,16,17,Agriculture,No,Unmarried,1,"$112,000.00",2,1,NoCar,N/A,$0,26,Yes,No,Othe,28,Yes,18,No,No,No,No,No,Yes,No,1,67,$60.20,$782.68,$0.00,$0.00,$0.00,$0.00,$60.20,0
0474-OYTFOT-QFC,4,Male,66,15,25,Labor,Yes,Married,2,"$22,000.00",7,0,Own,Foreign,"$6,500",23,No,No,Mast,31,Yes,19,No,No,No,No,No,No,Yes,0,57,$80.60,$859.76,$0.00,$0.00,$0.00,$0.00,$80.60,0
0474-WEIVTV-8R5,1,Female,48,16,4,Sales,No,Unmarried,2,"$188,000.00",9,1,Own,Domestic,"$47,100",26,No,No,Disc,2,Yes,14,Yes,No,No,No,No,Yes,No,1,5,$15.20,$15.52,$98.40,$67.88,$0.00,$0.00,$113.60,0
0481-RFVYIH-H7J,4,Male,77,15,28,Agriculture,Yes,Married,2,"$54,000.00",0,1,Lease,Foreign,"$6,700",29,Yes,Yes,Visa,38,Yes,23,No,No,Yes,Yes,Yes,No,Yes,0,70,$113.80,"$1,608.96",$0.00,$0.00,$0.00,$0.00,$113.80,0
0484-IPSBBH-FGI,1,Male,77,19,11,Sales,Yes,Married,2,"$158,000.00",2,1,Own,Domestic,"$34,900",16,Yes,No,AMEX,40,Yes,23,Yes,No,No,No,No,Yes,Yes,0,72,$458.20,"$6,634.68",$148.60,"$2,063.88",$0.00,$0.00,$606.80,1
0486-AAVGZJ-UHS,3,Male,21,16,0,Crafts,No,Unmarried,3,"$104,000.00",1,1,Own,Domestic,"$37,100",35,No,Yes,AMEX,3,Yes,14,Yes,No,No,No,No,Yes,No,0,11,$16.60,$38.36,$130.60,$270.08,$0.00,$0.00,$147.20,0
0486-MCTJYA-DRP,1,Female,77,19,12,Crafts,No,Married,2,"$98,000.00",12,1,NoCar,N/A,$0,24,No,No,Disc,12,Yes,18,No,Yes,Yes,Yes,Yes,No,No,0,32,$29.20,$183.16,$0.00,$0.00,$161.00,"$1,237.74",$190.20,0
0489-VJMNNV-B2E,4,Female,64,12,11,Professional,Yes,Unmarried,1,"$34,000.00",9,0,Own,Domestic,"$8,200",22,No,No,Visa,23,No,27,Yes,No,No,No,Yes,Yes,Yes,0,55,$59.60,$681.44,$131.40,"$1,431.56",$0.00,$0.00,$191.00,0
0490-NIIOCS-NBA,3,Male,33,18,2,Professional,No,Unmarried,1,"$132,000.00",4,1,Own,Foreign,"$28,900",25,Yes,No,Visa,15,No,26,Yes,Yes,Yes,No,No,Yes,Yes,0,38,$51.80,$384.52,$244.80,"$1,886.56",$298.25,"$2,682.54",$594.85,1
0492-CDWZIZ-DTH,5,Female,37,16,12,Labor,No,Married,2,"$174,000.00",0,1,Own,Domestic,"$60,700",33,No,No,Mast,19,Yes,30,No,No,No,No,No,Yes,Yes,0,72,$136.00,"$1,874.60",$0.00,$0.00,$0.00,$0.00,$136.00,0
0493-QTNTOS-3AV,5,Female,26,19,0,Sales,No,Married,4,"$50,000.00",3,1,Own,Foreign,"$12,800",28,No,No,Visa,7,No,20,No,No,No,No,No,No,No,0,8,$14.60,$26.88,$0.00,$0.00,$0.00,$0.00,$14.60,0
0499-EVFWPP-329,4,Female,76,11,24,Labor,Yes,Unmarried,1,"$56,000.00",1,0,Lease,Foreign,"$13,500",25,Yes,Yes,AMEX,30,Yes,17,No,No,No,No,No,No,Yes,0,68,$49.60,$642.80,$0.00,$0.00,$0.00,$0.00,$49.60,0
0500-JIHEQG-PCE,4,Female,26,20,0,Professional,No,Unmarried,3,"$162,000.00",0,1,Own,Domestic,"$54,300",17,Yes,No,Disc,2,Yes,18,Yes,Yes,No,Yes,No,Yes,No,0,5,$9.00,$5.76,$170.80,$127.56,$82.25,$67.02,$262.05,0
0500-YVQSIG-5KL,2,Female,43,13,8,Professional,No,Married,4,"$88,000.00",1,1,Lease,Foreign,"$21,700",25,Yes,Yes,Visa,23,Yes,23,No,No,No,No,No,No,No,1,43,$34.60,$276.68,$0.00,$0.00,$0.00,$0.00,$34.60,0
0501-ITIFZC-58U,2,Male,74,17,3,Sales,No,Married,2,"$102,000.00",1,0,Own,Foreign,"$34,900",19,No,No,Visa,34,Yes,22,Yes,Yes,Yes,Yes,Yes,Yes,Yes,0,65,$76.40,"$1,011.24",$169.00,"$2,232.24",$192.50,"$2,897.10",$437.90,1
0501-OMLZBC-1Z7,2,Male,18,13,0,Service,No,Unmarried,2,"$32,000.00",4,1,Own,Foreign,"$8,900",23,No,Yes,Disc,0,No,13,No,No,No,No,No,Yes,No,0,6,$47.60,$66.52,$0.00,$0.00,$0.00,$0.00,$47.60,0
0503-FRHNIK-SZY,1,Male,34,8,2,Sales,No,Unmarried,1,"$42,000.00",2,0,Own,Foreign,"$10,200",27,No,Yes,AMEX,2,Yes,17,No,No,No,Yes,Yes,No,No,1,2,$10.40,$2.60,$0.00,$0.00,$0.00,$0.00,$10.40,0
0504-ADVPUZ-TX6,1,Male,60,13,2,Sales,No,Married,3,"$60,000.00",1,1,Own,Domestic,"$20,900",21,Yes,No,AMEX,19,Yes,26,No,No,No,Yes,Yes,No,Yes,0,55,$25.00,$309.04,$0.00,$0.00,$0.00,$0.00,$25.00,0
0515-HJKRYI-KB1,4,Male,68,15,33,Labor,Yes,Unmarried,1,"$116,000.00",4,1,Own,Domestic,"$27,000",25,Yes,Yes,AMEX,39,Yes,23,No,No,No,No,No,No,Yes,0,72,$85.20,"$1,245.32",$0.00,$0.00,$0.00,$0.00,$85.20,0
0522-AGGIEE-B3P,4,Male,39,15,6,Professional,No,Married,4,"$142,000.00",3,1,Own,Domestic,"$34,900",19,Yes,Yes,Mast,21,No,18,No,No,No,Yes,No,No,Yes,0,41,$65.40,$530.16,$0.00,$0.00,$0.00,$0.00,$65.40,0
0522-IJXYFW-V44,2,Female,49,18,6,Professional,No,Married,4,"$84,000.00",1,1,Lease,Foreign,"$29,100",23,Yes,Yes,Visa,20,Yes,25,No,Yes,No,Yes,Yes,No,No,0,42,$29.60,$255.12,$0.00,$0.00,$171.50,"$1,672.08",$201.10,0
0524-DGNLNI-VQM,2,Male,27,12,0,Sales,No,Married,2,"$36,000.00",10,1,Own,Foreign,"$8,600",30,No,No,Mast,4,No,29,No,No,No,No,No,No,No,0,13,$23.00,$47.00,$0.00,$0.00,$0.00,$0.00,$23.00,0
0526-BBXATD-XM2,3,Female,72,20,40,Service,Yes,Unmarried,1,"$22,000.00",0,1,Lease,Foreign,"$5,600",27,No,No,Disc,39,Yes,24,Yes,No,No,No,No,Yes,Yes,0,72,$277.00,"$4,008.04",$185.60,"$2,639.68",$0.00,$0.00,$462.60,1
0526-KRCZZQ-N00,4,Female,33,17,6,Labor,No,Unmarried,3,"$110,000.00",5,1,Own,Domestic,"$24,500",22,No,Yes,Disc,10,No,22,Yes,Yes,Yes,Yes,Yes,No,No,0,21,$32.60,$132.76,$159.00,$657.64,$142.00,$638.40,$333.60,1
0527-MDDUVX-B2V,1,Male,23,18,0,Crafts,No,Unmarried,3,"$30,000.00",0,0,Own,Domestic,"$6,000",24,Yes,Yes,AMEX,5,No,21,Yes,No,No,No,No,No,No,0,26,$30.60,$157.72,$77.80,$392.16,$0.00,$0.00,$108.40,0
0529-XXEMED-6KA,4,Male,42,18,6,Professional,No,Married,2,"$96,000.00",7,1,Own,Foreign,"$26,900",29,No,No,Disc,25,Yes,32,No,Yes,Yes,Yes,Yes,Yes,No,1,53,$77.40,$815.84,$0.00,$0.00,$241.50,"$2,961.60",$318.90,1
0531-HLUVAC-424,3,Male,21,10,5,Crafts,No,Unmarried,4,"$64,000.00",0,1,Own,Domestic,"$13,200",32,Yes,Yes,AMEX,3,No,15,No,No,No,Yes,No,No,No,1,24,$43.80,$208.44,$0.00,$0.00,$0.00,$0.00,$43.80,0
0531-QJKTZB-7S3,1,Female,66,17,26,Service,Yes,Unmarried,1,"$62,000.00",4,1,Own,Foreign,"$10,600",24,No,Yes,Mast,23,Yes,13,Yes,No,No,No,No,Yes,No,0,51,$39.20,$454.84,$117.00,"$1,170.72",$0.00,$0.00,$156.20,0
0532-LPZIHD-ZE0,2,Female,59,13,11,Professional,No,Unmarried,2,"$158,000.00",9,0,Own,Foreign,"$31,700",28,Yes,No,AMEX,3,No,18,Yes,Yes,Yes,Yes,Yes,Yes,No,0,12,$19.00,$57.68,$155.20,$288.84,$145.25,$369.60,$319.45,1
0532-SLEYXU-Q3Y,3,Female,52,15,22,Crafts,No,Married,4,"$152,000.00",10,1,Own,Domestic,"$38,100",24,Yes,Yes,AMEX,34,No,23,No,Yes,No,Yes,Yes,No,Yes,0,72,$83.60,"$1,230.04",$0.00,$0.00,$261.25,"$4,513.26",$344.85,1
0533-AQBHDH-OK1,4,Male,28,11,0,Sales,No,Unmarried,3,"$46,000.00",2,0,NoCar,N/A,$0,20,No,No,Visa,4,No,20,No,No,No,No,No,No,No,0,17,$27.20,$104.76,$0.00,$0.00,$0.00,$0.00,$27.20,0
0534-TGAXVN-ER2,3,Male,48,11,3,Sales,No,Unmarried,1,"$50,000.00",2,0,Lease,Foreign,"$12,000",24,Yes,No,Disc,17,No,25,No,No,No,Yes,Yes,No,No,1,38,$60.60,$438.36,$0.00,$0.00,$0.00,$0.00,$60.60,0
0535-BTBVCI-2I2,1,Female,26,21,0,Crafts,No,Married,5,"$80,000.00",0,1,Own,Foreign,"$20,100",34,No,Yes,Othe,2,No,14,Yes,No,Yes,No,No,Yes,No,1,5,$25.20,$28.72,$113.80,$106.04,$0.00,$0.00,$139.00,0
0538-YBYBTV-M73,3,Female,25,20,0,Sales,No,Married,6,"$80,000.00",5,1,Own,Domestic,"$25,500",28,No,Yes,Disc,8,Yes,16,Yes,Yes,Yes,No,Yes,Yes,Yes,0,26,$30.20,$157.20,$203.40,"$1,036.28",$288.00,"$1,719.72",$521.60,1
0539-PCXWPK-UHA,5,Female,56,18,6,Sales,No,Unmarried,1,"$62,000.00",2,0,Own,Foreign,"$19,500",21,Yes,No,Mast,7,No,20,Yes,No,No,No,No,Yes,No,0,17,$40.20,$126.04,$74.60,$213.56,$0.00,$0.00,$114.80,0
0539-XCIYLO-LK2,1,Male,51,14,19,Agriculture,No,Married,2,"$112,000.00",4,1,Lease,Domestic,"$28,600",22,Yes,Yes,AMEX,20,Yes,27,No,No,No,No,No,No,No,0,27,$36.80,$195.24,$0.00,$0.00,$0.00,$0.00,$36.80,0
0543-DOKJRU-CVO,2,Female,41,13,7,Sales,No,Unmarried,3,"$90,000.00",1,1,NoCar,N/A,$0,20,Yes,Yes,Visa,19,No,24,Yes,Yes,Yes,Yes,Yes,No,No,0,58,$44.20,$522.16,$173.00,"$1,910.56",$159.00,"$2,093.64",$376.20,1
0550-QFCXTL-1UY,2,Female,58,17,7,Sales,No,Married,3,"$100,000.00",0,0,Own,Foreign,"$23,100",28,Yes,Yes,Mast,40,No,16,No,No,No,No,No,No,Yes,0,72,$233.40,"$3,332.20",$0.00,$0.00,$0.00,$0.00,$233.40,0
0550-RZEUTR-978,5,Female,36,17,3,Service,No,Unmarried,1,"$60,000.00",1,1,Own,Foreign,"$16,200",29,Yes,Yes,Disc,4,Yes,18,Yes,No,No,Yes,No,Yes,No,0,8,$11.80,$22.24,$125.40,$197.12,$0.00,$0.00,$137.20,0
0551-HWDDQJ-6DT,5,Male,74,18,33,Crafts,Yes,Unmarried,1,"$18,000.00",6,1,Lease,Foreign,"$4,800",22,No,No,Visa,33,No,17,Yes,Yes,No,No,Yes,Yes,Yes,0,63,$65.20,$798.36,$178.00,"$2,105.20",$204.25,"$2,995.08",$447.45,1
0556-MOOWPK-HFE,1,Female,55,15,16,Labor,No,Unmarried,1,"$98,000.00",0,1,Own,Foreign,"$14,700",19,No,Yes,Disc,37,No,11,Yes,Yes,Yes,Yes,Yes,Yes,Yes,0,71,$118.60,"$1,624.16",$295.60,"$4,048.04",$481.50,"$8,024.76",$895.70,1
0558-SITMGB-YZ9,4,Female,47,11,16,Professional,No,Married,6,"$132,000.00",0,1,Own,Foreign,"$29,400",24,No,No,AMEX,29,Yes,20,Yes,No,Yes,Yes,Yes,No,Yes,0,66,$99.20,"$1,313.04",$175.40,"$2,217.00",$0.00,$0.00,$274.60,0
0561-UFDIXT-TF7,2,Female,52,11,9,Professional,No,Married,2,"$94,000.00",2,1,Own,Foreign,"$27,000",16,Yes,No,Mast,16,Yes,18,No,No,Yes,Yes,Yes,No,Yes,1,47,$58.40,$523.88,$0.00,$0.00,$0.00,$0.00,$58.40,0
0565-IUOEPY-L2C,2,Male,39,16,9,Labor,No,Unmarried,1,"$146,000.00",9,1,Own,Domestic,"$39,300",16,No,Yes,Visa,16,Yes,27,Yes,No,No,No,No,Yes,No,0,46,$48.40,$430.16,$145.40,"$1,269.36",$0.00,$0.00,$193.80,0
0570-SPHLVW-B1R,1,Male,25,10,7,Agriculture,No,Married,4,"$42,000.00",9,1,Own,Domestic,"$13,100",28,Yes,Yes,Disc,7,Yes,25,No,No,Yes,Yes,Yes,No,Yes,0,50,$22.60,$211.28,$0.00,$0.00,$0.00,$0.00,$22.60,0
0572-PRUUOP-FD6,2,Female,63,10,19,Labor,No,Married,3,"$148,000.00",1,1,Own,Foreign,"$44,600",18,No,Yes,Mast,37,No,19,No,No,No,No,Yes,No,Yes,0,70,$41.60,$581.92,$0.00,$0.00,$0.00,$0.00,$41.60,0
0577-TWNSNX-7EF,2,Male,29,11,7,Crafts,No,Unmarried,2,"$78,000.00",1,0,Own,Foreign,"$22,000",31,Yes,Yes,Mast,11,Yes,22,No,No,No,No,No,No,Yes,0,42,$57.80,$494.80,$0.00,$0.00,$0.00,$0.00,$57.80,0
0579-KWKINA-B6B,3,Female,42,14,9,Sales,No,Married,4,"$144,000.00",0,1,Lease,Foreign,"$33,900",25,No,No,Mast,24,Yes,21,No,Yes,Yes,Yes,Yes,Yes,Yes,1,67,$98.80,"$1,361.24",$0.00,$0.00,$257.50,"$4,155.48",$356.30,1
0579-QJEXBV-75U,4,Female,76,16,11,Professional,No,Married,2,"$96,000.00",2,1,Own,Foreign,"$22,400",19,No,Yes,Visa,23,No,18,No,No,No,No,No,Yes,Yes,1,50,$27.40,$260.84,$0.00,$0.00,$0.00,$0.00,$27.40,0
0585-QPITZR-2EL,4,Male,42,18,8,Professional,No,Married,3,"$108,000.00",0,1,Own,Domestic,"$26,300",24,No,Yes,AMEX,18,No,19,Yes,Yes,Yes,Yes,Yes,No,Yes,0,44,$30.80,$297.00,$156.00,"$1,319.28",$129.75,"$1,292.52",$316.55,1
0587-AGUSYJ-NOR,2,Male,69,16,28,Service,Yes,Unmarried,1,"$120,000.00",8,1,Own,Foreign,"$35,100",33,No,Yes,Visa,6,No,22,No,No,No,No,No,No,No,0,19,$19.60,$87.04,$0.00,$0.00,$0.00,$0.00,$19.60,0
0587-JKQOSC-KFF,3,Female,23,18,0,Labor,No,Married,3,"$94,000.00",8,1,NoCar,N/A,$0,24,No,No,AMEX,6,No,18,No,No,No,Yes,Yes,No,No,0,11,$12.20,$24.44,$0.00,$0.00,$0.00,$0.00,$12.20,0
0594-EMVICD-E3H,4,Female,71,16,19,Professional,No,Married,2,"$102,000.00",0,1,Own,Foreign,"$47,300",15,No,No,AMEX,30,No,21,No,No,No,No,No,No,Yes,0,66,$67.20,$930.72,$0.00,$0.00,$0.00,$0.00,$67.20,0
0595-DEWLHU-9QX,5,Male,60,9,9,Professional,No,Married,2,"$88,000.00",3,1,Own,Domestic,"$15,200",25,Yes,No,Visa,33,No,23,No,No,No,Yes,No,No,Yes,1,66,$190.40,"$2,555.16",$0.00,$0.00,$0.00,$0.00,$190.40,0
0597-ALIUTS-I9Z,2,Male,43,10,7,Sales,No,Unmarried,1,"$46,000.00",3,0,Lease,Domestic,"$10,700",20,Yes,Yes,AMEX,1,No,18,No,No,No,No,Yes,Yes,No,0,4,$10.40,$7.96,$0.00,$0.00,$0.00,$0.00,$10.40,0
0597-RNYRKL-5WV,1,Female,68,15,10,Sales,No,Unmarried,1,"$72,000.00",0,1,Own,Foreign,"$13,100",25,No,Yes,Mast,39,No,18,No,No,No,No,No,Yes,Yes,0,71,$115.80,"$1,657.68",$0.00,$0.00,$0.00,$0.00,$115.80,0
0600-ZBFAAY-MN8,3,Female,78,11,43,Service,Yes,Married,2,"$18,000.00",1,1,Own,Domestic,"$5,700",23,No,Yes,AMEX,40,Yes,13,No,No,No,No,No,No,Yes,0,72,$217.80,"$3,078.68",$0.00,$0.00,$0.00,$0.00,$217.80,0
0607-SBLIXT-1G3,3,Female,33,10,14,Labor,No,Married,4,"$72,000.00",0,1,Own,Foreign,"$15,600",22,No,No,Mast,15,Yes,16,No,No,No,No,No,No,No,0,27,$26.40,$136.28,$0.00,$0.00,$0.00,$0.00,$26.40,0
0608-HVPNLT-T6T,5,Female,65,11,28,Service,No,Unmarried,1,"$130,000.00",1,1,Own,Domestic,"$36,100",37,No,Yes,Othe,32,No,16,No,No,No,Yes,No,No,Yes,0,66,$76.20,"$1,014.24",$0.00,$0.00,$0.00,$0.00,$76.20,0
0609-DBWPTV-Y6C,4,Female,31,19,1,Professional,No,Unmarried,1,"$42,000.00",7,0,Lease,Foreign,"$11,800",22,No,Yes,AMEX,1,Yes,17,Yes,No,No,No,Yes,Yes,No,0,2,$14.80,$4.00,$99.00,$28.84,$0.00,$0.00,$113.80,0
0609-XPSOZF-LZ4,1,Female,50,16,10,Service,No,Married,2,"$96,000.00",0,1,NoCar,N/A,$0,9,Yes,Yes,Mast,19,Yes,25,No,Yes,Yes,Yes,Yes,Yes,No,0,43,$32.20,$231.28,$0.00,$0.00,$201.25,"$2,165.82",$233.45,0
0611-IKTZPY-CYN,3,Male,35,15,9,Crafts,No,Married,6,"$68,000.00",8,0,Own,Domestic,"$18,600",22,Yes,Yes,Visa,17,No,21,Yes,Yes,Yes,No,No,Yes,No,0,50,$98.80,$948.12,$154.40,"$1,602.04",$185.75,"$2,227.38",$438.95,1
0612-AVLPOY-PHN,1,Male,78,18,5,Sales,Yes,Married,2,"$18,000.00",9,0,Lease,Foreign,"$5,500",10,Yes,No,Disc,32,No,22,Yes,No,Yes,No,Yes,No,No,0,59,$74.20,$878.72,$136.20,"$1,551.08",$0.00,$0.00,$210.40,0
0613-MFCCPI-HVF,5,Male,76,14,27,Professional,Yes,Married,2,"$20,000.00",4,1,Lease,Foreign,"$3,500",21,Yes,No,AMEX,36,No,22,Yes,No,No,No,No,Yes,Yes,0,72,$102.20,"$1,438.80",$94.80,"$1,311.20",$0.00,$0.00,$197.00,0
0615-TRETYC-4JU,3,Female,65,20,11,Labor,No,Unmarried,1,"$172,000.00",4,1,Own,Domestic,"$58,400",27,No,No,AMEX,28,No,19,Yes,No,No,No,No,No,No,0,59,$51.20,$608.36,$108.40,"$1,265.80",$0.00,$0.00,$159.60,0
0616-EJFMSY-BVD,5,Female,31,15,3,Sales,No,Unmarried,4,"$215,000.00",0,1,Own,Domestic,"$82,800",34,Yes,Yes,Mast,2,No,26,No,No,No,Yes,Yes,No,No,1,4,$20.00,$16.28,$0.00,$0.00,$0.00,$0.00,$20.00,0
0616-WAHGED-HDU,5,Male,48,14,4,Sales,No,Married,3,"$184,000.00",1,0,Own,Domestic,"$52,300",27,Yes,Yes,Disc,4,Yes,24,No,Yes,No,Yes,Yes,Yes,No,0,10,$31.60,$69.20,$0.00,$0.00,$144.25,$312.24,$175.85,0
0618-CZVRYU-54O,4,Male,55,18,15,Labor,No,Married,2,"$110,000.00",1,0,NoCar,N/A,$0,23,No,No,Disc,31,No,26,Yes,No,No,No,No,Yes,Yes,1,63,$101.20,"$1,240.72",$123.80,"$1,480.28",$0.00,$0.00,$225.00,0
0620-EOJBKD-U7E,5,Female,33,15,2,Sales,No,Unmarried,3,"$66,000.00",0,0,Own,Foreign,"$13,000",16,No,No,Mast,3,Yes,21,No,No,No,Yes,Yes,No,No,0,5,$19.80,$16.24,$0.00,$0.00,$0.00,$0.00,$19.80,0
0622-CLNWAL-WV8,5,Male,41,19,6,Crafts,No,Unmarried,1,"$188,000.00",4,1,Own,Foreign,"$25,400",29,No,No,AMEX,9,Yes,21,Yes,Yes,Yes,Yes,Yes,Yes,No,0,38,$49.60,$393.92,$185.60,"$1,337.24",$240.25,"$2,070.30",$475.45,1
0627-MAMIBI-P9U,3,Male,47,12,8,Professional,No,Married,3,"$136,000.00",0,0,Own,Domestic,"$75,400",27,Yes,No,Disc,25,No,17,No,No,No,Yes,No,No,No,0,49,$50.00,$454.76,$0.00,$0.00,$0.00,$0.00,$50.00,0
0629-NGBEXR-SD1,2,Male,63,14,29,Labor,No,Married,4,"$183,000.00",10,1,Own,Domestic,"$92,000",30,No,No,Mast,40,Yes,17,No,No,No,No,No,No,Yes,0,71,$100.20,"$1,352.20",$0.00,$0.00,$0.00,$0.00,$100.20,0
0630-MSYWGK-1YX,4,Male,40,11,3,Sales,No,Unmarried,1,"$108,000.00",9,0,Own,Foreign,"$19,000",27,No,No,Visa,5,Yes,23,No,No,No,Yes,Yes,Yes,No,0,13,$22.40,$67.72,$0.00,$0.00,$0.00,$0.00,$22.40,0
0631-GIKTBI-EZC,4,Male,72,16,9,Sales,Yes,Unmarried,1,"$20,000.00",0,0,Lease,Foreign,"$4,400",25,No,No,Mast,31,Yes,25,No,No,No,No,No,Yes,Yes,0,65,$211.60,"$2,640.72",$0.00,$0.00,$0.00,$0.00,$211.60,0
0632-DNDHRX-TN4,4,Female,27,16,1,Sales,No,Married,2,"$50,000.00",3,1,Own,Domestic,"$11,300",44,No,No,Visa,9,No,19,Yes,No,No,No,No,No,No,0,29,$58.20,$379.20,$85.00,$518.68,$0.00,$0.00,$143.20,0
0632-IFQCSU-JPR,4,Female,53,13,4,Sales,No,Unmarried,1,"$42,000.00",8,0,Own,Foreign,"$7,700",33,No,No,Disc,12,No,23,No,Yes,Yes,Yes,Yes,No,Yes,0,32,$30.20,$211.48,$0.00,$0.00,$177.25,"$1,371.42",$207.45,0
0634-WVEQLF-I3N,1,Male,20,15,0,Agriculture,No,Unmarried,1,"$62,000.00",2,1,Own,Foreign,"$18,500",25,No,No,Othe,1,Yes,20,No,No,No,Yes,No,Yes,No,0,1,$8.20,$1.64,$0.00,$0.00,$0.00,$0.00,$8.20,0
0638-VOSAQV-G80,3,Female,77,10,29,Service,No,Unmarried,1,"$131,000.00",0,1,Own,Foreign,"$65,600",33,No,No,Disc,38,No,26,No,No,No,No,Yes,No,Yes,0,72,$202.80,"$3,029.80",$0.00,$0.00,$0.00,$0.00,$202.80,0
0639-AWCJZD-NVF,1,Female,70,13,8,Sales,Yes,Unmarried,1,"$18,000.00",2,1,Lease,Foreign,"$5,800",26,No,Yes,Visa,25,No,0,No,No,No,Yes,Yes,Yes,No,0,47,$75.60,$745.00,$0.00,$0.00,$0.00,$0.00,$75.60,0
0640-IARWZN-0F9,3,Female,55,14,24,Service,No,Married,2,"$162,000.00",7,1,Own,Domestic,"$59,000",20,No,No,AMEX,23,Yes,21,No,No,No,No,No,No,No,0,54,$48.00,$496.20,$0.00,$0.00,$0.00,$0.00,$48.00,0
0643-DLNOQV-O4Q,3,Female,75,19,13,Sales,No,Unmarried,1,"$188,000.00",1,1,Own,Foreign,"$37,900",22,No,Yes,AMEX,25,Yes,27,Yes,No,No,No,No,Yes,No,0,55,$47.00,$542.64,$117.20,"$1,282.36",$0.00,$0.00,$164.20,0
0644-DTJAYD-9JK,3,Female,39,18,6,Labor,No,Married,5,"$76,000.00",1,1,NoCar,N/A,$0,25,No,No,Disc,4,No,23,Yes,Yes,Yes,Yes,Yes,No,No,1,7,$7.40,$8.88,$146.60,$164.52,$149.00,$200.94,$303.00,1
0647-FSUEKP-XS2,3,Female,74,9,22,Professional,Yes,Married,2,"$54,000.00",4,1,Lease,Domestic,"$14,300",23,No,No,Othe,37,Yes,24,No,No,No,No,No,No,Yes,0,72,$156.20,"$2,143.60",$0.00,$0.00,$0.00,$0.00,$156.20,0
0647-UDEVCE-VKO,4,Female,18,13,0,Crafts,No,Married,3,"$32,000.00",10,0,Own,Foreign,"$7,800",20,Yes,No,Visa,0,Yes,27,No,No,No,No,Yes,No,Yes,0,7,$99.40,$129.44,$0.00,$0.00,$0.00,$0.00,$99.40,0
0648-AIPJSP-UVM,5,Male,22,17,0,Sales,No,Unmarried,2,"$30,000.00",6,1,Own,Foreign,"$6,800",29,Yes,No,Visa,4,Yes,18,Yes,Yes,Yes,Yes,No,Yes,Yes,0,39,$35.60,$264.48,$219.40,"$1,580.00",$228.25,"$2,020.26",$483.25,1
0648-RNQRPF-KF0,1,Female,79,11,51,Labor,Yes,Unmarried,1,"$42,000.00",1,1,Own,Foreign,"$5,600",23,Yes,No,Othe,34,No,20,Yes,No,No,No,No,Yes,Yes,0,65,$43.40,$522.20,$150.80,"$1,924.24",$0.00,$0.00,$194.20,0
0649-TBFJFL-QU4,5,Male,63,14,29,Labor,No,Married,2,"$424,000.00",0,1,Own,Domestic,"$88,600",29,No,Yes,Mast,36,No,24,No,No,Yes,Yes,No,Yes,Yes,0,70,$139.20,"$2,032.12",$0.00,$0.00,$0.00,$0.00,$139.20,0
0652-RYSBNB-4NU,1,Female,63,10,11,Sales,No,Married,2,"$68,000.00",6,0,Own,Domestic,"$20,600",27,No,Yes,Visa,22,Yes,15,No,No,No,No,No,No,Yes,0,40,$20.60,$137.48,$0.00,$0.00,$0.00,$0.00,$20.60,0
0655-MCJJBZ-MPB,4,Male,51,13,18,Service,No,Unmarried,2,"$116,000.00",3,0,Own,Foreign,"$35,400",28,No,Yes,Mast,24,Yes,20,No,No,No,No,No,No,No,0,53,$77.40,$849.56,$0.00,$0.00,$0.00,$0.00,$77.40,0
0658-OLLRSH-UUO,4,Male,37,15,10,Professional,No,Married,4,"$156,000.00",1,0,Own,Domestic,"$34,800",27,Yes,Yes,Visa,19,Yes,18,No,Yes,Yes,Yes,Yes,No,No,1,46,$21.00,$194.16,$0.00,$0.00,$440.00,"$4,835.76",$461.00,1
0664-RJXMZO-TIF,3,Female,79,19,22,Professional,Yes,Unmarried,1,"$20,000.00",9,0,NoCar,N/A,$0,28,No,Yes,Disc,6,Yes,21,No,No,No,No,No,Yes,No,0,13,$12.00,$33.64,$0.00,$0.00,$0.00,$0.00,$12.00,0
0665-MNBZIA-8F2,1,Female,46,12,4,Sales,No,Unmarried,1,"$54,000.00",8,0,Own,Foreign,"$15,300",28,Yes,No,Visa,5,No,22,No,No,No,No,No,No,No,0,12,$15.00,$30.68,$0.00,$0.00,$0.00,$0.00,$15.00,0
0666-LITATD-D4Y,4,Male,30,18,1,Sales,No,Unmarried,1,"$52,000.00",1,1,Own,Domestic,"$12,300",18,No,Yes,Mast,12,No,31,No,No,No,No,No,Yes,No,0,47,$46.00,$470.72,$0.00,$0.00,$0.00,$0.00,$46.00,0
0669-INIEKV-F3O,3,Female,58,13,20,Professional,No,Married,2,"$113,000.00",9,1,Own,Domestic,"$57,600",27,Yes,Yes,Disc,33,Yes,18,No,No,No,Yes,Yes,No,Yes,1,60,$131.60,"$1,657.04",$0.00,$0.00,$0.00,$0.00,$131.60,0
0673-AUGUGY-RX3,3,Female,56,10,8,Professional,No,Unmarried,1,"$86,000.00",0,1,Own,Foreign,"$19,600",25,No,No,Visa,15,Yes,18,No,No,No,No,No,No,Yes,0,16,$27.80,$96.20,$0.00,$0.00,$0.00,$0.00,$27.80,0
0673-IKINVE-HK9,2,Female,18,11,0,Sales,No,Married,3,"$34,000.00",0,1,Own,Domestic,"$5,000",29,Yes,No,Disc,0,Yes,17,No,No,No,Yes,No,No,No,1,3,$14.80,$9.40,$0.00,$0.00,$0.00,$0.00,$14.80,0
0675-OEJTZS-ZCZ,4,Male,25,13,2,Professional,No,Unmarried,1,"$70,000.00",8,1,Own,Domestic,"$22,800",19,Yes,Yes,Mast,8,No,17,Yes,No,No,No,No,Yes,No,0,18,$19.00,$67.92,$78.40,$276.20,$0.00,$0.00,$97.40,0
0675-TNFPMK-44B,1,Male,54,14,6,Sales,No,Unmarried,1,"$70,000.00",2,0,NoCar,N/A,$0,22,No,Yes,Mast,26,No,15,No,Yes,No,Yes,Yes,No,Yes,0,59,$35.40,$375.64,$0.00,$0.00,$145.75,"$2,132.40",$181.15,0
0676-GBRQMZ-I1N,2,Female,60,10,17,Sales,No,Unmarried,1,"$178,000.00",1,1,Own,Domestic,"$40,600",19,No,Yes,Visa,26,No,19,No,No,No,Yes,Yes,No,No,0,60,$90.60,"$1,124.32",$0.00,$0.00,$0.00,$0.00,$90.60,0
0676-QZBXPH-T87,3,Female,66,8,34,Labor,Yes,Unmarried,1,"$48,000.00",2,1,Own,Foreign,"$13,000",34,No,Yes,Visa,37,Yes,26,No,No,No,Yes,Yes,No,Yes,1,72,$144.20,"$2,044.32",$0.00,$0.00,$0.00,$0.00,$144.20,0
0680-CCDFCM-UON,1,Male,50,12,16,Crafts,No,Married,3,"$94,000.00",2,0,Own,Domestic,"$19,000",26,No,No,Mast,27,No,19,No,No,No,Yes,Yes,No,Yes,0,57,$87.20,$987.84,$0.00,$0.00,$0.00,$0.00,$87.20,0
0682-JUKJXV-J8M,3,Female,32,13,1,Professional,No,Married,3,"$124,000.00",2,0,Own,Foreign,"$24,600",27,Yes,No,Visa,12,Yes,26,Yes,No,No,Yes,No,No,No,1,38,$34.40,$263.88,$136.80,"$1,015.24",$0.00,$0.00,$171.20,0
0687-SNFXTL-5KT,3,Male,57,14,3,Sales,No,Married,2,"$96,000.00",0,1,Own,Domestic,"$27,500",26,No,Yes,AMEX,16,No,18,No,No,No,No,No,No,Yes,0,42,$53.60,$419.60,$0.00,$0.00,$0.00,$0.00,$53.60,0
0688-IJBXJA-RBH,3,Male,69,7,14,Sales,No,Married,2,"$46,000.00",2,1,Own,Foreign,"$10,400",28,Yes,Yes,Othe,23,No,22,No,No,No,No,No,No,Yes,0,56,$72.00,$815.64,$0.00,$0.00,$0.00,$0.00,$72.00,0
0690-PIBIUT-18H,2,Male,78,11,10,Professional,No,Married,2,"$66,000.00",1,1,Own,Foreign,"$15,800",28,Yes,Yes,AMEX,22,No,24,No,No,No,Yes,Yes,No,Yes,1,58,$100.80,"$1,199.08",$0.00,$0.00,$0.00,$0.00,$100.80,0
0692-OLRDWC-XGB,5,Female,36,17,5,Crafts,No,Unmarried,1,"$68,000.00",0,1,Own,Foreign,"$18,200",29,Yes,Yes,Mast,18,Yes,22,Yes,No,No,No,No,No,Yes,0,54,$65.00,$705.92,$150.40,"$1,656.20",$0.00,$0.00,$215.40,0
0694-FUKAXG-HHG,3,Male,66,10,19,Sales,No,Married,2,"$160,000.00",6,1,Own,Domestic,"$49,900",20,No,Yes,Disc,26,No,15,No,No,No,Yes,Yes,No,Yes,0,65,$89.00,"$1,110.84",$0.00,$0.00,$0.00,$0.00,$89.00,0
0694-OXLKRA-XTD,3,Male,20,15,0,Professional,No,Unmarried,1,"$36,000.00",0,0,Own,Domestic,"$8,500",28,Yes,No,Visa,2,Yes,18,Yes,No,No,No,No,Yes,No,0,27,$16.40,$90.08,$96.60,$503.52,$0.00,$0.00,$113.00,0
0697-MGZOBI-YLB,3,Male,62,15,24,Professional,No,Married,2,"$150,000.00",6,1,Own,Domestic,"$37,100",21,No,No,Visa,37,No,13,Yes,Yes,Yes,Yes,Yes,No,Yes,1,71,$148.00,"$2,084.32",$194.00,"$2,682.76",$321.75,"$5,500.92",$663.75,1
0700-CQPMXX-Q6Z,1,Female,57,14,21,Labor,Yes,Unmarried,1,"$62,000.00",10,1,Lease,Foreign,"$17,000",21,Yes,Yes,Mast,15,No,19,Yes,No,No,No,No,Yes,Yes,1,35,$37.00,$270.36,$103.20,$659.44,$0.00,$0.00,$140.20,0
0703-XBDCJR-LVF,3,Female,22,11,0,Sales,No,Married,3,"$62,000.00",0,1,Own,Domestic,"$15,800",28,Yes,No,Visa,1,No,19,No,No,No,No,No,No,No,1,1,$5.40,$1.08,$0.00,$0.00,$0.00,$0.00,$5.40,0
0707-GXMTZS-HUH,1,Male,76,12,19,Sales,Yes,Married,2,"$28,000.00",2,1,Lease,Domestic,"$8,000",17,No,No,Mast,36,No,22,No,No,No,Yes,Yes,No,Yes,1,68,$71.20,"$1,045.80",$0.00,$0.00,$0.00,$0.00,$71.20,0
0712-NEFFGC-V5H,1,Female,70,13,42,Agriculture,Yes,Married,3,"$98,000.00",0,1,Own,Domestic,"$25,900",29,No,No,Visa,38,No,23,No,No,Yes,Yes,Yes,No,Yes,1,71,$102.20,"$1,383.24",$0.00,$0.00,$0.00,$0.00,$102.20,0
0712-WQXYVV-HUP,4,Male,61,14,18,Labor,Yes,Unmarried,1,"$24,000.00",0,1,Own,Domestic,"$5,800",25,Yes,No,AMEX,24,No,13,Yes,No,No,No,Yes,No,No,0,61,$33.40,$381.56,$116.40,"$1,432.64",$0.00,$0.00,$149.80,0
0714-MNJSGP-8F6,4,Female,58,9,10,Sales,No,Unmarried,1,"$88,000.00",5,1,Lease,Foreign,"$25,400",19,No,No,Disc,19,No,22,No,No,No,Yes,Yes,No,Yes,1,46,$86.60,$775.40,$0.00,$0.00,$0.00,$0.00,$86.60,0
0718-JLNUTY-R9X,3,Male,33,15,7,Service,No,Married,4,"$152,000.00",1,1,Own,Domestic,"$41,500",33,Yes,Yes,AMEX,15,No,20,No,No,Yes,Yes,Yes,No,Yes,0,64,$46.40,$585.84,$0.00,$0.00,$0.00,$0.00,$46.40,0
0719-DZEGQX-0SD,3,Male,19,9,2,Service,No,Unmarried,1,"$32,000.00",0,1,NoCar,N/A,$0,32,No,Yes,Othe,1,Yes,20,No,No,No,No,No,No,No,0,16,$22.80,$56.60,$0.00,$0.00,$0.00,$0.00,$22.80,0
0719-NPCALZ-3NF,3,Male,26,8,2,Sales,No,Unmarried,1,"$38,000.00",0,0,Own,Foreign,"$7,700",28,No,No,Disc,8,Yes,21,No,No,No,No,No,No,Yes,0,41,$43.20,$354.28,$0.00,$0.00,$0.00,$0.00,$43.20,0
0719-TGFHQB-7JP,3,Female,66,18,9,Professional,No,Married,2,"$114,000.00",2,1,Own,Foreign,"$27,900",17,No,No,Disc,23,No,22,No,Yes,Yes,Yes,Yes,No,No,0,49,$39.60,$376.96,$0.00,$0.00,$208.00,"$2,444.94",$247.60,0
0719-WMSRMU-7HZ,5,Male,78,19,18,Professional,No,Unmarried,1,"$80,000.00",5,1,Own,Foreign,"$18,600",20,No,Yes,Disc,26,No,20,Yes,No,No,Yes,No,Yes,Yes,0,41,$58.40,$474.92,$137.80,"$1,028.16",$0.00,$0.00,$196.20,0
0720-ILVWYZ-PLF,1,Female,30,19,1,Professional,No,Unmarried,2,"$84,000.00",2,1,Own,Foreign,"$22,800",22,Yes,Yes,Mast,3,Yes,25,No,No,No,No,No,Yes,No,0,20,$15.80,$57.24,$0.00,$0.00,$0.00,$0.00,$15.80,0
0721-UPHBYA-KDA,2,Female,50,9,4,Sales,No,Married,2,"$50,000.00",1,1,Own,Foreign,"$16,500",26,No,No,Disc,9,No,13,No,No,No,Yes,No,No,Yes,0,16,$19.80,$56.36,$0.00,$0.00,$0.00,$0.00,$19.80,0
0721-WHVOVO-1NM,2,Female,46,16,13,Labor,No,Unmarried,1,"$116,000.00",0,1,Own,Foreign,"$29,700",23,No,No,Disc,25,No,20,No,No,No,No,No,No,Yes,0,44,$88.00,$793.12,$0.00,$0.00,$0.00,$0.00,$88.00,0
0722-BDGLEG-FMX,2,Male,36,18,0,Sales,No,Unmarried,3,"$108,000.00",0,1,Own,Foreign,"$35,000",32,No,No,Disc,5,No,19,Yes,Yes,No,No,No,Yes,No,0,18,$15.80,$45.48,$168.20,$583.60,$147.50,$674.34,$331.50,1
0723-GXNSOR-NBK,2,Female,70,10,34,Labor,No,Unmarried,1,"$171,000.00",0,1,Own,Domestic,"$74,400",17,Yes,Yes,Visa,35,No,27,No,No,No,Yes,No,No,Yes,0,71,$89.80,"$1,318.12",$0.00,$0.00,$0.00,$0.00,$89.80,0
0723-KWYDBK-UBB,4,Female,77,16,14,Sales,Yes,Unmarried,1,"$30,000.00",2,0,NoCar,N/A,$0,20,No,No,AMEX,15,Yes,25,No,No,No,No,No,No,No,0,45,$53.40,$504.32,$0.00,$0.00,$0.00,$0.00,$53.40,0
0724-PVHYQY-ZJL,3,Male,67,10,24,Service,Yes,Married,2,"$46,000.00",8,1,Own,Foreign,"$13,500",21,Yes,Yes,Othe,32,No,26,No,No,No,Yes,No,No,Yes,0,57,$53.00,$702.92,$0.00,$0.00,$0.00,$0.00,$53.00,0
0726-KBNZRH-2DR,1,Male,19,14,0,Sales,No,Unmarried,1,"$72,000.00",11,1,Own,Domestic,"$22,200",19,No,Yes,Disc,1,Yes,27,No,Yes,Yes,Yes,Yes,No,Yes,0,17,$151.20,$509.68,$0.00,$0.00,$160.50,$709.98,$311.70,1
0726-OZBZGQ-083,5,Female,44,10,14,Service,No,Married,2,"$58,000.00",7,0,Own,Foreign,"$8,700",28,No,No,Disc,26,Yes,16,No,No,No,No,No,No,Yes,1,67,$91.40,"$1,241.60",$0.00,$0.00,$0.00,$0.00,$91.40,0
0726-QUJOIN-PEY,3,Female,23,11,4,Labor,No,Unmarried,3,"$36,000.00",0,0,Own,Domestic,"$7,200",27,No,No,Visa,5,No,25,No,No,No,No,No,Yes,No,0,21,$18.20,$66.60,$0.00,$0.00,$0.00,$0.00,$18.20,0
0726-WUWWSP-PE1,1,Male,44,10,11,Service,No,Unmarried,1,"$56,000.00",0,1,Lease,Domestic,"$11,100",28,Yes,Yes,Mast,26,No,29,No,No,No,No,No,No,Yes,0,71,$239.60,"$3,473.44",$0.00,$0.00,$0.00,$0.00,$239.60,0
0728-LDVBOE-9Z2,2,Male,57,11,22,Labor,Yes,Unmarried,1,"$46,000.00",8,1,NoCar,N/A,$0,27,No,Yes,Visa,22,No,18,No,No,No,No,No,No,Yes,0,50,$61.60,$597.28,$0.00,$0.00,$0.00,$0.00,$61.60,0
0731-DIVQCB-56I,3,Male,24,19,0,Crafts,No,Unmarried,2,"$52,000.00",1,0,Own,Domestic,"$13,600",26,Yes,Yes,Visa,6,Yes,10,Yes,No,No,No,No,Yes,No,0,37,$52.00,$393.36,$90.00,$644.36,$0.00,$0.00,$142.00,0
0733-OEAGXJ-D51,5,Female,51,9,22,Agriculture,No,Unmarried,1,"$114,000.00",0,0,Lease,Foreign,"$20,200",32,Yes,Yes,Disc,33,Yes,15,No,No,No,Yes,Yes,No,Yes,0,68,$127.60,"$1,730.40",$0.00,$0.00,$0.00,$0.00,$127.60,0
0736-ZYJFDS-Y0I,2,Male,28,18,0,Sales,No,Unmarried,2,"$64,000.00",4,1,Own,Foreign,"$16,100",21,No,Yes,Disc,7,Yes,20,No,No,Yes,Yes,Yes,No,No,1,11,$11.40,$24.60,$0.00,$0.00,$0.00,$0.00,$11.40,0
0737-UBLEAP-BI1,5,Female,69,12,28,Crafts,No,Married,2,"$115,000.00",1,0,Own,Foreign,"$21,600",23,Yes,Yes,AMEX,20,No,17,No,Yes,Yes,Yes,Yes,No,Yes,1,49,$54.60,$521.04,$0.00,$0.00,$190.50,"$2,234.94",$245.10,0
0739-WNEZRW-TK8,5,Female,60,11,27,Service,No,Unmarried,1,"$146,000.00",2,1,Own,Domestic,"$29,700",31,No,Yes,Mast,25,Yes,24,No,No,No,No,No,No,No,1,60,$47.00,$529.56,$0.00,$0.00,$0.00,$0.00,$47.00,0
0740-RKMLMA-841,1,Male,41,14,1,Sales,No,Married,5,"$34,000.00",0,0,Lease,Foreign,"$6,500",33,No,Yes,Mast,3,Yes,23,No,No,No,No,No,No,No,0,12,$14.60,$30.68,$0.00,$0.00,$0.00,$0.00,$14.60,0
0741-DCRFZX-08A,1,Male,45,14,16,Service,No,Unmarried,1,"$104,000.00",1,1,Lease,Foreign,"$23,900",14,No,Yes,Mast,3,No,29,No,Yes,Yes,Yes,Yes,No,No,0,6,$15.60,$19.00,$0.00,$0.00,$83.75,$81.00,$99.35,0
0751-HRZYGG-LY3,1,Female,30,21,1,Professional,No,Married,6,"$104,000.00",4,1,Own,Foreign,"$61,900",24,No,Yes,AMEX,9,No,20,Yes,No,Yes,Yes,No,No,No,0,24,$46.00,$239.20,$141.20,$645.88,$0.00,$0.00,$187.20,0
0754-HBLNOA-EAI,5,Male,21,16,0,Professional,No,Married,5,"$36,000.00",2,1,Own,Foreign,"$10,200",29,No,Yes,AMEX,1,Yes,19,No,No,No,No,No,No,No,0,2,$8.20,$2.68,$0.00,$0.00,$0.00,$0.00,$8.20,0
0755-EOIBHS-L8K,4,Male,25,15,0,Sales,No,Married,2,"$84,000.00",6,1,Own,Foreign,"$16,800",24,Yes,Yes,Mast,6,Yes,23,Yes,Yes,Yes,Yes,Yes,Yes,No,0,23,$42.40,$222.04,$163.40,$775.40,$199.00,"$1,018.38",$404.80,1
0756-PQWTXG-M9F,2,Male,24,18,0,Professional,No,Unmarried,2,"$56,000.00",5,0,Own,Foreign,"$16,200",23,Yes,No,Visa,3,No,22,Yes,Yes,Yes,Yes,No,Yes,Yes,0,7,$33.40,$34.72,$144.40,$174.48,$213.50,$314.46,$391.30,1
0758-EQEGIQ-3OF,1,Female,57,17,24,Agriculture,No,Married,3,"$171,000.00",1,1,Own,Foreign,"$75,800",19,Yes,No,Disc,19,Yes,17,Yes,Yes,Yes,Yes,Yes,Yes,No,0,48,$16.60,$171.88,$172.60,"$1,592.20",$201.00,"$2,208.54",$390.20,1
0761-YXFFGH-GE3,5,Male,51,15,9,Professional,No,Married,4,"$103,000.00",0,1,Own,Domestic,"$50,000",27,No,No,AMEX,24,No,15,No,No,No,Yes,No,No,No,0,45,$42.40,$371.76,$0.00,$0.00,$0.00,$0.00,$42.40,0
0762-UVOPNW-HY2,2,Male,63,12,4,Sales,No,Married,2,"$94,000.00",0,1,Own,Domestic,"$19,800",23,No,Yes,Mast,17,No,24,No,No,No,No,No,No,Yes,0,34,$57.00,$419.68,$0.00,$0.00,$0.00,$0.00,$57.00,0
0763-HXUDUB-OK5,5,Female,38,19,12,Service,No,Unmarried,1,"$68,000.00",0,1,NoCar,N/A,$0,34,No,Yes,AMEX,14,No,17,Yes,Yes,Yes,Yes,Yes,No,No,0,27,$26.60,$143.80,$153.20,$775.16,$158.50,"$1,020.54",$338.30,1
0764-HDSNFK-8CC,3,Male,49,14,11,Crafts,No,Unmarried,1,"$172,000.00",1,1,Own,Foreign,"$37,400",32,Yes,Yes,Visa,32,Yes,20,No,No,No,Yes,Yes,No,Yes,0,62,$50.60,$605.56,$0.00,$0.00,$0.00,$0.00,$50.60,0
0764-PPXTHN-RYF,3,Female,24,12,2,Service,No,Married,3,"$32,000.00",4,1,Own,Domestic,"$5,000",22,Yes,Yes,AMEX,6,Yes,16,No,No,No,No,No,No,Yes,0,61,$35.80,$392.32,$0.00,$0.00,$0.00,$0.00,$35.80,0
0764-VXLXJM-XSA,2,Female,66,17,11,Professional,No,Unmarried,1,"$68,000.00",2,0,Own,Foreign,"$20,300",24,No,Yes,Mast,17,No,17,Yes,No,Yes,No,Yes,No,Yes,0,42,$29.80,$228.84,$140.40,"$1,120.32",$0.00,$0.00,$170.20,0
0765-UXAFYM-PDR,3,Male,61,16,4,Professional,No,Married,2,"$70,000.00",0,0,Lease,Domestic,"$9,400",34,No,No,AMEX,27,No,25,No,No,Yes,Yes,Yes,No,No,1,53,$44.80,$453.64,$0.00,$0.00,$0.00,$0.00,$44.80,0
0767-WALDEM-APK,1,Male,76,13,6,Sales,No,Married,2,"$72,000.00",8,1,Own,Domestic,"$22,900",28,No,Yes,Visa,29,No,27,No,No,No,No,No,No,Yes,0,55,$61.40,$676.92,$0.00,$0.00,$0.00,$0.00,$61.40,0
0768-LXMQMP-HE5,5,Male,67,18,11,Sales,No,Unmarried,1,"$136,000.00",3,1,Own,Domestic,"$35,400",30,No,Yes,AMEX,18,No,21,No,Yes,Yes,Yes,Yes,No,Yes,1,39,$28.60,$212.28,$0.00,$0.00,$139.25,"$1,305.54",$167.85,0
0769-OVRWLS-9ET,3,Male,40,18,11,Labor,No,Married,3,"$120,000.00",5,1,Own,Foreign,"$80,900",25,Yes,Yes,AMEX,21,Yes,19,No,No,Yes,No,Yes,No,No,0,43,$42.20,$360.24,$0.00,$0.00,$0.00,$0.00,$42.20,0
0769-SEYBEV-38O,2,Male,21,12,1,Professional,No,Married,4,"$40,000.00",3,1,Own,Domestic,"$9,000",24,No,Yes,Mast,3,Yes,18,No,No,No,Yes,Yes,No,No,0,18,$20.60,$66.24,$0.00,$0.00,$0.00,$0.00,$20.60,0
0771-BLPWLO-QSL,3,Male,33,19,6,Service,No,Unmarried,1,"$150,000.00",2,1,Own,Domestic,"$41,000",31,Yes,Yes,Disc,1,No,15,Yes,Yes,Yes,Yes,Yes,Yes,No,0,1,$6.80,$1.36,$172.20,$34.44,$214.25,$51.42,$393.25,1
0771-LRAAQG-O19,1,Male,47,18,5,Sales,No,Married,2,"$62,000.00",0,0,Own,Domestic,"$14,300",13,Yes,No,AMEX,29,Yes,16,No,Yes,Yes,No,Yes,No,Yes,0,62,$71.80,$928.64,$0.00,$0.00,$171.75,"$2,502.90",$243.55,0
0773-HYFHXL-SMH,3,Female,51,15,11,Crafts,No,Married,2,"$80,000.00",7,0,Own,Foreign,"$24,200",34,No,Yes,Disc,33,Yes,22,No,No,No,No,No,No,Yes,1,66,$204.00,"$2,681.28",$0.00,$0.00,$0.00,$0.00,$204.00,0
0777-RCIFPS-HEW,5,Male,65,14,23,Labor,No,Unmarried,1,"$132,000.00",1,0,Own,Foreign,"$28,700",24,No,No,AMEX,34,No,21,No,No,No,No,No,No,No,1,66,$118.20,"$1,582.72",$0.00,$0.00,$0.00,$0.00,$118.20,0
0778-ADCYKA-7HH,4,Male,42,12,10,Professional,No,Unmarried,1,"$162,000.00",1,1,NoCar,N/A,$0,33,Yes,Yes,AMEX,16,Yes,20,No,No,No,No,No,No,No,0,28,$30.20,$186.36,$0.00,$0.00,$0.00,$0.00,$30.20,0
0783-HVJTGM-A7X,2,Female,79,10,26,Service,Yes,Married,2,"$36,000.00",8,0,Lease,Domestic,"$12,400",20,Yes,No,Visa,39,Yes,15,No,No,No,No,No,No,Yes,0,72,$191.80,"$2,768.04",$0.00,$0.00,$0.00,$0.00,$191.80,0
0783-RKHBES-4DP,2,Male,69,19,11,Sales,No,Married,2,"$136,000.00",1,1,Own,Foreign,"$37,600",25,Yes,No,Visa,37,Yes,24,Yes,No,No,No,No,Yes,Yes,0,69,$88.60,"$1,214.52",$162.80,"$2,190.40",$0.00,$0.00,$251.40,0
0785-LPNOQC-0C0,3,Male,40,12,10,Professional,No,Unmarried,1,"$126,000.00",1,1,NoCar,N/A,$0,21,No,Yes,AMEX,7,Yes,18,No,No,No,No,No,No,Yes,0,17,$16.00,$55.92,$0.00,$0.00,$0.00,$0.00,$16.00,0
0785-RMHBSX-QYK,4,Female,58,18,17,Service,No,Unmarried,1,"$140,000.00",3,1,Own,Foreign,"$53,900",19,Yes,No,Disc,12,No,22,No,Yes,Yes,Yes,Yes,Yes,No,1,28,$34.00,$200.32,$0.00,$0.00,$142.75,$932.64,$176.75,0
0789-GDBZRI-CJK,1,Female,37,14,5,Professional,No,Married,3,"$76,000.00",0,1,NoCar,N/A,$0,18,No,No,Mast,12,No,23,No,No,No,Yes,Yes,No,No,0,40,$37.80,$317.08,$0.00,$0.00,$0.00,$0.00,$37.80,0
0790-HHYHSU-98L,3,Male,44,11,3,Sales,No,Married,3,"$48,000.00",0,1,Own,Foreign,"$7,000",26,No,No,AMEX,22,No,19,No,No,No,No,No,No,No,0,45,$63.00,$535.00,$0.00,$0.00,$0.00,$0.00,$63.00,0
0792-DWUTRT-0HK,5,Female,34,16,2,Sales,No,Married,5,"$58,000.00",0,1,Own,Domestic,"$17,900",28,No,No,Disc,16,Yes,14,Yes,No,No,No,No,Yes,Yes,0,63,$84.00,"$1,037.40",$140.60,"$1,802.60",$0.00,$0.00,$224.60,0
0794-CXDAKY-EXK,3,Male,33,19,2,Sales,No,Married,5,"$88,000.00",5,1,Own,Domestic,"$21,900",26,Yes,Yes,Disc,15,Yes,20,No,No,Yes,Yes,Yes,Yes,Yes,1,42,$28.00,$253.76,$0.00,$0.00,$0.00,$0.00,$28.00,0
0799-UCRCSR-HHJ,5,Female,21,16,0,Sales,No,Unmarried,3,"$54,000.00",6,0,Own,Domestic,"$11,700",29,No,No,AMEX,2,Yes,22,No,No,No,Yes,Yes,No,No,0,2,$10.00,$3.96,$0.00,$0.00,$0.00,$0.00,$10.00,0
0801-URJKXZ-KRO,4,Female,75,11,45,Labor,No,Unmarried,1,"$346,000.00",8,1,Own,Foreign,"$81,200",30,Yes,No,AMEX,35,No,16,No,No,No,Yes,No,No,Yes,0,63,$94.00,"$1,226.28",$0.00,$0.00,$0.00,$0.00,$94.00,0
0803-ZSJGGL-OSE,5,Female,23,18,0,Sales,No,Married,4,"$26,000.00",0,1,Own,Domestic,"$9,700",26,No,Yes,Othe,5,No,20,No,No,No,No,Yes,No,No,0,29,$25.40,$152.00,$0.00,$0.00,$0.00,$0.00,$25.40,0
0804-IGMRBV-4TS,5,Female,36,16,9,Labor,No,Married,2,"$42,000.00",1,1,Own,Foreign,"$9,400",14,No,No,Visa,2,Yes,20,Yes,Yes,Yes,Yes,No,Yes,No,0,14,$12.40,$30.08,$149.60,$393.64,$114.50,$332.52,$276.50,1
0805-UWFJJK-IBP,5,Female,21,12,0,Sales,No,Unmarried,1,"$34,000.00",3,0,NoCar,N/A,$0,23,No,No,Visa,1,Yes,11,No,No,No,Yes,Yes,Yes,No,0,3,$8.40,$5.24,$0.00,$0.00,$0.00,$0.00,$8.40,0
0806-LOUUEI-0C6,1,Female,66,12,12,Sales,No,Unmarried,1,"$144,000.00",11,1,Own,Domestic,"$48,000",24,No,No,Visa,28,No,18,No,Yes,Yes,Yes,Yes,No,Yes,0,55,$61.00,$609.76,$0.00,$0.00,$202.50,"$2,539.92",$263.50,0
0811-CULVSA-AJ5,2,Male,33,18,2,Sales,No,Unmarried,1,"$120,000.00",1,0,NoCar,N/A,$0,23,Yes,No,Disc,7,Yes,19,No,No,No,No,No,No,No,0,13,$18.20,$45.96,$0.00,$0.00,$0.00,$0.00,$18.20,0
0811-IXUPGT-TUF,4,Female,29,23,0,Professional,No,Married,4,"$199,000.00",3,1,Own,Domestic,"$94,000",36,No,Yes,AMEX,11,No,24,Yes,Yes,Yes,Yes,Yes,Yes,Yes,0,46,$37.20,$320.60,$219.80,"$1,954.60",$340.00,"$3,691.32",$597.00,1
0812-HBDPJG-G5Q,2,Female,21,11,1,Sales,No,Married,5,"$40,000.00",1,1,Own,Domestic,"$10,400",27,No,No,Othe,3,No,25,No,No,No,Yes,Yes,No,No,1,28,$36.40,$171.92,$0.00,$0.00,$0.00,$0.00,$36.40,0
0813-CCISZQ-9OE,1,Female,39,14,9,Labor,No,Married,2,"$145,000.00",0,1,Own,Domestic,"$73,500",19,No,Yes,Disc,16,No,18,No,No,No,No,No,Yes,No,0,30,$95.60,$548.56,$0.00,$0.00,$0.00,$0.00,$95.60,0
0815-FGMWDH-Y8D,1,Female,35,18,2,Sales,No,Married,3,"$34,000.00",1,0,Own,Domestic,"$7,900",35,No,No,Mast,11,No,25,Yes,No,No,No,No,No,No,0,26,$46.80,$226.92,$102.80,$468.80,$0.00,$0.00,$149.60,0
0821-KARQQH-J2T,3,Female,63,20,15,Professional,No,Unmarried,1,"$108,000.00",0,1,Own,Domestic,"$37,000",22,No,No,Disc,34,Yes,17,Yes,Yes,Yes,Yes,Yes,No,Yes,0,67,$66.80,$933.68,$190.00,"$2,456.04",$198.50,"$3,131.82",$455.30,1
0827-TORUXF-QKV,3,Male,22,16,0,Agriculture,No,Unmarried,1,"$46,000.00",0,1,Own,Foreign,"$12,300",25,No,Yes,AMEX,4,Yes,13,Yes,Yes,No,No,No,Yes,No,0,20,$30.20,$137.20,$146.40,$542.96,$112.50,$506.04,$289.10,1
0830-SUDIDV-04O,4,Male,78,7,15,Professional,Yes,Married,2,"$20,000.00",2,0,Lease,Domestic,"$3,800",22,No,No,Disc,23,No,20,No,No,No,No,No,No,No,1,54,$50.40,$550.44,$0.00,$0.00,$0.00,$0.00,$50.40,0
0834-RBTMKF-CU4,2,Female,33,11,5,Crafts,No,Married,4,"$76,000.00",0,1,Own,Foreign,"$18,600",21,Yes,No,AMEX,15,Yes,19,No,No,No,Yes,Yes,No,No,0,30,$34.60,$183.00,$0.00,$0.00,$0.00,$0.00,$34.60,0
0835-KVUHBP-8LE,5,Female,30,17,0,Sales,No,Unmarried,1,"$72,000.00",1,1,Own,Foreign,"$15,900",21,No,No,Disc,2,No,16,No,Yes,No,Yes,Yes,Yes,No,0,4,$19.60,$13.16,$0.00,$0.00,$129.75,$89.88,$149.35,0
0837-BDITSL-N6A,5,Female,53,9,30,Crafts,No,Unmarried,1,"$141,000.00",3,1,NoCar,N/A,$0,31,No,Yes,Disc,24,Yes,15,No,No,No,No,No,No,Yes,1,53,$43.20,$452.80,$0.00,$0.00,$0.00,$0.00,$43.20,0
0841-NFSBFE-5PI,5,Female,57,9,30,Crafts,No,Unmarried,1,"$150,000.00",1,1,Lease,Foreign,"$42,900",21,Yes,Yes,Mast,39,No,17,No,No,No,Yes,Yes,No,Yes,0,72,$128.40,"$1,879.96",$0.00,$0.00,$0.00,$0.00,$128.40,0
0844-FSBEEB-811,3,Female,31,19,3,Service,No,Unmarried,1,"$118,000.00",0,0,Own,Domestic,"$41,400",24,No,Yes,AMEX,13,Yes,26,Yes,Yes,Yes,Yes,Yes,Yes,No,0,40,$23.20,$181.68,$216.40,"$1,775.32",$269.75,"$2,579.82",$509.35,1
0845-ZNPTKF-CKD,2,Male,29,15,1,Sales,No,Unmarried,1,"$40,000.00",9,0,Own,Foreign,"$9,100",36,Yes,Yes,Mast,1,Yes,19,No,No,No,Yes,Yes,No,No,0,2,$9.80,$2.04,$0.00,$0.00,$0.00,$0.00,$9.80,0
0849-BXGGUY-7HY,4,Male,52,13,23,Crafts,No,Unmarried,1,"$140,000.00",0,0,Own,Foreign,"$56,700",17,Yes,Yes,AMEX,21,No,19,No,No,No,Yes,Yes,No,Yes,1,46,$65.20,$575.56,$0.00,$0.00,$0.00,$0.00,$65.20,0
0850-WTYIMC-UY6,3,Male,36,20,1,Service,No,Married,2,"$74,000.00",3,1,Own,Foreign,"$14,500",24,No,Yes,Disc,11,Yes,17,No,No,No,No,No,No,Yes,1,22,$15.80,$70.92,$0.00,$0.00,$0.00,$0.00,$15.80,0
0856-OUKUNA-PD5,3,Female,41,22,2,Sales,No,Unmarried,1,"$80,000.00",7,0,Own,Foreign,"$17,800",25,Yes,Yes,AMEX,2,Yes,19,Yes,No,No,Yes,No,Yes,No,0,5,$19.00,$22.36,$128.20,$87.92,$0.00,$0.00,$147.20,0
0856-WIQVNW-8X9,2,Male,47,14,16,Labor,No,Married,5,"$148,000.00",1,1,Own,Foreign,"$43,100",31,Yes,No,Mast,20,No,21,No,Yes,Yes,Yes,Yes,No,No,0,35,$38.80,$279.40,$0.00,$0.00,$145.25,"$1,115.22",$184.05,0
0859-KEIRTF-NSX,3,Female,37,14,5,Professional,No,Married,2,"$58,000.00",3,1,NoCar,N/A,$0,21,Yes,No,Mast,5,Yes,20,Yes,Yes,Yes,Yes,Yes,Yes,No,0,5,$17.80,$27.44,$179.80,$144.96,$147.75,$150.18,$345.35,1
0860-BRGALK-LLR,5,Female,68,15,20,Labor,Yes,Married,2,"$46,000.00",5,1,Own,Foreign,"$10,200",#NULL!,No,No,Othe,10,Yes,9,No,No,No,Yes,Yes,No,No,0,21,$20.60,$77.56,$0.00,$0.00,$0.00,$0.00,$20.60,0
0861-BUOMOG-ORJ,1,Female,61,8,14,Professional,No,Unmarried,1,"$132,000.00",1,1,Own,Foreign,"$38,300",33,No,No,Othe,6,No,27,No,No,No,No,No,No,No,1,29,$14.60,$81.60,$0.00,$0.00,$0.00,$0.00,$14.60,0
0864-OTEHNB-Q8G,2,Male,24,13,3,Professional,No,Married,6,"$30,000.00",3,1,Own,Domestic,"$9,300",24,No,No,Mast,6,Yes,18,No,No,No,No,No,No,No,0,26,$30.20,$150.68,$0.00,$0.00,$0.00,$0.00,$30.20,0
0865-TGCVLT-KUD,5,Male,61,14,1,Sales,Yes,Married,2,"$18,000.00",1,0,Lease,Domestic,"$3,800",26,Yes,Yes,Visa,30,No,31,No,No,No,No,No,No,Yes,1,62,$54.60,$704.28,$0.00,$0.00,$0.00,$0.00,$54.60,0
0866-UHTTGI-3QO,5,Male,49,19,18,Crafts,No,Married,2,"$116,000.00",0,1,Own,Domestic,"$89,100",30,Yes,Yes,AMEX,31,Yes,14,Yes,No,No,No,No,Yes,Yes,0,71,$92.40,"$1,341.52",$174.60,"$2,525.00",$0.00,$0.00,$267.00,0
0867-VOMUOP-05P,2,Female,64,14,14,Professional,No,Unmarried,1,"$136,000.00",9,1,Own,Foreign,"$38,800",39,Yes,Yes,Visa,26,No,27,Yes,No,Yes,Yes,No,Yes,Yes,1,63,$46.40,$617.88,$160.60,"$1,988.48",$0.00,$0.00,$207.00,0
0868-HVDQLI-HF1,2,Female,50,14,12,Service,No,Married,2,"$96,000.00",0,1,Own,Domestic,"$30,600",23,Yes,Yes,Visa,25,Yes,19,Yes,No,No,No,Yes,No,No,1,47,$71.00,$675.72,$133.60,"$1,203.20",$0.00,$0.00,$204.60,0
0869-WBUKGJ-FK9,4,Female,55,12,12,Service,No,Unmarried,3,"$120,000.00",7,0,Own,Domestic,"$25,800",22,Yes,Yes,Visa,18,No,17,No,No,No,Yes,Yes,No,No,0,43,$37.20,$344.60,$0.00,$0.00,$0.00,$0.00,$37.20,0
0871-BNHGXE-S85,2,Male,39,22,4,Sales,No,Unmarried,3,"$122,000.00",0,1,Lease,Foreign,"$39,400",25,No,Yes,Visa,7,No,14,Yes,No,Yes,No,No,Yes,Yes,0,20,$25.40,$111.44,$133.40,$513.72,$0.00,$0.00,$158.80,0
0871-WPZJPL-UJP,2,Male,41,15,4,Sales,No,Unmarried,1,"$78,000.00",7,1,Own,Foreign,"$13,400",17,No,No,Disc,17,No,13,No,No,No,Yes,No,No,No,0,28,$38.60,$217.48,$0.00,$0.00,$0.00,$0.00,$38.60,0
0873-MIADPJ-6VP,5,Female,37,20,4,Professional,No,Married,4,"$64,000.00",6,0,Own,Foreign,"$13,900",20,No,No,Visa,19,Yes,28,No,Yes,Yes,Yes,Yes,Yes,Yes,0,71,$108.20,"$1,548.28",$0.00,$0.00,$244.25,"$4,198.68",$352.45,1
0874-RLIDFE-DKM,1,Female,34,10,7,Service,No,Married,3,"$58,000.00",3,1,NoCar,N/A,$0,32,Yes,No,Mast,3,Yes,22,No,No,No,No,No,No,No,1,4,$11.00,$11.16,$0.00,$0.00,$0.00,$0.00,$11.00,0
0879-ZSQZLI-J5R,1,Female,54,15,16,Professional,No,Married,7,"$72,000.00",4,1,Own,Foreign,"$14,300",22,Yes,Yes,Mast,27,No,13,No,No,No,Yes,No,No,No,0,61,$89.20,"$1,067.36",$0.00,$0.00,$0.00,$0.00,$89.20,0
0880-QQGCEQ-8O2,5,Female,52,16,17,Agriculture,No,Married,2,"$92,000.00",0,0,Own,Foreign,"$16,600",43,Yes,Yes,Visa,33,Yes,26,Yes,Yes,Yes,Yes,Yes,Yes,No,0,57,$49.00,$546.16,$217.20,"$2,451.48",$315.00,"$4,203.06",$581.20,1
0882-YMIYMX-WVE,1,Male,21,9,1,Professional,No,Unmarried,1,"$34,000.00",4,0,Lease,Domestic,"$8,800",25,Yes,Yes,Othe,3,Yes,25,No,No,No,No,No,No,No,1,17,$45.80,$176.04,$0.00,$0.00,$0.00,$0.00,$45.80,0
0883-XZQPJO-8Y7,1,Male,32,17,1,Sales,No,Unmarried,2,"$80,000.00",1,0,Own,Domestic,"$21,700",27,No,Yes,Disc,10,No,22,Yes,Yes,Yes,Yes,Yes,Yes,No,0,11,$45.80,$92.00,$186.80,$375.20,$261.50,$614.10,$494.10,1
0888-ATKLSV-351,4,Female,27,17,1,Sales,No,Married,5,"$68,000.00",0,1,NoCar,N/A,$0,19,Yes,Yes,Disc,1,Yes,11,Yes,Yes,Yes,Yes,Yes,Yes,No,0,4,$21.40,$16.80,$209.00,$118.12,$194.25,$153.90,$424.65,1
0890-ZDDWQO-9XU,4,Female,30,14,1,Sales,No,Married,4,"$90,000.00",0,0,Own,Domestic,"$28,400",23,No,No,Visa,9,No,24,No,No,No,No,Yes,No,No,0,26,$39.60,$174.96,$0.00,$0.00,$0.00,$0.00,$39.60,0
0892-QAHLNV-LH8,4,Female,24,19,0,Sales,No,Married,4,"$48,000.00",0,1,Own,Foreign,"$12,700",18,No,Yes,Disc,6,No,18,Yes,No,No,No,No,Yes,Yes,0,62,$109.80,"$1,362.60",$152.00,"$1,875.40",$0.00,$0.00,$261.80,0
0892-XTOIXU-IHV,4,Male,33,10,0,Sales,No,Unmarried,2,"$56,000.00",11,1,NoCar,N/A,$0,13,No,Yes,Visa,15,No,22,No,No,No,Yes,No,No,No,0,42,$47.40,$440.32,$0.00,$0.00,$0.00,$0.00,$47.40,0
0899-FYORWV-86N,3,Male,68,8,32,Labor,No,Unmarried,1,"$186,000.00",0,1,Own,Foreign,"$83,800",25,Yes,No,Visa,39,No,19,No,No,No,Yes,Yes,No,No,0,71,$151.40,"$2,153.72",$0.00,$0.00,$0.00,$0.00,$151.40,0
0900-YMDOLS-JXB,3,Male,48,11,18,Labor,No,Married,2,"$160,000.00",0,1,Own,Foreign,"$44,400",26,Yes,No,Disc,30,No,18,No,No,No,Yes,No,No,Yes,1,67,$39.00,$545.92,$0.00,$0.00,$0.00,$0.00,$39.00,0
0902-XFPKFJ-KQS,3,Female,53,12,14,Service,No,Unmarried,4,"$140,000.00",5,1,Own,Foreign,"$41,700",20,Yes,Yes,Mast,22,Yes,21,No,No,No,No,No,No,Yes,0,46,$44.80,$375.20,$0.00,$0.00,$0.00,$0.00,$44.80,0
0902-YHBCII-FN1,1,Female,35,8,4,Sales,No,Married,3,"$70,000.00",3,0,Own,Domestic,"$24,300",27,Yes,No,Visa,17,No,22,No,No,No,Yes,No,No,Yes,0,67,$71.60,$982.80,$0.00,$0.00,$0.00,$0.00,$71.60,0
0904-SOEITG-6WZ,5,Male,51,16,19,Crafts,No,Married,6,"$180,000.00",0,1,NoCar,N/A,$0,23,No,Yes,Disc,15,Yes,22,No,Yes,No,Yes,Yes,No,No,0,37,$43.20,$344.36,$0.00,$0.00,$239.00,"$2,065.92",$282.20,1
0907-TDBVNN-ZAT,5,Male,28,16,4,Labor,No,Unmarried,1,"$50,000.00",5,0,Own,Foreign,"$14,600",15,No,Yes,Mast,9,Yes,21,Yes,No,No,No,No,Yes,Yes,0,28,$25.60,$138.20,$129.80,$637.68,$0.00,$0.00,$155.40,0
0908-ERJHRU-CFL,3,Female,61,17,15,Sales,No,Unmarried,1,"$110,000.00",6,0,Own,Domestic,"$26,800",24,Yes,Yes,Mast,10,No,21,No,Yes,Yes,Yes,Yes,Yes,No,0,27,$17.40,$102.04,$0.00,$0.00,$263.50,"$1,601.52",$280.90,1
0908-VOARVR-1L4,1,Male,49,15,17,Service,No,Married,5,"$208,000.00",0,1,Own,Foreign,"$80,800",33,No,Yes,AMEX,31,No,19,No,Yes,Yes,Yes,Yes,No,Yes,0,72,$240.80,"$3,411.52",$0.00,$0.00,$205.25,"$3,435.24",$446.05,1
0910-RCCSUI-ECP,1,Female,66,8,15,Labor,Yes,Married,2,"$96,000.00",2,0,Own,Foreign,"$21,400",25,Yes,No,Visa,4,Yes,23,No,No,No,Yes,Yes,No,No,0,8,$18.20,$31.52,$0.00,$0.00,$0.00,$0.00,$18.20,0
0914-UPADRK-5W4,5,Female,76,11,31,Service,Yes,Married,2,"$102,000.00",9,1,Own,Foreign,"$18,300",27,No,Yes,Mast,40,Yes,20,No,No,Yes,No,No,Yes,Yes,1,72,$291.00,"$4,154.36",$0.00,$0.00,$0.00,$0.00,$291.00,1
0915-CAKCFB-GSU,1,Male,22,14,0,Professional,No,Married,6,"$38,000.00",7,1,Own,Domestic,"$9,900",21,No,Yes,Visa,4,Yes,19,No,No,No,No,Yes,Yes,Yes,1,33,$61.60,$361.52,$0.00,$0.00,$0.00,$0.00,$61.60,0
0915-SBYQPT-LXD,1,Male,46,20,11,Agriculture,No,Unmarried,1,"$190,000.00",1,1,Own,Foreign,"$60,700",22,No,Yes,Disc,19,Yes,22,No,No,No,Yes,Yes,Yes,Yes,1,38,$29.80,$255.56,$0.00,$0.00,$0.00,$0.00,$29.80,0
0916-BWPGAE-LLH,4,Female,36,21,5,Labor,No,Married,5,"$86,000.00",1,1,Own,Domestic,"$19,200",25,No,Yes,Mast,18,Yes,23,No,No,No,Yes,Yes,No,Yes,1,55,$81.40,$862.92,$0.00,$0.00,$0.00,$0.00,$81.40,0
0921-OOZBRK-Q0M,5,Female,42,15,8,Professional,No,Married,2,"$94,000.00",2,1,Own,Foreign,"$30,000",15,Yes,No,AMEX,19,No,27,No,No,No,No,No,No,Yes,0,44,$33.60,$306.12,$0.00,$0.00,$0.00,$0.00,$33.60,0
0926-OZQUQX-GXA,2,Male,35,11,5,Professional,No,Married,4,"$34,000.00",4,1,Own,Foreign,"$11,400",24,No,No,Disc,17,Yes,26,No,No,No,No,No,No,Yes,0,48,$51.60,$444.60,$0.00,$0.00,$0.00,$0.00,$51.60,0
0930-KPNSRL-BAQ,4,Male,36,9,6,Sales,No,Unmarried,1,"$58,000.00",1,1,Own,Domestic,"$14,800",22,No,No,Mast,15,Yes,21,No,No,No,No,No,No,Yes,0,42,$54.80,$472.04,$0.00,$0.00,$0.00,$0.00,$54.80,0
0930-WSHUAP-D0J,4,Male,45,17,8,Professional,No,Unmarried,1,"$116,000.00",1,1,Own,Domestic,"$28,700",21,No,Yes,Mast,28,Yes,14,Yes,No,No,No,No,Yes,Yes,1,62,$60.40,$715.20,$116.60,"$1,335.28",$0.00,$0.00,$177.00,0
0930-WZBNZG-WXV,3,Male,22,17,0,Sales,No,Married,2,"$102,000.00",4,0,Own,Foreign,"$18,000",22,No,Yes,AMEX,4,Yes,17,Yes,No,Yes,No,No,No,No,0,13,$14.40,$40.40,$108.40,$259.36,$0.00,$0.00,$122.80,0
0931-NNQHEA-CFE,5,Female,75,18,14,Professional,No,Married,2,"$122,000.00",3,1,Own,Foreign,"$61,800",31,No,Yes,Disc,18,No,26,Yes,Yes,No,No,No,Yes,No,0,53,$50.60,$575.76,$128.20,"$1,363.40",$173.75,"$2,203.44",$352.55,1
0934-PMNAUP-18N,3,Female,23,8,2,Service,No,Married,2,"$48,000.00",1,1,Own,Foreign,"$14,300",32,No,No,Visa,5,Yes,15,No,No,No,Yes,Yes,No,Yes,0,25,$23.20,$114.72,$0.00,$0.00,$0.00,$0.00,$23.20,0
0935-OTSESA-80Q,1,Male,27,17,0,Sales,No,Unmarried,1,"$44,000.00",0,0,Own,Foreign,"$10,200",21,No,No,Mast,1,No,31,No,No,No,No,No,No,No,1,1,$7.80,$1.56,$0.00,$0.00,$0.00,$0.00,$7.80,0
0937-WRGIIM-2QW,4,Female,26,11,6,Agriculture,No,Married,6,"$44,000.00",4,1,Lease,Domestic,"$6,400",22,No,No,Disc,8,No,29,Yes,Yes,Yes,Yes,Yes,No,No,0,23,$72.60,$302.92,$196.40,$896.16,$249.50,"$1,322.58",$518.50,1
0939-TKCSFT-L6M,3,Female,68,14,27,Crafts,Yes,Unmarried,2,"$40,000.00",0,1,Lease,Domestic,"$9,500",23,Yes,Yes,Visa,40,No,14,No,No,No,Yes,No,No,Yes,0,72,$181.00,"$2,617.20",$0.00,$0.00,$0.00,$0.00,$181.00,0
0942-MCKTFY-FJQ,3,Female,59,11,3,Sales,No,Unmarried,1,"$58,000.00",0,1,Lease,Domestic,"$9,300",30,No,No,Mast,22,No,19,No,No,No,No,No,No,No,0,44,$58.80,$507.72,$0.00,$0.00,$0.00,$0.00,$58.80,0
0943-QMXLGU-4QA,3,Female,54,13,23,Service,No,Unmarried,1,"$136,000.00",0,1,Own,Domestic,"$91,100",21,Yes,Yes,Visa,22,No,28,No,Yes,Yes,Yes,Yes,No,Yes,0,57,$42.40,$466.48,$0.00,$0.00,$269.25,"$3,567.48",$311.65,1
0943-RKQWCU-GK7,3,Female,19,14,0,Professional,No,Married,4,"$44,000.00",0,0,Own,Foreign,"$9,500",22,Yes,No,Disc,2,No,23,Yes,No,Yes,Yes,Yes,No,No,0,4,$18.00,$14.28,$156.20,$103.48,$0.00,$0.00,$174.20,0
0944-SCAOMX-3P2,1,Male,79,14,44,Labor,Yes,Unmarried,1,"$34,000.00",5,0,Lease,Foreign,"$9,800",19,No,Yes,Visa,34,No,25,Yes,No,Yes,Yes,No,No,Yes,0,66,$90.60,"$1,146.08",$173.60,"$2,299.68",$0.00,$0.00,$264.20,0
0945-HMTKYD-7XA,5,Female,72,15,9,Sales,No,Married,2,"$168,000.00",0,1,Own,Foreign,"$33,500",29,No,No,Disc,35,Yes,26,Yes,No,No,No,No,No,Yes,0,67,$60.00,$715.28,$129.00,"$1,674.24",$0.00,$0.00,$189.00,0
0946-NYLZQX-134,1,Male,49,16,5,Sales,No,Unmarried,1,"$138,000.00",7,0,Own,Domestic,"$62,700",23,Yes,Yes,Mast,18,Yes,25,No,No,No,Yes,Yes,No,No,0,39,$27.60,$221.96,$0.00,$0.00,$0.00,$0.00,$27.60,0
0946-YVIXMA-X0W,1,Female,30,8,2,Professional,No,Unmarried,1,"$56,000.00",0,0,Own,Foreign,"$16,100",19,No,Yes,Mast,4,No,19,No,No,No,Yes,Yes,No,No,0,17,$20.00,$63.32,$0.00,$0.00,$0.00,$0.00,$20.00,0
0949-WPIHSN-E2W,4,Male,45,19,4,Professional,No,Unmarried,1,"$62,000.00",1,1,Own,Foreign,"$14,300",34,No,Yes,Visa,10,Yes,13,Yes,Yes,Yes,No,Yes,Yes,No,0,23,$49.60,$223.52,$127.20,$592.92,$129.75,$691.44,$306.55,1
0952-HEDWUH-ACG,3,Female,48,14,19,Labor,No,Married,2,"$186,000.00",0,1,Own,Domestic,"$91,700",27,Yes,Yes,Disc,31,Yes,25,No,No,Yes,Yes,Yes,No,No,0,57,$76.80,$854.36,$0.00,$0.00,$0.00,$0.00,$76.80,0
0958-RBGAWF-RK3,5,Female,31,19,3,Professional,No,Unmarried,1,"$42,000.00",4,1,Own,Foreign,"$11,800",31,No,No,Disc,8,Yes,15,Yes,No,Yes,Yes,No,Yes,No,0,16,$15.20,$59.04,$155.20,$422.16,$0.00,$0.00,$170.40,0
0961-BDRLOZ-I4R,3,Female,28,20,1,Service,No,Married,4,"$30,000.00",2,1,Own,Foreign,"$5,700",22,No,Yes,Disc,10,Yes,20,Yes,No,Yes,Yes,Yes,No,Yes,1,26,$33.20,$188.28,$126.80,$668.00,$0.00,$0.00,$160.00,0
0966-NHOJIT-F4B,3,Female,45,12,14,Labor,No,Married,2,"$194,000.00",0,1,Own,Foreign,"$33,700",18,Yes,Yes,Visa,27,No,21,No,No,No,Yes,Yes,No,Yes,0,70,$109.60,"$1,533.24",$0.00,$0.00,$0.00,$0.00,$109.60,0
0967-QDJNGL-30V,4,Female,51,12,6,Professional,No,Married,4,"$104,000.00",1,1,NoCar,N/A,$0,20,Yes,No,Visa,32,No,19,No,No,No,No,No,No,Yes,0,61,$60.40,$661.68,$0.00,$0.00,$0.00,$0.00,$60.40,0
0969-XSHXOE-CN5,3,Female,21,13,0,Professional,No,Married,2,"$32,000.00",6,0,Own,Domestic,"$11,500",40,Yes,Yes,Visa,2,Yes,22,Yes,Yes,Yes,Yes,Yes,No,No,0,2,$9.80,$3.84,$146.00,$16.68,$107.75,$20.52,$263.55,0
0974-MOYXTI-LAB,1,Female,41,14,14,Crafts,No,Unmarried,1,"$104,000.00",12,1,Own,Domestic,"$44,400",28,Yes,No,Visa,7,Yes,25,No,No,No,Yes,Yes,No,No,1,19,$31.20,$111.64,$0.00,$0.00,$0.00,$0.00,$31.20,0
0981-OXBITV-LFH,3,Female,64,12,6,Professional,No,Unmarried,1,"$50,000.00",4,1,Own,Domestic,"$13,000",27,No,Yes,Disc,10,Yes,20,No,Yes,No,Yes,Yes,No,No,0,25,$42.40,$201.92,$0.00,$0.00,$88.50,$495.30,$130.90,0
0982-KNZQRH-84Z,3,Male,40,15,2,Professional,No,Married,4,"$66,000.00",18,0,Lease,Domestic,"$22,200",20,Yes,Yes,Disc,17,Yes,14,No,No,No,No,No,No,Yes,0,46,$25.00,$239.24,$0.00,$0.00,$0.00,$0.00,$25.00,0
0984-YAUVVA-UVC,2,Female,29,13,8,Labor,No,Unmarried,1,"$86,000.00",0,0,Own,Domestic,"$20,500",32,No,No,AMEX,3,Yes,16,No,No,No,No,No,No,No,0,16,$17.40,$60.72,$0.00,$0.00,$0.00,$0.00,$17.40,0
0992-DNDKIT-CUP,5,Male,22,16,0,Labor,No,Married,4,"$40,000.00",3,0,NoCar,N/A,$0,19,Yes,Yes,Disc,4,Yes,18,Yes,No,No,No,No,Yes,No,1,29,$28.80,$176.72,$85.60,$447.88,$0.00,$0.00,$114.40,0
0992-ZESDAP-CBG,2,Male,65,15,4,Sales,Yes,Unmarried,1,"$20,000.00",16,0,Lease,Domestic,"$5,200",22,Yes,Yes,AMEX,18,No,18,No,No,No,No,No,Yes,No,0,38,$16.60,$102.32,$0.00,$0.00,$0.00,$0.00,$16.60,0
0995-IKDXEO-UL1,4,Male,67,12,3,Sales,No,Married,6,"$56,000.00",1,1,Lease,Domestic,"$15,300",40,No,No,Disc,6,Yes,16,Yes,No,No,Yes,No,No,No,0,9,$31.00,$51.04,$115.40,$189.44,$0.00,$0.00,$146.40,0
0997-ISRTJJ-BLI,1,Female,67,14,11,Professional,No,Unmarried,1,"$128,000.00",6,1,Own,Domestic,"$59,500",20,No,No,Disc,29,No,26,Yes,Yes,Yes,Yes,Yes,Yes,No,0,62,$50.40,$605.04,$164.60,"$2,003.48",$259.25,"$3,716.76",$474.25,1
0997-UKGSUF-SRI,4,Female,30,20,1,Sales,No,Unmarried,4,"$142,000.00",0,1,Own,Foreign,"$27,600",20,Yes,No,Disc,2,Yes,19,Yes,Yes,No,No,Yes,Yes,No,1,11,$16.80,$33.68,$151.60,$314.56,$196.50,$517.62,$364.90,1
0999-UTAYUV-NCP,5,Male,58,14,15,Service,Yes,Unmarried,1,"$164,000.00",9,0,Own,Foreign,"$46,200",23,No,Yes,AMEX,17,No,24,No,No,No,No,No,Yes,No,0,54,$49.40,$536.84,$0.00,$0.00,$0.00,$0.00,$49.40,0
1006-NXBJVK-IB7,4,Male,52,16,18,Crafts,No,Unmarried,1,"$82,000.00",9,1,Own,Foreign,"$12,300",18,No,No,Disc,8,Yes,27,Yes,Yes,Yes,No,Yes,No,No,0,26,$38.20,$191.16,$141.40,$665.04,$142.75,$821.52,$322.35,1
1009-GGLDAH-TAC,5,Female,52,10,8,Professional,No,Married,2,"$130,000.00",0,1,Own,Domestic,"$25,500",24,No,No,Visa,20,Yes,16,No,No,No,No,No,No,No,0,39,$36.00,$272.84,$0.00,$0.00,$0.00,$0.00,$36.00,0
1018-INNKLF-Y2Q,5,Female,52,8,20,Service,No,Married,2,"$100,000.00",5,0,Own,Foreign,"$34,000",28,No,No,Othe,27,Yes,19,No,No,No,Yes,Yes,No,Yes,0,56,$49.80,$608.76,$0.00,$0.00,$0.00,$0.00,$49.80,0
1021-BKWCOZ-SLE,4,Female,38,16,11,Labor,No,Married,3,"$167,000.00",8,1,Own,Foreign,"$79,200",17,No,No,Mast,20,No,19,No,No,No,No,No,No,Yes,0,67,$140.00,"$1,905.88",$0.00,$0.00,$0.00,$0.00,$140.00,0
1022-EYKYXK-V91,3,Male,55,14,13,Agriculture,No,Married,5,"$108,000.00",0,0,Own,Domestic,"$11,800",20,Yes,Yes,Mast,17,No,23,No,No,Yes,No,Yes,No,Yes,0,53,$45.40,$473.32,$0.00,$0.00,$0.00,$0.00,$45.40,0
1025-EBHXYE-1XP,1,Female,62,19,16,Professional,No,Married,4,"$152,000.00",4,1,Lease,Domestic,"$39,300",29,No,No,Visa,22,No,28,No,No,No,No,No,Yes,No,0,48,$20.40,$198.04,$0.00,$0.00,$0.00,$0.00,$20.40,0
1033-AFEANQ-U2C,4,Male,69,12,1,Sales,No,Unmarried,1,"$38,000.00",1,0,Own,Foreign,"$13,500",29,No,Yes,Mast,24,No,22,No,No,No,No,Yes,No,No,1,45,$37.00,$327.56,$0.00,$0.00,$0.00,$0.00,$37.00,0
1042-CGJNBW-26A,5,Male,47,17,9,Crafts,No,Unmarried,1,"$162,000.00",1,1,Own,Foreign,"$55,200",24,No,No,Disc,15,No,20,Yes,No,No,No,No,Yes,Yes,1,33,$27.00,$175.92,$106.40,$714.32,$0.00,$0.00,$133.40,0
1043-IRWLWF-8JY,5,Female,24,19,0,Professional,No,Married,8,"$90,000.00",2,1,NoCar,N/A,$0,36,No,No,Othe,1,No,15,No,No,No,No,No,No,No,1,2,$12.00,$2.48,$0.00,$0.00,$0.00,$0.00,$12.00,0
1044-DFUFDF-9TG,3,Male,38,14,12,Agriculture,No,Unmarried,1,"$148,000.00",10,1,Own,Foreign,"$41,200",30,No,No,AMEX,7,No,17,No,No,No,No,Yes,No,No,0,7,$21.60,$55.52,$0.00,$0.00,$0.00,$0.00,$21.60,0
1044-QRFUCQ-ROS,1,Male,36,14,2,Sales,No,Unmarried,1,"$58,000.00",0,1,Lease,Domestic,"$12,300",30,No,Yes,Visa,2,No,15,No,No,No,Yes,Yes,No,No,0,9,$6.20,$10.44,$0.00,$0.00,$0.00,$0.00,$6.20,0
1044-QTPABQ-WVW,3,Female,67,20,19,Professional,No,Unmarried,1,"$178,000.00",0,0,Own,Domestic,"$30,600",10,No,No,AMEX,14,No,25,No,Yes,Yes,No,Yes,Yes,Yes,1,44,$48.60,$372.92,$0.00,$0.00,$130.75,"$1,300.98",$179.35,0
1044-YEOBDI-9ZV,5,Female,46,18,0,Sales,No,Married,5,"$122,000.00",0,0,NoCar,N/A,$0,26,Yes,Yes,Mast,9,Yes,22,No,No,No,Yes,Yes,Yes,Yes,0,26,$53.00,$216.72,$0.00,$0.00,$0.00,$0.00,$53.00,0
1045-WKEZVJ-252,4,Male,18,13,0,Labor,No,Unmarried,1,"$30,000.00",2,0,Own,Domestic,"$7,300",26,No,No,AMEX,0,No,20,No,No,No,Yes,No,Yes,Yes,0,6,$21.60,$31.32,$0.00,$0.00,$0.00,$0.00,$21.60,0
1051-FVOLSM-6TE,3,Male,26,12,2,Sales,No,Married,6,"$42,000.00",3,1,Own,Foreign,"$11,300",23,Yes,No,Disc,8,Yes,18,No,No,No,Yes,Yes,No,No,0,42,$35.60,$317.48,$0.00,$0.00,$0.00,$0.00,$35.60,0
1051-TKEIEE-H8M,5,Male,45,20,3,Service,No,Unmarried,1,"$38,000.00",10,0,Own,Foreign,"$10,200",34,No,No,AMEX,26,No,14,Yes,Yes,Yes,No,No,Yes,No,0,52,$43.00,$438.56,$182.80,"$1,836.32",$243.50,"$3,006.54",$469.30,1
1065-BWJXYQ-V5E,2,Female,49,7,4,Agriculture,No,Married,3,"$42,000.00",8,1,Own,Foreign,"$10,800",28,No,No,Visa,17,Yes,13,Yes,No,No,No,No,No,No,0,35,$37.20,$231.80,$77.80,$538.08,$0.00,$0.00,$115.00,0
1065-ROYFCB-X3F,2,Female,40,15,8,Professional,No,Married,4,"$98,000.00",5,1,Own,Foreign,"$20,700",33,No,No,Visa,20,No,21,No,Yes,Yes,Yes,Yes,Yes,Yes,0,37,$24.80,$178.80,$0.00,$0.00,$251.75,"$2,106.72",$276.55,1
1068-MWHNDT-1WC,5,Male,68,22,25,Labor,Yes,Unmarried,1,"$64,000.00",0,0,Own,Domestic,"$16,800",29,No,No,Disc,22,No,19,Yes,Yes,Yes,Yes,Yes,Yes,No,0,41,$51.80,$454.00,$301.60,"$2,321.36",$595.50,"$5,698.68",$948.90,1
1070-PPWOKU-X3M,4,Female,32,16,4,Professional,No,Married,5,"$60,000.00",1,1,NoCar,N/A,$0,26,No,No,AMEX,14,Yes,25,No,No,No,No,No,No,Yes,1,26,$35.80,$171.08,$0.00,$0.00,$0.00,$0.00,$35.80,0
1071-IRJZAI-Z7U,3,Male,50,21,7,Professional,No,Married,2,"$180,000.00",0,1,NoCar,N/A,$0,34,No,Yes,AMEX,26,Yes,17,Yes,Yes,Yes,No,No,Yes,Yes,0,53,$48.80,$508.84,$155.20,"$1,634.80",$146.50,"$1,996.32",$350.50,1
1074-ITVHJW-E23,5,Female,26,12,5,Agriculture,No,Married,6,"$46,000.00",0,1,Own,Domestic,"$13,600",22,No,No,Disc,9,Yes,27,No,No,No,No,No,No,No,0,35,$37.80,$246.24,$0.00,$0.00,$0.00,$0.00,$37.80,0
1078-HIOXPG-1WS,3,Male,24,19,0,Professional,No,Unmarried,2,"$52,000.00",0,0,Own,Domestic,"$12,500",24,No,No,Disc,4,Yes,24,Yes,No,No,No,No,Yes,No,1,15,$24.20,$62.24,$148.80,$402.80,$0.00,$0.00,$173.00,0
1079-FSEZJD-9HG,2,Female,19,14,0,Professional,No,Married,5,"$54,000.00",2,0,Own,Foreign,"$10,900",21,Yes,No,Mast,1,No,22,No,No,No,Yes,Yes,No,No,0,9,$12.20,$15.52,$0.00,$0.00,$0.00,$0.00,$12.20,0
1080-FIOSCN-MRJ,2,Male,75,21,36,Crafts,Yes,Married,2,"$44,000.00",2,0,Own,Foreign,"$11,400",18,No,No,Disc,40,Yes,21,Yes,Yes,Yes,Yes,Yes,No,Yes,0,72,$207.20,"$3,004.28",$195.00,"$2,778.00",$332.50,"$5,547.66",$734.70,1
1081-CWMWYY-WQ6,2,Male,75,13,14,Sales,Yes,Unmarried,1,"$18,000.00",1,0,Own,Foreign,"$5,400",22,No,No,Visa,18,No,0,No,No,No,No,No,No,No,1,53,$59.60,$608.64,$0.00,$0.00,$0.00,$0.00,$59.60,0
1081-TGHPPI-1WZ,3,Male,56,13,11,Professional,No,Unmarried,2,"$154,000.00",0,1,Own,Foreign,"$45,400",24,Yes,Yes,AMEX,21,No,25,No,No,No,Yes,Yes,No,No,1,47,$51.20,$472.12,$0.00,$0.00,$0.00,$0.00,$51.20,0
1082-GULTUA-5BP,4,Male,48,12,7,Sales,No,Unmarried,1,"$98,000.00",1,1,Own,Domestic,"$24,400",27,No,No,Mast,12,No,21,No,No,No,No,No,Yes,Yes,0,24,$34.00,$151.96,$0.00,$0.00,$0.00,$0.00,$34.00,0
1083-CDPIPL-6WB,1,Female,31,19,2,Agriculture,No,Unmarried,2,"$30,000.00",3,1,Own,Domestic,"$6,200",26,No,Yes,Mast,2,No,21,Yes,No,Yes,No,No,Yes,No,0,2,$13.20,$4.00,$99.60,$24.56,$0.00,$0.00,$112.80,0
1083-MHUMWY-K91,4,Female,40,16,11,Labor,No,Married,2,"$74,000.00",7,1,Own,Domestic,"$15,200",17,No,Yes,Visa,21,Yes,15,No,No,No,Yes,No,No,No,1,44,$28.80,$264.28,$0.00,$0.00,$0.00,$0.00,$28.80,0
1083-PBHZLD-1OD,5,Female,70,16,33,Crafts,Yes,Married,2,"$98,000.00",1,1,NoCar,N/A,$0,23,No,Yes,Visa,37,Yes,21,No,No,No,No,No,Yes,Yes,1,70,$48.80,$654.16,$0.00,$0.00,$0.00,$0.00,$48.80,0
1084-BMZWDC-CRS,5,Male,61,17,7,Professional,No,Married,3,"$44,000.00",11,1,Own,Foreign,"$11,500",21,No,No,Mast,13,No,28,Yes,No,No,No,Yes,Yes,Yes,0,23,$24.60,$117.52,$120.60,$530.28,$0.00,$0.00,$145.20,0
1084-EILYLI-2PA,3,Male,19,13,0,Sales,No,Married,5,"$44,000.00",1,1,Own,Domestic,"$11,700",32,Yes,No,Mast,2,Yes,21,No,No,Yes,No,Yes,No,No,0,5,$14.00,$19.56,$0.00,$0.00,$0.00,$0.00,$14.00,0
1084-NRUIXF-JOO,1,Male,76,12,35,Labor,Yes,Married,2,"$42,000.00",2,1,NoCar,N/A,$0,20,No,Yes,Mast,35,No,12,No,No,No,No,Yes,No,Yes,0,71,$97.40,"$1,344.28",$0.00,$0.00,$0.00,$0.00,$97.40,0
1085-WJCGKC-MRO,2,Female,66,13,22,Professional,No,Unmarried,1,"$106,000.00",1,0,Own,Domestic,"$34,500",17,No,No,Mast,30,No,30,No,No,No,No,No,No,Yes,1,64,$52.40,$656.56,$0.00,$0.00,$0.00,$0.00,$52.40,0
1086-BRCOIY-6YI,3,Female,54,15,10,Professional,No,Married,5,"$112,000.00",11,1,Own,Domestic,"$56,600",33,No,No,Disc,35,No,13,No,Yes,Yes,Yes,Yes,No,No,1,68,$137.40,"$1,780.68",$0.00,$0.00,$232.00,"$3,770.88",$369.40,1
1086-IKBULJ-52W,1,Female,38,15,8,Professional,No,Married,2,"$162,000.00",0,1,Own,Foreign,"$30,600",28,Yes,No,Disc,1,No,15,No,No,No,No,No,No,No,0,1,$5.60,$1.12,$0.00,$0.00,$0.00,$0.00,$5.60,0
1086-LSGBOF-OSW,2,Male,31,16,5,Professional,No,Married,3,"$120,000.00",11,1,Lease,Domestic,"$24,000",28,No,No,AMEX,13,Yes,25,Yes,Yes,Yes,Yes,Yes,Yes,No,0,46,$30.80,$290.52,$205.80,"$1,948.72",$205.25,"$2,235.18",$441.85,1
1089-KBCLRM-XU9,1,Female,56,20,6,Professional,No,Married,4,"$96,000.00",12,0,Own,Domestic,"$24,700",28,Yes,Yes,AMEX,25,No,19,Yes,Yes,Yes,No,No,Yes,Yes,0,36,$29.40,$220.80,$143.60,$992.48,$185.25,"$1,605.78",$358.25,1
1090-UJJPXK-6CC,4,Male,74,21,8,Sales,Yes,Unmarried,1,"$18,000.00",1,0,Lease,Foreign,"$5,200",28,Yes,Yes,Disc,13,No,0,Yes,Yes,Yes,Yes,Yes,Yes,Yes,0,27,$65.80,$335.80,$172.60,$941.68,$202.00,"$1,273.98",$440.40,1
1092-HEXNBI-X8P,2,Male,39,18,11,Crafts,No,Married,3,"$138,000.00",0,1,NoCar,N/A,$0,23,Yes,No,Disc,21,Yes,11,No,No,No,Yes,Yes,No,Yes,1,71,$109.20,"$1,548.16",$0.00,$0.00,$0.00,$0.00,$109.20,0
1092-JSLTHP-BCT,3,Male,49,16,9,Professional,No,Unmarried,1,"$120,000.00",1,0,Own,Domestic,"$28,200",30,Yes,Yes,Visa,8,No,27,No,Yes,Yes,Yes,Yes,No,No,0,46,$42.20,$434.88,$0.00,$0.00,$177.25,"$2,043.18",$219.45,0
1092-ZIWTTO-1MD,2,Female,48,13,4,Sales,No,Unmarried,1,"$112,000.00",7,1,Own,Domestic,"$29,900",30,No,No,Disc,30,No,23,No,Yes,No,Yes,No,Yes,No,0,64,$139.00,"$1,821.20",$0.00,$0.00,$113.75,"$1,678.02",$252.75,0
1096-OSGWYY-4Y7,5,Female,32,14,2,Sales,No,Married,4,"$42,000.00",3,0,Own,Domestic,"$10,600",25,Yes,No,Mast,14,No,18,Yes,Yes,Yes,Yes,Yes,No,No,0,46,$68.00,$564.08,$162.80,"$1,422.44",$181.25,"$2,104.86",$412.05,1
1097-ABLFRP-35V,1,Male,63,12,31,Agriculture,Yes,Unmarried,1,"$30,000.00",6,0,Own,Domestic,"$6,700",30,Yes,Yes,Visa,34,No,20,No,No,No,No,No,No,Yes,1,64,$133.20,"$1,701.24",$0.00,$0.00,$0.00,$0.00,$133.20,0
1098-DOZXBN-JSH,3,Male,67,14,16,Sales,No,Married,2,"$114,000.00",3,1,Own,Foreign,"$48,500",28,Yes,Yes,AMEX,15,Yes,27,Yes,No,No,No,No,No,No,0,35,$31.00,$209.36,$88.60,$644.92,$0.00,$0.00,$119.60,0
1100-MHOLDR-TXJ,1,Female,33,18,3,Professional,No,Unmarried,1,"$66,000.00",2,1,Own,Domestic,"$15,400",16,Yes,Yes,Visa,2,No,14,Yes,No,No,No,Yes,Yes,No,0,6,$8.40,$14.76,$84.60,$71.48,$0.00,$0.00,$93.00,0
1100-XGRFKL-MO7,4,Male,39,12,9,Service,No,Unmarried,2,"$86,000.00",0,1,Own,Foreign,"$22,200",31,Yes,No,Mast,4,No,23,No,No,No,No,No,No,No,0,8,$23.20,$45.44,$0.00,$0.00,$0.00,$0.00,$23.20,0
1101-PBBFSP-62M,3,Male,62,15,12,Sales,No,Married,3,"$58,000.00",5,1,NoCar,N/A,$0,29,Yes,No,Disc,37,No,21,Yes,Yes,Yes,No,Yes,Yes,Yes,1,65,$73.80,$950.04,$180.00,"$2,474.28",$255.50,"$3,871.20",$509.30,1
1103-KTXUJS-ZPH,3,Female,18,13,0,Service,No,Married,4,"$30,000.00",1,1,Lease,Domestic,"$9,100",17,Yes,Yes,Mast,0,No,14,Yes,No,No,No,No,Yes,Yes,1,2,$56.40,$22.92,$122.20,$20.88,$0.00,$0.00,$178.60,0
1104-PRTUTF-HXP,5,Male,34,14,10,Labor,No,Married,3,"$48,000.00",2,1,Lease,Foreign,"$14,000",17,No,No,Visa,16,No,18,No,No,No,Yes,Yes,No,Yes,0,55,$46.60,$477.52,$0.00,$0.00,$0.00,$0.00,$46.60,0
1110-ARKUEK-2N1,4,Female,69,16,10,Professional,Yes,Unmarried,1,"$26,000.00",8,0,Lease,Domestic,"$7,700",19,No,Yes,Visa,13,No,21,No,No,No,No,Yes,No,Yes,0,46,$18.20,$155.72,$0.00,$0.00,$0.00,$0.00,$18.20,0
1112-NHRPOQ-7OR,5,Female,61,13,36,Labor,No,Unmarried,1,"$339,000.00",0,0,Own,Foreign,"$86,000",26,No,No,Visa,39,Yes,18,No,No,No,No,No,No,Yes,0,72,$160.40,"$2,275.04",$0.00,$0.00,$0.00,$0.00,$160.40,0
1114-UELZXT-QT7,4,Female,68,11,36,Agriculture,Yes,Married,2,"$70,000.00",0,0,Own,Domestic,"$13,900",19,Yes,No,AMEX,30,No,21,No,No,No,Yes,Yes,No,Yes,0,64,$70.80,$891.20,$0.00,$0.00,$0.00,$0.00,$70.80,0
1117-OHMKNR-Y51,4,Male,47,15,16,Agriculture,No,Unmarried,1,"$106,000.00",4,0,Own,Foreign,"$67,700",20,No,No,Othe,13,No,25,Yes,No,Yes,No,Yes,Yes,No,0,42,$37.40,$322.72,$126.60,"$1,072.52",$0.00,$0.00,$164.00,0
1118-EXWGFB-XTO,1,Female,31,19,0,Sales,No,Unmarried,1,"$190,000.00",3,1,NoCar,N/A,$0,32,No,Yes,Disc,13,No,13,No,No,No,No,Yes,Yes,No,0,30,$74.60,$466.08,$0.00,$0.00,$0.00,$0.00,$74.60,0
1121-PQHFDY-UBW,5,Female,63,11,7,Sales,No,Married,2,"$62,000.00",5,1,Own,Domestic,"$13,800",28,No,No,Visa,36,Yes,23,No,No,No,No,No,No,Yes,0,68,$82.80,"$1,155.16",$0.00,$0.00,$0.00,$0.00,$82.80,0
1123-TFVLIA-C6F,1,Female,79,21,13,Sales,Yes,Unmarried,1,"$18,000.00",13,0,Own,Foreign,"$5,300",24,Yes,Yes,Mast,30,No,0,No,No,No,No,Yes,No,Yes,0,65,$123.00,"$1,651.16",$0.00,$0.00,$0.00,$0.00,$123.00,0
1125-KGTXJG-IFM,3,Male,53,11,6,Sales,No,Unmarried,1,"$96,000.00",1,1,Own,Domestic,"$23,800",28,No,No,Visa,35,No,17,No,No,No,Yes,Yes,No,Yes,0,72,$108.80,"$1,570.28",$0.00,$0.00,$0.00,$0.00,$108.80,0
1125-WSNSLC-7RQ,3,Male,49,22,12,Service,No,Married,4,"$314,000.00",0,0,NoCar,N/A,$0,31,No,Yes,AMEX,9,No,18,Yes,Yes,Yes,Yes,Yes,Yes,No,1,23,$48.00,$226.36,$296.40,"$1,397.80",$408.75,"$2,135.70",$753.15,1
1133-USNISY-W77,2,Female,58,21,2,Sales,No,Unmarried,1,"$127,000.00",3,1,Own,Foreign,"$53,200",15,Yes,Yes,Visa,12,No,26,Yes,No,No,No,No,No,No,1,37,$44.60,$370.36,$120.00,$759.96,$0.00,$0.00,$164.60,0
1137-EICIKJ-1B2,3,Female,35,13,8,Crafts,No,Unmarried,1,"$68,000.00",0,1,Own,Domestic,"$20,400",22,No,No,Visa,3,Yes,19,No,No,Yes,Yes,Yes,No,Yes,0,7,$14.40,$23.68,$0.00,$0.00,$0.00,$0.00,$14.40,0
1138-TBQGGU-FHM,1,Female,66,13,16,Service,No,Married,2,"$128,000.00",5,1,Own,Domestic,"$25,900",28,No,No,AMEX,38,No,22,No,No,Yes,Yes,Yes,No,Yes,0,72,$176.60,"$2,570.56",$0.00,$0.00,$0.00,$0.00,$176.60,0
1142-NJMGGT-FIA,5,Male,77,9,12,Sales,Yes,Married,2,"$38,000.00",0,1,Own,Domestic,"$9,900",29,No,No,Mast,32,No,20,No,No,No,No,No,No,Yes,0,64,$110.40,"$1,378.04",$0.00,$0.00,$0.00,$0.00,$110.40,0
1144-GVCZDP-8DV,2,Female,49,22,3,Professional,No,Married,5,"$146,000.00",13,1,Own,Foreign,"$33,900",19,No,Yes,Disc,13,Yes,22,Yes,Yes,Yes,No,No,Yes,No,0,31,$28.00,$190.40,$229.00,"$1,392.20",$311.50,"$2,255.10",$568.50,1
1145-NMPFSU-3MP,1,Female,45,14,3,Sales,No,Unmarried,1,"$60,000.00",2,1,Lease,Domestic,"$15,400",22,Yes,Yes,Mast,17,Yes,17,No,No,No,No,No,No,No,1,32,$40.60,$267.28,$0.00,$0.00,$0.00,$0.00,$40.60,0
1145-YQLGYX-7S6,3,Female,31,18,1,Professional,No,Unmarried,5,"$62,000.00",1,1,Own,Domestic,"$13,800",39,No,No,Visa,2,Yes,19,No,No,No,No,No,Yes,No,0,4,$15.20,$10.84,$0.00,$0.00,$0.00,$0.00,$15.20,0
1150-ESKSKG-FRM,1,Male,75,11,11,Sales,Yes,Unmarried,1,"$22,000.00",0,0,Own,Foreign,"$5,700",29,No,No,Visa,14,No,21,No,No,No,No,No,No,No,0,42,$45.80,$365.92,$0.00,$0.00,$0.00,$0.00,$45.80,0
1150-JDPNOL-QAG,5,Female,52,15,18,Service,No,Unmarried,1,"$162,000.00",10,0,Own,Domestic,"$49,100",43,No,No,AMEX,34,Yes,20,No,No,No,No,No,No,Yes,0,69,$100.40,"$1,414.52",$0.00,$0.00,$0.00,$0.00,$100.40,0
1151-WLJJTM-3K4,5,Male,68,10,4,Sales,Yes,Unmarried,1,"$18,000.00",1,0,Lease,Domestic,"$5,200",17,Yes,Yes,Visa,31,No,0,No,No,No,No,No,No,Yes,1,66,$48.20,$616.80,$0.00,$0.00,$0.00,$0.00,$48.20,0
1154-RZMZMA-P10,2,Male,29,18,1,Sales,No,Unmarried,3,"$44,000.00",3,1,Own,Domestic,"$11,900",26,No,Yes,AMEX,7,No,29,Yes,No,No,No,No,Yes,No,0,34,$34.40,$191.52,$99.60,$609.64,$0.00,$0.00,$134.00,0
1155-LGQUTL-72M,2,Female,33,13,1,Sales,No,Married,2,"$54,000.00",3,0,Own,Foreign,"$10,200",32,No,No,AMEX,4,Yes,21,No,No,No,No,No,No,No,1,9,$12.20,$29.56,$0.00,$0.00,$0.00,$0.00,$12.20,0
1159-OQCZSH-PRW,2,Male,68,16,8,Sales,No,Unmarried,1,"$178,000.00",7,0,Lease,Domestic,"$43,700",22,No,No,Mast,4,No,19,No,No,No,No,No,No,No,0,5,$22.60,$16.48,$0.00,$0.00,$0.00,$0.00,$22.60,0
1163-JCDRWZ-Q3K,4,Male,18,13,0,Professional,No,Married,5,"$38,000.00",0,1,Own,Domestic,"$10,600",25,Yes,No,Mast,0,No,21,Yes,No,Yes,No,No,No,No,1,7,$18.60,$25.52,$119.00,$149.04,$0.00,$0.00,$137.60,0
1167-QQWVVB-6PL,2,Male,39,13,15,Labor,No,Unmarried,2,"$102,000.00",6,0,NoCar,N/A,$0,24,Yes,Yes,Mast,21,No,18,Yes,No,No,Yes,Yes,No,Yes,0,69,$126.80,"$1,777.28",$191.20,"$2,619.64",$0.00,$0.00,$318.00,1
1167-TMYMHM-O7N,2,Male,45,20,6,Service,No,Unmarried,1,"$130,000.00",1,1,Own,Foreign,"$43,400",21,No,No,AMEX,25,Yes,12,Yes,Yes,No,No,Yes,Yes,Yes,0,48,$65.20,$600.68,$141.60,"$1,391.44",$124.75,"$1,372.68",$331.55,1
1168-SOZEIT-VZE,5,Female,32,14,5,Crafts,No,Married,5,"$50,000.00",0,0,Own,Foreign,"$11,800",23,No,No,Mast,11,No,19,No,Yes,No,Yes,Yes,No,Yes,0,26,$58.00,$296.36,$0.00,$0.00,$121.50,$807.06,$179.50,0
1170-CFEAPU-A8O,4,Male,27,17,1,Professional,No,Married,4,"$58,000.00",0,1,Own,Foreign,"$9,500",26,Yes,Yes,Disc,4,No,22,Yes,Yes,Yes,Yes,Yes,No,No,1,16,$34.40,$126.68,$206.80,$594.16,$206.25,$727.68,$447.45,1
1172-NLCGAD-404,5,Female,77,10,29,Labor,Yes,Married,2,"$44,000.00",1,1,Own,Domestic,"$13,600",17,Yes,No,Visa,33,No,27,No,No,No,Yes,Yes,No,Yes,0,65,$111.20,"$1,486.28",$0.00,$0.00,$0.00,$0.00,$111.20,0
1178-AUDRUI-EYS,2,Male,33,15,3,Professional,No,Unmarried,2,"$64,000.00",4,1,Own,Domestic,"$16,500",33,Yes,No,Mast,15,Yes,18,Yes,No,Yes,No,No,Yes,Yes,1,35,$44.80,$341.52,$90.40,$632.12,$0.00,$0.00,$135.20,0
1179-PEXZKS-9I5,5,Female,42,16,7,Professional,No,Married,2,"$46,000.00",1,1,Lease,Domestic,"$10,000",43,Yes,Yes,Visa,20,Yes,23,Yes,Yes,Yes,Yes,Yes,Yes,No,0,41,$35.20,$300.36,$131.60,"$1,073.60",$169.75,"$1,564.56",$336.55,1
1180-HTEUWU-TUM,2,Male,57,12,13,Professional,No,Unmarried,1,"$88,000.00",5,1,NoCar,N/A,$0,21,No,No,Mast,27,Yes,18,No,No,No,No,No,No,Yes,0,61,$79.80,$949.24,$0.00,$0.00,$0.00,$0.00,$79.80,0
1181-IYWSXJ-S0C,1,Female,28,10,1,Sales,No,Married,3,"$50,000.00",8,1,Own,Domestic,"$11,500",25,No,No,Othe,10,Yes,26,Yes,No,No,No,No,No,Yes,0,69,$156.80,"$2,146.52",$112.60,"$1,525.08",$0.00,$0.00,$269.40,0
1185-HDYZLU-09O,5,Female,68,11,11,Sales,Yes,Married,2,"$22,000.00",4,0,NoCar,N/A,$0,29,No,Yes,Visa,29,Yes,18,No,No,No,No,No,No,No,1,62,$48.60,$549.68,$0.00,$0.00,$0.00,$0.00,$48.60,0
1185-TSMRSF-VPA,1,Male,55,9,13,Professional,No,Unmarried,2,"$78,000.00",0,1,Own,Foreign,"$14,900",18,No,No,Mast,21,No,27,No,No,No,Yes,Yes,No,Yes,0,39,$33.60,$202.52,$0.00,$0.00,$0.00,$0.00,$33.60,0
1186-FFWZON-B0L,2,Female,54,10,8,Sales,No,Unmarried,1,"$82,000.00",0,1,Lease,Domestic,"$19,600",23,No,No,Mast,14,Yes,26,No,No,No,No,No,No,No,1,38,$11.60,$95.28,$0.00,$0.00,$0.00,$0.00,$11.60,0
1189-ZTXTHP-D6Z,1,Male,75,23,14,Professional,No,Unmarried,1,"$136,000.00",5,1,Own,Domestic,"$43,800",21,No,Yes,Disc,14,Yes,23,No,Yes,Yes,Yes,Yes,Yes,No,0,26,$30.00,$147.96,$0.00,$0.00,$181.25,"$1,025.76",$211.25,0
1191-EGQJHO-ZJQ,5,Female,63,15,9,Sales,Yes,Married,2,"$34,000.00",9,1,Own,Foreign,"$7,100",22,No,No,Visa,17,No,13,No,No,No,No,No,No,Yes,0,36,$49.20,$348.12,$0.00,$0.00,$0.00,$0.00,$49.20,0
1193-VCEOCQ-9X5,5,Female,34,8,14,Crafts,No,Married,5,"$50,000.00",2,0,Own,Domestic,"$8,400",35,No,Yes,Disc,16,Yes,20,No,No,No,Yes,Yes,No,Yes,0,44,$79.80,$657.44,$0.00,$0.00,$0.00,$0.00,$79.80,0
1194-DZIFQY-VCA,4,Female,58,16,15,Professional,No,Unmarried,1,"$112,000.00",4,1,Own,Foreign,"$56,300",27,No,No,Mast,35,No,24,Yes,No,No,No,No,No,Yes,1,68,$99.20,"$1,330.80",$169.60,"$2,211.76",$0.00,$0.00,$268.80,0
1196-GAUURS-3CL,2,Male,46,14,11,Professional,No,Unmarried,1,"$113,000.00",2,1,Own,Foreign,"$38,000",23,No,Yes,AMEX,10,Yes,19,Yes,No,No,No,No,Yes,No,0,31,$36.60,$236.96,$123.80,$710.32,$0.00,$0.00,$160.40,0
1196-LXFRGW-4PI,5,Female,35,16,0,Sales,No,Married,2,"$76,000.00",0,1,NoCar,N/A,$0,21,No,Yes,Visa,5,Yes,22,No,No,No,Yes,No,No,No,0,7,$29.80,$41.68,$0.00,$0.00,$0.00,$0.00,$29.80,0
1198-GCOWXL-LC9,1,Male,23,13,4,Crafts,No,Married,4,"$56,000.00",9,1,Own,Foreign,"$16,400",16,No,No,Disc,5,Yes,25,No,No,No,No,No,No,Yes,0,56,$71.60,$846.16,$0.00,$0.00,$0.00,$0.00,$71.60,0
1202-YUYPSH-XCC,1,Male,57,13,24,Agriculture,No,Unmarried,1,"$102,000.00",3,1,Own,Domestic,"$29,200",24,Yes,Yes,Disc,35,No,15,No,No,No,No,Yes,No,Yes,0,61,$68.00,$868.08,$0.00,$0.00,$0.00,$0.00,$68.00,0
1205-KEKOES-N5G,1,Male,53,20,4,Sales,No,Married,2,"$84,000.00",5,1,Own,Domestic,"$26,200",31,No,No,Visa,36,Yes,20,Yes,Yes,Yes,Yes,Yes,Yes,Yes,0,60,$84.60,"$1,010.12",$197.20,"$2,411.52",$245.75,"$3,235.38",$527.55,1
1208-OTGYIY-ISM,1,Female,50,17,14,Service,No,Married,2,"$142,000.00",4,1,Own,Domestic,"$54,200",26,No,No,Visa,6,Yes,27,Yes,No,No,Yes,Yes,No,No,0,12,$11.60,$27.88,$108.00,$230.52,$0.00,$0.00,$119.60,0
1210-DFERRV-YE6,3,Male,40,14,2,Professional,No,Unmarried,1,"$44,000.00",0,1,NoCar,N/A,$0,19,No,No,Mast,6,No,28,No,No,No,No,No,No,No,0,21,$25.20,$107.16,$0.00,$0.00,$0.00,$0.00,$25.20,0
1216-GMTFVY-OY2,2,Female,25,13,4,Labor,No,Unmarried,1,"$44,000.00",1,1,Lease,Foreign,"$11,400",29,Yes,Yes,Mast,7,No,25,No,No,No,No,No,No,Yes,0,26,$25.00,$143.00,$0.00,$0.00,$0.00,$0.00,$25.00,0
1216-WSOBDB-69I,3,Female,47,17,3,Sales,No,Married,5,"$142,000.00",2,1,Own,Foreign,"$20,200",18,Yes,No,AMEX,29,No,29,No,No,No,No,No,No,Yes,0,60,$83.20,"$1,006.56",$0.00,$0.00,$0.00,$0.00,$83.20,0
1217-RBIJEZ-G6B,3,Male,60,15,3,Sales,No,Unmarried,2,"$60,000.00",0,1,Own,Domestic,"$19,800",20,No,Yes,Disc,2,Yes,20,Yes,No,No,No,Yes,Yes,No,0,5,$14.40,$18.00,$113.40,$80.52,$0.00,$0.00,$127.80,0
1220-OBCQPF-HFH,5,Male,69,17,17,Service,No,Unmarried,1,"$92,000.00",2,0,Own,Domestic,"$12,400",22,Yes,No,Visa,21,No,18,No,No,Yes,Yes,Yes,No,Yes,1,46,$26.60,$229.60,$0.00,$0.00,$0.00,$0.00,$26.60,0
1222-SFCCQL-HLR,5,Female,78,18,37,Agriculture,Yes,Unmarried,1,"$34,000.00",1,1,Lease,Foreign,"$8,900",19,Yes,No,Disc,27,No,18,No,No,No,Yes,No,No,Yes,0,59,$47.40,$570.08,$0.00,$0.00,$0.00,$0.00,$47.40,0
1224-JIXCKY-WER,1,Female,73,13,18,Professional,No,Married,4,"$92,000.00",12,0,Own,Domestic,"$20,900",30,No,No,Disc,40,No,19,No,No,No,No,No,No,Yes,0,72,$367.80,"$5,250.00",$0.00,$0.00,$0.00,$0.00,$367.80,1
1226-LBGDPO-XZ6,4,Male,71,11,9,Sales,Yes,Married,2,"$22,000.00",0,0,Lease,Foreign,"$7,200",24,No,No,Visa,38,No,15,No,Yes,Yes,Yes,Yes,No,Yes,0,71,$110.80,"$1,542.76",$0.00,$0.00,$194.00,"$3,276.48",$304.80,1
1226-OKZENG-YMZ,5,Female,56,14,3,Sales,No,Married,2,"$62,000.00",1,1,Own,Foreign,"$18,100",16,No,Yes,Disc,14,No,28,Yes,No,No,Yes,Yes,No,Yes,0,26,$40.40,$216.96,$114.80,$555.76,$0.00,$0.00,$155.20,0
1227-UVXTFQ-LIH,5,Male,60,15,13,Sales,No,Unmarried,1,"$142,000.00",3,0,Own,Foreign,"$70,800",28,No,Yes,Visa,39,No,32,No,No,No,Yes,Yes,Yes,Yes,0,72,$102.20,"$1,420.60",$0.00,$0.00,$0.00,$0.00,$102.20,0
1228-QERHZX-R5A,5,Male,34,20,4,Service,No,Married,5,"$84,000.00",5,1,Own,Foreign,"$23,300",32,No,No,Visa,16,Yes,16,Yes,Yes,Yes,Yes,Yes,Yes,No,0,44,$36.40,$321.44,$210.60,"$1,829.08",$286.00,"$3,049.92",$533.00,1
1230-EGVSOA-POF,4,Female,36,19,5,Service,No,Married,3,"$160,000.00",1,0,NoCar,N/A,$0,29,Yes,Yes,Disc,8,Yes,20,No,No,No,No,No,Yes,Yes,0,27,$56.20,$258.04,$0.00,$0.00,$0.00,$0.00,$56.20,0
1233-HYIQUW-R97,5,Female,73,7,9,Professional,No,Unmarried,1,"$50,000.00",4,0,Lease,Domestic,"$14,400",29,Yes,Yes,Mast,16,Yes,26,No,No,No,No,No,No,Yes,0,37,$24.40,$175.52,$0.00,$0.00,$0.00,$0.00,$24.40,0
1234-QJMHAW-ZVY,3,Male,49,14,2,Sales,No,Married,6,"$46,000.00",2,1,Own,Domestic,"$13,900",25,No,No,AMEX,17,No,22,No,No,No,No,No,Yes,Yes,0,48,$36.40,$363.32,$0.00,$0.00,$0.00,$0.00,$36.40,0
1238-AJDOQQ-RYL,3,Male,36,19,3,Sales,No,Married,2,"$142,000.00",2,1,Own,Domestic,"$31,500",18,No,Yes,AMEX,18,Yes,23,Yes,Yes,Yes,Yes,No,No,Yes,0,64,$71.40,$923.00,$163.80,"$2,040.72",$144.75,"$2,192.64",$379.95,1
1238-OJWCMS-SF4,3,Male,28,8,6,Service,No,Married,5,"$52,000.00",0,1,Own,Domestic,"$13,300",35,No,No,Visa,8,Yes,22,No,No,No,Yes,Yes,No,No,0,10,$23.80,$36.88,$0.00,$0.00,$0.00,$0.00,$23.80,0
1241-AFAQMV-XB1,5,Female,44,12,20,Labor,No,Married,2,"$108,000.00",1,1,Own,Foreign,"$30,100",25,Yes,Yes,Mast,7,Yes,27,Yes,Yes,No,Yes,Yes,Yes,Yes,0,12,$23.60,$58.60,$122.40,$256.88,$120.50,$324.30,$266.50,0
1241-BECLPB-0DV,5,Female,26,15,1,Professional,No,Married,3,"$60,000.00",4,1,Own,Foreign,"$17,900",31,No,No,Mast,8,No,25,No,No,No,Yes,Yes,No,No,1,25,$35.40,$186.80,$0.00,$0.00,$0.00,$0.00,$35.40,0
1248-ATKOWR-PNB,5,Male,22,10,2,Sales,No,Married,4,"$32,000.00",7,1,Lease,Domestic,"$8,000",33,No,No,Othe,4,Yes,20,No,No,No,No,Yes,No,No,1,12,$25.20,$80.72,$0.00,$0.00,$0.00,$0.00,$25.20,0
1251-AVSPOX-JQQ,5,Male,68,14,9,Sales,No,Married,2,"$26,000.00",1,1,Lease,Foreign,"$8,200",25,Yes,No,Disc,18,No,31,Yes,Yes,Yes,Yes,Yes,No,Yes,0,46,$34.20,$334.16,$236.20,"$2,099.16",$174.25,"$1,930.62",$444.65,1
1251-ETTBBE-0L5,1,Female,31,13,10,Crafts,No,Married,4,"$68,000.00",0,1,Own,Domestic,"$18,100",18,No,Yes,Visa,13,No,25,Yes,No,No,No,No,Yes,No,1,44,$60.20,$520.64,$132.00,"$1,125.36",$0.00,$0.00,$192.20,0
1251-RESMMB-YF9,2,Female,54,18,9,Professional,No,Married,2,"$160,000.00",6,1,Own,Domestic,"$54,600",26,No,Yes,AMEX,31,Yes,27,Yes,Yes,Yes,Yes,Yes,Yes,Yes,0,60,$65.60,$788.96,$219.60,"$2,634.68",$249.00,"$3,435.60",$534.20,1
1252-CDBPQY-4PH,2,Female,30,14,1,Sales,No,Married,4,"$68,000.00",3,1,Own,Domestic,"$11,100",37,No,Yes,Visa,12,Yes,32,No,No,No,Yes,Yes,No,Yes,0,70,$131.20,"$1,839.48",$0.00,$0.00,$0.00,$0.00,$131.20,0
1252-QTHRSG-RSZ,4,Male,44,12,2,Sales,No,Unmarried,1,"$82,000.00",3,1,Own,Domestic,"$15,800",32,Yes,No,Visa,7,No,20,No,No,No,No,No,No,No,0,11,$32.20,$78.08,$0.00,$0.00,$0.00,$0.00,$32.20,0
1265-HJKYRM-QBZ,4,Male,23,10,0,Sales,No,Married,7,"$58,000.00",1,1,Own,Foreign,"$14,200",23,No,No,AMEX,5,Yes,19,No,No,No,No,Yes,No,No,0,42,$33.40,$282.92,$0.00,$0.00,$0.00,$0.00,$33.40,0
1267-TVPTNR-N76,4,Female,47,10,11,Service,No,Married,3,"$92,000.00",1,1,Own,Foreign,"$24,000",25,No,No,Mast,26,No,23,Yes,No,No,No,No,No,Yes,0,55,$39.00,$428.12,$95.20,"$1,015.16",$0.00,$0.00,$134.20,0
1269-PDECAF-N66,3,Male,79,11,20,Sales,Yes,Married,2,"$24,000.00",6,0,Lease,Domestic,"$7,500",21,No,No,Visa,39,Yes,20,Yes,Yes,Yes,Yes,Yes,Yes,Yes,0,72,$100.00,"$1,518.20",$216.20,"$3,139.16",$233.75,"$3,971.88",$549.95,1
1273-JXXZQT-JLN,4,Female,39,17,1,Sales,No,Married,5,"$44,000.00",4,1,Own,Foreign,"$11,900",21,No,No,Visa,3,No,21,No,No,No,Yes,No,No,No,0,8,$17.40,$30.76,$0.00,$0.00,$0.00,$0.00,$17.40,0
1273-MSAUOB-2O9,5,Male,25,19,0,Service,No,Unmarried,1,"$62,000.00",1,1,Own,Foreign,"$17,100",26,Yes,Yes,Mast,8,No,24,Yes,No,No,No,Yes,Yes,No,0,15,$33.20,$98.52,$105.00,$292.08,$0.00,$0.00,$138.20,0
1274-EPBWXJ-NGO,3,Female,54,20,5,Professional,No,Married,4,"$111,000.00",3,0,Own,Domestic,"$56,400",27,No,No,AMEX,27,No,16,No,No,No,No,No,No,Yes,0,59,$47.00,$509.12,$0.00,$0.00,$0.00,$0.00,$47.00,0
1276-WYEMRN-BP6,5,Female,76,15,3,Sales,No,Unmarried,1,"$78,000.00",3,0,Own,Foreign,"$18,500",24,No,No,Disc,5,No,15,Yes,Yes,Yes,Yes,Yes,No,No,0,16,$28.00,$99.72,$200.40,$563.00,$248.25,$844.68,$476.65,1
1277-XWDTLJ-3W5,5,Female,27,18,2,Agriculture,No,Unmarried,1,"$70,000.00",14,0,Own,Foreign,"$10,200",23,No,Yes,Disc,8,No,17,No,No,No,No,No,No,No,1,12,$11.20,$38.52,$0.00,$0.00,$0.00,$0.00,$11.20,0
1279-AFXVPD-MW2,3,Male,62,14,13,Professional,No,Married,3,"$128,000.00",6,0,Own,Domestic,"$30,800",22,Yes,Yes,Visa,27,Yes,9,No,Yes,No,Yes,Yes,No,Yes,1,60,$83.40,"$1,012.96",$0.00,$0.00,$188.00,"$2,759.76",$271.40,0
1279-LEVTHB-FES,3,Female,21,16,0,Sales,No,Married,2,"$42,000.00",0,1,Lease,Foreign,"$10,300",34,No,No,Visa,3,No,25,No,Yes,Yes,Yes,Yes,No,No,1,23,$39.00,$192.64,$0.00,$0.00,$157.50,$854.94,$196.50,0
1279-NZUIEV-QK5,3,Male,49,13,3,Professional,No,Unmarried,2,"$62,000.00",0,1,Own,Domestic,"$13,700",18,No,Yes,Disc,3,No,18,No,No,No,Yes,Yes,No,No,1,7,$26.20,$27.72,$0.00,$0.00,$0.00,$0.00,$26.20,0
1280-MUTTGL-G5A,3,Male,77,18,21,Service,Yes,Married,2,"$50,000.00",6,1,Own,Foreign,"$13,900",25,No,Yes,AMEX,30,No,22,Yes,No,No,No,No,No,Yes,1,61,$90.60,"$1,122.80",$103.80,"$1,253.20",$0.00,$0.00,$194.40,0
1286-EQMWVG-OBK,4,Female,27,20,0,Professional,No,Married,4,"$54,000.00",2,1,Own,Foreign,"$15,200",31,No,Yes,Mast,5,Yes,27,Yes,Yes,Yes,No,No,Yes,No,0,10,$15.40,$34.56,$143.00,$272.96,$122.50,$264.30,$280.90,1
1288-WWCLMX-XI6,5,Male,54,11,11,Sales,No,Married,5,"$74,000.00",2,1,Own,Foreign,"$13,100",29,No,No,Visa,22,No,17,No,No,No,Yes,Yes,No,No,0,47,$38.20,$402.44,$0.00,$0.00,$0.00,$0.00,$38.20,0
1294-NNEKWN-CBW,3,Male,34,15,3,Professional,No,Married,4,"$74,000.00",0,0,Own,Domestic,"$22,400",19,No,Yes,Mast,16,No,21,No,No,No,Yes,Yes,No,No,0,49,$27.40,$271.48,$0.00,$0.00,$0.00,$0.00,$27.40,0
1310-LEPNNA-W5A,1,Male,74,16,7,Sales,No,Unmarried,1,"$184,000.00",10,1,Own,Foreign,"$57,300",27,Yes,No,Disc,20,No,22,No,No,No,No,Yes,No,No,0,55,$41.00,$427.64,$0.00,$0.00,$0.00,$0.00,$41.00,0
1312-AGEWUT-PR7,4,Male,25,13,4,Service,No,Unmarried,1,"$40,000.00",0,1,Own,Foreign,"$10,600",30,No,Yes,Visa,4,Yes,16,No,No,Yes,Yes,Yes,No,No,0,6,$29.00,$29.00,$0.00,$0.00,$0.00,$0.00,$29.00,0
1312-WAMVXG-AYX,5,Male,40,12,4,Professional,No,Unmarried,1,"$62,000.00",0,0,Own,Foreign,"$13,200",22,No,Yes,Visa,10,No,19,No,No,No,No,Yes,No,No,0,17,$31.60,$111.08,$0.00,$0.00,$0.00,$0.00,$31.60,0
1317-OEYPNM-WZ4,3,Female,79,13,10,Professional,Yes,Unmarried,1,"$18,000.00",0,1,NoCar,N/A,$0,23,No,Yes,Visa,33,Yes,18,No,No,No,No,No,No,Yes,0,61,$58.20,$734.44,$0.00,$0.00,$0.00,$0.00,$58.20,0
1321-FAHMBA-8RX,3,Male,31,16,1,Sales,No,Unmarried,1,"$64,000.00",1,1,Own,Foreign,"$13,700",23,No,Yes,Disc,13,No,20,Yes,Yes,Yes,No,Yes,Yes,No,1,46,$52.20,$463.28,$173.20,"$1,587.32",$233.50,"$2,582.76",$458.90,1
1324-NCYPKT-S21,2,Female,70,20,5,Sales,No,Married,3,"$132,000.00",2,1,Own,Domestic,"$36,000",25,No,Yes,Mast,26,Yes,21,No,No,No,No,No,No,No,0,54,$43.80,$528.72,$0.00,$0.00,$0.00,$0.00,$43.80,0
1324-WLMPHA-JYH,3,Female,74,11,13,Professional,Yes,Unmarried,1,"$28,000.00",10,1,Own,Foreign,"$6,300",19,No,Yes,Othe,31,No,28,No,No,No,No,No,No,Yes,0,65,$128.60,"$1,724.92",$0.00,$0.00,$0.00,$0.00,$128.60,0
1325-PLQQRI-ZNN,5,Female,41,20,7,Labor,No,Married,4,"$118,000.00",10,1,Own,Domestic,"$30,900",35,No,Yes,Mast,10,No,15,Yes,Yes,Yes,Yes,No,Yes,Yes,0,33,$56.60,$393.96,$155.40,$990.12,$134.50,"$1,025.64",$346.50,1
1325-WNHELB-GHQ,4,Male,69,15,29,Crafts,Yes,Married,2,"$30,000.00",0,0,Lease,Foreign,"$6,000",19,No,No,AMEX,14,No,21,No,No,No,Yes,Yes,No,No,0,27,$24.60,$152.08,$0.00,$0.00,$0.00,$0.00,$24.60,0
1326-VLTUIX-GDO,1,Female,32,21,0,Sales,No,Unmarried,1,"$110,000.00",0,1,Own,Domestic,"$28,900",23,Yes,No,AMEX,14,No,21,Yes,Yes,Yes,Yes,No,Yes,Yes,0,19,$27.80,$99.48,$188.80,$661.00,$217.75,$962.40,$434.35,1
1328-COSEHH-9QZ,2,Female,47,18,11,Professional,No,Unmarried,2,"$180,000.00",0,0,Own,Domestic,"$38,600",36,No,Yes,Visa,5,No,22,Yes,Yes,Yes,Yes,Yes,Yes,No,0,25,$15.60,$75.80,$164.00,$732.28,$222.25,"$1,209.54",$401.85,1
1328-FSHKMU-DEN,5,Male,55,13,27,Agriculture,No,Unmarried,1,"$259,000.00",7,1,Own,Foreign,"$93,400",34,No,Yes,AMEX,11,Yes,26,Yes,No,No,No,No,Yes,No,0,26,$33.00,$146.88,$91.40,$476.76,$0.00,$0.00,$124.40,0
1329-JIXMXF-UJ3,5,Male,73,9,28,Sales,Yes,Unmarried,1,"$30,000.00",0,1,Lease,Foreign,"$8,100",26,Yes,Yes,Mast,40,Yes,17,No,No,No,No,Yes,No,Yes,1,72,$175.40,"$2,446.04",$0.00,$0.00,$0.00,$0.00,$175.40,0
1329-PZMMVQ-B2C,5,Male,76,13,14,Sales,No,Unmarried,1,"$84,000.00",0,1,Own,Domestic,"$23,200",22,Yes,Yes,Disc,24,No,21,No,No,No,No,No,No,Yes,0,45,$43.20,$428.12,$0.00,$0.00,$0.00,$0.00,$43.20,0
1330-DSMYKA-BX7,3,Male,48,15,7,Sales,No,Married,2,"$148,000.00",0,1,Own,Foreign,"$39,900",26,Yes,No,AMEX,6,No,20,No,Yes,Yes,Yes,Yes,No,No,0,14,$41.40,$116.48,$0.00,$0.00,$153.00,$451.50,$194.40,0
1335-XRUKVB-2ZH,1,Female,49,14,11,Labor,No,Married,4,"$132,000.00",6,1,Own,Domestic,"$26,300",25,No,No,Mast,31,Yes,25,Yes,Yes,Yes,Yes,Yes,Yes,Yes,1,68,$125.20,"$1,689.68",$197.40,"$2,644.32",$187.75,"$2,853.00",$510.35,1
1336-ITNYBO-UNI,4,Female,58,15,19,Service,No,Married,2,"$138,000.00",1,1,Own,Foreign,"$39,000",26,Yes,Yes,Disc,17,No,21,Yes,Yes,Yes,Yes,No,Yes,Yes,1,47,$62.00,$620.60,$175.00,"$1,652.72",$252.50,"$2,897.82",$489.50,1
1341-ZSKCOA-3SH,3,Female,22,17,0,Labor,No,Unmarried,2,"$72,000.00",2,1,NoCar,N/A,$0,23,No,Yes,Visa,2,Yes,19,Yes,No,No,No,No,No,No,0,2,$22.40,$9.20,$72.80,$16.04,$0.00,$0.00,$95.20,0
1342-QFNQIM-23L,1,Male,61,19,20,Crafts,No,Married,2,"$211,000.00",1,1,Own,Domestic,"$86,800",18,No,No,Mast,36,Yes,17,No,No,No,No,No,No,Yes,0,71,$98.40,"$1,377.36",$0.00,$0.00,$0.00,$0.00,$98.40,0
1343-HIYHSB-ZO9,5,Female,34,10,12,Agriculture,No,Married,4,"$58,000.00",0,0,Own,Foreign,"$16,300",33,No,Yes,Visa,16,No,23,No,No,No,No,No,No,Yes,0,66,$52.20,$622.80,$0.00,$0.00,$0.00,$0.00,$52.20,0
1343-HJJBCT-RGG,2,Female,59,16,31,Agriculture,No,Unmarried,1,"$257,000.00",1,0,Own,Domestic,"$93,700",30,No,No,Mast,21,No,19,Yes,Yes,Yes,No,Yes,Yes,No,1,35,$27.20,$179.64,$160.80,"$1,087.12",$231.25,"$1,799.88",$419.25,1
1345-ENBSLG-BJK,2,Male,28,13,8,Crafts,No,Unmarried,1,"$58,000.00",2,0,NoCar,N/A,$0,28,No,Yes,AMEX,11,Yes,18,No,No,No,No,No,Yes,No,0,28,$20.00,$129.96,$0.00,$0.00,$0.00,$0.00,$20.00,0
1347-ISWUYP-N5R,3,Female,57,17,17,Labor,Yes,Unmarried,1,"$24,000.00",1,1,Own,Foreign,"$7,100",22,Yes,Yes,AMEX,23,Yes,24,No,No,Yes,Yes,Yes,No,No,0,50,$83.40,$824.32,$0.00,$0.00,$0.00,$0.00,$83.40,0
1350-YEDEZZ-IW5,2,Male,44,9,4,Sales,No,Unmarried,3,"$60,000.00",13,1,Own,Foreign,"$12,100",24,Yes,No,Othe,17,Yes,19,Yes,Yes,Yes,Yes,Yes,No,Yes,0,28,$21.60,$103.84,$154.00,$830.28,$122.75,$821.16,$298.35,1
1351-APLKEM-62K,3,Male,32,12,2,Professional,No,Unmarried,1,"$58,000.00",6,0,Lease,Foreign,"$14,000",31,Yes,Yes,Disc,6,Yes,20,No,No,No,Yes,Yes,No,No,1,11,$15.80,$36.96,$0.00,$0.00,$0.00,$0.00,$15.80,0
1352-ICMDJF-IEH,5,Male,26,18,1,Service,No,Married,5,"$92,000.00",0,1,Own,Foreign,"$27,700",25,No,Yes,AMEX,8,No,21,No,No,Yes,Yes,Yes,No,No,0,29,$50.80,$271.88,$0.00,$0.00,$0.00,$0.00,$50.80,0
1360-WHYBEX-2PN,2,Female,51,17,20,Crafts,No,Married,2,"$124,000.00",7,0,Own,Foreign,"$28,800",26,Yes,No,Visa,1,No,17,No,No,No,No,No,Yes,No,0,3,$14.00,$9.48,$0.00,$0.00,$0.00,$0.00,$14.00,0
1361-JXVBMV-6B8,4,Male,24,14,2,Service,No,Unmarried,1,"$54,000.00",0,0,Own,Domestic,"$11,900",18,Yes,No,Visa,6,Yes,20,Yes,No,No,No,No,No,Yes,0,58,$119.80,"$1,352.92",$125.80,"$1,474.80",$0.00,$0.00,$245.60,0
1365-PWONHV-GEQ,1,Female,50,19,14,Labor,No,Unmarried,1,"$120,000.00",6,1,Own,Domestic,"$31,600",26,Yes,Yes,Mast,32,Yes,30,Yes,Yes,Yes,Yes,Yes,Yes,Yes,1,62,$118.20,"$1,430.88",$191.20,"$2,354.52",$278.25,"$4,183.74",$587.65,1
1369-JQWTFW-L3G,5,Female,63,13,1,Sales,No,Unmarried,1,"$46,000.00",5,1,Own,Domestic,"$12,100",27,No,Yes,Visa,7,No,16,No,No,No,No,Yes,No,No,0,25,$22.80,$123.04,$0.00,$0.00,$0.00,$0.00,$22.80,0
1370-VRUSTM-3SJ,2,Female,75,11,26,Service,Yes,Married,2,"$48,000.00",0,1,NoCar,N/A,$0,29,Yes,No,Visa,36,No,25,No,No,No,No,No,No,Yes,0,71,$99.00,"$1,390.80",$0.00,$0.00,$0.00,$0.00,$99.00,0
1372-QLEMRX-D6S,3,Female,35,21,3,Service,No,Married,3,"$70,000.00",5,1,NoCar,N/A,$0,28,Yes,No,AMEX,12,No,23,Yes,Yes,Yes,Yes,No,Yes,No,0,20,$17.20,$76.88,$132.40,$471.04,$138.75,$682.44,$288.35,1
1379-OHIPUQ-6GN,2,Male,39,19,3,Professional,No,Unmarried,1,"$104,000.00",12,1,Own,Domestic,"$30,300",26,No,No,Visa,13,Yes,19,Yes,Yes,Yes,Yes,Yes,Yes,No,1,42,$9.80,$93.08,$254.60,"$2,206.00",$313.00,"$3,051.36",$577.40,1
1380-JHNOCX-S0J,1,Female,29,19,1,Professional,No,Unmarried,1,"$70,000.00",4,1,Own,Domestic,"$12,600",30,Yes,No,Visa,11,Yes,18,Yes,Yes,Yes,Yes,Yes,Yes,Yes,1,40,$37.20,$299.76,$229.00,"$1,674.00",$311.75,"$2,863.50",$577.95,1
1382-WYHHUX-JRX,5,Female,36,12,10,Agriculture,No,Unmarried,2,"$96,000.00",10,1,Own,Domestic,"$23,500",15,No,No,Visa,18,Yes,24,No,No,No,No,No,No,Yes,1,62,$56.40,$741.84,$0.00,$0.00,$0.00,$0.00,$56.40,0
1383-AGUJAQ-A6E,1,Female,36,17,8,Crafts,No,Married,2,"$100,000.00",6,1,Own,Foreign,"$34,900",18,No,No,Disc,18,Yes,10,Yes,Yes,Yes,Yes,Yes,Yes,Yes,0,48,$38.60,$356.88,$197.00,"$1,886.32",$348.00,"$3,843.60",$583.60,1
1386-HYBNQI-7UZ,3,Female,61,10,22,Service,No,Unmarried,1,"$123,000.00",7,1,Own,Domestic,"$66,000",22,Yes,No,AMEX,37,No,15,No,No,No,Yes,Yes,No,Yes,0,68,$62.40,$855.96,$0.00,$0.00,$0.00,$0.00,$62.40,0
1387-YTTEPG-UWM,5,Male,66,13,25,Labor,Yes,Married,2,"$36,000.00",2,0,Own,Domestic,"$8,500",35,No,No,Visa,7,No,21,No,No,No,No,No,No,No,0,18,$21.20,$56.12,$0.00,$0.00,$0.00,$0.00,$21.20,0
1388-XGLTIZ-04L,4,Male,21,16,0,Agriculture,No,Married,4,"$76,000.00",0,1,Own,Domestic,"$22,600",17,No,No,Mast,3,Yes,18,Yes,No,No,Yes,No,No,Yes,0,10,$21.40,$41.68,$102.80,$181.36,$0.00,$0.00,$124.20,0
1392-BQUNUJ-M9C,3,Male,36,15,2,Professional,No,Unmarried,1,"$198,000.00",7,1,Own,Foreign,"$56,200",23,Yes,No,Mast,15,No,16,No,No,No,Yes,Yes,No,No,1,35,$58.00,$405.40,$0.00,$0.00,$0.00,$0.00,$58.00,0
1393-BYEGCB-TB0,5,Female,37,21,2,Sales,No,Unmarried,1,"$147,000.00",5,1,Own,Foreign,"$82,800",21,No,Yes,Mast,2,No,17,Yes,Yes,Yes,Yes,Yes,Yes,No,0,8,$23.00,$44.32,$171.20,$251.52,$145.00,$232.92,$339.20,1
1396-NUQYXY-TWM,2,Male,45,16,15,Labor,No,Married,2,"$110,000.00",1,0,Own,Domestic,"$29,400",23,Yes,Yes,Disc,26,Yes,13,Yes,No,No,No,No,No,Yes,0,47,$72.40,$725.56,$94.80,$879.64,$0.00,$0.00,$167.20,0
1396-PZLGFC-LGF,1,Female,79,17,15,Professional,Yes,Unmarried,1,"$36,000.00",0,0,Lease,Foreign,"$13,500",18,Yes,No,AMEX,17,Yes,20,No,No,Yes,Yes,Yes,Yes,Yes,0,48,$23.80,$223.44,$0.00,$0.00,$0.00,$0.00,$23.80,0
1397-CUBVEB-XCW,2,Male,66,13,13,Sales,Yes,Married,2,"$36,000.00",0,0,Lease,Domestic,"$5,600",33,No,No,Mast,30,No,20,Yes,No,Yes,Yes,No,Yes,Yes,0,60,$93.60,"$1,121.60",$173.20,"$2,074.08",$0.00,$0.00,$266.80,0
1399-TKHYPQ-CB4,4,Female,46,15,4,Professional,No,Unmarried,2,"$118,000.00",1,1,Own,Domestic,"$28,000",18,No,No,Visa,16,No,19,Yes,Yes,Yes,Yes,Yes,Yes,No,0,33,$35.40,$228.12,$176.40,"$1,170.84",$197.25,"$1,490.04",$409.05,1
1401-EKFFEL-5SJ,2,Male,49,14,10,Sales,No,Married,2,"$110,000.00",0,0,Own,Domestic,"$16,900",29,No,Yes,Visa,12,No,19,No,Yes,No,Yes,Yes,No,No,1,32,$48.00,$293.76,$0.00,$0.00,$161.00,"$1,248.72",$209.00,0
1402-OOREED-37L,2,Female,32,8,8,Crafts,No,Married,4,"$80,000.00",8,1,Own,Foreign,"$15,200",33,No,No,Mast,11,No,14,No,No,No,No,No,No,No,0,31,$31.40,$176.48,$0.00,$0.00,$0.00,$0.00,$31.40,0
1402-XVMJFP-FAT,5,Male,77,17,5,Sales,Yes,Unmarried,1,"$20,000.00",3,0,Lease,Foreign,"$5,000",30,Yes,Yes,Othe,36,No,19,No,No,No,No,No,No,Yes,0,65,$79.20,"$1,040.96",$0.00,$0.00,$0.00,$0.00,$79.20,0
1405-PZRQQU-MJF,3,Male,34,8,3,Professional,No,Married,5,"$56,000.00",3,1,Own,Domestic,"$13,600",30,No,Yes,AMEX,16,No,20,No,No,No,No,Yes,No,Yes,1,46,$49.60,$472.60,$0.00,$0.00,$0.00,$0.00,$49.60,0
1408-SHGWUX-3PP,5,Male,18,9,0,Professional,No,Married,3,"$30,000.00",0,0,Own,Foreign,"$6,800",28,No,No,AMEX,0,No,23,No,No,No,Yes,No,No,No,0,6,$26.60,$27.08,$0.00,$0.00,$0.00,$0.00,$26.60,0
1412-IVOLMS-APB,3,Female,26,15,0,Sales,No,Unmarried,1,"$84,000.00",5,1,Own,Domestic,"$16,700",18,No,No,AMEX,9,Yes,18,Yes,Yes,No,No,Yes,Yes,No,0,21,$46.60,$186.96,$180.40,$699.04,$226.50,"$1,035.90",$453.50,1
1413-SYXTVM-YFE,5,Male,56,12,14,Sales,No,Married,2,"$70,000.00",0,0,Own,Domestic,"$15,600",24,No,No,Visa,36,Yes,17,No,No,Yes,Yes,Yes,No,Yes,0,70,$100.80,"$1,468.12",$0.00,$0.00,$0.00,$0.00,$100.80,0
1414-AAECEB-G5D,1,Female,41,15,13,Crafts,No,Unmarried,3,"$108,000.00",3,0,Own,Foreign,"$28,200",26,Yes,Yes,Visa,12,No,19,No,No,No,Yes,Yes,No,No,1,27,$23.20,$110.08,$0.00,$0.00,$0.00,$0.00,$23.20,0
1414-UQOKXB-QKW,4,Female,37,15,1,Sales,No,Married,4,"$90,000.00",7,1,Own,Domestic,"$23,000",22,Yes,Yes,Mast,12,No,28,Yes,Yes,Yes,No,Yes,Yes,No,1,37,$19.80,$153.12,$176.20,"$1,279.96",$201.25,"$1,778.52",$397.25,1
1415-RPWLRQ-PKQ,4,Female,41,14,5,Professional,No,Married,2,"$88,000.00",0,1,Own,Domestic,"$21,700",39,No,Yes,Disc,11,No,14,No,No,No,No,No,No,No,0,35,$36.40,$255.48,$0.00,$0.00,$0.00,$0.00,$36.40,0
1416-DCKVMY-BIS,1,Male,20,15,0,Sales,No,Unmarried,1,"$90,000.00",3,0,Own,Domestic,"$23,600",33,Yes,No,Mast,2,Yes,34,No,No,No,Yes,No,Yes,No,0,13,$13.80,$27.08,$0.00,$0.00,$0.00,$0.00,$13.80,0
1422-SOIMEM-EIK,3,Male,34,20,3,Professional,No,Unmarried,2,"$125,000.00",0,1,NoCar,N/A,$0,28,Yes,No,AMEX,16,Yes,26,Yes,Yes,Yes,Yes,Yes,Yes,No,0,38,$48.40,$354.48,$277.60,"$2,079.80",$356.00,"$3,222.18",$682.00,1
1423-VFQTEB-8TJ,4,Male,46,20,5,Sales,No,Unmarried,1,"$122,000.00",2,1,Own,Foreign,"$62,000",16,No,Yes,Visa,18,Yes,18,Yes,No,No,Yes,No,No,Yes,0,36,$54.40,$429.12,$123.20,$846.88,$0.00,$0.00,$177.60,0
1425-JAFCJG-R12,2,Male,21,16,0,Sales,No,Married,5,"$34,000.00",1,1,Own,Foreign,"$8,000",25,Yes,Yes,Visa,3,Yes,18,No,Yes,Yes,Yes,Yes,Yes,Yes,0,20,$37.00,$174.00,$0.00,$0.00,$224.25,$905.40,$261.25,0
1426-IRWTBI-PKH,1,Female,44,16,9,Crafts,No,Married,3,"$82,000.00",1,1,Own,Foreign,"$21,100",30,No,No,Disc,26,Yes,19,Yes,Yes,No,No,No,Yes,Yes,0,70,$46.20,$605.96,$175.80,"$2,455.56",$186.25,"$3,047.52",$408.25,1
1427-IDHMZG-E0Q,3,Female,41,20,5,Professional,No,Unmarried,1,"$184,000.00",1,1,Own,Domestic,"$87,500",30,No,No,Disc,15,No,25,Yes,Yes,Yes,Yes,Yes,Yes,Yes,0,27,$18.20,$97.68,$182.40,$970.16,$244.50,"$1,515.60",$445.10,1
1429-IBJRVF-S3O,5,Male,32,12,4,Professional,No,Married,3,"$48,000.00",3,1,Own,Domestic,"$11,900",22,No,Yes,AMEX,3,Yes,20,No,No,No,Yes,No,No,No,0,7,$17.00,$23.72,$0.00,$0.00,$0.00,$0.00,$17.00,0
1430-CTJLTM-5MW,5,Female,27,19,1,Sales,No,Married,2,"$50,000.00",11,0,Own,Domestic,"$11,800",21,Yes,No,Mast,5,Yes,26,Yes,No,No,No,Yes,No,No,0,12,$23.60,$56.24,$105.40,$263.00,$0.00,$0.00,$129.00,0
1431-EMZZWE-21V,5,Male,41,19,6,Sales,No,Unmarried,5,"$186,000.00",4,1,Own,Domestic,"$43,100",40,No,No,Visa,11,Yes,19,Yes,Yes,Yes,Yes,Yes,Yes,No,0,26,$39.20,$185.12,$257.80,"$1,226.76",$387.25,"$2,302.86",$684.25,1
1432-DOEIXA-PSE,5,Male,72,20,2,Sales,Yes,Unmarried,1,"$54,000.00",0,0,Own,Domestic,"$10,600",24,Yes,No,AMEX,23,No,31,Yes,No,Yes,Yes,Yes,Yes,Yes,0,49,$32.60,$328.44,$149.20,"$1,408.80",$0.00,$0.00,$181.80,0
1433-UGBLZP-ZRQ,3,Male,78,19,26,Labor,Yes,Unmarried,1,"$20,000.00",4,0,Own,Domestic,"$4,800",29,Yes,Yes,Disc,10,Yes,0,Yes,Yes,Yes,Yes,Yes,Yes,No,0,26,$22.80,$136.36,$179.20,$860.36,$191.75,"$1,155.60",$393.75,1
1437-MTVOJE-68J,4,Male,37,13,5,Professional,No,Married,3,"$56,000.00",10,0,NoCar,N/A,$0,28,No,No,Disc,10,Yes,25,No,No,No,Yes,Yes,No,No,0,16,$17.20,$36.80,$0.00,$0.00,$0.00,$0.00,$17.20,0
1440-RJDTZI-UQW,2,Female,68,14,16,Labor,Yes,Unmarried,1,"$46,000.00",2,1,Lease,Domestic,"$8,700",20,Yes,No,Disc,38,No,21,No,No,No,No,No,Yes,Yes,0,71,$129.60,"$1,871.36",$0.00,$0.00,$0.00,$0.00,$129.60,0
1441-JNZRPW-8KQ,3,Female,30,13,8,Labor,No,Unmarried,1,"$98,000.00",2,1,Own,Domestic,"$28,800",34,No,Yes,Visa,2,No,18,No,No,No,No,No,Yes,No,0,3,$16.20,$8.92,$0.00,$0.00,$0.00,$0.00,$16.20,0
1444-EGXRTI-10R,3,Male,25,15,3,Labor,No,Unmarried,4,"$68,000.00",2,1,Own,Domestic,"$18,500",20,Yes,No,AMEX,5,Yes,18,No,No,No,No,No,No,No,1,18,$12.80,$37.60,$0.00,$0.00,$0.00,$0.00,$12.80,0
1446-EOSUKZ-KSJ,2,Male,18,13,0,Professional,No,Unmarried,3,"$48,000.00",0,0,Own,Foreign,"$14,600",27,No,Yes,Visa,0,No,19,No,Yes,Yes,Yes,Yes,Yes,No,1,8,$54.60,$86.44,$0.00,$0.00,$160.50,$293.22,$215.10,0
1450-QBPTGG-TTM,1,Male,42,17,4,Professional,No,Unmarried,1,"$158,000.00",2,0,Own,Foreign,"$38,700",23,Yes,Yes,Disc,14,Yes,19,Yes,No,No,No,No,Yes,No,0,30,$28.60,$172.84,$107.80,$612.20,$0.00,$0.00,$136.40,0
1451-QUVCZE-QRU,2,Female,77,18,44,Labor,Yes,Unmarried,1,"$162,000.00",1,1,Own,Foreign,"$93,900",24,Yes,Yes,Disc,40,No,21,No,No,No,No,No,Yes,Yes,0,72,$161.40,"$2,356.08",$0.00,$0.00,$0.00,$0.00,$161.40,0
1454-FTZAQZ-TIG,2,Female,77,10,24,Agriculture,Yes,Married,2,"$18,000.00",5,0,Lease,Domestic,"$3,400",38,Yes,No,AMEX,38,No,0,No,No,No,No,No,No,Yes,0,72,$178.60,"$2,560.32",$0.00,$0.00,$0.00,$0.00,$178.60,0
1454-NFDIPL-ST9,3,Female,46,9,1,Sales,No,Unmarried,1,"$64,000.00",4,1,Lease,Foreign,"$10,200",21,Yes,Yes,Visa,2,No,19,No,No,No,Yes,Yes,No,No,0,6,$12.00,$14.52,$0.00,$0.00,$0.00,$0.00,$12.00,0
1455-CIQJNU-YD3,3,Female,36,21,6,Crafts,No,Married,3,"$156,000.00",0,1,Own,Foreign,"$43,600",19,Yes,Yes,Disc,8,No,23,Yes,No,Yes,No,No,Yes,No,0,14,$21.80,$44.80,$107.20,$263.48,$0.00,$0.00,$129.00,0
1456-WRXMLK-KUA,5,Male,60,21,17,Service,No,Unmarried,1,"$106,000.00",5,1,Own,Domestic,"$44,000",39,No,Yes,Mast,30,No,20,Yes,Yes,Yes,Yes,Yes,Yes,Yes,0,57,$44.20,$483.64,$268.60,"$2,943.56",$460.50,"$6,175.92",$773.30,1
1456-XCYXNF-UGL,1,Male,30,13,2,Sales,No,Married,4,"$64,000.00",3,1,Own,Domestic,"$15,200",20,No,No,Disc,12,No,17,No,No,No,Yes,No,No,Yes,1,29,$21.20,$146.28,$0.00,$0.00,$0.00,$0.00,$21.20,0
1457-HBHXCK-UCV,5,Male,24,18,0,Sales,No,Unmarried,1,"$38,000.00",2,1,Own,Domestic,"$5,200",27,Yes,Yes,AMEX,6,Yes,15,Yes,Yes,Yes,Yes,Yes,Yes,Yes,0,41,$49.00,$373.56,$254.40,"$2,048.64",$243.25,"$2,342.70",$546.65,1
1458-OZFBTY-TB2,2,Male,49,14,4,Sales,No,Married,5,"$70,000.00",3,1,NoCar,N/A,$0,39,No,No,AMEX,27,Yes,13,No,No,No,No,No,No,Yes,0,44,$69.80,$619.12,$0.00,$0.00,$0.00,$0.00,$69.80,0
1462-OSIGEB-JHX,3,Male,79,19,39,Labor,Yes,Married,2,"$30,000.00",11,1,Lease,Domestic,"$9,500",31,No,No,AMEX,38,No,16,Yes,No,Yes,No,No,Yes,Yes,0,71,$98.00,"$1,366.20",$145.60,"$1,977.28",$0.00,$0.00,$243.60,0
1462-SXEVBW-VFB,4,Male,42,14,7,Professional,No,Unmarried,3,"$100,000.00",0,0,Lease,Foreign,"$17,500",20,Yes,No,AMEX,3,Yes,22,No,Yes,No,Yes,Yes,Yes,No,0,4,$18.80,$7.80,$0.00,$0.00,$169.00,$149.76,$187.80,0
1463-QKIGZO-L8V,5,Male,38,12,2,Sales,No,Unmarried,1,"$64,000.00",2,0,Own,Domestic,"$18,500",35,No,No,Disc,5,No,18,No,No,No,No,No,No,No,0,9,$22.20,$46.68,$0.00,$0.00,$0.00,$0.00,$22.20,0
1464-NIKEAI-3CE,3,Female,75,17,22,Service,Yes,Married,2,"$66,000.00",1,0,Own,Foreign,"$22,500",19,No,No,Disc,40,No,15,Yes,No,No,No,No,Yes,Yes,0,72,$267.60,"$3,777.48",$180.00,"$2,642.16",$0.00,$0.00,$447.60,1
1469-FTYFUO-OBS,4,Female,78,14,21,Sales,Yes,Unmarried,1,"$52,000.00",0,0,Lease,Foreign,"$12,700",15,Yes,No,Disc,35,Yes,18,No,No,No,No,Yes,No,Yes,0,68,$96.20,"$1,363.56",$0.00,$0.00,$0.00,$0.00,$96.20,0
1473-YDZVPG-DSP,4,Male,67,16,14,Sales,No,Unmarried,1,"$131,000.00",3,1,Own,Foreign,"$63,000",20,No,No,Disc,39,No,34,Yes,Yes,No,Yes,Yes,No,Yes,0,72,$336.00,"$4,924.28",$198.60,"$2,944.16",$258.00,"$4,291.44",$792.60,1
1475-AZQBFN-ROY,1,Male,54,19,21,Labor,No,Married,2,"$126,000.00",0,1,Own,Foreign,"$55,800",28,No,Yes,AMEX,36,No,18,Yes,No,No,No,No,Yes,Yes,1,72,$381.20,"$5,415.44",$246.20,"$3,579.12",$0.00,$0.00,$627.40,1
1476-ZJSUZO-GSO,4,Female,53,16,14,Service,No,Unmarried,1,"$142,000.00",5,0,Own,Domestic,"$73,200",25,No,No,Visa,7,Yes,12,Yes,Yes,No,Yes,Yes,No,Yes,0,29,$37.80,$192.12,$170.80,$970.96,$181.25,"$1,111.86",$389.85,1
1477-KHJTCK-UA4,5,Female,19,14,0,Professional,No,Unmarried,1,"$56,000.00",0,1,Lease,Foreign,"$10,600",13,No,Yes,Visa,1,Yes,12,Yes,No,No,No,No,No,No,0,2,$8.00,$3.52,$90.40,$26.12,$0.00,$0.00,$98.40,0
1478-EHVOGF-I3J,1,Male,69,12,3,Sales,Yes,Married,2,"$24,000.00",1,1,Lease,Domestic,"$8,200",22,No,No,Mast,4,Yes,0,No,No,No,Yes,Yes,No,Yes,0,10,$10.20,$24.24,$0.00,$0.00,$0.00,$0.00,$10.20,0
1480-LAMNYA-RW9,2,Male,19,9,0,Sales,No,Unmarried,2,"$44,000.00",5,1,Own,Domestic,"$9,500",23,No,No,AMEX,2,No,25,No,No,No,No,No,No,No,0,4,$13.60,$11.44,$0.00,$0.00,$0.00,$0.00,$13.60,0
1480-RXDDLX-RUO,4,Male,18,13,0,Sales,No,Unmarried,1,"$34,000.00",0,1,Own,Domestic,"$8,800",24,Yes,Yes,Mast,0,Yes,17,Yes,No,No,No,No,No,No,0,5,$20.00,$16.84,$88.60,$80.24,$0.00,$0.00,$108.60,0
1482-LKVWLT-04W,5,Female,66,18,8,Sales,No,Married,2,"$126,000.00",0,1,Lease,Foreign,"$23,200",24,Yes,No,Disc,31,Yes,18,Yes,Yes,Yes,No,No,Yes,Yes,0,59,$54.60,$633.68,$204.80,"$2,400.68",$205.00,"$2,932.44",$464.40,1
1483-XVLIVC-A75,5,Male,55,16,8,Sales,No,Married,2,"$58,000.00",1,1,Lease,Domestic,"$11,800",29,No,Yes,Visa,21,No,18,No,No,No,No,Yes,Yes,No,0,38,$34.40,$262.72,$0.00,$0.00,$0.00,$0.00,$34.40,0
1484-QEODBZ-1P4,4,Female,46,14,9,Professional,No,Unmarried,1,"$118,000.00",1,0,Own,Foreign,"$33,200",31,No,No,Mast,16,Yes,20,No,No,No,No,Yes,No,No,0,45,$11.60,$93.88,$0.00,$0.00,$0.00,$0.00,$11.60,0
1487-NHDXVC-5H7,3,Male,52,10,11,Professional,No,Married,2,"$70,000.00",0,1,Lease,Foreign,"$17,700",17,Yes,No,Mast,28,No,20,No,No,No,No,No,No,Yes,0,60,$74.40,$903.36,$0.00,$0.00,$0.00,$0.00,$74.40,0
1492-MUMVFT-GK0,2,Female,24,11,2,Professional,No,Married,4,"$36,000.00",2,0,Own,Domestic,"$6,300",33,Yes,No,Mast,2,Yes,16,No,No,No,No,No,No,No,0,4,$15.00,$10.76,$0.00,$0.00,$0.00,$0.00,$15.00,0
1495-GRUFZD-ZXD,3,Male,77,10,20,Sales,Yes,Married,2,"$28,000.00",0,1,NoCar,N/A,$0,17,Yes,No,Mast,21,No,19,No,No,No,No,No,No,No,0,55,$89.20,"$1,014.60",$0.00,$0.00,$0.00,$0.00,$89.20,0
1495-ORHBEL-NR2,2,Male,71,16,32,Agriculture,Yes,Unmarried,1,"$22,000.00",5,1,Own,Foreign,"$6,300",20,No,Yes,Disc,9,No,18,No,No,Yes,Yes,Yes,No,No,0,26,$27.20,$130.96,$0.00,$0.00,$0.00,$0.00,$27.20,0
1495-PIDPIA-2Y8,5,Female,26,14,2,Labor,No,Unmarried,3,"$48,000.00",0,1,Own,Foreign,"$13,000",33,Yes,Yes,AMEX,1,No,24,Yes,No,No,No,No,Yes,No,0,2,$12.80,$6.60,$105.20,$31.28,$0.00,$0.00,$118.00,0
1498-AHEYHZ-G4E,4,Female,51,13,10,Sales,No,Unmarried,1,"$152,000.00",1,1,Own,Foreign,"$42,400",15,No,No,Visa,11,Yes,20,No,No,No,Yes,Yes,No,Yes,0,27,$33.20,$191.04,$0.00,$0.00,$0.00,$0.00,$33.20,0
1500-KHFJPE-Q5U,2,Female,24,17,0,Sales,No,Unmarried,4,"$68,000.00",6,0,Own,Domestic,"$16,700",19,No,No,Visa,3,Yes,21,Yes,Yes,No,No,No,Yes,No,0,9,$17.20,$28.72,$112.80,$176.64,$88.75,$176.64,$218.75,0
1500-WZPUFV-C19,2,Male,41,14,10,Crafts,No,Unmarried,1,"$102,000.00",0,1,Own,Domestic,"$24,600",18,Yes,No,Visa,12,Yes,25,No,No,Yes,Yes,Yes,No,No,0,32,$50.40,$316.40,$0.00,$0.00,$0.00,$0.00,$50.40,0
1504-YOFFPM-NA3,2,Male,61,7,27,Labor,Yes,Married,4,"$30,000.00",2,1,Own,Domestic,"$4,900",28,No,No,Mast,33,No,21,No,No,No,Yes,Yes,No,Yes,1,59,$82.20,$982.04,$0.00,$0.00,$0.00,$0.00,$82.20,0
1505-IZGNXN-HKS,3,Female,66,12,34,Professional,No,Unmarried,1,"$148,000.00",5,0,NoCar,N/A,$0,25,Yes,Yes,Disc,39,No,23,No,No,No,No,Yes,Yes,Yes,0,71,$190.20,"$2,726.04",$0.00,$0.00,$0.00,$0.00,$190.20,0
1507-NPSCTR-H9G,2,Male,72,13,30,Crafts,Yes,Unmarried,1,"$18,000.00",0,0,Lease,Foreign,"$4,300",23,Yes,No,Disc,18,No,0,No,No,No,No,Yes,No,No,1,33,$40.40,$280.04,$0.00,$0.00,$0.00,$0.00,$40.40,0
1509-USPCEF-EYU,5,Male,25,13,3,Professional,No,Married,3,"$44,000.00",3,0,NoCar,N/A,$0,26,Yes,No,Visa,7,No,26,No,No,No,No,No,No,No,1,37,$41.20,$301.36,$0.00,$0.00,$0.00,$0.00,$41.20,0
1512-XVXHMT-7YJ,2,Female,36,19,4,Professional,No,Unmarried,5,"$58,000.00",0,1,NoCar,N/A,$0,22,No,Yes,Visa,6,Yes,18,Yes,No,No,No,No,Yes,No,0,19,$22.20,$64.16,$143.40,$507.64,$0.00,$0.00,$165.60,0
1512-YYHKDS-5KW,3,Female,49,11,7,Professional,No,Married,2,"$110,000.00",1,0,Own,Foreign,"$20,500",18,No,Yes,Mast,8,Yes,28,No,No,No,No,No,No,No,0,30,$21.20,$100.80,$0.00,$0.00,$0.00,$0.00,$21.20,0
1514-XHYBLO-FAC,1,Female,38,20,4,Professional,No,Married,3,"$84,000.00",3,1,Own,Domestic,"$16,900",24,No,Yes,Disc,10,Yes,26,No,No,No,No,No,Yes,No,0,23,$34.80,$180.00,$0.00,$0.00,$0.00,$0.00,$34.80,0
1516-CYANIZ-RY8,4,Male,37,18,8,Labor,No,Married,3,"$193,000.00",0,1,Own,Domestic,"$88,700",23,No,Yes,Disc,10,No,18,Yes,Yes,Yes,Yes,Yes,Yes,Yes,1,33,$35.80,$266.24,$238.60,"$1,528.00",$316.50,"$2,457.72",$590.90,1
1517-HJZLKK-037,2,Female,24,9,0,Sales,No,Married,2,"$62,000.00",4,0,Own,Foreign,"$16,300",23,No,Yes,Visa,6,Yes,23,No,No,Yes,Yes,Yes,No,Yes,0,46,$39.00,$329.80,$0.00,$0.00,$0.00,$0.00,$39.00,0
1518-JGDELC-VUO,5,Male,58,13,20,Service,No,Married,2,"$154,000.00",5,1,Own,Foreign,"$44,000",38,Yes,Yes,AMEX,21,No,15,Yes,No,Yes,No,No,Yes,No,0,38,$31.60,$278.40,$150.80,"$1,121.84",$0.00,$0.00,$182.40,0
1518-USSGDF-5HT,4,Male,22,17,0,Crafts,No,Unmarried,2,"$68,000.00",1,0,Own,Domestic,"$20,000",42,Yes,Yes,Mast,4,Yes,22,No,No,No,No,No,No,Yes,0,52,$115.40,"$1,221.44",$0.00,$0.00,$0.00,$0.00,$115.40,0
1521-BGJXTO-ABT,5,Male,54,18,18,Service,No,Married,5,"$113,000.00",0,1,Own,Foreign,"$75,300",33,No,No,Mast,28,No,26,No,No,No,No,No,No,Yes,0,62,$57.40,$679.80,$0.00,$0.00,$0.00,$0.00,$57.40,0
1522-EVEYND-4I4,2,Female,51,14,10,Professional,No,Unmarried,1,"$198,000.00",5,1,Own,Domestic,"$39,400",23,No,No,Disc,18,No,13,Yes,Yes,Yes,Yes,Yes,Yes,No,1,40,$26.20,$217.64,$209.00,"$1,630.36",$351.25,"$3,234.48",$586.45,1
1522-RFXLTU-173,5,Male,59,10,3,Sales,No,Married,2,"$80,000.00",7,1,Own,Domestic,"$16,100",24,Yes,Yes,Disc,19,No,26,No,No,No,No,No,No,No,1,52,$43.80,$429.00,$0.00,$0.00,$0.00,$0.00,$43.80,0
1526-FUEFQG-I9O,2,Female,71,14,22,Professional,Yes,Unmarried,1,"$78,000.00",9,1,Lease,Foreign,"$16,100",22,No,No,Visa,39,No,16,No,No,No,No,No,No,Yes,0,70,$80.20,"$1,048.32",$0.00,$0.00,$0.00,$0.00,$80.20,0
1526-KASRKM-6H1,3,Female,59,11,19,Sales,Yes,Married,3,"$64,000.00",0,1,Own,Domestic,"$13,800",22,Yes,Yes,Disc,18,Yes,19,No,No,No,No,No,No,No,1,34,$35.60,$263.36,$0.00,$0.00,$0.00,$0.00,$35.60,0
1527-FHUVAV-FFM,3,Female,54,13,11,Professional,No,Unmarried,1,"$165,000.00",6,0,Own,Domestic,"$70,000",32,No,Yes,Mast,36,No,20,No,Yes,Yes,Yes,Yes,Yes,Yes,1,70,$170.00,"$2,472.72",$0.00,$0.00,$239.25,"$4,121.16",$409.25,1
1527-FTFBNO-JT3,2,Female,41,10,4,Professional,No,Married,2,"$80,000.00",6,1,Own,Foreign,"$18,900",35,No,No,Mast,23,Yes,23,No,No,No,No,No,No,Yes,1,69,$91.00,"$1,215.04",$0.00,$0.00,$0.00,$0.00,$91.00,0
1531-HCGTLO-7M0,3,Female,69,10,21,Professional,No,Married,2,"$134,000.00",10,0,Own,Foreign,"$34,600",25,Yes,No,Mast,27,Yes,18,No,No,No,Yes,Yes,No,No,0,38,$37.40,$307.44,$0.00,$0.00,$0.00,$0.00,$37.40,0
1535-WQQNZE-Y0M,5,Male,35,14,5,Professional,No,Unmarried,1,"$68,000.00",0,0,Own,Domestic,"$16,300",34,No,No,Othe,2,No,17,No,No,No,Yes,Yes,No,No,1,6,$16.80,$31.56,$0.00,$0.00,$0.00,$0.00,$16.80,0
1537-EOLBHN-V36,4,Female,55,13,5,Sales,No,Married,3,"$64,000.00",6,0,Lease,Foreign,"$16,300",12,No,No,Disc,6,No,12,No,No,Yes,Yes,Yes,No,Yes,1,14,$22.60,$58.92,$0.00,$0.00,$0.00,$0.00,$22.60,0
1538-IPVOSQ-KVC,4,Female,31,20,1,Professional,No,Unmarried,3,"$46,000.00",3,1,NoCar,N/A,$0,29,No,No,Mast,4,Yes,22,Yes,Yes,Yes,No,Yes,Yes,No,0,8,$21.00,$27.00,$163.40,$231.88,$216.00,$344.46,$400.40,1
1541-VVBZZE-2V2,1,Female,65,8,32,Crafts,No,Unmarried,1,"$125,000.00",0,1,Own,Foreign,"$46,200",29,No,Yes,Visa,37,Yes,29,No,No,No,Yes,No,No,Yes,0,71,$155.00,"$2,209.24",$0.00,$0.00,$0.00,$0.00,$155.00,0
1542-CBENYH-O88,3,Male,51,16,5,Sales,No,Married,2,"$136,000.00",0,0,Own,Foreign,"$26,700",18,Yes,Yes,Visa,6,No,15,No,No,No,Yes,Yes,No,No,0,10,$19.40,$47.68,$0.00,$0.00,$0.00,$0.00,$19.40,0
1543-YZTNSD-L60,2,Male,79,10,35,Labor,Yes,Unmarried,1,"$26,000.00",3,0,Lease,Domestic,"$6,000",19,No,No,Mast,39,No,21,No,No,No,No,No,No,Yes,0,71,$97.80,"$1,306.08",$0.00,$0.00,$0.00,$0.00,$97.80,0
1544-QTSJCY-A59,2,Male,36,18,1,Sales,No,Unmarried,1,"$194,000.00",0,1,Own,Foreign,"$52,200",21,Yes,Yes,AMEX,10,No,24,Yes,Yes,Yes,Yes,Yes,Yes,No,0,30,$18.40,$106.88,$168.00,$996.64,$131.75,$927.54,$318.15,1
1547-YZRUKA-5XO,1,Male,18,13,0,Sales,No,Unmarried,2,"$32,000.00",2,1,Own,Domestic,"$9,200",28,No,No,Mast,0,Yes,16,No,No,No,No,No,No,No,0,1,$52.80,$10.56,$0.00,$0.00,$0.00,$0.00,$52.80,0
1552-COSSKC-9M3,1,Male,36,12,9,Labor,No,Unmarried,2,"$52,000.00",4,0,Own,Domestic,"$12,800",34,No,Yes,Mast,7,Yes,14,No,Yes,Yes,Yes,Yes,Yes,No,0,28,$29.20,$153.40,$0.00,$0.00,$221.00,"$1,459.32",$250.20,0
1553-CFKORW-DX4,2,Female,20,15,0,Sales,No,Unmarried,1,"$48,000.00",0,0,Own,Foreign,"$9,100",19,Yes,No,Mast,2,Yes,14,Yes,Yes,No,No,Yes,Yes,No,1,8,$25.40,$33.44,$126.20,$167.12,$114.25,$185.64,$265.85,0
1559-EGEHZG-18M,1,Female,26,12,4,Service,No,Married,4,"$60,000.00",4,0,Lease,Foreign,"$18,400",21,No,Yes,Visa,8,No,24,No,No,No,No,No,No,No,0,34,$44.20,$317.12,$0.00,$0.00,$0.00,$0.00,$44.20,0
1559-QPEICW-T7K,2,Male,35,17,1,Professional,No,Unmarried,1,"$106,000.00",3,0,Own,Domestic,"$22,200",30,Yes,Yes,Visa,1,Yes,21,No,No,No,No,No,Yes,No,0,2,$10.60,$2.56,$0.00,$0.00,$0.00,$0.00,$10.60,0
1562-OUZZYX-2AF,4,Male,18,13,0,Crafts,No,Unmarried,4,"$36,000.00",0,0,Lease,Foreign,"$7,900",29,Yes,No,Othe,0,Yes,29,No,No,No,No,No,No,No,1,5,$26.20,$21.32,$0.00,$0.00,$0.00,$0.00,$26.20,0
1564-KLTUJF-0UW,1,Female,52,7,5,Sales,No,Married,3,"$58,000.00",7,1,Own,Foreign,"$15,200",27,Yes,No,Visa,18,Yes,16,No,No,No,Yes,Yes,No,No,1,33,$32.80,$209.32,$0.00,$0.00,$0.00,$0.00,$32.80,0
1564-WARFFZ-CYW,1,Female,55,17,11,Crafts,Yes,Unmarried,1,"$36,000.00",10,0,Own,Foreign,"$12,500",28,No,No,Visa,33,No,29,No,No,No,No,Yes,No,Yes,0,68,$83.00,"$1,169.60",$0.00,$0.00,$0.00,$0.00,$83.00,0
1566-EGYRIY-B18,1,Female,32,21,0,Sales,No,Unmarried,1,"$66,000.00",8,1,Own,Domestic,"$14,300",21,No,No,Mast,8,Yes,15,No,No,No,No,No,Yes,Yes,0,25,$42.40,$213.68,$0.00,$0.00,$0.00,$0.00,$42.40,0
1567-ARERMX-G7Y,3,Female,44,9,20,Service,No,Married,4,"$158,000.00",0,1,Own,Foreign,"$51,000",28,Yes,No,Visa,3,Yes,21,No,No,No,Yes,Yes,No,No,0,9,$8.80,$9.48,$0.00,$0.00,$0.00,$0.00,$8.80,0
1567-HSKKVU-0HF,2,Male,37,13,8,Labor,No,Unmarried,2,"$56,000.00",0,1,Own,Domestic,"$16,200",26,Yes,Yes,AMEX,19,Yes,19,No,No,No,No,No,No,No,0,35,$83.80,$649.56,$0.00,$0.00,$0.00,$0.00,$83.80,0
1567-HTQZHJ-ZZH,4,Female,18,13,0,Sales,No,Married,6,"$56,000.00",0,0,NoCar,N/A,$0,17,No,Yes,Visa,0,No,14,No,Yes,Yes,Yes,Yes,No,Yes,1,11,$39.80,$81.12,$0.00,$0.00,$324.00,$790.74,$363.80,1
1568-YJDIBX-U99,3,Male,69,15,15,Professional,Yes,Unmarried,1,"$28,000.00",3,0,NoCar,N/A,$0,24,Yes,No,Mast,13,No,20,No,No,No,No,No,No,Yes,0,42,$44.80,$381.72,$0.00,$0.00,$0.00,$0.00,$44.80,0
1569-HKZECB-XL5,4,Female,32,13,3,Professional,No,Unmarried,1,"$100,000.00",3,0,Own,Foreign,"$24,200",22,No,No,Mast,11,No,25,No,No,No,No,No,No,No,0,25,$67.60,$367.08,$0.00,$0.00,$0.00,$0.00,$67.60,0
1570-TKBDYZ-6W5,5,Male,54,12,19,Professional,No,Unmarried,2,"$168,000.00",0,1,Own,Domestic,"$43,500",25,No,Yes,Visa,8,No,21,No,No,No,No,Yes,No,No,0,35,$34.40,$262.64,$0.00,$0.00,$0.00,$0.00,$34.40,0
1572-NRBFLG-KBF,5,Female,67,11,26,Crafts,No,Unmarried,1,"$166,000.00",0,0,Own,Foreign,"$64,100",16,No,No,Mast,37,Yes,25,No,No,No,No,No,No,Yes,1,68,$94.60,"$1,251.24",$0.00,$0.00,$0.00,$0.00,$94.60,0
1573-KAASUO-TZL,1,Male,49,11,7,Sales,No,Unmarried,1,"$64,000.00",0,1,Own,Foreign,"$12,200",20,No,No,Visa,11,No,12,Yes,No,Yes,Yes,Yes,No,No,0,34,$29.20,$206.68,$136.60,$914.44,$0.00,$0.00,$165.80,0
1573-VSPRQK-B8S,5,Male,43,9,13,Professional,No,Married,5,"$118,000.00",3,0,Own,Domestic,"$33,200",28,No,No,Mast,25,No,25,No,No,No,No,No,No,Yes,0,69,$98.20,"$1,376.16",$0.00,$0.00,$0.00,$0.00,$98.20,0
1577-QPQCTM-4DS,5,Male,23,11,2,Sales,No,Unmarried,1,"$32,000.00",2,1,Lease,Domestic,"$8,700",29,No,Yes,Othe,1,No,16,No,No,No,Yes,Yes,No,No,1,1,$9.20,$1.84,$0.00,$0.00,$0.00,$0.00,$9.20,0
1577-VXNSMP-M3E,5,Female,38,16,12,Service,No,Married,2,"$113,000.00",0,0,Own,Foreign,"$62,800",40,Yes,Yes,Visa,20,Yes,14,Yes,No,Yes,No,No,Yes,Yes,0,52,$22.80,$255.80,$163.20,"$1,669.36",$0.00,$0.00,$186.00,0
1579-PUNBXZ-61O,2,Female,42,10,6,Sales,No,Unmarried,1,"$96,000.00",4,0,Own,Foreign,"$18,200",19,No,No,Visa,9,Yes,21,No,No,No,No,No,No,No,0,30,$17.00,$108.20,$0.00,$0.00,$0.00,$0.00,$17.00,0
1580-BDVEHG-V4S,4,Female,68,19,7,Sales,No,Married,4,"$48,000.00",5,0,Lease,Domestic,"$10,100",30,No,Yes,Mast,18,No,17,No,No,No,No,No,No,Yes,0,35,$52.20,$340.00,$0.00,$0.00,$0.00,$0.00,$52.20,0
1581-ZCJWIG-F7G,3,Female,38,12,10,Service,No,Married,4,"$66,000.00",3,0,NoCar,N/A,$0,21,No,Yes,Othe,20,Yes,22,No,No,No,No,No,No,Yes,0,64,$80.00,"$1,046.92",$0.00,$0.00,$0.00,$0.00,$80.00,0
1585-LMTCZT-US5,3,Female,63,17,12,Professional,No,Unmarried,1,"$118,000.00",0,1,Own,Domestic,"$28,900",21,No,Yes,Visa,12,No,15,No,No,No,No,No,Yes,Yes,0,31,$35.00,$224.80,$0.00,$0.00,$0.00,$0.00,$35.00,0
1587-LHMXIB-2NP,1,Male,53,10,29,Agriculture,No,Unmarried,1,"$164,000.00",0,1,Own,Foreign,"$45,600",29,No,Yes,Mast,25,Yes,18,No,No,No,No,Yes,No,Yes,0,59,$65.20,$736.80,$0.00,$0.00,$0.00,$0.00,$65.20,0
1587-MZMPAV-JRN,5,Male,18,13,0,Labor,No,Unmarried,3,"$30,000.00",2,1,Own,Foreign,"$9,200",28,No,No,AMEX,1,No,16,No,Yes,Yes,Yes,Yes,No,No,0,1,$4.00,$0.80,$0.00,$0.00,$74.50,$17.88,$78.50,0
1590-MJNDRF-FYT,1,Female,26,15,0,Sales,No,Married,2,"$32,000.00",4,1,Lease,Domestic,"$6,400",21,Yes,Yes,Mast,8,Yes,24,Yes,No,No,No,No,No,Yes,0,63,$70.80,$820.96,$169.20,"$2,148.96",$0.00,$0.00,$240.00,0
1591-SNQHWX-OVE,5,Female,67,18,23,Crafts,No,Unmarried,1,"$132,000.00",1,1,Own,Foreign,"$82,900",22,Yes,Yes,Disc,30,No,12,No,No,No,No,No,No,Yes,1,67,$123.80,"$1,661.32",$0.00,$0.00,$0.00,$0.00,$123.80,0
1599-IFCVAG-M36,5,Male,39,15,7,Professional,No,Unmarried,1,"$152,000.00",1,1,Own,Domestic,"$45,400",29,No,Yes,AMEX,6,No,19,No,No,No,No,No,No,Yes,1,14,$25.60,$68.04,$0.00,$0.00,$0.00,$0.00,$25.60,0
1599-NTGIAV-BHR,5,Male,33,9,6,Professional,No,Unmarried,3,"$50,000.00",5,0,Own,Domestic,"$8,000",22,No,No,Visa,5,Yes,27,No,No,No,No,No,Yes,No,0,11,$26.40,$67.24,$0.00,$0.00,$0.00,$0.00,$26.40,0
1608-DQBMUD-AB8,3,Male,55,21,11,Professional,No,Unmarried,1,"$128,000.00",0,1,Own,Foreign,"$96,300",19,Yes,Yes,Visa,36,No,21,Yes,Yes,Yes,Yes,Yes,Yes,Yes,0,67,$72.60,"$1,039.56",$286.80,"$3,777.92",$340.00,"$5,407.92",$699.40,1
1610-MRXMMY-AXH,1,Female,24,10,5,Service,No,Unmarried,1,"$60,000.00",1,0,Own,Foreign,"$17,000",27,Yes,Yes,Mast,2,Yes,22,Yes,No,Yes,No,Yes,Yes,No,1,2,$13.80,$4.96,$101.80,$30.12,$0.00,$0.00,$115.60,0
1613-GNANGZ-9A1,5,Female,66,13,3,Sales,No,Unmarried,1,"$72,000.00",1,0,Lease,Domestic,"$17,200",29,Yes,Yes,Disc,11,No,24,No,No,No,No,No,No,No,0,32,$15.60,$118.12,$0.00,$0.00,$0.00,$0.00,$15.60,0
1615-UWOQCF-02I,3,Male,42,12,5,Professional,No,Married,5,"$60,000.00",2,1,Own,Foreign,"$12,700",30,Yes,Yes,AMEX,9,No,17,No,No,No,No,Yes,No,No,0,31,$51.40,$291.08,$0.00,$0.00,$0.00,$0.00,$51.40,0
1615-ZJOTGT-YBL,4,Female,25,18,0,Sales,No,Married,7,"$72,000.00",8,1,Lease,Domestic,"$23,400",26,Yes,Yes,Othe,3,No,24,No,Yes,Yes,No,Yes,Yes,No,0,6,$15.60,$12.48,$0.00,$0.00,$116.00,$120.18,$131.60,0
1617-JVYTRM-6HU,3,Female,49,20,13,Labor,No,Married,5,"$117,000.00",9,1,Own,Foreign,"$73,300",31,Yes,Yes,AMEX,31,Yes,19,Yes,Yes,Yes,No,Yes,Yes,Yes,0,69,$50.40,$635.80,$165.20,"$2,208.92",$185.00,"$2,967.42",$400.60,1
1618-FPIXBZ-90I,5,Female,26,18,0,Sales,No,Married,5,"$46,000.00",0,1,Own,Foreign,"$12,600",23,Yes,No,Visa,8,No,18,No,No,No,No,No,No,Yes,0,54,$69.20,$729.00,$0.00,$0.00,$0.00,$0.00,$69.20,0
1618-XLOREQ-Q4Y,4,Male,75,10,10,Sales,Yes,Unmarried,1,"$18,000.00",3,0,Lease,Domestic,"$5,700",33,Yes,No,Visa,38,Yes,16,No,No,No,No,Yes,No,Yes,0,71,$87.00,"$1,194.92",$0.00,$0.00,$0.00,$0.00,$87.00,0
1621-WWIGLL-ITO,2,Male,34,18,4,Professional,No,Unmarried,1,"$120,000.00",3,1,Own,Foreign,"$33,000",25,Yes,Yes,Disc,3,Yes,18,No,Yes,Yes,Yes,Yes,No,No,0,7,$13.80,$23.84,$0.00,$0.00,$138.75,$184.92,$152.55,0
1623-XBOPCW-38D,5,Male,68,16,26,Service,Yes,Unmarried,1,"$90,000.00",1,0,Own,Foreign,"$28,900",29,No,Yes,Visa,23,No,13,No,Yes,Yes,Yes,Yes,Yes,Yes,0,60,$95.60,"$1,156.56",$0.00,$0.00,$277.75,"$4,064.10",$373.35,1
1626-UFIHBA-5MY,3,Female,48,17,7,Professional,No,Unmarried,1,"$76,000.00",6,1,Own,Foreign,"$17,900",27,No,No,Visa,5,No,24,Yes,No,Yes,No,No,No,No,0,6,$24.20,$34.04,$109.20,$130.36,$0.00,$0.00,$133.40,0
1630-MKOJBB-KDY,5,Female,18,13,0,Crafts,No,Married,4,"$22,000.00",1,0,Own,Domestic,"$6,800",21,Yes,No,Visa,0,No,18,No,No,Yes,Yes,Yes,Yes,No,0,2,$26.00,$11.08,$0.00,$0.00,$0.00,$0.00,$26.00,0
1635-DWYMEA-EIF,2,Male,19,11,1,Crafts,No,Married,4,"$32,000.00",0,1,Own,Foreign,"$7,400",25,No,Yes,Visa,1,Yes,15,No,No,No,Yes,Yes,No,No,0,15,$21.60,$54.20,$0.00,$0.00,$0.00,$0.00,$21.60,0
1635-WRUADP-XLS,5,Female,74,10,14,Professional,No,Unmarried,1,"$108,000.00",0,0,NoCar,N/A,$0,20,No,No,Visa,33,No,28,No,Yes,Yes,Yes,Yes,Yes,Yes,0,68,$111.20,"$1,501.20",$0.00,$0.00,$211.25,"$3,186.12",$322.45,1
1636-AJDHWK-OJU,5,Male,18,13,0,Professional,No,Unmarried,1,"$38,000.00",9,0,Lease,Foreign,"$8,800",21,No,No,AMEX,0,Yes,26,No,No,No,No,No,No,Yes,0,11,$11.00,$22.96,$0.00,$0.00,$0.00,$0.00,$11.00,0
1636-AYARLK-IZN,4,Female,28,16,1,Professional,No,Unmarried,1,"$112,000.00",6,1,Own,Foreign,"$22,000",34,Yes,Yes,Disc,10,Yes,19,No,No,No,No,No,Yes,No,1,22,$17.20,$85.72,$0.00,$0.00,$0.00,$0.00,$17.20,0
1639-YPIQOZ-LWB,3,Female,37,7,0,Sales,No,Married,2,"$48,000.00",2,0,Lease,Domestic,"$9,600",16,Yes,No,Othe,13,Yes,22,No,No,No,No,No,No,No,0,30,$25.00,$133.88,$0.00,$0.00,$0.00,$0.00,$25.00,0
1640-XRQRDK-L4U,1,Female,50,12,16,Service,No,Married,2,"$102,000.00",1,1,Own,Domestic,"$16,600",29,Yes,Yes,Mast,16,Yes,27,No,No,No,Yes,Yes,No,No,0,44,$26.80,$255.60,$0.00,$0.00,$0.00,$0.00,$26.80,0
1641-ULXCSK-CE2,5,Male,19,14,0,Sales,No,Unmarried,1,"$36,000.00",0,1,NoCar,N/A,$0,29,Yes,Yes,Mast,1,Yes,17,No,No,No,Yes,No,No,No,0,2,$12.00,$5.44,$0.00,$0.00,$0.00,$0.00,$12.00,0
1644-WUTPTF-V6K,1,Female,74,12,28,Crafts,Yes,Unmarried,1,"$26,000.00",1,0,NoCar,N/A,$0,33,No,No,Mast,40,Yes,23,No,No,No,No,No,No,Yes,0,72,$252.60,"$3,692.56",$0.00,$0.00,$0.00,$0.00,$252.60,0
1646-VLMHFN-DX9,1,Male,56,9,19,Labor,No,Unmarried,1,"$180,000.00",8,0,Lease,Domestic,"$46,900",29,No,No,Visa,15,Yes,18,No,Yes,No,Yes,Yes,No,No,0,46,$18.40,$141.40,$0.00,$0.00,$116.00,"$1,382.28",$134.40,0
1648-ZISNUF-S0N,4,Male,68,11,34,Crafts,Yes,Married,2,"$32,000.00",0,1,Lease,Domestic,"$6,400",35,No,No,Mast,40,No,21,No,No,No,Yes,No,No,Yes,0,72,$254.80,"$3,782.48",$0.00,$0.00,$0.00,$0.00,$254.80,0
1650-NPSXMX-ZPL,3,Male,57,12,11,Sales,No,Married,4,"$156,000.00",2,1,Own,Foreign,"$29,500",13,No,Yes,AMEX,30,No,15,No,Yes,Yes,Yes,Yes,No,Yes,0,59,$37.00,$488.56,$0.00,$0.00,$166.00,"$2,360.76",$203.00,0
1650-QZVKGA-5Y7,3,Female,20,14,0,Professional,No,Married,4,"$38,000.00",1,1,NoCar,N/A,$0,32,No,No,Visa,3,No,18,Yes,Yes,Yes,Yes,Yes,Yes,No,0,9,$11.20,$18.68,$155.80,$241.72,$129.25,$240.78,$296.25,1
1655-NMUTVQ-YFE,4,Female,50,15,9,Professional,No,Married,4,"$160,000.00",0,1,NoCar,N/A,$0,25,Yes,No,AMEX,6,Yes,24,Yes,Yes,Yes,No,Yes,Yes,No,0,14,$22.40,$62.32,$161.60,$449.08,$159.75,$553.20,$343.75,1
1656-EBYZAL-ZLY,1,Male,48,20,9,Professional,No,Married,2,"$100,000.00",0,1,Own,Foreign,"$20,600",31,No,Yes,Mast,6,No,21,No,No,Yes,No,No,Yes,No,0,24,$27.80,$118.48,$0.00,$0.00,$0.00,$0.00,$27.80,0
1659-AJYJAE-BX5,5,Female,47,11,15,Agriculture,No,Married,3,"$62,000.00",0,1,Own,Domestic,"$14,600",31,No,No,Visa,28,Yes,16,No,No,No,No,No,No,Yes,0,57,$62.00,$736.40,$0.00,$0.00,$0.00,$0.00,$62.00,0
1665-DSLMVE-DNW,5,Female,36,16,2,Sales,No,Married,4,"$66,000.00",1,1,Own,Domestic,"$7,000",24,Yes,No,Disc,6,Yes,15,No,No,No,Yes,Yes,Yes,No,0,23,$19.20,$92.28,$0.00,$0.00,$0.00,$0.00,$19.20,0
1668-DEBFLG-JZW,5,Male,61,11,26,Crafts,No,Married,2,"$232,000.00",5,1,Own,Foreign,"$92,200",40,No,Yes,Disc,40,No,23,No,No,No,No,No,No,Yes,0,72,$184.40,"$2,644.96",$0.00,$0.00,$0.00,$0.00,$184.40,0
1671-PKGKTT-E3S,5,Male,67,16,10,Sales,Yes,Married,2,"$36,000.00",0,1,Own,Foreign,"$9,100",23,No,Yes,Disc,38,No,21,Yes,No,Yes,No,No,Yes,Yes,0,71,$214.00,"$3,032.48",$164.60,"$2,212.12",$0.00,$0.00,$378.60,1
1671-RYWXPZ-ZX8,3,Female,26,17,2,Labor,No,Married,4,"$82,000.00",0,1,NoCar,N/A,$0,27,Yes,No,AMEX,6,Yes,18,No,Yes,Yes,Yes,Yes,No,No,0,9,$27.20,$53.16,$0.00,$0.00,$169.75,$359.58,$196.95,0
1673-ELFQSL-WGX,2,Female,33,11,12,Crafts,No,Unmarried,1,"$56,000.00",0,1,Own,Domestic,"$17,600",29,Yes,Yes,Mast,5,Yes,12,No,No,No,No,No,No,No,1,12,$19.80,$70.64,$0.00,$0.00,$0.00,$0.00,$19.80,0
1673-TGLSWL-92L,1,Female,67,9,16,Sales,No,Married,2,"$94,000.00",0,0,Lease,Domestic,"$19,500",22,No,No,Othe,35,Yes,23,No,No,No,No,No,No,Yes,0,64,$62.60,$771.52,$0.00,$0.00,$0.00,$0.00,$62.60,0
1675-ZSDHUC-5RU,1,Male,37,10,6,Professional,No,Unmarried,2,"$96,000.00",2,1,Own,Domestic,"$28,000",25,No,Yes,Visa,12,No,21,No,No,No,No,No,No,Yes,0,28,$14.20,$60.16,$0.00,$0.00,$0.00,$0.00,$14.20,0
1677-FFTQYV-GNJ,2,Female,73,16,18,Professional,Yes,Unmarried,1,"$22,000.00",8,0,Lease,Domestic,"$6,500",39,No,Yes,Visa,29,No,25,No,No,No,No,Yes,No,No,0,60,$44.40,$539.76,$0.00,$0.00,$0.00,$0.00,$44.40,0
1679-VJQAVF-08T,5,Male,64,14,18,Professional,No,Married,3,"$162,000.00",6,1,Own,Foreign,"$33,600",26,Yes,No,Disc,29,No,24,No,Yes,No,Yes,Yes,No,Yes,0,60,$76.40,$894.24,$0.00,$0.00,$211.25,"$2,853.84",$287.65,1
1682-XDZYGW-C0V,4,Male,63,9,5,Sales,No,Unmarried,1,"$62,000.00",13,0,Own,Foreign,"$14,200",29,No,Yes,Mast,22,Yes,20,No,No,No,No,Yes,No,No,0,39,$39.00,$295.20,$0.00,$0.00,$0.00,$0.00,$39.00,0
1683-HSIMDN-3GC,1,Female,37,14,2,Professional,No,Unmarried,1,"$148,000.00",5,0,Own,Foreign,"$38,100",15,Yes,No,Mast,19,Yes,18,No,No,Yes,Yes,Yes,No,No,0,33,$21.60,$123.36,$0.00,$0.00,$0.00,$0.00,$21.60,0
1683-WPTVNS-INC,3,Male,50,15,24,Service,No,Unmarried,1,"$172,000.00",0,1,Own,Domestic,"$87,100",23,Yes,Yes,AMEX,29,No,23,Yes,Yes,Yes,Yes,Yes,Yes,Yes,0,57,$79.40,$924.96,$179.20,"$1,950.16",$143.00,"$1,905.42",$401.60,1
1684-SWFFWY-K3C,4,Male,57,15,8,Professional,No,Unmarried,1,"$121,000.00",1,1,Own,Domestic,"$50,200",20,No,Yes,AMEX,33,Yes,18,No,No,No,No,Yes,No,Yes,1,61,$50.00,$605.88,$0.00,$0.00,$0.00,$0.00,$50.00,0
1686-PTRDXW-RWB,5,Female,43,13,12,Labor,No,Unmarried,1,"$66,000.00",2,1,Own,Domestic,"$13,600",18,No,No,AMEX,7,No,24,No,No,No,Yes,Yes,No,No,0,12,$31.60,$107.80,$0.00,$0.00,$0.00,$0.00,$31.60,0
1686-UGWMGA-S7X,4,Female,45,18,14,Crafts,No,Unmarried,1,"$105,000.00",10,1,Own,Foreign,"$56,000",32,No,No,Visa,11,Yes,28,Yes,Yes,No,No,No,Yes,No,0,21,$14.80,$60.40,$116.40,$506.20,$118.25,$559.62,$249.45,0
1689-UOMLFK-RWR,1,Female,27,17,4,Crafts,No,Married,3,"$44,000.00",2,0,Lease,Domestic,"$11,800",22,Yes,No,Mast,9,No,23,No,No,No,No,No,No,Yes,0,35,$57.20,$403.72,$0.00,$0.00,$0.00,$0.00,$57.20,0
1694-SXDBNI-CEI,4,Male,55,20,2,Sales,No,Married,2,"$96,000.00",0,1,Own,Foreign,"$21,100",24,No,No,Disc,29,No,17,Yes,Yes,Yes,Yes,Yes,Yes,Yes,0,67,$97.20,"$1,247.08",$209.40,"$2,738.60",$339.00,"$5,419.68",$645.60,1
1695-GRHISU-8UX,5,Male,69,15,11,Professional,No,Married,4,"$142,000.00",11,0,Own,Foreign,"$32,700",30,No,Yes,Visa,22,Yes,22,No,Yes,Yes,Yes,Yes,No,Yes,0,56,$52.80,$625.12,$0.00,$0.00,$152.25,"$2,066.82",$205.05,0
1695-ZFSNEG-CFR,5,Female,36,16,3,Sales,No,Married,2,"$34,000.00",0,1,Lease,Domestic,"$11,100",20,No,No,Othe,18,No,18,No,No,No,Yes,Yes,No,Yes,1,63,$68.00,$861.40,$0.00,$0.00,$0.00,$0.00,$68.00,0
1697-VBCPSG-OWV,3,Female,56,18,4,Sales,No,Married,5,"$120,000.00",0,1,Own,Domestic,"$37,600",12,Yes,Yes,Othe,26,No,21,No,No,No,No,No,No,Yes,1,59,$43.00,$491.44,$0.00,$0.00,$0.00,$0.00,$43.00,0
1699-DODRBN-UUJ,3,Male,22,13,0,Professional,No,Married,4,"$72,000.00",2,1,Own,Domestic,"$21,400",34,No,Yes,AMEX,4,Yes,16,No,Yes,No,Yes,Yes,No,Yes,0,51,$78.40,$798.08,$0.00,$0.00,$164.75,"$1,876.20",$243.15,0
1705-NMIQNO-IC4,3,Male,58,18,3,Professional,No,Unmarried,1,"$126,000.00",0,1,NoCar,N/A,$0,16,No,Yes,Disc,25,Yes,21,No,No,No,Yes,No,No,Yes,1,58,$48.40,$544.60,$0.00,$0.00,$0.00,$0.00,$48.40,0
1706-YLXGVA-TVK,3,Male,39,13,15,Agriculture,No,Married,2,"$160,000.00",1,0,Own,Domestic,"$35,200",21,No,Yes,AMEX,5,No,25,No,Yes,Yes,Yes,Yes,No,Yes,0,11,$28.20,$54.60,$0.00,$0.00,$128.50,$358.98,$156.70,0
1707-MZDKNH-2Y0,4,Male,21,16,0,Labor,No,Unmarried,1,"$32,000.00",4,1,Own,Foreign,"$9,300",27,No,No,Disc,4,Yes,16,Yes,No,No,No,No,Yes,No,1,8,$27.40,$40.96,$77.40,$122.80,$0.00,$0.00,$104.80,0
1708-FTDRQN-MYP,3,Female,56,13,6,Sales,No,Unmarried,1,"$52,000.00",1,1,Own,Domestic,"$14,900",28,No,No,Disc,37,No,15,No,No,No,No,No,No,Yes,0,68,$131.20,"$1,818.24",$0.00,$0.00,$0.00,$0.00,$131.20,0
1712-VZCJTW-W1K,4,Female,38,15,8,Crafts,No,Married,2,"$72,000.00",1,1,Own,Domestic,"$14,900",13,No,No,Disc,7,No,25,No,No,No,No,No,No,No,0,26,$27.40,$147.20,$0.00,$0.00,$0.00,$0.00,$27.40,0
1716-RVHNCT-ZVF,3,Female,54,17,13,Professional,No,Unmarried,1,"$118,000.00",0,1,Own,Domestic,"$65,500",27,Yes,Yes,AMEX,21,No,24,No,No,Yes,Yes,Yes,No,Yes,0,40,$41.80,$371.16,$0.00,$0.00,$0.00,$0.00,$41.80,0
1718-SZYBWH-T7Z,3,Female,31,13,5,Professional,No,Married,4,"$46,000.00",3,1,Own,Foreign,"$12,600",28,No,No,Visa,7,No,23,No,No,No,No,No,No,No,1,39,$30.00,$237.12,$0.00,$0.00,$0.00,$0.00,$30.00,0
1718-TWXBXD-JG1,4,Female,72,20,27,Crafts,Yes,Unmarried,1,"$130,000.00",6,0,Own,Domestic,"$41,100",29,No,Yes,Mast,35,Yes,27,Yes,No,No,No,No,Yes,Yes,0,68,$70.00,$932.40,$120.00,"$1,663.56",$0.00,$0.00,$190.00,0
1718-WHRWCQ-2Z0,5,Male,46,19,10,Labor,No,Married,4,"$124,000.00",1,1,Own,Foreign,"$36,300",30,No,No,AMEX,18,No,17,Yes,Yes,Yes,Yes,Yes,Yes,Yes,0,45,$42.00,$400.24,$173.00,"$1,473.60",$249.50,"$2,712.78",$464.50,1
1722-GIUGYH-FMP,2,Female,25,12,5,Agriculture,No,Married,4,"$40,000.00",0,1,Lease,Foreign,"$11,900",25,Yes,No,Visa,7,No,15,No,No,No,No,No,No,No,0,18,$15.60,$44.96,$0.00,$0.00,$0.00,$0.00,$15.60,0
1726-EJQGMP-OLF,5,Female,36,12,13,Crafts,No,Unmarried,3,"$106,000.00",7,1,Own,Foreign,"$31,600",22,No,Yes,Disc,2,No,24,No,No,No,Yes,Yes,No,No,0,6,$12.80,$10.84,$0.00,$0.00,$0.00,$0.00,$12.80,0
1727-IMJADL-GHZ,2,Female,71,18,25,Crafts,Yes,Unmarried,1,"$40,000.00",0,0,Lease,Foreign,"$8,500",21,No,Yes,Visa,39,Yes,13,No,No,No,No,No,No,Yes,0,69,$35.40,$500.16,$0.00,$0.00,$0.00,$0.00,$35.40,0
1728-IMNMSD-D4I,3,Male,18,13,0,Professional,No,Unmarried,1,"$38,000.00",1,1,Own,Domestic,"$9,000",23,Yes,No,Visa,0,Yes,19,Yes,Yes,No,No,No,No,Yes,0,3,$36.80,$22.92,$106.40,$55.80,$76.00,$40.80,$219.20,0
1729-LDUPIQ-AKS,3,Male,26,16,1,Professional,No,Married,3,"$42,000.00",0,1,Own,Foreign,"$11,100",34,Yes,Yes,Disc,1,Yes,0,No,Yes,Yes,Yes,No,Yes,No,0,1,$11.20,$2.24,$0.00,$0.00,$106.25,$25.50,$117.45,0
1730-TFNOFH-PRS,3,Female,36,18,1,Sales,No,Unmarried,1,"$70,000.00",2,1,Lease,Domestic,"$12,900",34,No,Yes,Disc,1,No,18,No,Yes,Yes,Yes,Yes,Yes,No,0,4,$8.20,$11.96,$0.00,$0.00,$144.50,$130.68,$152.70,0
1732-SROHZO-4M3,3,Female,19,14,0,Sales,No,Married,4,"$64,000.00",0,0,Own,Domestic,"$13,700",25,No,No,Disc,1,Yes,19,Yes,Yes,No,Yes,No,No,No,0,12,$20.00,$42.52,$156.60,$374.60,$135.00,$363.60,$311.60,1
1734-EAYBEZ-PZ0,2,Male,79,16,15,Professional,Yes,Unmarried,1,"$52,000.00",0,0,Lease,Domestic,"$11,500",21,Yes,No,AMEX,29,No,25,No,No,No,No,No,No,Yes,0,67,$72.20,$915.88,$0.00,$0.00,$0.00,$0.00,$72.20,0
1735-OEUNCV-OWO,1,Female,56,17,7,Professional,No,Unmarried,1,"$142,000.00",7,1,Own,Domestic,"$60,100",26,Yes,Yes,Visa,14,No,17,Yes,No,No,No,No,Yes,Yes,0,35,$33.60,$214.24,$95.20,$642.40,$0.00,$0.00,$128.80,0
1739-JEWQEK-74F,1,Female,70,11,29,Service,No,Married,2,"$107,000.00",4,1,Own,Domestic,"$46,500",24,Yes,No,Visa,33,Yes,17,No,Yes,No,Yes,Yes,No,No,0,67,$43.40,$594.12,$0.00,$0.00,$192.25,"$3,059.82",$235.65,0
1739-SLRRCS-I6Q,2,Female,20,15,0,Sales,No,Married,4,"$32,000.00",10,1,Own,Foreign,"$8,600",29,No,No,AMEX,2,No,18,No,No,No,No,No,No,No,0,22,$26.60,$129.36,$0.00,$0.00,$0.00,$0.00,$26.60,0
1741-EANZOT-X04,5,Male,47,16,7,Professional,No,Married,2,"$128,000.00",7,1,Own,Foreign,"$37,500",17,Yes,Yes,AMEX,8,Yes,19,No,Yes,Yes,Yes,Yes,Yes,No,1,13,$37.00,$123.72,$0.00,$0.00,$134.25,$411.54,$171.25,0
1742-XEDSAA-8WT,4,Female,69,12,21,Professional,No,Unmarried,1,"$144,000.00",0,1,Own,Domestic,"$39,200",30,No,No,Visa,37,Yes,17,Yes,Yes,Yes,No,No,Yes,No,0,68,$64.40,$847.00,$193.80,"$2,620.88",$214.25,"$3,454.92",$472.45,1
1743-WAHPKT-DNW,5,Male,75,10,11,Sales,No,Married,2,"$56,000.00",0,1,Own,Domestic,"$13,800",20,Yes,No,AMEX,3,No,12,No,No,No,No,Yes,No,No,0,16,$17.20,$60.00,$0.00,$0.00,$0.00,$0.00,$17.20,0
1744-YOZOGS-856,2,Male,43,16,1,Sales,No,Unmarried,1,"$64,000.00",13,1,Own,Domestic,"$16,800",27,No,Yes,Mast,13,No,25,Yes,Yes,Yes,No,No,Yes,Yes,0,38,$19.00,$162.80,$182.60,"$1,362.48",$120.50,"$1,138.92",$322.10,1
1745-DUFFAX-ZJI,2,Female,23,18,0,Sales,No,Married,6,"$58,000.00",9,1,Own,Foreign,"$14,200",26,No,No,AMEX,5,No,20,Yes,No,No,No,No,Yes,Yes,0,43,$31.20,$256.64,$106.40,$922.64,$0.00,$0.00,$137.60,0
1745-SREKOB-0YG,2,Male,51,10,7,Service,No,Married,2,"$52,000.00",9,0,Own,Foreign,"$13,200",25,No,Yes,AMEX,31,No,23,No,No,No,Yes,Yes,No,Yes,0,64,$76.40,"$1,054.44",$0.00,$0.00,$0.00,$0.00,$76.40,0
1748-DSJDFC-BYZ,5,Male,32,13,7,Labor,No,Unmarried,2,"$52,000.00",10,1,Own,Domestic,"$11,100",39,No,Yes,Disc,14,Yes,16,No,No,No,Yes,Yes,No,No,0,28,$35.60,$192.52,$0.00,$0.00,$0.00,$0.00,$35.60,0
1751-IQPXZD-CZV,5,Female,57,8,4,Sales,No,Unmarried,1,"$38,000.00",1,0,Own,Foreign,"$7,300",34,No,No,Othe,1,No,11,No,No,No,No,No,No,No,0,2,$8.80,$3.08,$0.00,$0.00,$0.00,$0.00,$8.80,0
1751-UGIABB-VW5,5,Female,63,21,13,Service,No,Married,2,"$254,000.00",1,1,Own,Foreign,"$79,400",23,No,Yes,Disc,36,No,18,Yes,Yes,Yes,No,No,Yes,No,0,58,$102.40,"$1,167.32",$174.00,"$1,951.32",$214.00,"$2,882.82",$490.40,1
1753-NUYMQC-C28,2,Female,27,12,1,Professional,No,Married,4,"$58,000.00",10,0,Own,Foreign,"$12,500",27,No,No,Othe,9,Yes,11,No,No,No,Yes,Yes,No,Yes,0,59,$43.20,$499.88,$0.00,$0.00,$0.00,$0.00,$43.20,0
1755-QGDBEN-2OX,3,Female,73,11,37,Service,No,Unmarried,1,"$188,000.00",1,1,Own,Foreign,"$90,700",26,Yes,Yes,Visa,23,Yes,19,No,No,No,Yes,Yes,No,Yes,0,60,$73.40,$852.68,$0.00,$0.00,$0.00,$0.00,$73.40,0
1756-TEIMBG-VRM,3,Male,79,8,11,Sales,Yes,Unmarried,1,"$18,000.00",1,0,NoCar,N/A,$0,31,No,No,Mast,33,No,0,No,No,No,No,No,No,Yes,0,68,$125.00,"$1,713.28",$0.00,$0.00,$0.00,$0.00,$125.00,0
1758-VKWGFT-E0C,4,Male,35,14,6,Professional,No,Married,5,"$96,000.00",0,1,NoCar,N/A,$0,25,No,Yes,Mast,9,Yes,14,No,No,No,Yes,Yes,No,No,1,13,$10.20,$24.80,$0.00,$0.00,$0.00,$0.00,$10.20,0
1760-FJIGKA-PXQ,3,Female,41,17,10,Service,No,Unmarried,1,"$74,000.00",5,0,Own,Domestic,"$22,600",24,No,No,Disc,17,No,23,Yes,Yes,Yes,No,Yes,Yes,Yes,0,35,$68.60,$459.36,$195.00,"$1,281.36",$256.50,"$1,987.56",$520.10,1
1762-DLJZNE-ABZ,4,Female,61,16,19,Crafts,No,Unmarried,1,"$102,000.00",7,1,Own,Foreign,"$43,500",28,No,Yes,Disc,23,Yes,19,Yes,No,No,No,Yes,Yes,Yes,0,52,$32.20,$304.68,$132.20,"$1,303.92",$0.00,$0.00,$164.40,0
1763-MTTACS-ST0,4,Male,50,11,19,Labor,No,Married,2,"$128,000.00",4,1,Own,Domestic,"$35,100",23,No,Yes,Visa,6,No,17,No,No,No,No,Yes,No,No,0,21,$25.20,$104.08,$0.00,$0.00,$0.00,$0.00,$25.20,0
1764-VKXGZS-WWX,3,Female,34,12,8,Professional,No,Unmarried,3,"$86,000.00",0,0,Own,Domestic,"$18,700",17,No,No,Mast,5,Yes,15,No,No,No,No,No,No,Yes,0,9,$13.60,$21.36,$0.00,$0.00,$0.00,$0.00,$13.60,0
1764-YHUBPY-HQU,5,Female,47,20,15,Labor,No,Unmarried,1,"$76,000.00",0,0,Lease,Domestic,"$16,700",38,No,No,Disc,10,No,20,Yes,No,Yes,No,Yes,Yes,No,0,23,$16.40,$62.00,$134.80,$570.28,$0.00,$0.00,$151.20,0
1766-NXDYIT-DBL,3,Female,62,17,13,Service,No,Unmarried,1,"$98,000.00",3,0,Own,Domestic,"$19,800",21,Yes,Yes,Mast,27,No,21,No,No,No,Yes,No,No,Yes,1,58,$44.60,$500.68,$0.00,$0.00,$0.00,$0.00,$44.60,0
1766-NYRWTM-ZE6,2,Female,68,13,31,Labor,Yes,Unmarried,1,"$30,000.00",9,0,Lease,Domestic,"$5,800",25,No,Yes,AMEX,26,No,16,No,No,No,No,No,No,Yes,0,66,$80.00,"$1,109.76",$0.00,$0.00,$0.00,$0.00,$80.00,0
1768-IZRGVU-1ZV,3,Male,49,11,15,Professional,No,Married,5,"$126,000.00",6,1,Own,Foreign,"$32,600",29,No,No,Visa,9,No,21,Yes,Yes,Yes,Yes,Yes,No,No,0,27,$26.80,$140.04,$132.00,$677.76,$234.00,"$1,475.40",$392.80,1
1771-DLZURR-DF8,3,Male,55,12,17,Crafts,No,Married,3,"$120,000.00",2,1,Own,Foreign,"$29,500",32,No,No,Disc,38,Yes,15,No,No,No,No,No,No,Yes,1,71,$161.60,"$2,327.56",$0.00,$0.00,$0.00,$0.00,$161.60,0
1771-QMEBQF-HCN,3,Female,31,15,4,Service,No,Married,4,"$186,000.00",0,1,Own,Domestic,"$39,500",23,No,Yes,Visa,13,Yes,25,Yes,No,No,No,No,Yes,No,0,40,$41.80,$356.76,$99.60,$789.12,$0.00,$0.00,$141.40,0
1774-WOYEMR-B0C,5,Female,71,13,27,Agriculture,Yes,Married,5,"$24,000.00",5,0,Lease,Foreign,"$5,500",25,Yes,No,Disc,39,Yes,23,No,No,No,No,No,No,Yes,1,72,$173.20,"$2,525.80",$0.00,$0.00,$0.00,$0.00,$173.20,0
1775-ZGGKVD-ME7,3,Female,50,13,18,Labor,No,Unmarried,1,"$184,000.00",0,1,Own,Foreign,"$55,600",24,No,Yes,Disc,26,Yes,13,Yes,No,No,No,Yes,No,Yes,0,68,$46.80,$658.28,$141.60,"$1,938.24",$0.00,$0.00,$188.40,0
1777-HBKRZD-JQO,3,Female,55,16,5,Sales,No,Married,2,"$136,000.00",0,1,Own,Domestic,"$33,200",29,No,Yes,AMEX,24,Yes,27,Yes,No,No,No,No,Yes,No,0,41,$40.00,$328.68,$85.20,$688.72,$0.00,$0.00,$125.20,0
1783-GEOTHA-HSY,4,Female,29,16,2,Professional,No,Unmarried,1,"$86,000.00",1,1,Own,Foreign,"$17,600",23,No,Yes,Visa,4,Yes,10,Yes,Yes,Yes,Yes,Yes,Yes,No,0,5,$28.40,$33.72,$202.00,$135.72,$223.75,$212.16,$454.15,1
1783-TVBWGX-48J,3,Male,61,14,10,Sales,Yes,Unmarried,1,"$52,000.00",0,1,Own,Domestic,"$13,700",19,No,Yes,Mast,22,Yes,30,No,No,No,Yes,Yes,No,Yes,0,46,$52.40,$484.28,$0.00,$0.00,$0.00,$0.00,$52.40,0
1785-HTPJXX-FDC,2,Male,36,20,2,Professional,No,Unmarried,2,"$82,000.00",9,1,Own,Domestic,"$13,500",25,Yes,Yes,AMEX,2,No,24,No,Yes,No,Yes,Yes,No,No,0,5,$25.80,$33.24,$0.00,$0.00,$139.75,$136.74,$165.55,0
1785-IYYYGN-HTR,1,Female,79,17,7,Sales,Yes,Unmarried,1,"$18,000.00",5,1,NoCar,N/A,$0,22,No,No,AMEX,9,No,0,Yes,Yes,Yes,No,No,Yes,No,0,25,$33.40,$176.68,$126.40,$623.12,$141.75,$784.38,$301.55,1
1791-IFXSVM-OM7,5,Female,70,13,10,Sales,Yes,Unmarried,1,"$18,000.00",2,1,Own,Domestic,"$3,900",31,Yes,No,Othe,16,No,0,No,No,No,No,No,No,No,0,48,$48.60,$495.48,$0.00,$0.00,$0.00,$0.00,$48.60,0
1800-CODOXF-AZG,2,Female,60,15,18,Professional,No,Unmarried,1,"$218,000.00",1,0,Own,Domestic,"$92,100",27,Yes,Yes,Disc,29,Yes,15,Yes,Yes,No,No,No,No,Yes,1,62,$30.40,$358.80,$144.80,"$1,752.04",$120.00,"$1,755.06",$295.20,1
1802-COVRXB-K3B,2,Male,71,10,11,Sales,No,Unmarried,1,"$68,000.00",6,1,Own,Domestic,"$19,500",14,Yes,No,Mast,23,Yes,20,No,No,No,No,No,No,Yes,0,51,$37.60,$393.88,$0.00,$0.00,$0.00,$0.00,$37.60,0
1802-JIGHIT-40I,4,Male,79,13,34,Professional,Yes,Married,2,"$30,000.00",8,1,Own,Domestic,"$6,000",22,No,No,Disc,35,No,24,No,Yes,No,Yes,Yes,No,Yes,0,69,$112.60,"$1,553.76",$0.00,$0.00,$143.00,"$2,340.06",$255.60,0
1802-OUQFWM-16Z,1,Male,52,20,3,Sales,No,Married,2,"$140,000.00",4,1,Own,Domestic,"$40,000",17,No,No,Mast,17,No,22,Yes,Yes,Yes,No,No,Yes,No,0,49,$34.80,$355.32,$164.80,"$1,574.56",$220.00,"$2,481.42",$419.60,1
1804-PVZNPU-R1J,5,Female,19,14,0,Labor,No,Unmarried,1,"$86,000.00",0,0,Own,Domestic,"$27,000",36,Yes,No,Mast,1,Yes,28,No,No,No,No,No,No,No,1,10,$9.60,$19.80,$0.00,$0.00,$0.00,$0.00,$9.60,0
1808-MVSJCW-3WB,2,Female,20,15,0,Sales,No,Unmarried,1,"$46,000.00",5,0,Own,Domestic,"$9,900",28,No,Yes,Mast,2,No,25,Yes,No,Yes,Yes,No,No,No,0,3,$7.40,$4.36,$117.20,$57.72,$0.00,$0.00,$124.60,0
1811-FUILIP-L3S,3,Female,62,9,31,Crafts,Yes,Married,2,"$28,000.00",3,1,Lease,Foreign,"$5,100",18,No,No,Visa,37,No,16,No,No,No,Yes,No,No,Yes,1,70,$167.00,"$2,253.64",$0.00,$0.00,$0.00,$0.00,$167.00,0
1812-MBNVEZ-RNM,4,Male,47,12,18,Labor,No,Married,5,"$184,000.00",0,1,Own,Foreign,"$51,500",23,Yes,No,Disc,29,No,20,No,Yes,Yes,Yes,Yes,No,Yes,1,64,$32.40,$421.20,$0.00,$0.00,$169.75,"$2,459.82",$202.15,0
1812-VKFXGI-XWL,5,Male,49,14,12,Professional,No,Unmarried,1,"$160,000.00",0,1,Own,Foreign,"$39,900",34,No,Yes,Disc,30,No,21,No,No,No,No,No,Yes,Yes,0,64,$111.60,"$1,407.36",$0.00,$0.00,$0.00,$0.00,$111.60,0
1813-DTHSFS-0BT,1,Male,78,11,40,Labor,Yes,Married,2,"$46,000.00",6,0,NoCar,N/A,$0,21,No,No,Mast,25,No,25,No,No,No,No,No,No,No,0,49,$48.60,$532.68,$0.00,$0.00,$0.00,$0.00,$48.60,0
1829-TFCYPW-3AE,3,Male,54,12,7,Professional,No,Married,3,"$160,000.00",2,1,Own,Foreign,"$41,300",28,No,No,Mast,23,Yes,24,No,No,No,Yes,Yes,No,Yes,0,52,$71.40,$770.96,$0.00,$0.00,$0.00,$0.00,$71.40,0
1830-MQTMVB-DRW,5,Male,35,11,4,Professional,No,Unmarried,2,"$50,000.00",9,1,NoCar,N/A,$0,21,No,No,AMEX,17,Yes,14,No,No,Yes,Yes,Yes,No,Yes,0,43,$45.00,$397.12,$0.00,$0.00,$0.00,$0.00,$45.00,0
1831-IHOELQ-KXI,1,Female,49,11,15,Professional,No,Married,5,"$140,000.00",0,1,Own,Domestic,"$31,600",26,No,Yes,Mast,15,Yes,16,No,Yes,Yes,Yes,Yes,No,Yes,1,32,$41.00,$239.44,$0.00,$0.00,$107.75,$822.06,$148.75,0
1833-MUWCIB-24I,1,Female,61,16,5,Professional,No,Unmarried,1,"$70,000.00",3,1,Lease,Foreign,"$17,300",29,No,Yes,Visa,31,No,20,No,Yes,No,Yes,Yes,No,Yes,0,62,$102.20,"$1,257.72",$0.00,$0.00,$190.25,"$2,803.56",$292.45,1
1834-KUMRGH-5EV,3,Male,39,20,8,Crafts,No,Unmarried,2,"$156,000.00",1,1,NoCar,N/A,$0,27,Yes,Yes,AMEX,21,Yes,9,No,Yes,Yes,No,Yes,Yes,Yes,0,55,$49.40,$533.36,$0.00,$0.00,$249.00,"$3,266.40",$298.40,1
1834-PCCIHJ-HMX,2,Male,37,16,2,Sales,No,Married,2,"$80,000.00",1,0,Lease,Domestic,"$13,200",34,No,Yes,Disc,6,No,20,No,No,No,No,No,No,No,0,7,$31.20,$46.72,$0.00,$0.00,$0.00,$0.00,$31.20,0
1834-TLGRSP-VFJ,2,Female,79,21,12,Labor,Yes,Unmarried,1,"$52,000.00",6,1,Own,Domestic,"$16,400",18,No,No,Visa,27,No,19,Yes,Yes,Yes,Yes,Yes,Yes,Yes,0,58,$54.80,$625.52,$303.20,"$3,516.24",$429.75,"$5,878.32",$787.75,1
1834-XSMYEN-4YY,2,Male,74,13,39,Crafts,Yes,Unmarried,1,"$38,000.00",0,1,Lease,Foreign,"$6,200",17,Yes,Yes,Visa,39,Yes,16,No,No,No,No,No,No,Yes,0,72,$206.60,"$2,941.92",$0.00,$0.00,$0.00,$0.00,$206.60,0
1836-EZLELE-1RD,2,Female,52,22,3,Sales,No,Married,2,"$70,000.00",5,0,Lease,Domestic,"$19,400",22,No,No,AMEX,35,No,16,Yes,Yes,Yes,Yes,No,Yes,Yes,1,64,$53.40,$684.64,$225.40,"$2,916.80",$235.00,"$3,538.68",$513.80,1
1836-PEAQKR-B8D,2,Female,19,12,0,Sales,No,Married,4,"$36,000.00",9,1,Own,Foreign,"$9,800",31,Yes,No,Visa,1,Yes,26,No,No,No,No,No,No,No,1,7,$31.20,$39.36,$0.00,$0.00,$0.00,$0.00,$31.20,0
1837-LAGYXY-675,4,Male,60,10,24,Labor,Yes,Married,2,"$44,000.00",1,0,Own,Foreign,"$8,100",25,No,Yes,Mast,26,Yes,17,No,No,No,Yes,Yes,No,No,0,55,$40.40,$466.24,$0.00,$0.00,$0.00,$0.00,$40.40,0
1838-CNKZUB-2LK,4,Male,71,14,28,Service,No,Married,2,"$174,000.00",0,0,Own,Foreign,"$90,800",20,No,No,Visa,35,No,20,Yes,Yes,Yes,Yes,Yes,Yes,Yes,0,64,$58.00,$743.88,$190.20,"$2,401.88",$271.00,"$3,982.92",$519.20,1
1839-JFVGFD-URP,5,Male,42,15,9,Professional,No,Married,2,"$84,000.00",10,1,Own,Foreign,"$18,600",31,Yes,Yes,Mast,15,Yes,17,Yes,No,Yes,Yes,Yes,No,Yes,0,35,$23.20,$163.00,$174.80,"$1,181.64",$0.00,$0.00,$198.00,0
1839-WGAZIY-NGC,2,Female,45,6,4,Professional,No,Married,5,"$34,000.00",6,1,Own,Foreign,"$9,100",22,Yes,Yes,Othe,23,No,23,No,No,No,No,No,No,Yes,0,48,$45.80,$371.36,$0.00,$0.00,$0.00,$0.00,$45.80,0
1840-PAPXFC-DUM,4,Female,34,16,2,Professional,No,Married,4,"$102,000.00",1,1,Own,Foreign,"$19,900",21,No,Yes,Visa,16,Yes,22,No,No,No,No,Yes,Yes,Yes,0,60,$89.40,"$1,090.88",$0.00,$0.00,$0.00,$0.00,$89.40,0
1842-TFWULE-MLW,1,Female,27,11,1,Sales,No,Unmarried,1,"$34,000.00",2,0,Lease,Domestic,"$9,700",21,No,Yes,Visa,3,Yes,22,No,No,No,No,No,No,No,0,5,$23.60,$37.24,$0.00,$0.00,$0.00,$0.00,$23.60,0
1842-UZQXEJ-IH7,1,Female,71,21,6,Professional,Yes,Unmarried,1,"$62,000.00",19,0,Own,Foreign,"$18,300",26,Yes,Yes,Mast,16,Yes,23,No,No,No,No,No,No,No,0,31,$40.80,$259.64,$0.00,$0.00,$0.00,$0.00,$40.80,0
1843-WNUOKN-EUL,4,Female,21,16,0,Sales,No,Married,3,"$34,000.00",6,1,Lease,Foreign,"$8,700",33,No,No,AMEX,1,Yes,18,Yes,Yes,Yes,No,No,Yes,No,0,5,$15.20,$16.88,$158.00,$142.04,$105.75,$87.72,$278.95,1
1844-MWTFIG-QB1,2,Female,39,17,5,Professional,No,Unmarried,1,"$72,000.00",1,1,Own,Domestic,"$16,700",37,Yes,Yes,Visa,2,Yes,16,No,No,No,No,No,No,No,0,5,$13.80,$10.56,$0.00,$0.00,$0.00,$0.00,$13.80,0
1844-REWJQF-T09,1,Female,53,17,11,Professional,No,Unmarried,1,"$154,000.00",0,1,Own,Domestic,"$39,300",23,Yes,Yes,Disc,13,No,21,Yes,Yes,Yes,Yes,Yes,No,No,0,45,$26.60,$270.76,$211.80,"$1,781.72",$243.75,"$2,495.70",$482.15,1
1845-HZTDMW-AVY,1,Male,21,16,0,Sales,No,Married,6,"$36,000.00",0,1,Own,Domestic,"$8,300",22,No,Yes,Mast,3,No,15,No,No,Yes,Yes,Yes,No,No,0,7,$27.00,$44.00,$0.00,$0.00,$0.00,$0.00,$27.00,0
1847-KWUPPM-CXK,2,Male,57,12,16,Agriculture,No,Unmarried,1,"$88,000.00",1,1,Own,Domestic,"$20,000",20,No,Yes,Visa,7,Yes,20,No,No,No,Yes,Yes,No,Yes,1,7,$16.20,$17.56,$0.00,$0.00,$0.00,$0.00,$16.20,0
1849-BANNCT-G3C,3,Male,55,16,15,Professional,No,Unmarried,1,"$108,000.00",3,1,Own,Foreign,"$36,300",22,No,Yes,Visa,8,No,17,Yes,Yes,Yes,Yes,Yes,Yes,No,0,24,$30.60,$154.20,$159.00,$711.16,$201.25,"$1,107.30",$390.85,1
1849-RKDGYX-5Y2,3,Female,60,17,7,Professional,No,Unmarried,1,"$170,000.00",0,1,Own,Domestic,"$44,000",12,Yes,No,Mast,10,Yes,21,Yes,Yes,Yes,No,Yes,Yes,No,0,36,$34.80,$232.04,$151.40,"$1,070.84",$164.50,"$1,377.12",$350.70,1
1850-HOJOTE-YFU,2,Female,39,11,6,Sales,No,Unmarried,1,"$64,000.00",2,1,Own,Domestic,"$12,900",34,No,Yes,Visa,6,Yes,13,No,No,No,No,No,No,No,1,13,$9.00,$20.84,$0.00,$0.00,$0.00,$0.00,$9.00,0
1851-APAMDI-9GB,5,Female,74,13,8,Sales,Yes,Unmarried,1,"$24,000.00",1,0,Lease,Foreign,"$5,700",39,Yes,Yes,Othe,11,No,17,No,No,No,Yes,Yes,No,Yes,1,47,$26.80,$233.96,$0.00,$0.00,$0.00,$0.00,$26.80,0
1852-FJUREZ-J28,1,Male,62,12,24,Labor,No,Married,2,"$160,000.00",6,0,Own,Domestic,"$64,900",23,No,No,AMEX,18,No,17,No,No,Yes,Yes,Yes,No,No,0,40,$53.80,$424.68,$0.00,$0.00,$0.00,$0.00,$53.80,0
1856-GXWVQP-B9I,2,Female,72,17,10,Sales,No,Unmarried,1,"$82,000.00",2,1,Own,Domestic,"$14,100",32,Yes,Yes,Mast,24,No,18,Yes,Yes,Yes,Yes,Yes,Yes,No,0,56,$43.60,$496.20,$210.00,"$2,319.04",$210.00,"$2,888.04",$463.60,1
1857-LALNZO-QLK,3,Male,38,19,4,Sales,No,Unmarried,1,"$82,000.00",0,1,Own,Foreign,"$21,300",30,No,No,Visa,16,Yes,21,No,No,No,No,No,No,No,1,34,$24.40,$166.68,$0.00,$0.00,$0.00,$0.00,$24.40,0
1857-XUGESY-CPO,2,Male,71,20,11,Professional,No,Unmarried,1,"$136,000.00",0,0,Own,Foreign,"$40,800",26,Yes,Yes,Disc,14,No,16,Yes,No,Yes,Yes,Yes,Yes,No,0,36,$32.80,$211.52,$151.40,$995.68,$0.00,$0.00,$184.20,0
1859-EQNEYI-RVE,4,Male,55,16,15,Professional,No,Unmarried,3,"$169,000.00",5,1,Own,Foreign,"$80,700",19,Yes,No,Disc,23,No,21,Yes,Yes,Yes,Yes,Yes,Yes,Yes,0,50,$70.60,$730.40,$260.80,"$2,597.56",$304.50,"$3,539.94",$635.90,1
1860-OQTJHA-G67,2,Male,77,12,10,Sales,Yes,Married,2,"$34,000.00",0,0,Own,Domestic,"$9,200",28,No,No,Mast,37,No,14,No,No,No,Yes,Yes,No,Yes,0,71,$86.00,"$1,281.28",$0.00,$0.00,$0.00,$0.00,$86.00,0
1862-HPKAOZ-82F,4,Female,51,14,4,Sales,No,Married,4,"$54,000.00",8,1,Own,Domestic,"$13,800",13,Yes,No,Mast,33,Yes,17,No,No,No,No,No,No,Yes,0,69,$114.20,"$1,514.60",$0.00,$0.00,$0.00,$0.00,$114.20,0
1864-WQKSMW-CU4,3,Female,72,12,18,Professional,No,Married,2,"$110,000.00",0,0,Lease,Foreign,"$33,300",17,Yes,No,Disc,16,No,21,No,No,No,No,No,No,Yes,0,46,$32.40,$301.80,$0.00,$0.00,$0.00,$0.00,$32.40,0
1865-LDHCGC-3C3,5,Male,65,15,5,Sales,Yes,Married,2,"$20,000.00",2,1,Lease,Domestic,"$5,500",28,No,Yes,Othe,34,No,14,Yes,Yes,No,Yes,Yes,No,Yes,0,63,$94.80,"$1,214.52",$149.20,"$1,856.56",$160.00,"$2,353.14",$404.00,1
1866-CKCXLR-VFF,4,Female,40,18,9,Labor,No,Unmarried,1,"$168,000.00",0,1,Own,Foreign,"$33,600",22,No,No,Disc,18,No,20,Yes,No,Yes,Yes,No,No,Yes,0,42,$34.00,$279.36,$139.40,"$1,071.76",$0.00,$0.00,$173.40,0
1866-UGNVHM-6F1,4,Female,39,12,12,Labor,No,Married,3,"$96,000.00",3,1,Own,Domestic,"$21,800",29,No,No,Mast,21,Yes,27,No,No,No,No,Yes,No,No,0,70,$100.80,"$1,388.60",$0.00,$0.00,$0.00,$0.00,$100.80,0
1866-WNGLXT-9B0,5,Male,64,18,11,Sales,No,Married,3,"$102,000.00",0,0,Own,Foreign,"$25,700",27,Yes,No,Mast,18,Yes,13,Yes,Yes,Yes,Yes,Yes,Yes,Yes,0,54,$58.80,$651.96,$202.40,"$2,224.04",$286.50,"$3,643.26",$547.70,1
1868-FDNNRB-RJ8,5,Male,66,14,26,Service,Yes,Married,2,"$88,000.00",0,1,Lease,Domestic,"$26,200",31,Yes,No,Visa,38,No,20,No,No,No,Yes,Yes,No,Yes,1,70,$57.60,$808.60,$0.00,$0.00,$0.00,$0.00,$57.60,0
1870-DEUJOQ-7LF,1,Male,38,16,9,Professional,No,Unmarried,3,"$88,000.00",0,1,Own,Domestic,"$20,000",16,No,No,Disc,3,Yes,19,No,No,No,No,No,No,No,1,8,$20.80,$31.08,$0.00,$0.00,$0.00,$0.00,$20.80,0
1872-NNWTDW-A7N,4,Male,51,8,23,Service,No,Married,2,"$100,000.00",7,1,Own,Domestic,"$52,800",33,No,No,Disc,33,No,16,No,No,No,No,No,No,Yes,0,72,$103.80,"$1,573.48",$0.00,$0.00,$0.00,$0.00,$103.80,0
1880-INKZQO-1BC,1,Female,41,14,19,Agriculture,No,Married,3,"$86,000.00",0,0,Own,Foreign,"$17,500",26,Yes,No,Visa,17,No,19,No,No,No,No,No,Yes,No,0,41,$58.00,$486.40,$0.00,$0.00,$0.00,$0.00,$58.00,0
1884-FTIEPD-RJH,3,Male,73,16,27,Professional,No,Married,2,"$106,000.00",3,1,Own,Domestic,"$28,400",21,No,Yes,AMEX,26,No,20,Yes,Yes,Yes,Yes,Yes,No,No,0,59,$53.20,$614.92,$189.60,"$2,073.04",$151.50,"$2,165.70",$394.30,1
1884-TYBPZG-HGL,1,Male,62,15,8,Sales,No,Unmarried,1,"$98,000.00",1,1,Lease,Foreign,"$26,200",17,No,Yes,Visa,22,No,21,Yes,No,No,No,No,No,No,1,30,$51.80,$309.48,$90.20,$509.32,$0.00,$0.00,$142.00,0
1886-KFBZJE-VSQ,1,Female,33,19,3,Sales,No,Married,5,"$114,000.00",5,0,Own,Domestic,"$26,800",26,No,No,AMEX,3,Yes,15,No,No,Yes,No,No,No,No,0,9,$21.80,$33.40,$0.00,$0.00,$0.00,$0.00,$21.80,0
1886-LXGDFC-QON,2,Female,51,15,16,Service,No,Unmarried,1,"$56,000.00",0,0,Own,Foreign,"$14,700",29,Yes,Yes,Disc,5,No,25,Yes,No,No,No,No,Yes,No,0,11,$26.40,$58.52,$90.60,$186.20,$0.00,$0.00,$117.00,0
1889-TEMGVP-F4B,2,Female,58,12,5,Sales,No,Unmarried,1,"$88,000.00",5,1,NoCar,N/A,$0,26,No,No,Disc,21,No,22,No,No,Yes,Yes,No,No,No,0,39,$64.00,$521.68,$0.00,$0.00,$0.00,$0.00,$64.00,0
1890-HNWCEI-0ZL,4,Male,69,11,11,Professional,No,Unmarried,1,"$106,000.00",5,1,NoCar,N/A,$0,19,No,Yes,Visa,31,No,24,No,No,No,No,Yes,No,No,0,59,$62.40,$710.52,$0.00,$0.00,$0.00,$0.00,$62.40,0
1890-WDOXSL-5H1,2,Male,20,10,3,Labor,No,Married,4,"$38,000.00",0,0,Own,Domestic,"$9,600",19,No,No,Mast,2,Yes,22,No,No,No,No,Yes,No,No,0,24,$15.00,$55.60,$0.00,$0.00,$0.00,$0.00,$15.00,0
1893-HKERAN-9GJ,4,Male,26,21,0,Professional,No,Unmarried,1,"$110,000.00",1,0,Own,Foreign,"$23,700",26,Yes,Yes,Visa,9,No,21,Yes,No,Yes,Yes,No,Yes,Yes,0,29,$13.20,$54.52,$132.60,$821.36,$0.00,$0.00,$145.80,0
1897-CASCKN-60N,5,Female,18,13,0,Professional,No,Married,4,"$32,000.00",8,1,Own,Domestic,"$9,900",42,Yes,No,Mast,0,No,16,No,No,No,No,No,No,No,1,10,$24.00,$52.56,$0.00,$0.00,$0.00,$0.00,$24.00,0
1900-KATSZO-JPV,5,Female,62,11,29,Labor,No,Married,2,"$116,000.00",5,1,Own,Foreign,"$74,000",35,Yes,Yes,Visa,40,No,21,No,No,No,No,No,No,Yes,0,72,$450.60,"$6,404.64",$0.00,$0.00,$0.00,$0.00,$450.60,1
1906-FOLHPJ-CZZ,3,Female,67,14,7,Sales,No,Married,2,"$56,000.00",10,0,NoCar,N/A,$0,20,No,No,Visa,35,No,19,No,No,No,No,No,No,Yes,0,64,$140.00,"$1,795.04",$0.00,$0.00,$0.00,$0.00,$140.00,0
1906-NRWEYB-E31,5,Female,50,10,4,Sales,No,Married,2,"$66,000.00",1,1,Lease,Domestic,"$17,600",29,No,No,AMEX,31,No,18,No,No,No,No,No,No,Yes,0,59,$37.80,$455.52,$0.00,$0.00,$0.00,$0.00,$37.80,0
1909-LZTQBC-0D7,3,Male,22,17,0,Sales,No,Married,5,"$38,000.00",0,1,Own,Domestic,"$9,700",15,No,No,Mast,4,Yes,18,No,No,No,No,No,Yes,No,0,5,$19.40,$16.48,$0.00,$0.00,$0.00,$0.00,$19.40,0
1909-YIZFUV-XCH,3,Male,64,14,22,Agriculture,No,Unmarried,1,"$166,000.00",11,1,Own,Foreign,"$37,000",22,No,No,AMEX,25,Yes,23,No,Yes,No,Yes,Yes,Yes,Yes,0,54,$23.60,$258.96,$0.00,$0.00,$178.50,"$2,268.18",$202.10,0
1911-MAZGNL-EI4,2,Male,30,20,0,Professional,No,Married,7,"$148,000.00",0,1,Own,Foreign,"$39,400",20,No,Yes,AMEX,1,Yes,11,Yes,Yes,Yes,No,Yes,Yes,No,0,4,$13.40,$8.36,$160.60,$107.52,$141.25,$116.34,$315.25,1
1911-QWFGHD-HTX,4,Female,39,21,1,Sales,No,Unmarried,1,"$70,000.00",5,1,Own,Domestic,"$9,200",22,Yes,No,Disc,2,No,19,No,Yes,Yes,Yes,Yes,No,No,0,3,$17.20,$10.92,$0.00,$0.00,$147.25,$48.90,$164.45,0
1913-ZMUQDP-1UP,3,Male,47,15,16,Professional,No,Married,2,"$148,000.00",0,1,Own,Domestic,"$47,400",23,No,Yes,Visa,29,No,27,Yes,No,No,No,No,Yes,Yes,1,59,$64.00,$728.76,$172.00,"$1,992.32",$0.00,$0.00,$236.00,0
1914-CIAQRB-GG5,4,Female,37,16,7,Professional,No,Married,2,"$108,000.00",0,1,Own,Foreign,"$28,100",29,No,No,Disc,10,No,13,Yes,Yes,Yes,Yes,Yes,Yes,Yes,1,26,$21.60,$94.20,$248.20,"$1,224.40",$341.25,"$2,006.88",$611.05,1
1916-KTSVAM-IT3,4,Male,40,20,10,Crafts,No,Married,2,"$130,000.00",0,1,Own,Foreign,"$20,000",21,Yes,Yes,Disc,11,Yes,26,Yes,No,No,No,No,Yes,Yes,0,40,$59.80,$440.44,$114.80,$868.28,$0.00,$0.00,$174.60,0
1916-SNNAIP-MIQ,4,Female,46,14,2,Sales,No,Unmarried,1,"$66,000.00",0,0,Own,Foreign,"$17,100",28,No,No,AMEX,16,Yes,30,Yes,Yes,Yes,Yes,Yes,No,Yes,0,22,$28.00,$111.96,$134.00,$594.40,$203.50,$998.70,$365.50,1
1916-VXTESO-0TE,1,Female,55,11,20,Labor,Yes,Unmarried,3,"$22,000.00",0,0,Own,Foreign,"$5,200",31,Yes,Yes,Disc,27,No,20,No,No,No,Yes,Yes,No,Yes,0,68,$55.00,$746.84,$0.00,$0.00,$0.00,$0.00,$55.00,0
1917-UNVOZH-K3E,5,Male,27,15,1,Professional,No,Married,3,"$32,000.00",0,1,Lease,Domestic,"$9,100",35,No,Yes,Mast,9,Yes,25,Yes,No,Yes,Yes,Yes,Yes,Yes,0,64,$35.40,$448.32,$178.60,"$2,331.56",$0.00,$0.00,$214.00,0
1917-XSFHUJ-81B,3,Male,28,16,1,Sales,No,Unmarried,1,"$60,000.00",5,1,Lease,Domestic,"$17,400",23,No,No,Mast,10,Yes,14,Yes,No,No,No,No,No,No,0,34,$12.00,$102.12,$133.00,$905.64,$0.00,$0.00,$145.00,0
1918-YUNRXD-817,1,Male,64,21,3,Sales,Yes,Married,2,"$26,000.00",2,0,Own,Foreign,"$5,500",15,Yes,Yes,AMEX,23,Yes,12,Yes,Yes,Yes,No,No,Yes,No,0,51,$50.20,$516.00,$130.20,"$1,270.28",$117.75,"$1,412.82",$298.15,1
1919-FGOSCT-2KH,4,Male,25,16,2,Agriculture,No,Unmarried,1,"$64,000.00",2,1,Own,Domestic,"$17,500",37,No,Yes,AMEX,7,Yes,13,No,No,No,No,No,No,Yes,0,48,$54.00,$515.28,$0.00,$0.00,$0.00,$0.00,$54.00,0
1920-HYYTIS-RR0,5,Male,56,14,19,Labor,No,Unmarried,1,"$126,000.00",6,0,Own,Foreign,"$31,300",26,No,No,Visa,8,No,19,No,No,No,No,No,No,No,0,19,$26.00,$95.04,$0.00,$0.00,$0.00,$0.00,$26.00,0
1924-OWOJEV-C0C,5,Male,75,12,10,Sales,No,Married,2,"$102,000.00",0,1,Own,Foreign,"$23,700",34,No,No,Disc,40,No,18,No,Yes,Yes,Yes,No,Yes,Yes,0,71,$147.60,"$2,032.08",$0.00,$0.00,$294.00,"$4,902.72",$441.60,1
1924-YQGOHN-Y5U,4,Female,38,15,9,Labor,No,Married,6,"$114,000.00",1,0,Own,Foreign,"$28,600",29,No,No,Disc,15,Yes,20,No,No,Yes,Yes,Yes,No,No,0,35,$49.20,$334.48,$0.00,$0.00,$0.00,$0.00,$49.20,0
1929-FGHSMO-Q5X,4,Male,22,14,0,Service,No,Married,4,"$36,000.00",11,1,Lease,Domestic,"$7,300",26,No,No,Mast,4,No,22,Yes,Yes,Yes,Yes,Yes,Yes,No,0,47,$44.60,$472.12,$149.60,"$1,391.92",$201.00,"$2,223.78",$395.20,1
1930-FVKBNA-ZNU,3,Male,58,17,18,Labor,No,Unmarried,1,"$84,000.00",0,1,Own,Foreign,"$28,700",16,No,Yes,Visa,24,No,21,Yes,Yes,Yes,Yes,Yes,Yes,Yes,1,44,$125.20,"$1,044.64",$218.00,"$1,935.92",$306.50,"$3,169.80",$649.70,1
1931-HCEFZX-0S1,5,Male,50,13,12,Service,No,Married,2,"$142,000.00",2,1,Own,Foreign,"$45,700",18,No,No,Visa,14,No,17,Yes,No,No,No,No,No,No,0,25,$35.00,$191.88,$93.40,$436.08,$0.00,$0.00,$128.40,0
1931-NHXKGH-D3R,5,Female,66,14,34,Crafts,No,Unmarried,1,"$350,000.00",0,0,Own,Foreign,"$87,900",17,No,Yes,AMEX,40,No,17,No,No,Yes,Yes,Yes,No,Yes,0,72,$234.60,"$3,492.56",$0.00,$0.00,$0.00,$0.00,$234.60,0
1937-RPSMUC-MG4,4,Male,62,11,19,Professional,No,Unmarried,1,"$157,000.00",3,1,Own,Domestic,"$54,300",24,No,Yes,Visa,26,No,12,No,No,No,No,Yes,No,Yes,0,62,$37.80,$436.84,$0.00,$0.00,$0.00,$0.00,$37.80,0
1938-JTJUST-QRR,1,Female,59,19,21,Crafts,No,Married,2,"$147,000.00",0,1,Own,Domestic,"$63,200",19,No,No,AMEX,33,No,16,No,Yes,Yes,Yes,Yes,No,Yes,0,69,$123.20,"$1,766.32",$0.00,$0.00,$141.00,"$2,209.20",$264.20,0
1939-FFNTHQ-TG5,3,Female,28,13,1,Sales,No,Unmarried,1,"$90,000.00",0,1,Own,Foreign,"$14,300",18,Yes,No,Visa,8,No,27,No,No,No,No,Yes,Yes,No,0,27,$38.40,$193.44,$0.00,$0.00,$0.00,$0.00,$38.40,0
1939-PPQXAN-A9X,4,Female,40,13,3,Sales,No,Married,2,"$122,000.00",10,1,Own,Foreign,"$36,500",18,No,No,Mast,20,Yes,22,No,No,No,No,No,No,Yes,1,53,$48.20,$489.24,$0.00,$0.00,$0.00,$0.00,$48.20,0
1940-DWFDGN-L81,3,Female,35,21,2,Professional,No,Unmarried,1,"$148,000.00",1,0,Own,Domestic,"$39,200",29,Yes,Yes,Disc,17,No,24,Yes,No,No,Yes,No,Yes,Yes,0,49,$54.40,$499.80,$121.40,"$1,181.48",$0.00,$0.00,$175.80,0
1941-WNBUWJ-TT4,3,Female,52,16,17,Agriculture,No,Married,2,"$196,000.00",0,0,Own,Domestic,"$62,700",29,No,Yes,Disc,34,No,17,No,No,No,Yes,No,No,No,0,67,$38.20,$474.08,$0.00,$0.00,$0.00,$0.00,$38.20,0
1942-HSYHOR-2CO,2,Male,26,16,1,Labor,No,Unmarried,1,"$70,000.00",8,1,Own,Foreign,"$24,100",25,No,No,Mast,8,No,24,No,No,No,Yes,Yes,No,No,0,30,$21.60,$129.48,$0.00,$0.00,$0.00,$0.00,$21.60,0
1942-HUBTKT-AMJ,5,Male,60,17,8,Professional,No,Married,2,"$186,000.00",1,1,NoCar,N/A,$0,16,No,Yes,AMEX,29,No,19,Yes,Yes,Yes,Yes,Yes,Yes,No,0,60,$68.80,$836.04,$190.20,"$2,299.12",$244.25,"$3,538.80",$503.25,1
1943-RXAEFL-BZ3,4,Female,39,14,5,Service,No,Married,2,"$120,000.00",7,0,Own,Domestic,"$31,300",22,Yes,Yes,Mast,8,No,25,No,No,No,Yes,No,No,No,1,23,$21.80,$92.44,$0.00,$0.00,$0.00,$0.00,$21.80,0
1946-CHZAKX-7PK,2,Male,43,14,1,Sales,No,Married,2,"$64,000.00",0,0,Own,Foreign,"$18,300",20,Yes,Yes,Disc,15,No,25,No,No,No,No,No,No,No,0,26,$21.00,$91.88,$0.00,$0.00,$0.00,$0.00,$21.00,0
1954-TUGUAM-VOV,2,Female,73,18,19,Labor,Yes,Married,2,"$18,000.00",0,0,Lease,Foreign,"$3,600",21,No,No,AMEX,38,No,28,Yes,Yes,No,No,No,Yes,Yes,0,70,$89.60,"$1,270.68",$162.60,"$2,238.84",$127.25,"$2,128.86",$379.45,1
1967-XURQTC-517,5,Female,54,8,25,Crafts,No,Married,2,"$170,000.00",6,1,Own,Foreign,"$54,900",18,No,No,Visa,26,No,15,No,No,Yes,Yes,Yes,No,No,0,40,$40.80,$334.08,$0.00,$0.00,$0.00,$0.00,$40.80,0
1969-VBSNJC-Y0A,4,Male,73,11,16,Sales,Yes,Unmarried,1,"$24,000.00",9,0,Lease,Domestic,"$7,500",23,No,Yes,Visa,37,No,19,No,No,No,No,No,No,Yes,0,70,$179.80,"$2,557.32",$0.00,$0.00,$0.00,$0.00,$179.80,0
1973-VJDGJA-TQ6,3,Female,35,15,1,Sales,No,Unmarried,2,"$106,000.00",1,0,Own,Foreign,"$31,900",24,No,Yes,Mast,3,Yes,23,No,No,No,Yes,No,No,No,0,7,$7.40,$9.40,$0.00,$0.00,$0.00,$0.00,$7.40,0
1975-DODECQ-CKL,1,Female,53,17,6,Professional,No,Married,3,"$70,000.00",0,0,Lease,Domestic,"$21,100",21,Yes,Yes,Visa,22,No,19,No,Yes,Yes,Yes,Yes,No,Yes,1,43,$54.80,$456.76,$0.00,$0.00,$121.25,"$1,275.30",$176.05,0
1975-PTOUTX-Y73,5,Female,41,16,10,Professional,No,Unmarried,1,"$92,000.00",0,1,Own,Domestic,"$23,200",25,No,Yes,Disc,23,No,17,No,Yes,Yes,No,No,Yes,Yes,0,63,$164.60,"$2,014.88",$0.00,$0.00,$240.50,"$3,642.78",$405.10,1
1980-GVBRHK-H34,3,Male,28,12,5,Labor,No,Unmarried,1,"$42,000.00",3,1,Own,Foreign,"$11,800",31,Yes,Yes,Visa,10,No,16,No,No,No,Yes,No,No,Yes,0,36,$31.60,$228.44,$0.00,$0.00,$0.00,$0.00,$31.60,0
1983-VFOZZO-GBQ,1,Male,33,11,8,Labor,No,Unmarried,1,"$76,000.00",0,1,Own,Foreign,"$15,700",22,No,Yes,Visa,2,Yes,18,No,No,No,No,Yes,Yes,No,0,6,$11.80,$13.16,$0.00,$0.00,$0.00,$0.00,$11.80,0
1986-NISNSG-9OV,1,Male,70,12,14,Professional,No,Unmarried,1,"$182,000.00",8,0,Own,Foreign,"$42,600",27,No,No,Disc,32,No,18,No,No,No,Yes,Yes,No,Yes,0,64,$123.60,"$1,513.08",$0.00,$0.00,$0.00,$0.00,$123.60,0
1987-BENLKO-AF6,4,Male,41,14,12,Professional,No,Unmarried,4,"$126,000.00",14,0,NoCar,N/A,$0,25,No,No,Othe,18,No,15,Yes,No,No,No,No,No,Yes,0,36,$52.20,$396.20,$131.00,$917.88,$0.00,$0.00,$183.20,0
1988-LLGSJP-8A5,1,Male,61,13,6,Sales,No,Unmarried,1,"$84,000.00",0,0,Own,Domestic,"$27,500",42,No,Yes,Disc,3,No,23,No,No,No,Yes,No,No,No,1,9,$11.60,$19.80,$0.00,$0.00,$0.00,$0.00,$11.60,0
1992-CMSLJG-YZN,4,Female,62,14,11,Professional,No,Unmarried,2,"$130,000.00",11,1,Own,Foreign,"$28,000",27,No,No,Mast,37,No,20,No,No,No,No,No,Yes,Yes,0,66,$78.20,$994.60,$0.00,$0.00,$0.00,$0.00,$78.20,0
1993-WUQLPP-M43,5,Female,38,13,13,Labor,No,Married,4,"$154,000.00",0,1,Own,Foreign,"$35,100",16,Yes,No,Visa,20,No,17,No,No,Yes,Yes,Yes,No,No,0,54,$36.00,$369.68,$0.00,$0.00,$0.00,$0.00,$36.00,0
1994-QKDOIY-XKP,1,Female,18,13,0,Professional,No,Unmarried,3,"$36,000.00",5,1,Own,Domestic,"$9,600",19,Yes,Yes,Disc,0,Yes,32,No,No,Yes,Yes,No,No,No,0,9,$55.40,$112.32,$0.00,$0.00,$0.00,$0.00,$55.40,0
2001-PQRNIW-35X,2,Male,79,19,37,Agriculture,Yes,Unmarried,1,"$159,000.00",7,0,Lease,Domestic,"$78,600",28,Yes,Yes,Disc,39,No,18,Yes,No,No,No,No,No,Yes,0,71,$96.60,"$1,276.44",$175.60,"$2,567.52",$0.00,$0.00,$272.20,0
2002-ZLIOCK-6I7,3,Male,56,14,14,Professional,No,Unmarried,1,"$100,000.00",3,0,Own,Foreign,"$23,900",27,No,Yes,AMEX,1,No,17,Yes,Yes,Yes,Yes,Yes,Yes,No,0,2,$6.60,$5.52,$154.80,$32.28,$177.75,$42.78,$339.15,1
2003-DHEWXA-JM3,4,Male,37,15,2,Sales,No,Unmarried,1,"$94,000.00",5,1,Own,Domestic,"$25,600",24,No,Yes,AMEX,2,No,20,Yes,No,No,No,No,No,Yes,0,6,$8.40,$5.00,$69.00,$81.08,$0.00,$0.00,$77.40,0
2003-SAIVMS-I93,5,Female,55,10,4,Sales,No,Married,3,"$62,000.00",0,0,Lease,Domestic,"$23,600",29,No,Yes,Disc,4,No,22,Yes,No,No,Yes,Yes,No,No,0,7,$14.00,$18.72,$125.60,$153.36,$0.00,$0.00,$139.60,0
2006-BYPNAG-XJ5,2,Female,30,16,1,Sales,No,Married,2,"$64,000.00",9,0,Lease,Domestic,"$13,900",28,No,Yes,AMEX,12,No,18,No,No,No,No,No,No,No,0,26,$30.60,$165.36,$0.00,$0.00,$0.00,$0.00,$30.60,0
2007-BEDDYV-62E,4,Female,60,11,22,Professional,No,Married,4,"$155,000.00",5,1,Own,Foreign,"$69,400",16,Yes,Yes,Mast,29,Yes,22,No,No,No,No,No,No,Yes,0,64,$97.00,"$1,157.08",$0.00,$0.00,$0.00,$0.00,$97.00,0
2008-JHNFFV-L7M,3,Female,23,13,1,Sales,No,Married,4,"$36,000.00",0,1,Lease,Domestic,"$7,800",32,Yes,Yes,Mast,5,Yes,16,No,No,No,Yes,Yes,No,No,0,33,$53.40,$365.96,$0.00,$0.00,$0.00,$0.00,$53.40,0
2011-ADNHGF-QI5,3,Female,60,19,13,Professional,No,Unmarried,1,"$142,000.00",0,1,Own,Foreign,"$60,400",25,No,No,AMEX,13,Yes,15,Yes,No,No,No,No,Yes,Yes,1,28,$30.80,$183.04,$106.40,$558.24,$0.00,$0.00,$137.20,0
2012-JKFDFH-E4N,5,Female,56,17,16,Professional,No,Unmarried,1,"$129,000.00",0,0,Own,Domestic,"$83,100",33,Yes,Yes,Disc,30,Yes,14,No,Yes,Yes,Yes,Yes,No,Yes,0,60,$58.20,$755.08,$0.00,$0.00,$222.75,"$3,187.98",$280.95,1
2012-RQECJI-6PR,1,Female,24,19,0,Service,No,Married,7,"$184,000.00",7,0,Own,Foreign,"$44,000",23,No,Yes,Mast,6,Yes,21,No,No,No,Yes,Yes,No,No,1,26,$35.20,$161.16,$0.00,$0.00,$0.00,$0.00,$35.20,0
2013-CGOHYT-GS9,1,Male,28,18,2,Labor,No,Married,2,"$58,000.00",9,1,Own,Foreign,"$13,600",22,Yes,No,Visa,11,Yes,24,No,No,No,No,No,No,Yes,0,21,$20.40,$90.24,$0.00,$0.00,$0.00,$0.00,$20.40,0
2013-ZYDGGG-M64,4,Male,65,11,6,Sales,No,Unmarried,1,"$60,000.00",0,0,Own,Domestic,"$17,000",30,No,Yes,Mast,7,No,20,No,No,No,No,No,No,No,0,17,$17.80,$66.76,$0.00,$0.00,$0.00,$0.00,$17.80,0
2016-DLJMNC-NIF,4,Male,68,21,25,Crafts,Yes,Unmarried,1,"$20,000.00",0,0,Lease,Domestic,"$4,200",20,Yes,Yes,Visa,9,No,19,Yes,No,Yes,No,No,Yes,No,0,28,$17.20,$112.20,$152.60,$814.20,$0.00,$0.00,$169.80,0
2020-ARIZML-WUU,4,Male,56,9,31,Service,No,Married,2,"$150,000.00",0,1,Own,Domestic,"$64,600",17,No,No,Mast,38,Yes,25,No,No,No,Yes,Yes,No,Yes,0,71,$198.00,"$2,866.80",$0.00,$0.00,$0.00,$0.00,$198.00,0
2021-WCJHTM-I0Y,1,Female,53,18,4,Professional,No,Married,3,"$168,000.00",5,1,Own,Foreign,"$27,600",20,Yes,Yes,Disc,34,No,13,Yes,No,No,No,No,Yes,Yes,0,64,$89.60,"$1,166.72",$190.60,"$2,431.28",$0.00,$0.00,$280.20,1
2022-QSGNVJ-R6O,4,Male,61,18,1,Sales,Yes,Unmarried,1,"$18,000.00",1,0,Lease,Domestic,"$5,000",20,Yes,No,AMEX,3,Yes,0,No,No,No,No,No,Yes,No,0,13,$9.40,$19.56,$0.00,$0.00,$0.00,$0.00,$9.40,0
2026-KBWZMU-YRV,5,Male,38,17,1,Sales,No,Unmarried,1,"$118,000.00",3,1,Lease,Domestic,"$34,700",27,No,Yes,Disc,5,Yes,27,Yes,Yes,Yes,Yes,Yes,Yes,No,0,15,$15.60,$57.44,$219.00,$622.20,$171.75,$489.48,$406.35,1
2028-YOCSIE-4NA,2,Male,33,19,2,Sales,No,Unmarried,2,"$110,000.00",0,0,Own,Foreign,"$22,800",27,No,Yes,Disc,4,Yes,27,Yes,Yes,No,Yes,Yes,Yes,No,0,12,$15.80,$37.92,$154.80,$338.12,$114.75,$251.76,$285.35,1
2029-UWAXQR-GJC,1,Female,72,12,26,Professional,No,Unmarried,1,"$191,000.00",2,1,Own,Foreign,"$79,200",24,Yes,No,Visa,38,Yes,18,No,No,No,Yes,Yes,No,Yes,0,70,$104.00,"$1,447.80",$0.00,$0.00,$0.00,$0.00,$104.00,0
2030-AJBYFE-SPO,3,Female,74,11,31,Labor,Yes,Unmarried,1,"$54,000.00",0,1,Own,Foreign,"$10,500",23,No,No,AMEX,36,No,13,No,No,No,No,No,No,Yes,0,69,$88.20,"$1,166.80",$0.00,$0.00,$0.00,$0.00,$88.20,0
2032-UQNDRB-U3N,1,Female,63,10,4,Sales,No,Married,4,"$60,000.00",6,0,Own,Domestic,"$16,500",26,Yes,Yes,Mast,14,No,24,No,No,No,Yes,Yes,No,No,0,27,$26.00,$141.48,$0.00,$0.00,$0.00,$0.00,$26.00,0
2036-JPTITN-SIB,5,Female,28,12,6,Professional,No,Married,4,"$68,000.00",9,1,Own,Foreign,"$16,100",23,Yes,Yes,Mast,10,No,35,Yes,No,No,No,No,No,No,0,37,$61.20,$448.12,$123.60,$909.96,$0.00,$0.00,$184.80,0
2036-TFDMSS-V5G,1,Female,33,13,6,Professional,No,Unmarried,1,"$74,000.00",0,1,NoCar,N/A,$0,39,No,Yes,Visa,15,Yes,12,No,No,No,No,Yes,No,No,0,48,$52.20,$470.60,$0.00,$0.00,$0.00,$0.00,$52.20,0
2038-BKOXRV-YQW,1,Male,75,16,14,Labor,No,Married,2,"$46,000.00",2,1,Own,Foreign,"$10,400",19,No,No,Disc,33,No,21,Yes,No,No,No,No,Yes,Yes,0,63,$95.00,"$1,216.00",$111.60,"$1,327.36",$0.00,$0.00,$206.60,0
2038-OVSVLN-8NO,2,Female,22,17,0,Professional,No,Unmarried,1,"$40,000.00",5,0,NoCar,N/A,$0,21,Yes,No,Mast,4,Yes,20,No,Yes,Yes,Yes,No,No,No,0,15,$21.20,$57.28,$0.00,$0.00,$123.00,$400.02,$144.20,0
2041-PNMGHX-TXJ,4,Female,73,14,28,Service,Yes,Married,2,"$138,000.00",0,0,Own,Foreign,"$22,800",27,No,No,Visa,32,No,22,Yes,Yes,Yes,Yes,Yes,Yes,Yes,0,62,$101.80,"$1,252.48",$188.60,"$2,299.32",$266.00,"$3,894.72",$556.40,1
2041-WAUPOH-84L,1,Male,44,8,9,Sales,No,Unmarried,1,"$82,000.00",0,0,Own,Domestic,"$16,400",32,No,Yes,Visa,9,No,20,No,No,No,No,No,No,No,0,14,$22.80,$60.76,$0.00,$0.00,$0.00,$0.00,$22.80,0
2044-KFTKUB-YTV,3,Female,23,10,2,Service,No,Married,5,"$66,000.00",1,0,Own,Domestic,"$11,100",21,Yes,Yes,Othe,5,No,14,No,No,No,No,No,No,No,0,36,$34.60,$223.88,$0.00,$0.00,$0.00,$0.00,$34.60,0
2049-DJGJYT-SWF,2,Male,22,15,1,Service,No,Unmarried,1,"$30,000.00",5,1,Lease,Domestic,"$7,200",18,No,No,Disc,5,No,14,Yes,Yes,Yes,Yes,Yes,Yes,No,0,15,$18.00,$43.88,$156.00,$435.48,$191.25,$608.34,$365.25,1
2049-KTNHMV-YMX,4,Female,40,13,10,Service,No,Married,2,"$48,000.00",1,0,NoCar,N/A,$0,28,Yes,Yes,Othe,15,No,21,No,No,No,Yes,Yes,No,No,1,26,$42.80,$203.12,$0.00,$0.00,$0.00,$0.00,$42.80,0
2050-RTGFQU-7YX,2,Female,65,17,23,Service,Yes,Married,2,"$42,000.00",2,0,Own,Foreign,"$9,800",21,No,Yes,Disc,22,No,26,No,No,No,No,No,Yes,Yes,0,64,$84.00,"$1,091.04",$0.00,$0.00,$0.00,$0.00,$84.00,0
2050-WVIBCO-FFU,1,Female,58,12,21,Service,No,Married,2,"$180,000.00",8,1,Own,Foreign,"$36,600",26,Yes,Yes,Disc,34,No,20,No,Yes,Yes,Yes,Yes,No,Yes,0,64,$80.60,"$1,010.12",$0.00,$0.00,$150.75,"$2,302.38",$231.35,0
2053-PEHZPB-NTD,4,Female,32,16,1,Sales,No,Unmarried,1,"$68,000.00",2,1,Own,Foreign,"$18,700",18,No,Yes,AMEX,3,No,27,No,No,No,Yes,No,No,No,1,8,$18.20,$24.60,$0.00,$0.00,$0.00,$0.00,$18.20,0
2053-XMXWVB-6JF,2,Female,28,11,0,Sales,No,Married,2,"$38,000.00",9,0,Own,Foreign,"$7,400",19,Yes,Yes,Othe,7,Yes,21,No,No,No,No,No,No,No,0,18,$23.20,$69.88,$0.00,$0.00,$0.00,$0.00,$23.20,0
2053-XYIODV-NZC,2,Female,48,17,17,Crafts,No,Unmarried,1,"$297,000.00",3,1,Own,Foreign,"$86,000",18,No,Yes,Disc,30,Yes,20,No,Yes,No,Yes,Yes,No,Yes,1,69,$99.20,"$1,373.64",$0.00,$0.00,$217.75,"$3,614.46",$316.95,1
2056-QRYERZ-MQ5,2,Male,60,17,4,Professional,No,Married,2,"$114,000.00",0,1,Own,Domestic,"$29,800",34,Yes,Yes,Disc,10,No,13,No,Yes,No,Yes,Yes,No,Yes,0,36,$44.80,$329.60,$0.00,$0.00,$147.00,"$1,288.74",$191.80,0
2062-ZTUYWQ-9IA,5,Female,58,14,21,Service,No,Married,5,"$124,000.00",7,1,Own,Foreign,"$26,300",37,No,No,AMEX,34,Yes,19,No,No,No,No,Yes,No,Yes,0,69,$75.20,"$1,055.20",$0.00,$0.00,$0.00,$0.00,$75.20,0
2063-NKBVFX-PD0,5,Male,65,11,30,Service,No,Married,2,"$102,000.00",2,0,NoCar,N/A,$0,16,No,No,Visa,35,No,24,No,No,Yes,Yes,No,No,Yes,0,67,$98.20,"$1,277.80",$0.00,$0.00,$0.00,$0.00,$98.20,0
2063-OSTBQH-JDZ,1,Male,20,15,0,Crafts,No,Unmarried,2,"$36,000.00",0,0,Own,Domestic,"$10,000",27,Yes,Yes,AMEX,2,Yes,11,Yes,No,No,No,No,Yes,Yes,0,30,$32.00,$220.72,$146.60,$841.76,$0.00,$0.00,$178.60,0
2066-HGNCKH-MN1,2,Female,72,14,31,Labor,Yes,Unmarried,1,"$80,000.00",8,1,Own,Foreign,"$17,000",18,No,No,Mast,36,No,20,No,No,No,No,Yes,No,Yes,1,69,$47.60,$659.88,$0.00,$0.00,$0.00,$0.00,$47.60,0
2067-LYKEFN-EEO,5,Female,44,19,3,Sales,No,Married,2,"$139,000.00",1,1,Own,Foreign,"$80,800",27,Yes,Yes,Visa,7,Yes,19,Yes,Yes,No,No,No,Yes,No,0,6,$22.60,$24.92,$128.60,$131.44,$93.25,$126.18,$244.45,0
2069-CWGIPK-4TQ,4,Female,24,17,0,Professional,No,Unmarried,3,"$24,000.00",0,1,Own,Foreign,"$6,100",29,Yes,Yes,AMEX,1,Yes,0,Yes,No,No,Yes,No,Yes,No,0,1,$8.00,$1.60,$94.00,$18.80,$0.00,$0.00,$102.00,0
2072-YOYTJG-L8H,2,Female,76,19,25,Professional,Yes,Unmarried,1,"$178,000.00",0,0,Own,Foreign,"$53,600",16,No,No,Disc,36,No,14,No,No,No,No,Yes,No,Yes,0,70,$127.40,"$1,765.20",$0.00,$0.00,$0.00,$0.00,$127.40,0
2076-HUZSPZ-MGH,3,Male,65,14,4,Sales,Yes,Married,3,"$18,000.00",5,0,Own,Domestic,"$4,200",32,No,No,AMEX,27,No,15,No,No,No,No,No,No,Yes,1,66,$132.80,"$1,729.44",$0.00,$0.00,$0.00,$0.00,$132.80,0
2076-HXNRRT-59Y,5,Male,50,20,2,Sales,No,Unmarried,1,"$98,000.00",0,0,Own,Domestic,"$15,800",28,Yes,Yes,Disc,3,Yes,20,No,No,Yes,Yes,No,No,No,0,21,$17.40,$53.16,$0.00,$0.00,$0.00,$0.00,$17.40,0
2082-VWNHYB-KNG,1,Male,26,11,6,Service,No,Unmarried,1,"$48,000.00",1,0,Own,Domestic,"$13,300",21,No,Yes,Othe,5,Yes,22,No,No,No,No,No,No,No,0,7,$15.20,$25.08,$0.00,$0.00,$0.00,$0.00,$15.20,0
2084-WBCKVO-E7E,4,Female,69,14,25,Service,No,Unmarried,1,"$144,000.00",6,1,Own,Domestic,"$27,000",36,No,No,Visa,23,Yes,24,Yes,No,No,No,No,No,Yes,0,41,$64.20,$539.40,$124.60,$989.20,$0.00,$0.00,$188.80,0
2092-TUFIRF-WFP,5,Male,52,15,16,Agriculture,No,Married,2,"$121,000.00",5,0,Own,Foreign,"$63,300",30,Yes,Yes,AMEX,30,Yes,17,Yes,Yes,Yes,Yes,Yes,Yes,Yes,0,67,$89.20,"$1,274.04",$189.80,"$2,499.60",$266.00,"$4,167.30",$545.00,1
2092-XYPDIL-3Q1,3,Female,33,19,2,Professional,No,Unmarried,1,"$182,000.00",2,1,Own,Foreign,"$20,200",24,No,Yes,Disc,15,No,24,No,No,No,No,No,No,No,0,26,$17.00,$97.68,$0.00,$0.00,$0.00,$0.00,$17.00,0
2096-SROIDJ-QSM,4,Male,75,16,15,Service,Yes,Unmarried,1,"$26,000.00",1,1,Lease,Domestic,"$6,100",27,No,No,Mast,40,No,10,No,No,No,No,No,No,Yes,0,72,$168.60,"$2,557.40",$0.00,$0.00,$0.00,$0.00,$168.60,0
2098-YCSUFO-803,5,Female,39,20,1,Sales,No,Unmarried,1,"$98,000.00",1,0,Own,Domestic,"$30,000",33,Yes,Yes,Disc,21,No,18,Yes,No,Yes,No,No,Yes,No,1,42,$70.00,$561.52,$144.80,"$1,219.24",$0.00,$0.00,$214.80,0
2102-SEQVSW-Y31,1,Male,30,11,7,Labor,No,Unmarried,3,"$56,000.00",0,1,Own,Foreign,"$13,400",29,Yes,Yes,Disc,6,Yes,19,No,Yes,Yes,Yes,Yes,No,No,1,14,$19.60,$46.20,$0.00,$0.00,$84.25,$276.18,$103.85,0
2103-ZONULT-ZP5,4,Female,63,11,18,Service,No,Married,2,"$110,000.00",9,1,Own,Foreign,"$23,400",20,No,No,Visa,38,No,18,No,No,No,Yes,Yes,No,Yes,0,71,$93.40,"$1,343.16",$0.00,$0.00,$0.00,$0.00,$93.40,0
2104-JZXTPW-91J,3,Male,53,16,3,Sales,No,Married,3,"$252,000.00",3,1,Own,Foreign,"$83,900",25,No,Yes,Disc,19,No,17,Yes,Yes,Yes,Yes,No,Yes,No,0,30,$46.60,$280.72,$159.20,$896.48,$156.00,"$1,109.40",$361.80,1
2106-DWCTQG-Q2B,2,Male,32,14,3,Sales,No,Unmarried,1,"$68,000.00",1,1,Own,Domestic,"$14,500",33,No,Yes,Disc,14,Yes,23,Yes,Yes,No,No,Yes,Yes,Yes,0,47,$61.80,$622.16,$127.00,"$1,190.36",$152.75,"$1,572.18",$341.55,1
2109-AAWNKU-KMC,1,Male,42,13,3,Sales,No,Unmarried,1,"$110,000.00",3,0,Own,Foreign,"$54,200",23,Yes,Yes,Mast,1,No,19,No,No,No,No,No,No,No,0,1,$8.20,$1.64,$0.00,$0.00,$0.00,$0.00,$8.20,0
2110-QHIRWX-GXY,5,Male,47,15,19,Service,No,Unmarried,1,"$86,000.00",2,1,Lease,Domestic,"$19,100",24,No,No,Visa,5,No,22,No,No,No,Yes,Yes,No,No,1,4,$12.20,$5.96,$0.00,$0.00,$0.00,$0.00,$12.20,0
2112-AAZKII-Z8W,5,Male,52,21,4,Sales,No,Married,5,"$185,000.00",1,1,Own,Foreign,"$82,000",25,No,No,AMEX,19,Yes,19,Yes,Yes,Yes,Yes,Yes,Yes,Yes,0,54,$48.60,$478.44,$185.00,"$2,001.60",$218.25,"$2,728.92",$451.85,1
2112-BLMNMM-7XR,1,Female,67,9,13,Sales,No,Married,4,"$90,000.00",11,1,Own,Foreign,"$20,500",15,No,No,Disc,20,No,30,Yes,Yes,Yes,Yes,Yes,No,No,0,34,$39.20,$243.32,$154.40,$935.68,$192.50,"$1,571.82",$386.10,1
2113-LRPWIU-32N,1,Female,29,15,2,Professional,No,Married,2,"$172,000.00",4,1,Own,Foreign,"$40,400",23,Yes,Yes,Mast,11,Yes,18,No,No,No,No,No,No,No,1,43,$33.80,$277.88,$0.00,$0.00,$0.00,$0.00,$33.80,0
2117-GXWTHT-H83,1,Female,50,16,2,Sales,No,Married,5,"$102,000.00",0,0,Own,Foreign,"$24,000",36,Yes,No,Disc,8,Yes,18,Yes,No,No,No,No,Yes,No,0,12,$20.60,$49.52,$77.00,$186.12,$0.00,$0.00,$97.60,0
2119-XXXFSK-KO6,2,Female,63,19,3,Sales,No,Unmarried,1,"$138,000.00",0,0,Own,Domestic,"$35,400",16,No,No,Disc,15,Yes,22,Yes,Yes,Yes,Yes,No,No,Yes,0,41,$27.60,$185.24,$147.20,"$1,205.00",$163.00,"$1,740.60",$337.80,1
2121-SVIHEQ-LY9,3,Female,22,17,0,Professional,No,Married,4,"$38,000.00",1,1,Own,Domestic,"$11,100",22,No,No,AMEX,4,No,21,No,No,Yes,Yes,Yes,No,No,0,39,$24.40,$197.04,$0.00,$0.00,$0.00,$0.00,$24.40,0
2121-UEWVYT-OJT,2,Female,52,8,24,Crafts,No,Unmarried,1,"$168,000.00",0,1,Own,Foreign,"$52,600",15,No,Yes,Mast,34,Yes,22,No,No,No,Yes,No,No,Yes,0,71,$105.80,"$1,587.64",$0.00,$0.00,$0.00,$0.00,$105.80,0
2124-HVKIPE-Y3S,5,Female,73,16,8,Sales,No,Unmarried,1,"$64,000.00",10,1,Own,Foreign,"$17,200",29,No,Yes,Disc,17,No,15,No,No,No,No,No,No,No,1,48,$61.00,$583.76,$0.00,$0.00,$0.00,$0.00,$61.00,0
2125-VLQTZS-5BO,1,Male,42,14,13,Labor,No,Unmarried,1,"$108,000.00",10,1,Own,Domestic,"$29,500",26,No,Yes,Disc,24,No,24,Yes,No,Yes,Yes,Yes,Yes,Yes,0,63,$75.20,$941.40,$203.80,"$2,570.76",$0.00,$0.00,$279.00,1
2126-NKWFLM-XQV,2,Female,61,12,20,Professional,No,Married,3,"$80,000.00",7,1,Own,Domestic,"$12,900",29,Yes,Yes,Mast,33,Yes,18,No,No,No,No,No,No,Yes,0,61,$115.80,"$1,415.08",$0.00,$0.00,$0.00,$0.00,$115.80,0
2129-FHCWLZ-ZM5,3,Female,70,18,12,Professional,No,Unmarried,1,"$123,000.00",9,1,Own,Domestic,"$58,600",22,Yes,No,Mast,38,No,19,No,No,No,Yes,Yes,No,Yes,0,72,$124.40,"$1,833.40",$0.00,$0.00,$0.00,$0.00,$124.40,0
2130-KSZGWS-HXZ,3,Female,66,18,5,Sales,No,Unmarried,1,"$68,000.00",0,1,Lease,Foreign,"$13,400",19,Yes,Yes,AMEX,9,Yes,21,Yes,No,No,No,No,Yes,No,0,25,$29.40,$135.16,$124.00,$559.12,$0.00,$0.00,$153.40,0
2131-MLWCNY-N3Z,2,Male,46,11,9,Sales,No,Unmarried,2,"$62,000.00",3,1,NoCar,N/A,$0,38,No,Yes,Visa,21,Yes,20,No,No,No,No,No,No,Yes,0,57,$69.40,$774.96,$0.00,$0.00,$0.00,$0.00,$69.40,0
2137-BSQPGJ-AJN,2,Female,59,15,5,Sales,Yes,Married,4,"$34,000.00",6,1,Own,Domestic,"$10,500",23,Yes,No,Disc,37,No,18,Yes,No,No,No,No,Yes,Yes,0,67,$80.80,"$1,091.80",$127.00,"$1,679.68",$0.00,$0.00,$207.80,0
2141-TPXJMS-MEJ,2,Male,72,11,27,Service,Yes,Married,2,"$76,000.00",9,0,Lease,Foreign,"$17,500",19,Yes,No,AMEX,31,Yes,21,No,No,No,Yes,No,No,No,1,54,$100.40,"$1,136.56",$0.00,$0.00,$0.00,$0.00,$100.40,0
2151-EKABHZ-0B9,2,Female,24,19,0,Professional,No,Unmarried,1,"$46,000.00",4,0,Lease,Domestic,"$12,500",29,No,No,Mast,3,No,30,No,Yes,Yes,No,No,Yes,No,0,5,$16.80,$13.16,$0.00,$0.00,$93.00,$88.44,$109.80,0
2160-FHTFDO-9EL,4,Female,18,13,0,Sales,No,Unmarried,1,"$40,000.00",2,1,Own,Foreign,"$8,800",33,No,No,Visa,0,No,28,No,No,No,No,No,No,No,0,11,$20.60,$56.32,$0.00,$0.00,$0.00,$0.00,$20.60,0
2160-NYPZTX-5N1,2,Female,50,12,17,Labor,No,Married,2,"$172,000.00",0,0,Lease,Foreign,"$37,300",34,No,Yes,AMEX,32,No,14,No,No,No,No,No,Yes,Yes,1,72,$261.20,"$3,879.80",$0.00,$0.00,$0.00,$0.00,$261.20,0
2160-QODOUI-USX,3,Female,22,12,2,Professional,No,Unmarried,1,"$36,000.00",0,1,Own,Domestic,"$10,300",22,No,Yes,Disc,1,Yes,13,Yes,No,Yes,Yes,Yes,Yes,No,0,1,$5.60,$1.12,$92.80,$18.56,$0.00,$0.00,$98.40,0
2165-ODFCDS-YAA,3,Male,61,9,9,Sales,No,Married,3,"$106,000.00",0,0,Own,Foreign,"$29,700",21,Yes,Yes,Visa,28,No,21,No,No,No,Yes,Yes,No,Yes,0,64,$85.20,"$1,100.44",$0.00,$0.00,$0.00,$0.00,$85.20,0
2166-JHKRTQ-B3K,2,Male,76,15,32,Labor,Yes,Married,4,"$84,000.00",12,0,Own,Domestic,"$15,000",19,No,Yes,Mast,37,No,28,No,No,No,No,No,No,Yes,0,69,$82.80,"$1,141.52",$0.00,$0.00,$0.00,$0.00,$82.80,0
2167-LOKFNB-F1W,1,Male,64,15,18,Professional,No,Unmarried,1,"$138,000.00",0,0,Own,Domestic,"$35,000",15,No,No,Mast,10,No,23,Yes,No,No,No,No,Yes,No,1,34,$59.20,$413.44,$129.80,$945.96,$0.00,$0.00,$189.00,0
2172-GUETOD-J7Z,1,Female,36,16,1,Sales,No,Unmarried,1,"$56,000.00",3,0,Own,Foreign,"$13,300",24,No,Yes,Disc,6,Yes,17,Yes,Yes,Yes,Yes,Yes,Yes,No,1,20,$15.00,$47.56,$153.60,$581.04,$122.00,$495.72,$290.60,1
2173-JHAAJO-Z0T,2,Female,66,21,5,Professional,No,Married,2,"$56,000.00",0,0,NoCar,N/A,$0,24,Yes,No,AMEX,19,No,23,Yes,Yes,Yes,No,Yes,Yes,Yes,1,48,$58.80,$524.12,$164.40,"$1,584.56",$222.75,"$2,447.70",$445.95,1
2173-PGDSCF-871,1,Female,33,9,8,Service,No,Married,4,"$64,000.00",0,1,Own,Foreign,"$17,100",22,No,No,Mast,15,No,15,No,No,Yes,Yes,Yes,No,No,1,61,$51.40,$616.20,$0.00,$0.00,$0.00,$0.00,$51.40,0
2173-PULCBV-RBF,4,Female,33,18,0,Sales,No,Married,3,"$54,000.00",8,1,Lease,Foreign,"$13,500",25,No,No,Disc,11,Yes,26,Yes,Yes,Yes,Yes,Yes,No,No,0,26,$29.00,$155.52,$181.80,$808.68,$169.75,"$1,050.90",$380.55,1
2175-OCFQRY-P3X,3,Male,78,16,1,Sales,Yes,Unmarried,1,"$30,000.00",0,1,Lease,Foreign,"$7,800",25,No,No,Visa,22,No,28,No,No,No,No,No,No,Yes,1,52,$44.00,$510.52,$0.00,$0.00,$0.00,$0.00,$44.00,0
2175-VGCTPF-370,4,Male,79,12,6,Sales,Yes,Married,2,"$18,000.00",1,0,Lease,Domestic,"$3,800",27,Yes,Yes,Mast,15,No,0,No,No,No,No,Yes,No,No,0,34,$22.00,$180.56,$0.00,$0.00,$0.00,$0.00,$22.00,0
2176-ZLOYBO-OXH,5,Female,64,12,26,Labor,No,Unmarried,1,"$113,000.00",0,1,Own,Domestic,"$56,600",29,No,Yes,Visa,19,No,17,No,No,No,Yes,No,No,No,0,44,$34.20,$323.04,$0.00,$0.00,$0.00,$0.00,$34.20,0
2177-DBXQEF-6ZN,5,Female,47,7,22,Labor,No,Married,2,"$184,000.00",0,1,Own,Domestic,"$49,400",37,No,No,Disc,29,No,25,No,No,No,Yes,Yes,No,Yes,1,72,$225.80,"$3,208.48",$0.00,$0.00,$0.00,$0.00,$225.80,0
2177-HGKDZL-NV5,2,Male,37,11,1,Sales,No,Married,2,"$56,000.00",0,1,Lease,Domestic,"$12,800",23,Yes,No,Mast,19,No,24,No,No,No,Yes,Yes,No,No,0,64,$97.20,"$1,166.20",$0.00,$0.00,$0.00,$0.00,$97.20,0
2177-TTDMKH-JM8,1,Female,64,18,34,Labor,No,Unmarried,1,"$273,000.00",6,1,Own,Foreign,"$93,600",38,No,Yes,AMEX,39,No,23,Yes,No,No,Yes,Yes,Yes,Yes,0,71,$104.00,"$1,519.52",$152.80,"$2,172.92",$0.00,$0.00,$256.80,0
2178-XTHVQD-UX5,4,Male,60,14,25,Labor,Yes,Married,2,"$46,000.00",7,1,Own,Domestic,"$9,200",35,No,No,Visa,18,No,27,Yes,Yes,Yes,Yes,Yes,No,No,0,50,$67.20,$664.92,$186.20,"$1,829.92",$232.50,"$2,740.50",$485.90,1
2183-SBNRFZ-9JC,3,Female,59,19,8,Sales,No,Unmarried,1,"$134,000.00",3,1,Own,Domestic,"$31,000",30,Yes,No,Disc,24,No,25,No,No,No,No,No,Yes,No,0,39,$24.40,$178.68,$0.00,$0.00,$0.00,$0.00,$24.40,0
2186-YVXWFX-SFN,2,Male,47,12,8,Service,No,Married,3,"$72,000.00",1,1,Own,Domestic,"$10,800",23,No,Yes,Visa,29,No,24,No,No,Yes,No,No,No,Yes,0,70,$120.00,"$1,623.92",$0.00,$0.00,$0.00,$0.00,$120.00,0
2187-NYMCPV-F8B,2,Male,69,13,5,Sales,No,Unmarried,1,"$80,000.00",2,0,Own,Foreign,"$23,500",25,Yes,No,Disc,4,No,26,No,Yes,Yes,Yes,Yes,No,No,0,11,$18.20,$33.64,$0.00,$0.00,$94.00,$220.38,$112.20,0
2189-GJOMSQ-IY3,4,Male,57,20,10,Professional,No,Unmarried,2,"$132,000.00",2,1,Own,Foreign,"$38,400",20,No,No,Mast,4,Yes,17,No,Yes,Yes,No,Yes,Yes,No,0,17,$15.00,$42.84,$0.00,$0.00,$120.75,$431.34,$135.75,0
2191-CUHTQT-YQM,5,Female,28,18,2,Sales,No,Married,3,"$50,000.00",2,1,Own,Foreign,"$13,700",20,No,Yes,Disc,10,No,17,Yes,Yes,No,No,No,Yes,Yes,0,48,$45.40,$413.16,$182.00,"$1,747.24",$238.50,"$2,653.56",$465.90,1
2192-UDBMYJ-906,5,Male,57,14,17,Service,No,Unmarried,1,"$140,000.00",0,0,Own,Domestic,"$30,400",26,No,No,Disc,27,No,23,No,No,No,No,No,No,Yes,0,53,$41.20,$469.80,$0.00,$0.00,$0.00,$0.00,$41.20,0
2197-RKAIUP-8RK,5,Male,22,16,0,Labor,No,Unmarried,1,"$88,000.00",0,1,Lease,Foreign,"$24,700",48,No,No,Visa,4,No,21,Yes,Yes,Yes,Yes,Yes,Yes,No,0,25,$23.00,$129.56,$180.40,$844.96,$172.75,$908.40,$376.15,1
2198-TTFSPH-RFL,3,Male,39,17,8,Service,No,Unmarried,2,"$76,000.00",7,1,Own,Foreign,"$16,300",28,No,Yes,AMEX,12,Yes,15,No,No,No,No,No,No,Yes,0,34,$29.00,$156.96,$0.00,$0.00,$0.00,$0.00,$29.00,0
2200-PMYTFO-PHN,5,Female,37,18,5,Professional,No,Unmarried,1,"$88,000.00",0,0,Own,Foreign,"$24,700",27,No,No,Visa,12,No,24,No,Yes,No,Yes,Yes,Yes,No,0,40,$40.80,$310.32,$0.00,$0.00,$121.00,"$1,163.16",$161.80,0
2202-EYHVHY-RZS,4,Female,48,19,9,Sales,No,Married,2,"$54,000.00",0,1,Own,Domestic,"$17,200",33,No,No,AMEX,18,Yes,20,Yes,Yes,Yes,No,No,Yes,No,1,42,$57.40,$514.20,$157.20,"$1,325.44",$167.75,"$1,832.58",$382.35,1
2211-NVOCWS-T17,5,Female,28,18,1,Professional,No,Married,8,"$140,000.00",6,1,NoCar,N/A,$0,30,No,Yes,Mast,5,Yes,22,Yes,No,Yes,No,Yes,Yes,Yes,0,24,$25.60,$126.84,$144.80,$685.40,$0.00,$0.00,$170.40,0
2212-AOYDMW-0ZV,2,Male,78,20,13,Professional,Yes,Married,2,"$28,000.00",4,1,Lease,Domestic,"$8,000",25,No,No,Disc,39,No,16,No,No,No,Yes,No,No,Yes,0,72,$143.20,"$2,029.76",$0.00,$0.00,$0.00,$0.00,$143.20,0
2217-JCITJW-7OS,4,Female,24,19,0,Sales,No,Married,5,"$48,000.00",9,1,Own,Domestic,"$10,800",21,Yes,No,Visa,5,Yes,19,Yes,No,Yes,No,No,Yes,Yes,0,22,$19.40,$105.92,$129.20,$502.04,$0.00,$0.00,$148.60,0
2220-KLUIMT-QBI,1,Female,75,9,30,Crafts,Yes,Married,2,"$20,000.00",1,0,Lease,Foreign,"$3,800",29,No,No,Othe,36,No,20,No,No,No,Yes,Yes,No,Yes,0,70,$83.20,"$1,156.20",$0.00,$0.00,$0.00,$0.00,$83.20,0
2221-GQBQEC-Y8V,1,Male,56,8,3,Sales,No,Married,2,"$56,000.00",3,0,NoCar,N/A,$0,29,Yes,No,Othe,12,No,22,No,No,No,No,No,No,No,0,29,$39.40,$218.40,$0.00,$0.00,$0.00,$0.00,$39.40,0
2221-JEBBVE-3D4,2,Male,50,12,26,Service,No,Married,2,"$163,000.00",1,0,Own,Domestic,"$63,400",32,Yes,Yes,Disc,32,Yes,16,No,No,No,No,No,No,Yes,1,59,$54.80,$688.56,$0.00,$0.00,$0.00,$0.00,$54.80,0
2222-KMKXQJ-Y1T,1,Male,62,11,5,Sales,No,Married,2,"$106,000.00",0,0,Own,Domestic,"$25,600",18,Yes,No,Othe,8,No,15,No,No,No,No,No,No,No,1,21,$18.60,$47.88,$0.00,$0.00,$0.00,$0.00,$18.60,0
2226-UNHNYR-8Z9,5,Male,71,17,19,Professional,No,Married,2,"$310,000.00",9,1,Own,Foreign,"$88,600",24,Yes,Yes,AMEX,36,Yes,21,Yes,Yes,No,Yes,Yes,No,Yes,0,69,$121.40,"$1,677.40",$188.40,"$2,580.20",$190.00,"$3,040.14",$499.80,1
2227-HEIEIP-UIV,2,Female,51,17,14,Service,No,Married,4,"$315,000.00",8,1,Own,Foreign,"$80,400",29,No,Yes,AMEX,18,Yes,17,No,No,No,Yes,Yes,Yes,No,1,51,$48.20,$499.68,$0.00,$0.00,$0.00,$0.00,$48.20,0
2227-HXQHHE-5R0,5,Female,71,18,31,Service,No,Married,2,"$123,000.00",6,1,Own,Domestic,"$59,800",38,No,No,Disc,36,Yes,19,Yes,No,No,Yes,Yes,No,Yes,1,70,$150.40,"$2,229.72",$146.20,"$2,015.96",$0.00,$0.00,$296.60,1
2228-KOLOPU-FY3,5,Female,28,11,4,Professional,No,Married,3,"$46,000.00",10,1,NoCar,N/A,$0,30,Yes,No,Visa,10,Yes,16,No,No,No,Yes,Yes,No,No,0,34,$13.80,$88.36,$0.00,$0.00,$0.00,$0.00,$13.80,0
2229-TJZAGB-2XU,2,Male,21,16,0,Service,No,Unmarried,2,"$44,000.00",5,0,Own,Foreign,"$10,400",22,Yes,Yes,AMEX,3,Yes,23,Yes,Yes,No,Yes,No,Yes,No,0,10,$19.20,$29.72,$130.60,$234.12,$102.50,$226.14,$252.30,0
2233-VVYISL-VUT,2,Female,35,19,2,Sales,No,Married,2,"$120,000.00",3,1,Own,Foreign,"$24,200",19,No,Yes,Visa,11,Yes,16,Yes,No,No,No,No,Yes,Yes,0,18,$22.60,$92.12,$121.60,$383.12,$0.00,$0.00,$144.20,0
2235-MEUKPE-VES,5,Female,42,17,4,Professional,No,Married,2,"$80,000.00",0,1,Own,Foreign,"$19,900",31,No,Yes,AMEX,18,Yes,15,No,No,No,No,No,No,No,0,41,$18.20,$143.76,$0.00,$0.00,$0.00,$0.00,$18.20,0
2237-TUKLNM-ZO0,1,Female,76,12,30,Crafts,Yes,Unmarried,1,"$40,000.00",0,0,Lease,Foreign,"$9,900",27,No,Yes,Visa,40,Yes,22,Yes,No,No,No,No,Yes,Yes,0,72,$227.40,"$3,165.76",$173.40,"$2,450.00",$0.00,$0.00,$400.80,1
2237-XTNODS-GUM,3,Male,63,18,24,Labor,No,Unmarried,1,"$130,000.00",1,1,Own,Foreign,"$60,500",19,No,No,Disc,21,No,14,No,No,No,Yes,No,No,No,0,46,$70.40,$632.52,$0.00,$0.00,$0.00,$0.00,$70.40,0
2243-MTPQGC-UJW,1,Male,53,19,13,Professional,No,Married,2,"$174,000.00",5,1,Own,Foreign,"$89,500",19,No,Yes,Mast,32,No,22,Yes,No,No,No,No,No,No,0,61,$36.00,$469.08,$111.60,"$1,385.12",$0.00,$0.00,$147.60,0
2243-VPPSUB-QDD,4,Female,18,13,0,Professional,No,Married,7,"$32,000.00",0,1,Own,Foreign,"$8,100",23,No,Yes,Othe,0,No,17,No,No,No,No,No,No,No,0,7,$16.60,$23.68,$0.00,$0.00,$0.00,$0.00,$16.60,0
2244-ZENVGB-OMJ,2,Female,23,14,0,Sales,No,Married,6,"$26,000.00",1,0,Lease,Domestic,"$6,000",33,Yes,Yes,Visa,5,Yes,14,No,No,No,Yes,Yes,No,Yes,0,57,$28.20,$294.28,$0.00,$0.00,$0.00,$0.00,$28.20,0
2245-NOLUMH-OAV,5,Female,38,21,2,Professional,No,Unmarried,1,"$90,000.00",10,0,Own,Foreign,"$23,100",31,No,Yes,Mast,5,Yes,24,No,No,No,No,Yes,No,No,0,13,$26.20,$83.72,$0.00,$0.00,$0.00,$0.00,$26.20,0
2247-HJDSTO-CGV,2,Male,74,14,13,Professional,Yes,Married,2,"$22,000.00",7,0,NoCar,N/A,$0,21,No,Yes,Mast,25,No,16,No,No,Yes,Yes,No,Yes,No,0,51,$41.00,$427.12,$0.00,$0.00,$0.00,$0.00,$41.00,0
2247-VCPUDZ-6VK,4,Female,33,15,7,Crafts,No,Unmarried,1,"$44,000.00",0,1,Lease,Domestic,"$8,100",25,No,No,Visa,15,No,22,No,No,No,No,No,No,No,0,60,$53.80,$652.08,$0.00,$0.00,$0.00,$0.00,$53.80,0
2252-ADNBHP-C31,1,Female,32,15,2,Sales,No,Married,5,"$98,000.00",1,1,Own,Foreign,"$20,800",24,No,No,Disc,14,No,22,No,No,No,Yes,Yes,No,No,1,56,$58.80,$661.52,$0.00,$0.00,$0.00,$0.00,$58.80,0
2256-MRAMIQ-LJ1,2,Male,68,11,2,Sales,No,Unmarried,1,"$40,000.00",1,1,Lease,Domestic,"$9,100",27,No,No,Visa,1,No,0,No,No,No,Yes,Yes,No,No,0,1,$7.40,$1.48,$0.00,$0.00,$0.00,$0.00,$7.40,0
2257-YQBYGJ-93T,4,Male,37,16,6,Professional,No,Unmarried,1,"$152,000.00",8,1,Own,Foreign,"$35,400",27,No,No,AMEX,18,Yes,23,No,No,No,No,No,No,No,0,39,$56.20,$426.44,$0.00,$0.00,$0.00,$0.00,$56.20,0
2263-XPASJM-9VI,1,Female,30,19,2,Professional,No,Unmarried,1,"$78,000.00",8,1,Own,Domestic,"$24,000",18,Yes,No,AMEX,12,No,22,Yes,Yes,Yes,No,Yes,Yes,Yes,0,60,$81.60,"$1,022.04",$218.80,"$2,565.80",$210.25,"$3,088.26",$510.65,1
2265-ODATGB-HEX,2,Female,27,16,3,Labor,No,Married,4,"$60,000.00",1,1,Lease,Domestic,"$16,100",26,Yes,No,AMEX,9,No,14,Yes,Yes,Yes,Yes,Yes,No,No,0,43,$46.00,$355.04,$209.60,"$1,777.92",$274.50,"$2,697.18",$530.10,1
2268-SLMOUA-4NQ,3,Female,37,10,13,Service,No,Unmarried,1,"$82,000.00",5,1,Own,Domestic,"$21,500",30,Yes,No,Visa,19,Yes,23,No,No,No,No,No,No,Yes,0,64,$65.20,$867.80,$0.00,$0.00,$0.00,$0.00,$65.20,0
2269-ZAHTST-4EO,4,Male,33,17,1,Sales,No,Unmarried,4,"$94,000.00",0,0,Own,Domestic,"$19,300",22,Yes,Yes,Disc,9,Yes,26,Yes,No,Yes,No,Yes,No,No,1,15,$26.40,$74.64,$131.20,$342.28,$0.00,$0.00,$157.60,0
2272-YFTBNI-7N3,4,Male,47,17,3,Sales,No,Married,2,"$110,000.00",3,0,NoCar,N/A,$0,20,No,Yes,Disc,29,No,26,Yes,Yes,Yes,Yes,Yes,Yes,Yes,0,53,$64.60,$643.12,$240.80,"$2,609.48",$308.25,"$3,745.08",$613.65,1
2274-UGYWSN-SL3,2,Male,57,14,25,Service,No,Married,4,"$293,000.00",6,1,Own,Domestic,"$96,600",24,Yes,No,Disc,39,Yes,22,No,No,Yes,Yes,Yes,No,Yes,0,72,$172.40,"$2,425.52",$0.00,$0.00,$0.00,$0.00,$172.40,0
2275-GGGVFT-P1J,1,Male,40,10,1,Sales,No,Married,3,"$56,000.00",3,1,Own,Foreign,"$11,000",20,Yes,Yes,Visa,22,Yes,26,No,No,No,No,Yes,No,No,0,62,$49.40,$611.00,$0.00,$0.00,$0.00,$0.00,$49.40,0
2278-AZGEZW-RL7,4,Female,21,16,0,Sales,No,Unmarried,1,"$42,000.00",3,0,Own,Domestic,"$9,100",27,No,Yes,Visa,1,No,15,Yes,No,No,No,No,Yes,No,0,2,$8.80,$2.00,$71.60,$12.88,$0.00,$0.00,$80.40,0
2280-MACNBB-DNN,1,Male,27,15,4,Labor,No,Married,5,"$46,000.00",1,0,NoCar,N/A,$0,23,No,No,Visa,9,No,18,No,No,No,No,Yes,No,No,0,36,$46.20,$352.12,$0.00,$0.00,$0.00,$0.00,$46.20,0
2284-IHHMYA-8N8,2,Female,53,17,11,Professional,No,Married,5,"$104,000.00",10,1,Own,Foreign,"$41,500",18,No,Yes,Disc,21,Yes,17,Yes,No,No,No,No,No,No,0,44,$51.40,$453.32,$101.80,$888.96,$0.00,$0.00,$153.20,0
2287-WDDHSP-CKT,1,Male,35,12,13,Labor,No,Unmarried,1,"$84,000.00",2,1,Own,Foreign,"$22,500",22,No,Yes,Mast,14,Yes,17,Yes,No,No,No,No,No,Yes,1,43,$31.60,$272.68,$89.40,$801.92,$0.00,$0.00,$121.00,0
2288-MSMKUW-O3Q,2,Male,33,18,4,Labor,No,Unmarried,1,"$58,000.00",1,1,NoCar,N/A,$0,27,No,Yes,AMEX,15,Yes,19,Yes,Yes,Yes,Yes,Yes,Yes,No,0,34,$29.60,$159.00,$188.80,"$1,303.08",$241.75,"$1,894.32",$460.15,1
2288-RENDWA-WQQ,1,Female,39,9,12,Agriculture,No,Unmarried,1,"$40,000.00",11,0,NoCar,N/A,$0,23,Yes,Yes,Othe,21,Yes,21,No,No,No,No,No,No,Yes,0,50,$46.00,$433.40,$0.00,$0.00,$0.00,$0.00,$46.00,0
2289-LJGECZ-2ZM,1,Male,29,17,0,Sales,No,Unmarried,1,"$50,000.00",13,1,Own,Domestic,"$14,500",19,No,No,AMEX,3,Yes,16,No,No,No,No,No,No,No,1,13,$20.00,$49.68,$0.00,$0.00,$0.00,$0.00,$20.00,0
2291-RKTBRL-WNO,2,Male,73,17,39,Crafts,No,Unmarried,1,"$152,000.00",3,1,NoCar,N/A,$0,32,Yes,No,Mast,39,No,18,No,Yes,Yes,Yes,Yes,No,Yes,0,72,$102.60,"$1,503.72",$0.00,$0.00,$413.00,"$6,985.14",$515.60,1
2291-UOARYI-VX8,3,Male,37,12,12,Labor,No,Unmarried,1,"$74,000.00",4,1,Lease,Domestic,"$15,900",24,No,No,Mast,14,No,16,No,No,No,No,No,No,No,0,26,$31.40,$137.64,$0.00,$0.00,$0.00,$0.00,$31.40,0
2294-GVXBWL-C1X,2,Female,56,17,2,Sales,No,Unmarried,1,"$68,000.00",0,1,Own,Foreign,"$13,900",32,No,No,Visa,6,Yes,29,Yes,No,No,No,No,Yes,No,0,8,$21.60,$25.64,$72.00,$111.72,$0.00,$0.00,$93.60,0
2295-HHFNIU-DIB,4,Male,45,14,11,Crafts,No,Unmarried,2,"$70,000.00",5,1,Own,Foreign,"$8,000",26,Yes,Yes,Visa,3,Yes,29,No,No,No,Yes,No,No,No,0,13,$35.20,$115.04,$0.00,$0.00,$0.00,$0.00,$35.20,0
2296-WOKKTE-DIJ,5,Male,50,13,17,Crafts,No,Unmarried,1,"$182,000.00",1,1,Own,Foreign,"$35,400",21,No,Yes,Disc,7,Yes,20,No,No,No,Yes,Yes,No,No,0,28,$31.00,$177.92,$0.00,$0.00,$0.00,$0.00,$31.00,0
2298-OUTTWQ-1IF,2,Male,20,12,1,Crafts,No,Married,3,"$30,000.00",8,0,Lease,Domestic,"$5,600",22,No,Yes,Mast,2,Yes,18,Yes,No,No,No,No,Yes,No,0,29,$22.20,$122.24,$106.80,$609.40,$0.00,$0.00,$129.00,0
2308-WNZPTH-TSZ,2,Male,38,16,5,Crafts,No,Unmarried,1,"$56,000.00",1,1,Own,Foreign,"$12,500",27,Yes,Yes,Disc,3,Yes,14,No,No,No,No,No,No,No,0,11,$18.20,$42.88,$0.00,$0.00,$0.00,$0.00,$18.20,0
2309-DZFZEO-829,1,Female,22,17,0,Professional,No,Unmarried,4,"$36,000.00",3,0,Own,Domestic,"$9,500",38,Yes,No,Othe,4,Yes,25,No,No,No,No,Yes,No,No,0,10,$19.20,$39.48,$0.00,$0.00,$0.00,$0.00,$19.20,0
2313-BFPBEY-5EQ,2,Female,25,18,0,Professional,No,Married,4,"$48,000.00",7,0,Own,Foreign,"$11,600",22,Yes,No,Disc,3,Yes,26,Yes,No,No,No,No,Yes,No,0,20,$15.40,$48.08,$127.80,$517.48,$0.00,$0.00,$143.20,0
2313-EAWKKA-ZK2,4,Female,39,12,1,Sales,No,Married,2,"$92,000.00",5,0,Own,Domestic,"$30,200",25,Yes,No,Othe,17,Yes,19,No,No,No,No,Yes,No,No,0,51,$29.40,$344.92,$0.00,$0.00,$0.00,$0.00,$29.40,0
2315-MONVJS-S8J,3,Male,46,16,5,Sales,No,Married,2,"$74,000.00",6,1,Own,Foreign,"$16,300",18,Yes,Yes,Disc,18,Yes,21,No,No,No,No,No,Yes,Yes,0,31,$23.40,$146.76,$0.00,$0.00,$0.00,$0.00,$23.40,0
2318-GCPSTT-9B0,4,Female,29,19,0,Sales,No,Married,5,"$106,000.00",6,1,Own,Foreign,"$37,700",24,No,Yes,Disc,11,No,16,Yes,Yes,Yes,Yes,Yes,Yes,No,0,27,$17.80,$81.96,$278.60,"$1,390.88",$320.75,"$2,100.06",$617.15,1
2318-YSFAWP-PQ4,1,Male,21,12,1,Professional,No,Unmarried,1,"$30,000.00",2,1,Lease,Foreign,"$7,400",26,No,No,AMEX,4,Yes,20,No,No,No,No,Yes,No,No,0,6,$15.80,$14.52,$0.00,$0.00,$0.00,$0.00,$15.80,0
2319-UBTZOU-BDO,5,Male,56,11,2,Sales,No,Unmarried,1,"$110,000.00",0,0,Own,Domestic,"$20,100",27,No,Yes,Visa,22,Yes,13,Yes,Yes,No,No,No,Yes,Yes,1,48,$57.00,$543.96,$128.00,"$1,263.20",$156.50,"$1,738.80",$341.50,1
2320-HDHNCQ-XXL,1,Female,35,14,7,Crafts,No,Married,4,"$68,000.00",5,1,Own,Domestic,"$22,300",15,No,Yes,Mast,17,No,27,No,No,Yes,Yes,Yes,No,Yes,0,59,$67.00,$779.20,$0.00,$0.00,$0.00,$0.00,$67.00,0
2320-VQPIQQ-GNI,5,Female,31,12,1,Sales,No,Unmarried,2,"$62,000.00",6,0,Own,Domestic,"$10,000",18,No,Yes,AMEX,3,Yes,16,No,No,No,No,No,No,Yes,0,5,$11.00,$12.12,$0.00,$0.00,$0.00,$0.00,$11.00,0
2322-VRHDCW-RXP,5,Male,70,14,25,Labor,Yes,Married,3,"$46,000.00",1,1,Own,Domestic,"$11,600",25,No,No,AMEX,10,Yes,18,No,No,No,No,No,No,Yes,0,38,$55.20,$399.16,$0.00,$0.00,$0.00,$0.00,$55.20,0
2329-BWHBBG-KOB,3,Female,45,16,3,Sales,No,Married,3,"$102,000.00",0,0,Own,Foreign,"$23,500",20,Yes,No,AMEX,20,Yes,16,Yes,Yes,No,No,No,Yes,Yes,1,25,$20.60,$125.88,$161.20,$767.36,$102.75,$694.62,$284.55,1
2329-EIXEIO-VD3,5,Male,52,18,24,Labor,No,Unmarried,1,"$995,000.00",1,1,Own,Domestic,"$99,600",31,No,Yes,AMEX,19,Yes,22,No,Yes,Yes,Yes,Yes,Yes,No,1,57,$52.80,$609.16,$0.00,$0.00,$203.75,"$2,536.14",$256.55,0
2330-WBHHYE-GEB,2,Male,70,9,2,Sales,Yes,Unmarried,1,"$18,000.00",0,0,Lease,Foreign,"$5,600",21,No,Yes,Visa,20,No,0,No,No,No,No,No,No,Yes,0,36,$54.00,$414.28,$0.00,$0.00,$0.00,$0.00,$54.00,0
2331-DUFLLA-PEI,4,Female,67,15,23,Crafts,No,Married,2,"$126,000.00",3,1,Own,Foreign,"$26,400",24,Yes,No,Disc,36,No,22,No,Yes,Yes,Yes,Yes,Yes,Yes,1,69,$111.40,"$1,520.84",$0.00,$0.00,$369.75,"$6,044.22",$481.15,1
2332-AAKERL-PNS,3,Female,61,17,7,Professional,No,Married,2,"$121,000.00",5,1,Own,Domestic,"$67,700",28,Yes,Yes,Visa,31,No,19,No,No,No,Yes,Yes,No,Yes,0,60,$38.00,$432.00,$0.00,$0.00,$0.00,$0.00,$38.00,0
2334-EZWCZD-PR8,3,Male,48,16,9,Service,No,Married,3,"$46,000.00",0,1,Own,Foreign,"$14,100",34,Yes,No,Mast,29,Yes,21,Yes,Yes,Yes,No,No,Yes,Yes,0,58,$52.60,$596.04,$145.80,"$1,728.64",$141.75,"$1,757.64",$340.15,1
2340-KFPYAE-47B,3,Male,43,13,5,Professional,No,Married,4,"$66,000.00",7,0,Own,Domestic,"$18,800",26,Yes,Yes,Mast,5,Yes,29,No,No,No,Yes,Yes,No,No,0,8,$18.60,$25.48,$0.00,$0.00,$0.00,$0.00,$18.60,0
2342-UVJDDH-7YD,3,Female,50,10,8,Sales,No,Married,4,"$62,000.00",8,1,Own,Foreign,"$14,900",28,Yes,No,Visa,10,Yes,17,No,No,No,No,No,No,Yes,0,25,$42.80,$224.56,$0.00,$0.00,$0.00,$0.00,$42.80,0
2343-ANDVVY-94B,3,Female,62,19,5,Professional,No,Married,2,"$112,000.00",4,1,Own,Foreign,"$44,400",31,No,Yes,Disc,13,Yes,22,No,No,No,No,No,No,No,1,32,$17.20,$119.08,$0.00,$0.00,$0.00,$0.00,$17.20,0
2346-XOLOPT-KCY,2,Female,55,15,32,Crafts,No,Unmarried,1,"$190,000.00",8,0,Own,Domestic,"$40,100",27,Yes,Yes,Disc,32,Yes,15,Yes,Yes,Yes,Yes,Yes,Yes,Yes,0,65,$133.80,"$1,680.44",$221.00,"$2,927.24",$387.00,"$5,921.04",$741.80,1
2347-CJQMII-HZQ,4,Female,62,13,8,Professional,No,Married,2,"$94,000.00",0,0,Own,Foreign,"$32,200",17,Yes,Yes,Visa,28,No,14,No,No,No,No,No,No,No,0,56,$71.20,$779.36,$0.00,$0.00,$0.00,$0.00,$71.20,0
2348-RNDJLS-926,2,Female,24,12,3,Service,No,Married,2,"$28,000.00",0,0,Own,Domestic,"$6,300",32,No,Yes,Visa,6,No,24,No,No,No,No,No,No,No,0,37,$25.40,$200.36,$0.00,$0.00,$0.00,$0.00,$25.40,0
2349-ZEGZUZ-VRH,2,Female,40,21,2,Sales,No,Married,2,"$110,000.00",0,1,Own,Foreign,"$30,100",29,No,Yes,AMEX,4,No,20,Yes,Yes,Yes,Yes,Yes,Yes,No,0,8,$10.00,$11.44,$153.40,$214.52,$185.50,$288.84,$348.90,1
2358-OAWUVJ-W1C,2,Female,71,19,21,Labor,Yes,Unmarried,1,"$42,000.00",1,1,Own,Domestic,"$11,000",18,No,No,Disc,33,No,22,Yes,No,No,No,No,No,No,0,63,$38.80,$532.48,$96.40,"$1,291.28",$0.00,$0.00,$135.20,0
2359-ITXDHZ-FMA,5,Female,31,12,8,Labor,No,Married,6,"$84,000.00",6,1,Own,Domestic,"$20,600",21,No,Yes,Disc,13,No,14,No,No,No,Yes,No,No,Yes,0,40,$32.00,$313.72,$0.00,$0.00,$0.00,$0.00,$32.00,0
2363-BCFMDR-43O,1,Male,53,12,21,Agriculture,No,Married,2,"$166,000.00",0,0,Own,Domestic,"$53,300",22,No,No,AMEX,21,No,18,Yes,Yes,No,Yes,No,Yes,No,0,46,$28.80,$277.68,$161.00,"$1,454.28",$185.75,"$2,044.20",$375.55,1
2367-KGZCVL-1KS,4,Male,23,16,1,Professional,No,Unmarried,2,"$44,000.00",10,1,Lease,Foreign,"$12,700",20,Yes,No,AMEX,5,Yes,19,Yes,Yes,Yes,Yes,Yes,Yes,No,0,22,$38.40,$156.32,$190.60,$809.64,$217.75,"$1,004.76",$446.75,1
2368-ELERHX-ZPY,5,Female,42,16,11,Labor,No,Unmarried,2,"$84,000.00",2,1,Own,Foreign,"$26,000",34,No,No,AMEX,5,Yes,14,Yes,No,No,No,No,Yes,No,0,9,$18.40,$39.24,$84.60,$127.84,$0.00,$0.00,$103.00,0
2370-SDAXRA-MZA,2,Female,75,13,35,Crafts,Yes,Married,2,"$44,000.00",0,1,Own,Domestic,"$10,800",28,No,No,Mast,40,Yes,23,No,No,No,No,Yes,No,Yes,1,72,$147.00,"$2,108.12",$0.00,$0.00,$0.00,$0.00,$147.00,0
2374-TMXFAH-LDY,5,Female,39,20,1,Sales,No,Married,2,"$86,000.00",1,0,Own,Domestic,"$25,900",24,No,Yes,Visa,13,Yes,22,No,No,No,No,No,No,No,0,10,$35.20,$88.76,$0.00,$0.00,$0.00,$0.00,$35.20,0
2379-EHJSJT-VTN,1,Female,51,15,19,Labor,No,Married,4,"$128,000.00",2,1,NoCar,N/A,$0,30,No,No,Disc,18,No,16,No,No,No,Yes,Yes,No,No,0,37,$22.60,$162.16,$0.00,$0.00,$0.00,$0.00,$22.60,0
2384-IAMKEU-IE6,5,Female,20,12,0,Sales,No,Unmarried,2,"$44,000.00",9,1,NoCar,N/A,$0,30,Yes,Yes,AMEX,1,No,29,No,No,No,No,No,No,No,0,4,$15.80,$9.20,$0.00,$0.00,$0.00,$0.00,$15.80,0
2385-DKTGGA-2OT,2,Female,40,19,4,Professional,No,Married,4,"$62,000.00",0,0,Own,Foreign,"$13,700",28,Yes,Yes,Visa,14,No,23,Yes,No,Yes,Yes,Yes,No,No,0,38,$27.00,$215.04,$130.20,$915.56,$0.00,$0.00,$157.20,0
2386-ROTZOT-GI4,5,Male,62,13,18,Professional,No,Unmarried,1,"$166,000.00",2,1,Own,Foreign,"$49,200",25,Yes,Yes,Visa,18,Yes,17,No,Yes,No,Yes,Yes,No,Yes,0,54,$23.00,$237.88,$0.00,$0.00,$169.00,"$2,076.66",$192.00,0
2387-DDPNPM-O28,1,Male,27,20,0,Sales,No,Unmarried,1,"$28,000.00",3,0,Own,Foreign,"$6,100",23,Yes,No,AMEX,9,No,21,No,No,No,No,No,No,Yes,0,38,$48.20,$359.24,$0.00,$0.00,$0.00,$0.00,$48.20,0
2388-QABWZQ-CLE,3,Female,21,14,0,Sales,No,Unmarried,1,"$28,000.00",4,0,Lease,Domestic,"$6,500",41,Yes,No,Mast,4,No,17,No,No,No,No,Yes,No,No,0,9,$20.00,$24.72,$0.00,$0.00,$0.00,$0.00,$20.00,0
2391-TGZPUJ-VFZ,2,Female,51,17,13,Service,No,Unmarried,1,"$140,000.00",1,1,Own,Foreign,"$21,200",24,No,Yes,Visa,27,Yes,20,Yes,No,No,Yes,Yes,Yes,Yes,0,64,$83.60,"$1,072.92",$129.60,"$1,505.04",$0.00,$0.00,$213.20,0
2392-WBLNQY-964,3,Male,30,16,2,Professional,No,Married,2,"$38,000.00",0,1,NoCar,N/A,$0,21,Yes,No,Visa,12,No,26,Yes,Yes,Yes,No,Yes,Yes,No,0,55,$61.40,$711.76,$192.00,"$2,126.24",$203.50,"$2,753.82",$456.90,1
2394-ACVTAK-ENR,2,Female,57,20,9,Professional,No,Married,2,"$94,000.00",3,0,Own,Foreign,"$34,500",27,No,Yes,Disc,25,No,22,Yes,Yes,No,Yes,Yes,Yes,No,0,58,$72.20,$758.72,$142.60,"$1,639.92",$136.50,"$2,029.68",$351.30,1
2396-EHKPEP-NUK,4,Male,37,15,3,Sales,No,Married,3,"$106,000.00",6,1,Own,Foreign,"$35,100",20,No,No,AMEX,16,No,19,Yes,Yes,Yes,Yes,Yes,Yes,Yes,0,18,$12.40,$32.92,$155.40,$507.24,$107.00,$446.46,$274.80,0
2396-RXEDTF-WSD,5,Female,41,15,1,Sales,No,Married,5,"$60,000.00",0,0,Own,Domestic,"$12,600",33,No,Yes,AMEX,21,No,27,No,No,No,No,No,No,No,0,38,$38.00,$293.48,$0.00,$0.00,$0.00,$0.00,$38.00,0
2397-DFGQLN-VTH,2,Male,51,11,15,Labor,No,Married,4,"$120,000.00",7,1,Own,Foreign,"$21,100",20,No,Yes,Disc,28,Yes,16,No,No,No,No,No,No,No,0,62,$69.80,$915.08,$0.00,$0.00,$0.00,$0.00,$69.80,0
2400-KALVJO-GJZ,3,Male,59,13,4,Sales,No,Unmarried,1,"$100,000.00",0,1,Own,Domestic,"$22,100",35,Yes,Yes,Mast,9,Yes,31,No,No,No,No,No,No,No,0,45,$43.40,$404.48,$0.00,$0.00,$0.00,$0.00,$43.40,0
2407-DZNLGH-P63,1,Male,18,13,0,Professional,No,Unmarried,2,"$48,000.00",1,0,Own,Foreign,"$14,400",19,No,No,Mast,0,Yes,16,No,No,No,Yes,Yes,No,Yes,0,1,$26.40,$5.28,$0.00,$0.00,$0.00,$0.00,$26.40,0
2411-MMBOGL-GYT,5,Male,61,12,28,Labor,No,Unmarried,1,"$108,000.00",0,0,Own,Foreign,"$56,300",17,No,Yes,Disc,37,No,24,No,No,No,Yes,Yes,No,Yes,0,72,$116.40,"$1,568.32",$0.00,$0.00,$0.00,$0.00,$116.40,0
2413-ECMIEM-PSY,2,Female,68,13,10,Professional,Yes,Unmarried,1,"$20,000.00",5,1,Lease,Foreign,"$4,600",30,No,No,Visa,17,No,0,No,No,No,No,No,No,No,0,27,$24.20,$125.44,$0.00,$0.00,$0.00,$0.00,$24.20,0
2413-GXKYMJ-2M3,4,Male,18,13,0,Professional,No,Married,6,"$88,000.00",0,1,Own,Foreign,"$32,900",15,No,No,Disc,0,Yes,16,No,No,No,Yes,No,Yes,Yes,0,10,$134.00,$223.84,$0.00,$0.00,$0.00,$0.00,$134.00,0
2413-MRKILA-6I1,2,Male,78,16,6,Sales,Yes,Married,2,"$56,000.00",3,0,Own,Domestic,"$15,300",20,Yes,No,Visa,39,No,24,Yes,Yes,Yes,No,No,Yes,Yes,0,72,$324.20,"$4,681.96",$172.00,"$2,396.56",$257.75,"$4,357.50",$753.95,1
2416-HVDQYR-NW6,2,Male,23,16,0,Professional,No,Unmarried,1,"$44,000.00",0,1,Own,Domestic,"$13,300",27,Yes,Yes,Visa,4,No,14,Yes,No,No,No,No,Yes,No,0,13,$19.00,$49.76,$92.20,$231.72,$0.00,$0.00,$111.20,0
2417-ZAVMCY-OAE,2,Female,48,18,6,Professional,No,Married,4,"$62,000.00",0,1,Lease,Domestic,"$14,700",23,Yes,No,AMEX,24,No,16,Yes,No,No,No,No,No,No,0,39,$70.20,$496.64,$116.40,$911.88,$0.00,$0.00,$186.60,0
2419-ICGRYJ-RB5,2,Male,25,20,0,Professional,No,Unmarried,4,"$98,000.00",9,0,Own,Domestic,"$22,100",24,Yes,No,AMEX,3,Yes,31,Yes,No,Yes,No,No,Yes,No,0,6,$10.80,$11.32,$108.80,$91.36,$0.00,$0.00,$119.60,0
2420-OCBBAB-TEF,5,Male,28,14,0,Sales,No,Married,4,"$50,000.00",0,1,Own,Domestic,"$11,100",33,No,No,Mast,10,No,23,No,No,No,No,No,No,No,0,65,$93.00,"$1,181.08",$0.00,$0.00,$0.00,$0.00,$93.00,0
2423-SKBFWB-PDO,4,Female,44,19,6,Professional,No,Unmarried,2,"$100,000.00",1,1,Own,Domestic,"$20,200",21,No,Yes,Mast,26,Yes,16,Yes,Yes,Yes,Yes,Yes,Yes,Yes,0,68,$109.40,"$1,451.12",$215.40,"$2,902.12",$356.75,"$5,736.36",$681.55,1
2424-NMVTCO-2HY,4,Female,36,18,8,Crafts,No,Unmarried,3,"$112,000.00",3,1,Own,Domestic,"$23,100",25,No,No,Disc,3,No,12,No,No,No,No,No,Yes,No,1,4,$15.60,$15.64,$0.00,$0.00,$0.00,$0.00,$15.60,0
2424-WFRFRA-UCI,3,Male,30,18,1,Professional,No,Married,6,"$148,000.00",1,1,Own,Foreign,"$34,900",35,No,Yes,Visa,12,Yes,17,Yes,No,No,No,No,No,Yes,0,47,$81.80,$678.72,$94.00,$921.52,$0.00,$0.00,$175.80,0
2428-IHYQJT-SCW,3,Male,42,9,20,Labor,No,Unmarried,1,"$118,000.00",2,1,Own,Foreign,"$33,600",29,No,No,Mast,24,Yes,28,No,No,No,Yes,Yes,No,No,0,68,$104.60,"$1,470.60",$0.00,$0.00,$0.00,$0.00,$104.60,0
2432-GMKJZY-WRF,4,Female,38,14,5,Professional,No,Married,5,"$62,000.00",1,1,Own,Foreign,"$17,300",25,No,No,Visa,7,Yes,17,No,No,No,No,No,No,No,0,23,$28.20,$113.84,$0.00,$0.00,$0.00,$0.00,$28.20,0
2433-SCDZCN-ZTU,2,Male,38,14,7,Crafts,No,Unmarried,1,"$86,000.00",0,1,Own,Foreign,"$28,700",18,Yes,Yes,Mast,6,Yes,20,No,No,No,Yes,No,No,No,0,13,$15.20,$42.16,$0.00,$0.00,$0.00,$0.00,$15.20,0
2435-DERRXC-V3A,5,Female,70,19,37,Labor,No,Unmarried,1,"$418,000.00",0,1,Own,Foreign,"$97,300",25,Yes,Yes,Disc,14,No,27,No,No,No,No,Yes,No,No,0,31,$23.60,$157.08,$0.00,$0.00,$0.00,$0.00,$23.60,0
2435-RABMIV-T9Y,5,Female,24,15,0,Professional,No,Unmarried,1,"$50,000.00",0,1,Own,Domestic,"$13,900",30,No,Yes,Disc,6,Yes,17,No,No,No,No,No,Yes,No,0,22,$26.80,$112.48,$0.00,$0.00,$0.00,$0.00,$26.80,0
2437-RNSZSY-BV4,1,Male,74,15,22,Crafts,Yes,Married,2,"$24,000.00",8,0,Lease,Domestic,"$7,100",27,Yes,Yes,Visa,39,No,14,No,No,No,No,No,Yes,Yes,0,72,$181.00,"$2,630.72",$0.00,$0.00,$0.00,$0.00,$181.00,0
2438-IPWEVD-P6N,1,Female,30,19,0,Sales,No,Unmarried,1,"$96,000.00",2,0,Own,Foreign,"$19,600",19,Yes,Yes,Disc,2,Yes,20,Yes,Yes,Yes,Yes,Yes,Yes,No,0,3,$23.40,$13.28,$219.60,$72.52,$162.25,$63.48,$405.25,1
2438-YBWVHO-9XR,2,Female,76,18,14,Professional,Yes,Unmarried,1,"$26,000.00",3,0,Lease,Domestic,"$6,600",20,Yes,No,AMEX,32,No,15,No,No,No,Yes,No,No,Yes,0,64,$102.20,"$1,324.44",$0.00,$0.00,$0.00,$0.00,$102.20,0
2440-ZXMHXC-WGP,2,Male,23,15,0,Sales,No,Unmarried,1,"$86,000.00",1,0,Own,Foreign,"$17,600",31,No,No,Disc,5,No,19,No,Yes,Yes,Yes,Yes,No,No,0,61,$64.60,$762.12,$0.00,$0.00,$154.75,"$2,189.70",$219.35,0
2441-WRRBMV-9VV,3,Female,65,8,33,Labor,Yes,Unmarried,1,"$28,000.00",4,0,Own,Domestic,"$7,400",30,Yes,No,Visa,3,No,17,No,No,No,No,No,No,No,0,10,$23.20,$29.12,$0.00,$0.00,$0.00,$0.00,$23.20,0
2442-GRDDMK-0WR,1,Male,42,10,4,Professional,No,Married,2,"$114,000.00",1,1,Own,Domestic,"$31,600",16,Yes,Yes,AMEX,3,No,21,No,No,No,No,No,No,No,0,23,$28.00,$129.48,$0.00,$0.00,$0.00,$0.00,$28.00,0
2442-VPZFTS-P2E,3,Female,20,15,0,Professional,No,Unmarried,1,"$80,000.00",1,0,Own,Domestic,"$20,400",25,No,Yes,Mast,3,Yes,29,Yes,Yes,Yes,Yes,Yes,Yes,No,0,7,$25.80,$27.84,$177.20,$216.04,$172.00,$231.54,$375.00,1
2443-NHYQMG-T65,1,Male,51,12,18,Labor,No,Married,2,"$80,000.00",2,1,Lease,Foreign,"$23,000",12,No,Yes,Visa,24,No,13,No,No,Yes,Yes,No,No,Yes,0,56,$47.80,$590.60,$0.00,$0.00,$0.00,$0.00,$47.80,0
2444-DHVREZ-TG5,1,Female,63,16,23,Crafts,Yes,Married,2,"$84,000.00",0,0,Own,Domestic,"$18,200",36,Yes,Yes,Mast,24,Yes,21,No,No,Yes,Yes,Yes,Yes,No,1,57,$68.20,$773.36,$0.00,$0.00,$0.00,$0.00,$68.20,0
2445-UMQEJQ-FSW,2,Female,74,12,38,Service,Yes,Unmarried,1,"$158,000.00",6,0,Own,Foreign,"$27,000",23,Yes,No,AMEX,35,No,21,No,No,No,Yes,Yes,No,No,0,71,$141.20,"$2,026.84",$0.00,$0.00,$0.00,$0.00,$141.20,0
2447-HFNELF-0ZS,4,Female,72,9,8,Professional,Yes,Married,2,"$18,000.00",0,1,NoCar,N/A,$0,27,Yes,Yes,Mast,21,Yes,0,No,Yes,Yes,Yes,Yes,No,No,0,54,$29.80,$329.20,$0.00,$0.00,$190.75,"$2,390.76",$220.55,0
2447-WXAAQB-6K7,4,Female,26,17,0,Sales,No,Married,5,"$128,000.00",7,1,Own,Domestic,"$25,100",19,No,Yes,Visa,8,Yes,17,No,No,No,No,No,No,No,0,34,$39.00,$242.92,$0.00,$0.00,$0.00,$0.00,$39.00,0
2448-XAAFIA-R0M,4,Male,77,12,23,Professional,No,Unmarried,1,"$106,000.00",0,1,Lease,Foreign,"$15,400",24,No,Yes,Disc,17,No,23,No,No,No,No,Yes,No,No,0,30,$58.60,$358.68,$0.00,$0.00,$0.00,$0.00,$58.60,0
2452-AMBFJG-BAX,5,Female,20,14,0,Professional,No,Married,5,"$40,000.00",1,0,Own,Foreign,"$10,300",34,No,No,Visa,2,No,20,Yes,Yes,Yes,No,Yes,Yes,No,1,19,$31.60,$123.72,$139.60,$487.48,$155.25,$698.76,$326.45,1
2452-BYVYSD-F93,4,Male,63,14,21,Service,No,Unmarried,1,"$130,000.00",0,1,Own,Domestic,"$45,000",22,No,Yes,Mast,25,Yes,25,No,No,Yes,Yes,Yes,No,No,0,54,$52.80,$608.52,$0.00,$0.00,$0.00,$0.00,$52.80,0
2452-FHGGNN-K41,1,Male,55,12,9,Sales,No,Married,2,"$178,000.00",2,1,Own,Foreign,"$43,600",24,No,No,Disc,8,Yes,22,No,Yes,Yes,Yes,Yes,No,No,0,24,$20.60,$94.16,$0.00,$0.00,$108.75,$616.02,$129.35,0
2452-MIFIDG-ZVG,5,Male,30,19,1,Professional,No,Unmarried,3,"$90,000.00",0,1,Own,Foreign,"$25,600",24,No,Yes,AMEX,1,Yes,29,Yes,Yes,Yes,No,No,Yes,No,1,1,$4.60,$0.92,$84.80,$16.96,$84.25,$20.22,$173.65,0
2455-CZBQWT-A55,5,Male,53,15,12,Professional,No,Unmarried,1,"$108,000.00",2,0,Own,Foreign,"$21,500",27,Yes,Yes,Disc,10,No,23,No,No,No,No,No,No,No,0,19,$35.40,$119.28,$0.00,$0.00,$0.00,$0.00,$35.40,0
2457-ZGIAOA-QH2,4,Female,47,16,2,Sales,No,Unmarried,3,"$64,000.00",0,1,Lease,Foreign,"$18,900",32,Yes,No,AMEX,13,No,28,No,No,No,No,No,No,Yes,0,42,$58.60,$499.72,$0.00,$0.00,$0.00,$0.00,$58.60,0
2459-RBRPIE-BI3,1,Male,40,14,9,Professional,No,Married,5,"$84,000.00",1,1,NoCar,N/A,$0,19,No,Yes,AMEX,23,No,24,Yes,Yes,No,Yes,No,No,Yes,0,56,$51.00,$542.52,$174.80,"$2,075.68",$172.25,"$2,343.96",$398.05,1
2460-JWHVPE-ND3,1,Female,79,11,36,Labor,Yes,Unmarried,1,"$92,000.00",0,0,Own,Foreign,"$21,000",17,No,Yes,Mast,11,Yes,21,No,No,No,No,No,No,No,1,32,$22.40,$162.36,$0.00,$0.00,$0.00,$0.00,$22.40,0
2461-ATGTVH-180,4,Male,61,15,8,Professional,No,Unmarried,1,"$150,000.00",0,1,Own,Foreign,"$35,600",25,No,Yes,Disc,30,Yes,22,No,No,No,No,Yes,No,Yes,0,65,$63.80,$794.76,$0.00,$0.00,$0.00,$0.00,$63.80,0
2461-QIIDCC-EC0,4,Male,43,18,12,Crafts,No,Unmarried,1,"$146,000.00",6,1,NoCar,N/A,$0,23,No,No,Disc,4,No,22,No,No,No,No,No,No,No,0,10,$20.00,$37.48,$0.00,$0.00,$0.00,$0.00,$20.00,0
2463-SKSPHX-SQ1,1,Male,52,10,2,Sales,No,Unmarried,2,"$64,000.00",1,1,Own,Foreign,"$17,000",17,No,No,Visa,2,No,13,No,No,No,Yes,Yes,No,No,0,11,$18.20,$37.52,$0.00,$0.00,$0.00,$0.00,$18.20,0
2467-RMWFQL-CX6,2,Male,51,12,7,Professional,No,Unmarried,1,"$80,000.00",4,0,Own,Foreign,"$18,200",28,No,Yes,Mast,16,No,18,No,No,No,No,No,Yes,Yes,0,38,$34.00,$268.40,$0.00,$0.00,$0.00,$0.00,$34.00,0
2468-DZXCJU-2GM,4,Female,73,19,13,Professional,Yes,Married,2,"$24,000.00",10,1,Lease,Domestic,"$5,700",23,No,Yes,AMEX,33,No,23,Yes,No,No,No,No,Yes,Yes,0,59,$41.80,$473.16,$142.80,"$1,707.32",$0.00,$0.00,$184.60,0
2468-HIDHNP-Z0B,2,Female,22,10,1,Professional,No,Unmarried,3,"$44,000.00",10,1,NoCar,N/A,$0,21,No,No,Disc,5,No,16,Yes,No,No,No,Yes,Yes,No,0,10,$27.00,$55.56,$113.40,$179.76,$0.00,$0.00,$140.40,0
2469-FSIKWB-E60,4,Male,77,10,36,Service,Yes,Married,2,"$46,000.00",5,1,Own,Foreign,"$15,300",25,No,No,Visa,39,No,18,No,No,No,Yes,No,No,Yes,0,72,$127.00,"$1,788.00",$0.00,$0.00,$0.00,$0.00,$127.00,0
2471-TNJMEJ-2MB,5,Male,19,14,0,Crafts,No,Unmarried,5,"$66,000.00",0,0,Own,Foreign,"$13,600",30,Yes,Yes,Disc,1,Yes,16,No,Yes,Yes,Yes,Yes,Yes,No,0,15,$28.80,$79.88,$0.00,$0.00,$119.00,$403.62,$147.80,0
2476-OPMBAR-76N,2,Female,31,18,5,Crafts,No,Unmarried,3,"$66,000.00",0,1,Own,Domestic,"$19,800",33,No,Yes,Disc,7,No,20,Yes,Yes,No,No,No,Yes,No,0,14,$24.00,$67.24,$131.40,$375.76,$78.25,$271.92,$233.65,0
2479-IAFSMS-RCY,2,Female,56,15,12,Labor,No,Unmarried,1,"$140,000.00",10,1,Own,Domestic,"$72,800",25,Yes,No,Disc,11,Yes,17,Yes,Yes,Yes,No,Yes,Yes,No,0,21,$25.60,$118.88,$141.00,$551.88,$120.75,$671.46,$287.35,1
2480-RBGZYO-AWH,1,Male,66,18,4,Sales,No,Married,2,"$64,000.00",1,1,Own,Foreign,"$19,400",21,No,No,Disc,25,No,27,No,No,No,No,No,No,Yes,0,54,$63.00,$740.04,$0.00,$0.00,$0.00,$0.00,$63.00,0
2482-PRCWXB-GKH,4,Male,60,13,20,Service,No,Unmarried,1,"$168,000.00",0,0,NoCar,N/A,$0,18,Yes,No,Mast,20,Yes,18,No,No,No,Yes,Yes,No,No,0,52,$22.20,$258.88,$0.00,$0.00,$0.00,$0.00,$22.20,0
2483-JOWUPC-CM9,5,Male,24,17,0,Labor,No,Unmarried,1,"$194,000.00",3,1,Own,Foreign,"$37,500",24,No,No,AMEX,2,No,19,Yes,Yes,Yes,Yes,Yes,Yes,No,0,4,$13.00,$7.24,$213.40,$138.88,$204.00,$126.48,$430.40,1
2484-ZFXONS-Y8G,5,Female,31,18,4,Service,No,Married,4,"$156,000.00",1,1,Own,Domestic,"$36,600",23,Yes,Yes,Visa,13,No,19,Yes,Yes,Yes,Yes,Yes,No,Yes,0,34,$27.00,$183.96,$164.00,"$1,073.32",$230.00,"$1,687.92",$421.00,1
2485-GZOUWR-5V2,1,Female,22,13,0,Sales,No,Unmarried,2,"$44,000.00",12,1,Own,Domestic,"$7,600",29,Yes,Yes,Disc,4,Yes,19,No,No,No,No,No,No,Yes,0,11,$10.20,$17.24,$0.00,$0.00,$0.00,$0.00,$10.20,0
2485-JBVCGQ-2UR,1,Male,61,15,5,Sales,Yes,Married,4,"$24,000.00",1,1,Lease,Foreign,"$5,900",17,No,Yes,Mast,22,Yes,8,No,No,No,No,No,No,Yes,1,54,$40.20,$410.32,$0.00,$0.00,$0.00,$0.00,$40.20,0
2485-RARGKM-6BJ,4,Male,66,15,15,Service,No,Unmarried,1,"$102,000.00",1,1,Own,Domestic,"$18,600",35,No,No,AMEX,29,No,13,No,No,No,No,No,No,Yes,0,65,$58.80,$759.48,$0.00,$0.00,$0.00,$0.00,$58.80,0
2486-OLWCHI-4KT,1,Male,35,15,6,Professional,No,Married,3,"$102,000.00",1,0,Own,Foreign,"$21,600",20,Yes,Yes,Mast,14,Yes,19,Yes,Yes,Yes,Yes,Yes,No,Yes,1,37,$34.80,$254.12,$133.60,$996.76,$136.50,"$1,124.82",$304.90,1
2487-LLEKYF-P0D,1,Female,63,8,34,Crafts,Yes,Unmarried,1,"$74,000.00",1,1,Own,Foreign,"$19,400",28,Yes,Yes,Mast,39,No,26,No,No,No,No,No,No,Yes,0,72,$141.80,"$1,962.76",$0.00,$0.00,$0.00,$0.00,$141.80,0
2490-JDXHSX-QFT,4,Female,24,19,0,Professional,No,Married,2,"$38,000.00",7,1,Own,Foreign,"$13,600",35,Yes,Yes,Visa,6,No,19,Yes,Yes,Yes,Yes,Yes,Yes,No,0,62,$53.20,$656.44,$281.80,"$3,448.76",$501.50,"$7,212.00",$836.50,1
2490-WECUNU-56Y,2,Female,47,16,5,Sales,No,Unmarried,1,"$62,000.00",1,0,Own,Foreign,"$14,500",19,Yes,Yes,Visa,10,No,28,Yes,No,No,No,No,Yes,Yes,0,29,$33.80,$215.28,$102.60,$595.52,$0.00,$0.00,$136.40,0
2493-FVFVQK-GP1,5,Male,78,14,10,Sales,Yes,Unmarried,1,"$34,000.00",1,0,Lease,Foreign,"$8,200",18,No,Yes,Disc,30,Yes,19,Yes,No,No,No,No,No,Yes,0,59,$68.60,$819.88,$128.00,"$1,615.32",$0.00,$0.00,$196.60,0
2493-RAIOHQ-DZZ,1,Male,63,13,36,Crafts,No,Married,2,"$174,000.00",0,1,Own,Foreign,"$69,100",34,No,Yes,AMEX,18,No,20,Yes,Yes,Yes,Yes,No,Yes,No,0,52,$44.40,$461.04,$151.80,"$1,524.04",$121.25,"$1,464.24",$317.45,1
2494-PLLYQZ-KM4,4,Female,66,12,36,Service,No,Unmarried,1,"$242,000.00",6,1,Own,Foreign,"$86,300",32,Yes,Yes,Mast,34,No,21,No,No,No,Yes,Yes,No,Yes,1,68,$137.60,"$1,850.60",$0.00,$0.00,$0.00,$0.00,$137.60,0
2501-CHGVLC-ZZV,4,Female,64,12,16,Sales,No,Unmarried,1,"$140,000.00",2,0,Own,Foreign,"$35,200",28,No,Yes,Mast,22,No,26,No,No,No,No,No,No,Yes,0,33,$41.60,$275.52,$0.00,$0.00,$0.00,$0.00,$41.60,0
2504-PDNBAP-7J9,3,Female,55,15,14,Service,No,Unmarried,2,"$148,000.00",6,1,Own,Foreign,"$28,200",41,Yes,Yes,Mast,27,No,14,No,No,No,No,No,No,Yes,0,58,$64.80,$771.80,$0.00,$0.00,$0.00,$0.00,$64.80,0
2509-VTLFSQ-EOT,3,Male,30,13,1,Sales,No,Married,4,"$60,000.00",1,1,Own,Foreign,"$16,100",30,No,No,AMEX,12,Yes,25,Yes,No,Yes,Yes,No,Yes,No,1,36,$24.40,$209.00,$131.40,$940.40,$0.00,$0.00,$155.80,0
2512-SUTUXF-4UN,1,Male,24,14,3,Crafts,No,Unmarried,1,"$32,000.00",1,0,Own,Foreign,"$7,800",26,No,No,AMEX,6,No,19,No,No,No,Yes,Yes,No,Yes,1,47,$30.40,$316.12,$0.00,$0.00,$0.00,$0.00,$30.40,0
2516-FHCEGP-5US,4,Female,63,11,3,Sales,No,Married,2,"$88,000.00",4,1,Own,Foreign,"$21,700",34,No,Yes,Othe,4,No,26,No,No,No,Yes,Yes,No,No,0,21,$28.80,$118.40,$0.00,$0.00,$0.00,$0.00,$28.80,0
2516-PWHPEI-BKY,5,Female,53,21,15,Agriculture,No,Unmarried,1,"$122,000.00",1,0,Own,Domestic,"$29,000",26,No,Yes,AMEX,13,No,20,Yes,Yes,Yes,Yes,Yes,Yes,No,0,29,$47.20,$274.44,$286.80,"$1,622.00",$444.50,"$3,031.80",$778.50,1
2521-BKEFER-MS1,3,Male,79,14,33,Labor,Yes,Married,2,"$18,000.00",2,0,Lease,Foreign,"$5,200",22,No,Yes,Visa,39,Yes,21,No,No,No,Yes,Yes,No,Yes,0,72,$85.60,"$1,246.24",$0.00,$0.00,$0.00,$0.00,$85.60,0
2521-ZPKZUN-9NE,4,Male,36,13,7,Professional,No,Unmarried,1,"$94,000.00",7,0,Own,Foreign,"$15,400",26,Yes,No,Disc,11,No,12,Yes,Yes,Yes,Yes,Yes,No,No,0,37,$23.80,$188.08,$180.60,"$1,340.76",$274.75,"$2,412.96",$479.15,1
2522-TNGXCC-PIJ,4,Female,32,20,3,Labor,No,Married,2,"$108,000.00",1,1,Own,Foreign,"$26,600",32,No,Yes,Disc,14,No,16,Yes,No,No,No,No,Yes,No,1,48,$31.20,$335.04,$101.00,$887.36,$0.00,$0.00,$132.20,0
2525-OSULNV-0KS,5,Male,36,19,3,Professional,No,Unmarried,1,"$60,000.00",7,1,Own,Domestic,"$13,100",24,Yes,Yes,AMEX,10,No,15,No,No,No,No,No,No,No,0,37,$26.80,$187.08,$0.00,$0.00,$0.00,$0.00,$26.80,0
2527-HHGXKT-TUY,3,Male,74,12,21,Service,Yes,Married,2,"$22,000.00",6,1,NoCar,N/A,$0,29,No,No,Mast,39,No,23,Yes,Yes,No,Yes,No,Yes,Yes,0,72,$237.40,"$3,402.12",$180.60,"$2,538.12",$187.75,"$3,288.78",$605.75,1
2527-KPBDLX-OHS,1,Female,67,15,34,Agriculture,No,Married,3,"$388,000.00",0,1,Own,Foreign,"$88,400",22,No,Yes,Disc,36,No,17,No,Yes,Yes,Yes,Yes,No,Yes,1,69,$83.60,"$1,245.04",$0.00,$0.00,$166.50,"$2,788.56",$250.10,0
2530-VGHRWF-DBU,5,Male,28,14,2,Sales,No,Unmarried,3,"$44,000.00",0,1,Own,Foreign,"$16,300",34,Yes,Yes,Mast,11,Yes,22,No,No,No,No,No,Yes,Yes,0,32,$22.00,$142.80,$0.00,$0.00,$0.00,$0.00,$22.00,0
2535-KYGSSP-YNM,3,Female,56,21,8,Professional,No,Married,2,"$116,000.00",8,0,Lease,Domestic,"$31,100",21,Yes,Yes,AMEX,22,Yes,17,Yes,No,No,No,No,Yes,No,0,39,$58.60,$462.76,$120.80,$873.72,$0.00,$0.00,$179.40,0
2536-UDPRZF-VKA,5,Female,38,13,1,Sales,No,Married,5,"$82,000.00",1,0,Own,Domestic,"$20,700",29,No,No,Mast,1,No,21,No,No,Yes,Yes,No,Yes,No,0,3,$4.40,$7.04,$0.00,$0.00,$0.00,$0.00,$4.40,0
2546-GBZZFM-S9M,5,Female,38,12,11,Crafts,No,Married,2,"$76,000.00",5,1,Own,Domestic,"$23,800",30,No,No,AMEX,8,Yes,27,Yes,No,No,No,Yes,No,No,0,15,$24.40,$78.16,$117.00,$341.84,$0.00,$0.00,$141.40,0
2549-CSINBN-EUH,4,Male,75,11,10,Professional,No,Married,2,"$80,000.00",1,0,Lease,Domestic,"$20,800",29,No,No,Visa,38,Yes,26,No,No,No,Yes,Yes,No,Yes,0,70,$59.40,$892.36,$0.00,$0.00,$0.00,$0.00,$59.40,0
2550-LZEMEU-MYD,1,Male,69,14,20,Service,No,Married,2,"$198,000.00",1,0,Own,Domestic,"$51,100",27,No,No,Visa,18,No,22,No,No,No,Yes,Yes,No,No,0,45,$60.40,$584.88,$0.00,$0.00,$0.00,$0.00,$60.40,0
2551-GFSNZU-HAE,5,Male,28,17,0,Sales,No,Married,6,"$68,000.00",2,0,Own,Foreign,"$22,900",21,Yes,Yes,AMEX,10,Yes,21,No,No,No,No,No,No,No,0,25,$43.80,$235.68,$0.00,$0.00,$0.00,$0.00,$43.80,0
2553-FRAOFI-SZX,5,Male,25,14,2,Service,No,Unmarried,1,"$54,000.00",5,0,Own,Domestic,"$10,900",25,Yes,Yes,AMEX,4,Yes,17,Yes,Yes,No,Yes,Yes,No,No,1,10,$15.60,$32.68,$139.60,$254.16,$85.00,$188.46,$240.20,0
2555-JWFEEQ-Y3J,4,Male,77,16,30,Service,Yes,Unmarried,1,"$108,000.00",0,1,Own,Domestic,"$31,300",17,No,Yes,Disc,27,No,22,No,No,No,Yes,No,No,Yes,0,54,$55.20,$605.32,$0.00,$0.00,$0.00,$0.00,$55.20,0
2556-MKLXCQ-BX9,4,Female,28,19,0,Sales,No,Married,2,"$38,000.00",6,0,Own,Domestic,"$7,300",33,No,No,Disc,6,Yes,22,Yes,Yes,Yes,Yes,Yes,Yes,No,0,18,$26.60,$77.52,$195.80,$658.04,$206.00,$853.68,$428.40,1
2563-SVZZUT-QZ7,2,Male,30,19,1,Professional,No,Married,3,"$108,000.00",3,1,Own,Domestic,"$28,000",25,No,Yes,Visa,3,No,19,Yes,Yes,Yes,Yes,Yes,Yes,No,1,13,$10.00,$26.16,$130.00,$321.92,$138.75,$405.12,$278.75,1
2563-WMFFVX-82H,5,Male,36,21,2,Sales,No,Unmarried,1,"$96,000.00",1,0,Own,Domestic,"$14,300",39,No,Yes,Mast,8,No,23,Yes,Yes,No,Yes,Yes,Yes,No,0,28,$33.40,$203.20,$152.40,$833.80,$194.50,"$1,292.88",$380.30,1
2565-FWQMNC-TT4,2,Male,30,14,3,Professional,No,Married,2,"$38,000.00",1,1,Lease,Foreign,"$10,000",25,Yes,Yes,Mast,10,Yes,17,No,No,No,No,No,No,Yes,1,30,$21.80,$110.44,$0.00,$0.00,$0.00,$0.00,$21.80,0
2565-TQCKTW-KEK,5,Female,52,14,10,Service,No,Married,2,"$160,000.00",12,1,Own,Foreign,"$37,800",32,No,Yes,AMEX,23,No,20,No,No,No,No,No,No,No,0,55,$64.80,$700.40,$0.00,$0.00,$0.00,$0.00,$64.80,0
2566-BDYEOQ-YR2,2,Female,36,18,9,Service,No,Unmarried,1,"$90,000.00",2,0,Own,Domestic,"$24,800",18,No,Yes,Mast,6,No,23,No,Yes,Yes,Yes,Yes,No,Yes,0,12,$38.40,$121.92,$0.00,$0.00,$223.25,$622.80,$261.65,0
2566-HGSGRK-ROU,3,Male,59,18,7,Sales,No,Unmarried,1,"$136,000.00",0,0,Own,Foreign,"$34,200",18,No,No,Disc,20,No,19,Yes,Yes,Yes,Yes,Yes,Yes,Yes,0,56,$79.80,$923.32,$247.60,"$2,716.00",$374.00,"$5,091.12",$701.40,1
2572-TOGWQI-F7T,2,Male,34,11,9,Service,No,Married,4,"$82,000.00",7,1,Own,Domestic,"$19,200",19,Yes,No,Mast,16,Yes,23,No,No,No,Yes,Yes,No,Yes,0,48,$39.60,$410.08,$0.00,$0.00,$0.00,$0.00,$39.60,0
2572-TXKMZK-B60,5,Male,68,16,15,Professional,No,Unmarried,3,"$148,000.00",0,1,Own,Domestic,"$72,000",23,No,Yes,Disc,30,No,25,Yes,No,No,Yes,Yes,No,Yes,0,48,$33.80,$323.08,$118.60,"$1,118.44",$0.00,$0.00,$152.40,0
2572-TXSMBE-U04,1,Male,66,11,23,Service,Yes,Married,2,"$52,000.00",0,0,Own,Domestic,"$9,900",24,Yes,No,AMEX,40,Yes,20,No,No,No,Yes,Yes,No,Yes,0,71,$174.40,"$2,505.96",$0.00,$0.00,$0.00,$0.00,$174.40,0
2574-XWIFPA-0C9,1,Female,34,18,8,Labor,No,Unmarried,3,"$72,000.00",8,0,NoCar,N/A,$0,12,Yes,Yes,Disc,1,Yes,28,Yes,No,No,No,No,Yes,No,0,3,$9.60,$3.48,$91.60,$31.92,$0.00,$0.00,$101.20,0
2578-HZMZCZ-KXA,5,Male,67,18,30,Service,No,Unmarried,1,"$196,000.00",11,1,Own,Domestic,"$88,800",31,No,No,Disc,21,No,23,Yes,No,No,No,No,No,No,0,46,$25.40,$228.72,$137.60,"$1,212.08",$0.00,$0.00,$163.00,0
2578-QQXNBH-3G2,2,Male,26,13,6,Crafts,No,Married,4,"$170,000.00",6,1,Own,Foreign,"$35,700",17,No,Yes,Visa,2,No,14,No,No,No,Yes,Yes,No,Yes,0,11,$23.20,$28.84,$0.00,$0.00,$0.00,$0.00,$23.20,0
2580-QKFVLS-05A,5,Female,76,11,23,Sales,No,Unmarried,1,"$80,000.00",0,1,Own,Foreign,"$10,500",29,No,No,Mast,38,No,18,Yes,Yes,Yes,No,No,Yes,Yes,0,70,$117.80,"$1,744.00",$178.20,"$2,511.40",$201.25,"$3,365.64",$497.25,1
2581-PFMMKD-4C6,3,Male,57,17,9,Professional,No,Married,5,"$78,000.00",1,1,Own,Domestic,"$18,900",30,No,Yes,Disc,34,Yes,23,No,No,No,No,No,No,Yes,0,63,$56.40,$640.28,$0.00,$0.00,$0.00,$0.00,$56.40,0
2581-UPECEP-JVH,3,Male,38,16,10,Professional,No,Unmarried,2,"$152,000.00",0,1,Own,Domestic,"$44,700",21,No,Yes,Mast,20,No,18,Yes,Yes,Yes,Yes,Yes,No,Yes,0,47,$118.00,"$1,138.08",$208.00,"$1,869.08",$311.75,"$3,368.70",$637.75,1
2582-FTCAHT-UIJ,2,Female,50,16,20,Crafts,No,Unmarried,1,"$207,000.00",9,1,Own,Domestic,"$75,900",29,No,No,Mast,26,Yes,24,No,No,No,Yes,Yes,No,No,0,46,$34.20,$346.08,$0.00,$0.00,$0.00,$0.00,$34.20,0
2583-FMHHBW-E5N,2,Female,19,14,0,Labor,No,Unmarried,2,"$26,000.00",7,0,Own,Domestic,"$8,400",21,Yes,Yes,Visa,1,Yes,0,No,No,No,Yes,Yes,No,No,0,2,$9.20,$5.64,$0.00,$0.00,$0.00,$0.00,$9.20,0
2583-SNENRM-DOI,3,Female,32,14,4,Service,No,Unmarried,2,"$66,000.00",1,1,Own,Domestic,"$16,800",22,Yes,No,Visa,7,No,20,No,Yes,Yes,Yes,Yes,No,Yes,0,29,$18.80,$114.40,$0.00,$0.00,$138.75,$941.04,$157.55,0
2586-SHIEMY-36H,4,Female,21,16,0,Sales,No,Married,3,"$58,000.00",11,1,Lease,Domestic,"$15,700",28,Yes,No,Mast,3,No,21,Yes,Yes,Yes,Yes,No,Yes,Yes,0,43,$41.40,$350.00,$148.00,"$1,260.92",$243.00,"$2,467.68",$432.40,1
2588-HQCQXV-7IE,1,Male,26,13,4,Service,No,Unmarried,3,"$30,000.00",4,1,Own,Foreign,"$3,500",22,Yes,Yes,Disc,6,No,16,No,No,No,No,Yes,No,No,0,20,$23.00,$107.96,$0.00,$0.00,$0.00,$0.00,$23.00,0
2589-LDUDOZ-UZ9,5,Female,34,12,9,Crafts,No,Unmarried,2,"$74,000.00",7,0,Own,Domestic,"$20,200",34,No,Yes,AMEX,16,Yes,15,Yes,No,Yes,Yes,Yes,No,No,0,45,$34.20,$332.48,$153.60,"$1,385.96",$0.00,$0.00,$187.80,0
2590-GUXWSK-RWT,2,Male,18,13,0,Professional,No,Unmarried,4,"$40,000.00",0,1,Own,Domestic,"$11,700",17,No,No,Mast,0,No,26,No,No,No,Yes,Yes,No,No,1,7,$83.80,$105.40,$0.00,$0.00,$0.00,$0.00,$83.80,0
2591-HAWSSX-B1M,2,Male,39,17,5,Professional,No,Unmarried,1,"$100,000.00",4,0,Own,Foreign,"$26,100",24,Yes,No,Mast,1,Yes,16,Yes,Yes,Yes,Yes,Yes,Yes,No,1,1,$10.40,$2.08,$192.40,$38.48,$154.75,$37.14,$357.55,1
2594-FSOPWS-H02,3,Male,63,13,3,Sales,No,Unmarried,1,"$138,000.00",1,1,Own,Foreign,"$53,200",22,Yes,Yes,Disc,19,Yes,18,Yes,No,No,No,No,No,Yes,0,45,$31.20,$277.56,$114.40,$968.00,$0.00,$0.00,$145.60,0
2595-GKBUAC-XWF,1,Female,64,8,29,Labor,No,Unmarried,1,"$133,000.00",1,1,Own,Foreign,"$69,200",21,No,Yes,Visa,25,Yes,24,No,No,No,No,No,No,Yes,0,46,$51.20,$452.60,$0.00,$0.00,$0.00,$0.00,$51.20,0
2596-OOIKZX-J6D,2,Male,48,15,4,Professional,No,Unmarried,1,"$112,000.00",0,1,Lease,Domestic,"$28,300",20,No,No,AMEX,3,No,13,No,No,No,No,No,Yes,No,0,10,$25.40,$48.92,$0.00,$0.00,$0.00,$0.00,$25.40,0
2602-GARLID-YZ3,3,Male,46,13,12,Professional,No,Unmarried,1,"$182,000.00",0,1,Own,Foreign,"$34,200",31,Yes,No,AMEX,13,No,22,No,No,No,No,Yes,No,No,0,21,$50.00,$249.52,$0.00,$0.00,$0.00,$0.00,$50.00,0
2603-JDZIQN-SZF,5,Female,53,12,6,Sales,No,Married,2,"$64,000.00",0,0,Own,Domestic,"$15,600",37,No,Yes,Mast,8,No,19,No,No,No,Yes,Yes,No,Yes,0,24,$32.20,$135.20,$0.00,$0.00,$0.00,$0.00,$32.20,0
2607-JYHQAJ-PXS,5,Male,42,10,10,Service,No,Married,3,"$76,000.00",2,1,Own,Foreign,"$14,900",35,No,Yes,Disc,24,Yes,24,No,No,No,No,No,No,Yes,0,64,$59.20,$764.64,$0.00,$0.00,$0.00,$0.00,$59.20,0
2610-FLEKEU-W4B,2,Female,56,13,14,Service,No,Unmarried,1,"$134,000.00",3,1,Own,Domestic,"$29,500",25,Yes,No,Visa,19,Yes,30,No,No,No,No,No,No,No,0,22,$32.60,$137.36,$0.00,$0.00,$0.00,$0.00,$32.60,0
2610-YGEKFL-GHX,3,Female,63,11,10,Professional,No,Unmarried,1,"$82,000.00",1,1,Own,Domestic,"$26,800",23,No,No,Visa,20,Yes,21,No,No,No,No,No,No,Yes,1,47,$58.00,$610.48,$0.00,$0.00,$0.00,$0.00,$58.00,0
2613-HPXXOY-32A,5,Female,30,16,3,Service,No,Married,2,"$128,000.00",6,1,Own,Foreign,"$35,900",28,No,No,Mast,13,Yes,20,Yes,No,No,No,No,No,No,0,29,$29.80,$162.00,$116.60,$591.48,$0.00,$0.00,$146.40,0
2613-VHCUEU-JA7,2,Male,40,10,10,Service,No,Married,5,"$56,000.00",0,1,Own,Domestic,"$9,900",28,No,No,AMEX,15,Yes,26,No,No,No,No,No,No,Yes,0,41,$56.40,$472.20,$0.00,$0.00,$0.00,$0.00,$56.40,0
2616-IMMTNU-V14,2,Female,71,14,14,Service,No,Married,2,"$106,000.00",7,0,Own,Foreign,"$29,000",24,Yes,Yes,Visa,27,No,21,Yes,Yes,Yes,Yes,Yes,No,Yes,0,50,$76.00,$729.48,$195.20,"$1,838.04",$244.75,"$2,632.50",$515.95,1
2616-RGMMZL-YB5,3,Male,77,9,44,Labor,Yes,Married,2,"$44,000.00",0,1,NoCar,N/A,$0,21,No,No,Mast,40,No,17,No,No,No,No,No,Yes,Yes,0,72,$138.20,"$1,883.44",$0.00,$0.00,$0.00,$0.00,$138.20,0
2619-CCKAFO-AJU,3,Female,65,12,20,Service,Yes,Married,2,"$22,000.00",9,0,Own,Domestic,"$4,400",21,No,No,Mast,30,No,20,No,Yes,Yes,Yes,Yes,Yes,Yes,0,66,$68.00,$924.16,$0.00,$0.00,$184.25,"$2,797.74",$252.25,0
2622-QMMTOD-I14,5,Male,31,13,6,Crafts,No,Unmarried,1,"$54,000.00",5,0,Lease,Foreign,"$10,700",12,No,No,Disc,5,No,19,Yes,No,No,No,No,Yes,No,0,17,$30.00,$108.28,$119.60,$362.60,$0.00,$0.00,$149.60,0
2623-MEOMRM-QB7,1,Male,54,17,11,Sales,No,Unmarried,1,"$154,000.00",6,1,NoCar,N/A,$0,19,Yes,Yes,Disc,27,Yes,26,Yes,Yes,Yes,Yes,No,No,Yes,0,52,$48.20,$525.48,$147.00,"$1,443.44",$186.00,"$2,286.12",$381.20,1
2625-GKYBHV-6VK,4,Female,54,15,9,Professional,No,Unmarried,1,"$84,000.00",5,1,Own,Domestic,"$22,700",23,Yes,Yes,AMEX,36,No,25,Yes,Yes,No,No,No,Yes,Yes,0,71,$143.60,"$2,032.44",$184.80,"$2,561.60",$238.50,"$3,897.84",$566.90,1
2627-JVEEIV-9S6,5,Female,49,11,5,Sales,No,Unmarried,1,"$62,000.00",2,0,Own,Domestic,"$18,400",34,No,Yes,AMEX,20,No,26,No,No,No,No,No,No,Yes,0,30,$107.20,$607.60,$0.00,$0.00,$0.00,$0.00,$107.20,0
2630-QLWCTO-A9D,3,Male,60,17,26,Crafts,No,Unmarried,1,"$161,000.00",1,1,Own,Domestic,"$41,000",27,No,No,Visa,15,No,18,Yes,No,No,Yes,No,Yes,Yes,1,54,$65.80,$661.60,$119.60,"$1,254.12",$0.00,$0.00,$185.40,0
2630-XEQTYA-4X8,2,Female,76,19,5,Sales,No,Unmarried,2,"$34,000.00",0,0,Own,Domestic,"$5,200",23,Yes,Yes,Visa,10,No,0,Yes,No,Yes,Yes,No,No,Yes,0,24,$23.00,$116.44,$128.80,$592.32,$0.00,$0.00,$151.80,0
2636-MRPJKV-P08,4,Male,51,17,5,Sales,No,Unmarried,4,"$132,000.00",1,1,Own,Domestic,"$43,600",28,Yes,Yes,Disc,6,Yes,24,Yes,Yes,No,Yes,Yes,No,No,0,7,$15.20,$20.20,$125.40,$143.60,$124.25,$194.52,$264.85,0
2638-CHUZHQ-P08,1,Male,49,17,3,Sales,No,Married,3,"$138,000.00",1,1,Own,Foreign,"$43,100",38,Yes,No,Disc,16,Yes,29,Yes,Yes,Yes,Yes,Yes,No,No,1,45,$67.40,$608.36,$124.60,"$1,215.04",$98.50,"$1,038.84",$290.50,1
2640-TFNEVP-MIP,3,Female,35,14,10,Service,No,Unmarried,1,"$106,000.00",0,1,Own,Foreign,"$25,800",38,Yes,No,Visa,17,No,21,No,No,Yes,No,No,No,No,0,45,$28.20,$269.92,$0.00,$0.00,$0.00,$0.00,$28.20,0
2641-HDUCAQ-IZO,5,Male,66,16,6,Sales,No,Unmarried,1,"$136,000.00",6,1,Own,Domestic,"$27,900",30,Yes,Yes,Visa,24,No,14,No,No,No,No,No,No,Yes,0,57,$73.40,$899.52,$0.00,$0.00,$0.00,$0.00,$73.40,0
2641-SAADER-H8I,4,Female,18,13,0,Labor,No,Unmarried,1,"$32,000.00",8,0,Own,Domestic,"$7,500",28,No,Yes,Disc,0,No,22,No,No,No,No,No,Yes,No,0,6,$31.00,$38.16,$0.00,$0.00,$0.00,$0.00,$31.00,0
2643-CDXNCN-93B,4,Female,29,12,2,Sales,No,Unmarried,1,"$42,000.00",0,1,Own,Domestic,"$11,500",28,No,Yes,Visa,3,Yes,19,No,No,No,Yes,Yes,No,No,0,10,$16.40,$37.00,$0.00,$0.00,$0.00,$0.00,$16.40,0
2646-CHSJDY-JKY,2,Female,60,13,4,Sales,No,Unmarried,1,"$54,000.00",2,1,Lease,Foreign,"$9,700",41,No,No,Disc,4,Yes,11,No,No,No,No,No,No,No,0,9,$29.20,$45.60,$0.00,$0.00,$0.00,$0.00,$29.20,0
2646-PARGYE-3C0,3,Male,60,19,22,Professional,No,Married,2,"$115,000.00",11,1,Own,Foreign,"$54,700",17,Yes,Yes,Visa,26,No,29,Yes,No,No,No,No,No,Yes,0,45,$62.80,$577.88,$153.20,"$1,359.36",$0.00,$0.00,$216.00,0
2649-IPDINN-U0N,5,Male,24,17,0,Sales,No,Married,4,"$36,000.00",1,1,Own,Foreign,"$8,200",33,No,No,Visa,3,No,22,Yes,Yes,Yes,Yes,No,Yes,No,0,11,$20.40,$56.44,$154.40,$309.16,$129.00,$309.84,$303.80,1
2649-LMSFFN-EVH,5,Male,53,16,6,Sales,No,Unmarried,1,"$70,000.00",0,1,Own,Foreign,"$16,600",23,Yes,Yes,Visa,8,Yes,18,Yes,No,Yes,No,No,No,No,0,10,$11.40,$26.12,$171.00,$327.28,$0.00,$0.00,$182.40,0
2654-JRLXAI-HC7,2,Female,46,10,5,Professional,No,Unmarried,1,"$50,000.00",6,0,Own,Domestic,"$13,400",26,Yes,Yes,Visa,16,No,20,No,No,No,Yes,No,No,Yes,0,31,$36.80,$258.00,$0.00,$0.00,$0.00,$0.00,$36.80,0
2654-URCDHG-QT8,2,Female,50,14,20,Service,No,Married,2,"$133,000.00",0,1,Own,Domestic,"$56,300",24,Yes,Yes,Visa,23,No,23,No,No,Yes,Yes,Yes,No,Yes,0,58,$90.80,"$1,025.24",$0.00,$0.00,$0.00,$0.00,$90.80,0
2655-ZCMVRX-G4C,4,Male,42,14,9,Service,No,Married,3,"$190,000.00",1,1,Own,Domestic,"$50,600",24,No,No,AMEX,13,No,34,No,No,No,No,No,No,Yes,0,39,$36.00,$272.20,$0.00,$0.00,$0.00,$0.00,$36.00,0
2659-CCTXZC-38P,3,Male,69,16,13,Professional,No,Unmarried,1,"$115,000.00",7,1,Own,Foreign,"$33,100",30,Yes,No,Disc,27,No,25,Yes,Yes,Yes,Yes,Yes,Yes,Yes,0,52,$85.40,$813.12,$202.60,"$2,018.00",$240.75,"$2,928.96",$528.75,1
2659-TMGOHV-MS3,2,Male,37,11,16,Labor,No,Married,5,"$178,000.00",0,1,Own,Foreign,"$41,200",14,No,No,Disc,19,No,24,No,No,No,Yes,Yes,Yes,Yes,1,66,$148.80,"$2,003.64",$0.00,$0.00,$0.00,$0.00,$148.80,0
2663-SSYYDJ-W8E,2,Female,36,15,0,Sales,No,Unmarried,1,"$58,000.00",2,1,Own,Domestic,"$16,200",22,No,Yes,Visa,11,Yes,22,Yes,Yes,Yes,Yes,Yes,No,No,0,22,$20.00,$99.60,$175.80,$659.16,$134.50,$662.88,$330.30,1
2665-KYMUNB-XHA,1,Male,43,14,5,Professional,No,Unmarried,1,"$58,000.00",5,0,NoCar,N/A,$0,29,No,No,AMEX,25,Yes,19,Yes,No,No,Yes,No,No,Yes,0,69,$72.20,"$1,018.24",$114.00,"$1,596.68",$0.00,$0.00,$186.20,0
2670-UQJKZH-ZNG,5,Female,63,17,21,Professional,Yes,Unmarried,1,"$28,000.00",10,1,Own,Foreign,"$6,500",32,No,No,Visa,14,Yes,17,No,No,No,No,No,Yes,No,1,36,$47.80,$390.76,$0.00,$0.00,$0.00,$0.00,$47.80,0
2671-KHXXZH-R6J,1,Male,49,18,14,Labor,No,Married,7,"$197,000.00",0,0,Own,Foreign,"$95,300",22,Yes,Yes,AMEX,16,Yes,17,No,No,No,Yes,Yes,No,No,1,38,$36.60,$279.48,$0.00,$0.00,$0.00,$0.00,$36.60,0
2675-YSBKYV-O7V,4,Male,53,10,27,Service,No,Married,4,"$190,000.00",0,1,NoCar,N/A,$0,32,No,Yes,Disc,35,Yes,22,Yes,Yes,Yes,Yes,Yes,Yes,Yes,0,71,$142.60,"$2,077.28",$178.80,"$2,566.40",$227.00,"$3,711.66",$548.40,1
2677-FNCVMK-AV4,2,Female,54,20,10,Service,No,Unmarried,1,"$92,000.00",0,1,Own,Domestic,"$18,600",15,No,Yes,AMEX,13,No,15,Yes,No,No,No,No,Yes,Yes,0,34,$34.60,$242.16,$93.40,$578.56,$0.00,$0.00,$128.00,0
2678-CLOHMI-U3G,3,Male,63,14,26,Service,No,Married,2,"$153,000.00",1,1,Own,Foreign,"$52,500",19,No,Yes,AMEX,15,No,16,No,Yes,Yes,Yes,Yes,Yes,Yes,0,34,$27.40,$196.00,$0.00,$0.00,$238.75,"$1,831.56",$266.15,0
2680-QCLJXZ-EQU,3,Male,69,12,24,Professional,No,Unmarried,1,"$165,000.00",0,0,Own,Foreign,"$83,700",18,Yes,No,Disc,30,No,14,No,No,No,Yes,Yes,No,Yes,0,68,$133.60,"$1,904.60",$0.00,$0.00,$0.00,$0.00,$133.60,0
2681-FGWTIM-PR4,3,Male,62,16,21,Agriculture,Yes,Married,2,"$40,000.00",9,1,Own,Domestic,"$8,300",33,No,No,Disc,39,No,16,No,No,No,No,Yes,No,Yes,0,72,$109.40,"$1,496.12",$0.00,$0.00,$0.00,$0.00,$109.40,0
2681-MOWKDD-1WV,3,Male,76,12,15,Sales,No,Married,2,"$136,000.00",0,1,Own,Foreign,"$34,200",33,Yes,Yes,Disc,40,No,22,Yes,Yes,Yes,Yes,Yes,Yes,Yes,0,72,$218.60,"$3,293.96",$155.60,"$2,210.44",$168.50,"$3,055.02",$542.70,1
2681-QIEYXC-L9E,1,Female,55,8,28,Service,No,Unmarried,1,"$138,000.00",0,1,Own,Domestic,"$31,100",25,Yes,No,Visa,36,Yes,23,No,No,No,Yes,Yes,No,Yes,0,68,$102.80,"$1,387.12",$0.00,$0.00,$0.00,$0.00,$102.80,0
2683-DBNVBL-NWC,1,Female,68,15,14,Professional,Yes,Married,2,"$20,000.00",0,1,Lease,Foreign,"$3,700",24,Yes,Yes,Mast,17,Yes,27,No,No,No,Yes,Yes,Yes,No,0,34,$36.80,$256.16,$0.00,$0.00,$0.00,$0.00,$36.80,0
2685-BKIDBN-3WC,5,Male,69,15,14,Sales,No,Unmarried,1,"$98,000.00",11,0,NoCar,N/A,$0,32,Yes,No,Mast,32,No,15,No,No,No,No,Yes,No,Yes,0,64,$68.20,$818.00,$0.00,$0.00,$0.00,$0.00,$68.20,0
2685-JGCTCK-CAA,3,Male,78,12,25,Professional,Yes,Married,2,"$40,000.00",0,1,Own,Domestic,"$10,200",28,No,Yes,Mast,40,No,23,No,Yes,Yes,Yes,Yes,No,Yes,1,72,$220.40,"$3,208.56",$0.00,$0.00,$501.25,"$8,660.52",$721.65,1
2685-MLUSBE-KQ3,2,Female,50,15,2,Sales,No,Unmarried,1,"$100,000.00",0,1,Own,Domestic,"$22,600",31,No,Yes,Visa,2,No,15,No,No,No,No,No,No,No,0,4,$10.00,$7.00,$0.00,$0.00,$0.00,$0.00,$10.00,0
2687-GRSYRT-YRW,4,Male,33,14,4,Sales,No,Married,2,"$164,000.00",5,1,Lease,Foreign,"$58,400",30,No,Yes,AMEX,8,No,15,No,No,No,No,No,Yes,Yes,0,21,$17.80,$65.36,$0.00,$0.00,$0.00,$0.00,$17.80,0
2688-GYVWQM-JSK,4,Male,24,18,0,Crafts,No,Unmarried,1,"$102,000.00",11,1,NoCar,N/A,$0,27,No,Yes,Mast,6,Yes,14,Yes,Yes,Yes,Yes,Yes,Yes,Yes,0,35,$31.20,$160.08,$243.80,"$1,718.88",$311.75,"$2,553.54",$586.75,1
2688-LKNTHG-FFU,4,Female,63,16,17,Labor,No,Married,2,"$186,000.00",9,1,Own,Domestic,"$52,100",30,No,Yes,Visa,37,No,21,No,No,Yes,Yes,Yes,No,Yes,1,71,$209.20,"$2,992.48",$0.00,$0.00,$0.00,$0.00,$209.20,0
2689-VYLAYC-OSJ,5,Female,59,11,21,Labor,No,Unmarried,1,"$100,000.00",6,1,Own,Domestic,"$57,100",21,No,Yes,Visa,30,No,18,No,No,No,No,No,No,Yes,1,63,$80.00,"$1,034.28",$0.00,$0.00,$0.00,$0.00,$80.00,0
2701-REFVHC-0WJ,3,Female,21,9,1,Professional,No,Married,5,"$36,000.00",4,1,Own,Domestic,"$7,900",28,No,No,AMEX,3,No,23,No,No,No,No,No,No,No,0,22,$35.80,$132.76,$0.00,$0.00,$0.00,$0.00,$35.80,0
2704-IYQPPC-5RN,1,Male,56,19,11,Professional,No,Unmarried,1,"$166,000.00",10,1,Own,Foreign,"$33,600",12,No,Yes,Visa,17,No,21,Yes,Yes,Yes,Yes,No,Yes,Yes,0,34,$56.80,$379.76,$167.40,"$1,190.08",$195.75,"$1,646.40",$419.95,1
2704-LZYTQD-QWX,2,Male,27,11,1,Sales,No,Married,2,"$46,000.00",5,0,Own,Domestic,"$14,900",25,No,No,Mast,10,Yes,19,No,No,No,No,No,No,No,0,12,$20.00,$42.44,$0.00,$0.00,$0.00,$0.00,$20.00,0
2704-RLBHGY-MD9,3,Male,46,12,20,Agriculture,No,Unmarried,1,"$124,000.00",2,0,Own,Foreign,"$80,600",34,No,No,AMEX,18,No,17,No,No,No,Yes,Yes,No,Yes,0,33,$84.40,$524.60,$0.00,$0.00,$0.00,$0.00,$84.40,0
2707-RPRDJC-D8J,1,Male,64,10,27,Labor,Yes,Married,2,"$46,000.00",2,0,Lease,Foreign,"$12,900",20,No,Yes,AMEX,25,No,22,No,No,No,Yes,Yes,No,Yes,1,41,$67.20,$602.16,$0.00,$0.00,$0.00,$0.00,$67.20,0
2717-LTBLAV-YLE,4,Male,46,13,2,Sales,No,Married,2,"$56,000.00",3,0,Own,Foreign,"$9,900",27,Yes,No,Mast,24,Yes,16,No,No,No,No,No,No,No,0,44,$60.00,$522.92,$0.00,$0.00,$0.00,$0.00,$60.00,0
2718-PMYPKN-49S,2,Male,43,19,3,Sales,No,Married,5,"$104,000.00",3,1,Own,Foreign,"$28,300",11,Yes,No,AMEX,8,No,24,Yes,No,No,No,No,Yes,No,0,20,$23.40,$96.96,$79.00,$284.00,$0.00,$0.00,$102.40,0
2719-FWSBVY-XOL,5,Female,59,14,5,Sales,No,Married,6,"$72,000.00",1,0,Own,Foreign,"$24,100",19,Yes,Yes,Visa,8,Yes,26,No,No,No,No,No,No,Yes,1,32,$46.00,$322.20,$0.00,$0.00,$0.00,$0.00,$46.00,0
2720-KLDQBG-5GZ,4,Female,48,14,6,Sales,No,Unmarried,1,"$82,000.00",2,1,Own,Domestic,"$23,900",26,Yes,No,Disc,30,No,19,No,Yes,Yes,Yes,Yes,No,Yes,0,68,$64.80,$918.56,$0.00,$0.00,$175.75,"$2,808.00",$240.55,0
2724-FAZIYE-AMO,5,Female,55,17,7,Sales,No,Unmarried,1,"$174,000.00",2,1,Lease,Foreign,"$48,600",31,No,Yes,AMEX,16,No,19,No,No,No,No,No,No,No,0,41,$47.60,$414.52,$0.00,$0.00,$0.00,$0.00,$47.60,0
2726-JQACBX-VTZ,3,Male,31,12,4,Sales,No,Married,5,"$54,000.00",6,1,Own,Domestic,"$11,300",24,No,Yes,Mast,13,No,22,No,No,No,Yes,Yes,No,No,0,44,$60.40,$570.28,$0.00,$0.00,$0.00,$0.00,$60.40,0
2727-QLKEXR-NSO,3,Female,27,17,2,Professional,No,Married,6,"$106,000.00",2,1,NoCar,N/A,$0,15,Yes,Yes,AMEX,3,Yes,15,Yes,Yes,Yes,No,No,Yes,No,0,6,$15.60,$25.32,$137.00,$134.08,$76.25,$93.96,$228.85,0
2727-VJTFSE-HOR,4,Male,43,13,5,Sales,No,Unmarried,1,"$136,000.00",1,0,Own,Domestic,"$33,300",23,No,Yes,Mast,25,No,25,No,No,No,No,No,No,Yes,0,49,$57.20,$597.68,$0.00,$0.00,$0.00,$0.00,$57.20,0
2728-IVRGQO-IPZ,5,Female,47,14,4,Sales,No,Married,5,"$130,000.00",0,0,Own,Domestic,"$35,300",33,No,Yes,Disc,29,Yes,21,Yes,No,No,No,Yes,No,Yes,0,63,$86.20,"$1,074.92",$136.80,"$1,765.56",$0.00,$0.00,$223.00,0
2729-KBQJSU-J3G,1,Male,19,14,0,Sales,No,Unmarried,1,"$36,000.00",0,1,Lease,Domestic,"$8,600",29,Yes,No,Mast,1,Yes,26,Yes,No,Yes,Yes,No,Yes,No,0,4,$8.60,$3.20,$123.20,$60.00,$0.00,$0.00,$131.80,0
2732-OHIHRD-UTV,2,Female,24,12,1,Professional,No,Married,3,"$46,000.00",1,0,Own,Domestic,"$13,100",32,No,No,Othe,6,No,14,No,No,No,No,No,No,Yes,0,33,$43.20,$285.92,$0.00,$0.00,$0.00,$0.00,$43.20,0
2732-ZJVWFW-LQX,3,Female,38,11,2,Sales,No,Married,4,"$36,000.00",0,0,Own,Foreign,"$8,100",19,Yes,Yes,Mast,5,No,14,No,Yes,Yes,Yes,No,No,Yes,0,20,$19.00,$70.40,$0.00,$0.00,$112.00,$496.98,$131.00,0
2735-PDKKEG-P4W,3,Female,68,8,14,Professional,No,Unmarried,1,"$86,000.00",7,0,Own,Foreign,"$17,500",20,Yes,No,Mast,19,No,19,No,No,No,Yes,No,No,No,1,35,$34.80,$226.96,$0.00,$0.00,$0.00,$0.00,$34.80,0
2736-QDRAAN-VAI,5,Female,18,13,0,Sales,No,Married,4,"$42,000.00",2,1,Own,Domestic,"$13,400",44,Yes,Yes,Disc,0,No,20,No,No,No,Yes,Yes,No,No,0,7,$16.80,$22.56,$0.00,$0.00,$0.00,$0.00,$16.80,0
2736-SHWWRW-TA2,2,Male,33,20,3,Professional,No,Unmarried,1,"$196,000.00",5,0,Own,Foreign,"$60,200",28,No,No,AMEX,15,No,20,Yes,Yes,Yes,No,No,Yes,Yes,0,65,$73.80,$968.24,$155.80,"$2,062.36",$177.25,"$2,658.48",$406.85,1
2743-GECIYJ-E92,4,Female,57,15,16,Service,Yes,Unmarried,1,"$62,000.00",1,0,Lease,Foreign,"$13,800",26,Yes,Yes,Mast,15,Yes,14,No,No,No,Yes,Yes,No,No,1,52,$47.80,$496.24,$0.00,$0.00,$0.00,$0.00,$47.80,0
2745-RNCJOU-ERZ,3,Male,50,13,20,Labor,No,Married,7,"$142,000.00",2,1,Own,Domestic,"$72,800",19,No,No,Disc,32,No,19,No,No,No,No,No,No,Yes,0,72,$285.40,"$4,133.12",$0.00,$0.00,$0.00,$0.00,$285.40,1
2751-UYLXAM-IAW,3,Female,33,20,1,Sales,No,Married,5,"$44,000.00",4,1,Own,Domestic,"$12,000",22,No,Yes,Disc,3,Yes,24,No,No,No,No,No,No,No,0,6,$12.20,$12.76,$0.00,$0.00,$0.00,$0.00,$12.20,0
2751-ZODYWM-XHG,1,Male,22,16,0,Sales,No,Unmarried,1,"$40,000.00",5,1,Lease,Domestic,"$9,400",26,Yes,No,AMEX,3,No,21,No,No,No,No,No,Yes,No,0,4,$17.40,$17.16,$0.00,$0.00,$0.00,$0.00,$17.40,0
2759-ISJTJL-ZCJ,4,Male,46,13,9,Professional,No,Unmarried,1,"$134,000.00",0,0,Own,Foreign,"$16,800",24,Yes,Yes,Visa,4,No,19,Yes,Yes,Yes,Yes,Yes,Yes,No,0,8,$9.20,$13.16,$121.40,$193.76,$140.50,$217.92,$271.10,0
2760-QPESBE-YG3,2,Female,28,16,1,Sales,No,Unmarried,4,"$108,000.00",0,1,Own,Domestic,"$19,700",23,Yes,No,Visa,6,Yes,14,No,No,Yes,Yes,No,No,No,1,18,$11.80,$40.96,$0.00,$0.00,$0.00,$0.00,$11.80,0
2760-QYCCNH-1QP,1,Male,75,16,39,Service,Yes,Unmarried,1,"$133,000.00",1,1,NoCar,N/A,$0,18,No,Yes,Visa,39,Yes,18,Yes,Yes,Yes,Yes,Yes,Yes,Yes,0,72,$142.60,"$2,139.72",$231.80,"$3,272.72",$483.50,"$8,266.44",$857.90,1
2762-FRPZQX-H63,3,Female,35,15,6,Service,No,Married,5,"$78,000.00",3,1,NoCar,N/A,$0,24,Yes,Yes,Mast,15,Yes,18,No,No,No,No,No,No,No,0,32,$54.80,$349.36,$0.00,$0.00,$0.00,$0.00,$54.80,0
2765-BPGUUX-04S,1,Female,76,12,14,Sales,Yes,Married,2,"$26,000.00",2,1,Lease,Foreign,"$6,400",20,No,No,Mast,23,No,19,No,No,No,No,No,No,Yes,0,49,$57.60,$554.12,$0.00,$0.00,$0.00,$0.00,$57.60,0
2772-QVASQC-36Q,4,Male,53,15,5,Sales,No,Married,2,"$72,000.00",0,1,NoCar,N/A,$0,20,No,No,AMEX,17,No,30,No,Yes,Yes,Yes,Yes,No,Yes,0,49,$44.20,$398.40,$0.00,$0.00,$170.25,"$2,000.46",$214.45,0
2772-XIIOXU-DVU,4,Male,38,10,4,Professional,No,Married,2,"$68,000.00",0,1,Own,Domestic,"$11,300",18,No,Yes,Othe,12,No,16,No,No,No,Yes,No,No,No,0,25,$31.00,$158.36,$0.00,$0.00,$0.00,$0.00,$31.00,0
2774-OKFIRM-K8F,4,Female,38,15,3,Sales,No,Married,5,"$168,000.00",10,1,Own,Foreign,"$35,800",21,Yes,Yes,Disc,17,No,27,No,No,No,Yes,Yes,No,Yes,0,43,$36.20,$304.24,$0.00,$0.00,$0.00,$0.00,$36.20,0
2775-OZNOVC-6WC,5,Male,39,18,0,Sales,No,Married,2,"$134,000.00",4,0,Own,Foreign,"$23,600",23,Yes,Yes,Disc,6,No,18,Yes,Yes,Yes,Yes,Yes,Yes,No,0,27,$50.80,$248.20,$189.00,$949.64,$195.75,"$1,214.10",$435.55,1
2781-SZVMVQ-1LQ,2,Female,63,10,29,Labor,Yes,Unmarried,1,"$28,000.00",0,1,NoCar,N/A,$0,20,No,No,Disc,32,No,20,No,No,No,No,No,No,Yes,0,69,$163.20,"$2,254.44",$0.00,$0.00,$0.00,$0.00,$163.20,0
2781-WPRURV-5DH,3,Female,65,12,31,Crafts,No,Married,2,"$186,000.00",6,1,NoCar,N/A,$0,26,Yes,Yes,Visa,19,Yes,19,No,Yes,Yes,Yes,Yes,Yes,Yes,1,46,$31.60,$350.20,$0.00,$0.00,$172.25,"$1,873.56",$203.85,0
2786-NHGXMF-0VU,2,Male,72,11,33,Service,Yes,Married,2,"$30,000.00",12,1,Own,Foreign,"$8,500",18,Yes,No,Disc,40,No,17,No,No,No,No,No,No,Yes,0,72,$121.00,"$1,822.68",$0.00,$0.00,$0.00,$0.00,$121.00,0
2787-CGKARQ-KBN,4,Female,18,13,0,Labor,No,Married,8,"$32,000.00",0,1,NoCar,N/A,$0,36,No,No,Mast,0,Yes,18,No,No,No,No,No,No,Yes,0,8,$27.60,$49.88,$0.00,$0.00,$0.00,$0.00,$27.60,0
2788-BYDXYB-OI9,4,Female,61,12,35,Crafts,No,Married,2,"$246,000.00",1,1,Own,Foreign,"$93,700",31,Yes,Yes,Mast,39,No,15,No,Yes,No,Yes,Yes,No,Yes,0,71,$145.20,"$2,131.04",$0.00,$0.00,$232.75,"$3,901.92",$377.95,1
2790-WKBKUI-SYH,5,Female,26,12,4,Service,No,Married,3,"$38,000.00",0,1,Own,Foreign,"$10,000",30,Yes,No,Visa,6,Yes,26,No,No,No,No,Yes,Yes,No,0,28,$28.20,$179.56,$0.00,$0.00,$0.00,$0.00,$28.20,0
2794-GBOANT-LQM,5,Male,42,12,13,Agriculture,No,Unmarried,3,"$88,000.00",0,1,Lease,Foreign,"$25,700",31,Yes,No,Disc,6,Yes,28,Yes,No,No,No,No,No,No,0,21,$30.00,$119.64,$116.20,$468.36,$0.00,$0.00,$146.20,0
2794-VHQHIK-XRR,4,Female,61,16,5,Professional,No,Unmarried,1,"$66,000.00",9,1,Own,Foreign,"$17,500",26,No,No,Mast,28,No,36,No,No,No,No,No,Yes,Yes,0,64,$112.00,"$1,417.56",$0.00,$0.00,$0.00,$0.00,$112.00,0
2799-BEWBQK-VY7,1,Male,49,15,7,Sales,No,Unmarried,1,"$52,000.00",6,1,Own,Domestic,"$13,000",21,Yes,No,Disc,5,Yes,16,Yes,No,Yes,No,No,No,No,0,8,$11.80,$16.76,$103.80,$149.96,$0.00,$0.00,$115.60,0
2800-EJKINA-40U,2,Male,20,11,1,Professional,No,Unmarried,1,"$36,000.00",0,0,Own,Domestic,"$6,800",25,No,Yes,Othe,2,Yes,26,Yes,No,No,No,No,Yes,No,1,13,$27.80,$55.60,$112.40,$263.92,$0.00,$0.00,$140.20,0
2802-MDQRFW-U5L,3,Male,34,15,10,Crafts,No,Married,6,"$72,000.00",1,1,Own,Foreign,"$17,100",33,No,No,Visa,16,No,13,No,No,No,No,No,No,Yes,0,59,$50.40,$536.36,$0.00,$0.00,$0.00,$0.00,$50.40,0
2813-JDFZXK-8PF,1,Female,48,13,4,Sales,No,Unmarried,1,"$52,000.00",4,0,Lease,Foreign,"$13,500",29,Yes,No,Disc,18,Yes,16,No,No,No,No,No,No,No,1,36,$55.60,$374.04,$0.00,$0.00,$0.00,$0.00,$55.60,0
2814-PSLRXB-EN1,1,Male,44,19,8,Sales,No,Unmarried,3,"$184,000.00",0,0,Own,Domestic,"$69,700",26,No,Yes,Disc,23,No,24,No,Yes,No,Yes,Yes,Yes,Yes,0,45,$62.00,$510.16,$0.00,$0.00,$127.25,"$1,247.22",$189.25,0
2815-MCDWEZ-XTS,1,Female,52,13,5,Sales,No,Unmarried,1,"$66,000.00",0,1,Own,Domestic,"$21,600",31,No,Yes,Visa,8,No,21,No,Yes,No,No,Yes,No,No,0,11,$27.40,$55.72,$0.00,$0.00,$99.50,$276.66,$126.90,0
2815-TQGCPT-HGZ,2,Female,28,19,2,Professional,No,Married,4,"$74,000.00",5,1,Own,Foreign,"$19,700",11,Yes,No,Mast,4,No,25,Yes,Yes,Yes,Yes,No,Yes,No,1,14,$13.40,$34.36,$159.40,$407.72,$171.00,$543.48,$343.80,1
2816-QOJJBM-NR1,4,Female,30,15,3,Professional,No,Unmarried,1,"$44,000.00",6,1,Own,Domestic,"$12,900",38,No,No,Visa,12,Yes,18,Yes,No,No,Yes,Yes,No,Yes,0,58,$133.40,"$1,556.36",$150.00,"$1,760.80",$0.00,$0.00,$283.40,1
2818-TTESFC-FE0,2,Male,19,14,0,Labor,No,Married,4,"$34,000.00",8,1,NoCar,N/A,$0,16,Yes,Yes,Visa,1,No,12,No,Yes,Yes,Yes,Yes,Yes,No,1,22,$47.20,$197.96,$0.00,$0.00,$231.75,"$1,150.14",$278.95,1
2822-CFXSZX-5E6,4,Male,67,9,2,Sales,No,Married,2,"$54,000.00",0,1,Own,Foreign,"$12,100",18,Yes,Yes,Disc,24,No,25,No,No,No,Yes,Yes,No,Yes,0,54,$36.80,$394.04,$0.00,$0.00,$0.00,$0.00,$36.80,0
2824-WNEJPU-CXM,4,Female,39,14,16,Service,No,Married,2,"$168,000.00",0,1,Own,Domestic,"$49,000",24,Yes,Yes,Visa,20,Yes,13,No,No,No,No,No,No,No,0,42,$65.20,$568.48,$0.00,$0.00,$0.00,$0.00,$65.20,0
2825-BAVVDP-XU8,4,Female,52,20,3,Sales,No,Married,2,"$52,000.00",7,1,Lease,Foreign,"$14,100",24,Yes,Yes,Mast,7,No,14,Yes,No,No,No,No,Yes,No,0,16,$33.80,$113.52,$94.20,$275.08,$0.00,$0.00,$128.00,0
2827-UOWJBD-SYA,1,Male,22,14,0,Sales,No,Married,4,"$40,000.00",5,1,Own,Domestic,"$14,700",21,No,Yes,Mast,2,Yes,17,Yes,No,No,No,No,Yes,No,1,7,$17.00,$24.76,$78.80,$101.84,$0.00,$0.00,$95.80,0
2828-KIVWBG-6GA,3,Male,46,14,7,Service,No,Married,5,"$54,000.00",0,1,Own,Foreign,"$16,300",29,No,No,Visa,24,Yes,20,No,No,No,No,No,Yes,Yes,0,60,$78.00,$926.32,$0.00,$0.00,$0.00,$0.00,$78.00,0
2829-DHCSUL-26P,3,Female,24,13,1,Sales,No,Unmarried,1,"$40,000.00",8,0,Lease,Foreign,"$8,800",23,No,No,Visa,6,No,17,Yes,No,No,No,No,No,No,1,36,$33.20,$201.76,$110.20,$741.32,$0.00,$0.00,$143.40,0
2829-ONGIHX-TU3,4,Male,70,16,19,Labor,Yes,Unmarried,1,"$44,000.00",0,1,Own,Foreign,"$10,800",22,No,Yes,Mast,40,No,17,No,Yes,No,Yes,Yes,No,Yes,0,72,$117.80,"$1,602.48",$0.00,$0.00,$239.50,"$4,259.46",$357.30,1
2830-KWMZCH-54L,4,Male,44,13,11,Service,No,Married,2,"$76,000.00",10,0,Own,Domestic,"$22,500",21,No,No,AMEX,26,Yes,25,No,No,No,No,No,No,No,0,63,$81.80,"$1,045.04",$0.00,$0.00,$0.00,$0.00,$81.80,0
2833-ORNEXA-0T3,2,Male,75,11,32,Labor,Yes,Married,2,"$42,000.00",15,1,Lease,Foreign,"$10,000",25,Yes,No,Mast,28,No,25,No,No,No,No,No,No,Yes,1,53,$67.80,$777.08,$0.00,$0.00,$0.00,$0.00,$67.80,0
2834-OGEVTU-9O7,2,Female,55,12,3,Sales,No,Married,2,"$58,000.00",0,1,Lease,Domestic,"$14,700",21,No,Yes,Disc,21,No,21,No,No,No,Yes,Yes,No,Yes,0,53,$56.40,$587.20,$0.00,$0.00,$0.00,$0.00,$56.40,0
2836-TDELPI-OLZ,4,Female,25,19,0,Labor,No,Married,3,"$50,000.00",7,0,Own,Domestic,"$12,600",29,No,No,AMEX,7,Yes,18,No,No,No,No,No,No,No,0,43,$50.80,$442.32,$0.00,$0.00,$0.00,$0.00,$50.80,0
2838-ODWGTI-SB5,2,Female,43,9,9,Crafts,No,Unmarried,1,"$60,000.00",1,1,Own,Domestic,"$15,300",14,Yes,Yes,Visa,7,No,20,No,No,No,No,Yes,No,No,0,18,$50.40,$182.68,$0.00,$0.00,$0.00,$0.00,$50.40,0
2845-KNIRYP-1AZ,3,Female,62,17,18,Professional,No,Unmarried,2,"$186,000.00",6,1,Own,Domestic,"$87,300",29,No,No,Mast,32,Yes,19,Yes,Yes,Yes,Yes,Yes,No,Yes,0,70,$83.80,"$1,187.60",$233.20,"$3,203.32",$338.50,"$5,436.12",$655.50,1
2848-MXOAZP-3O7,1,Female,43,17,11,Professional,No,Married,5,"$120,000.00",1,1,Own,Domestic,"$22,600",21,Yes,Yes,Disc,8,Yes,19,No,No,No,No,No,No,No,0,14,$10.60,$39.44,$0.00,$0.00,$0.00,$0.00,$10.60,0
2848-RWNVEL-66C,1,Male,61,13,5,Sales,No,Married,2,"$122,000.00",1,0,Own,Foreign,"$32,600",16,Yes,No,AMEX,35,Yes,21,No,No,No,No,No,No,Yes,0,57,$86.60,"$1,001.40",$0.00,$0.00,$0.00,$0.00,$86.60,0
2850-IENNZN-M18,3,Female,61,20,4,Sales,No,Married,3,"$98,000.00",7,0,Own,Foreign,"$25,000",25,No,Yes,Visa,27,No,18,No,No,Yes,Yes,Yes,Yes,No,0,62,$111.40,"$1,479.52",$0.00,$0.00,$0.00,$0.00,$111.40,0
2850-PRUJVG-1Q2,2,Female,33,12,6,Labor,No,Married,4,"$82,000.00",0,1,Own,Foreign,"$19,100",24,No,Yes,Disc,15,Yes,21,No,No,No,Yes,No,No,No,0,35,$29.00,$196.04,$0.00,$0.00,$0.00,$0.00,$29.00,0
2852-YUIJSE-85D,1,Male,57,17,14,Crafts,No,Married,2,"$186,000.00",0,1,Own,Domestic,"$59,600",19,No,No,Mast,13,Yes,15,No,No,No,Yes,Yes,No,Yes,0,37,$50.80,$380.56,$0.00,$0.00,$0.00,$0.00,$50.80,0
2857-XPJXUP-XV2,1,Female,78,12,31,Service,Yes,Unmarried,1,"$52,000.00",0,0,NoCar,N/A,$0,20,No,No,Visa,24,No,13,No,No,No,No,Yes,No,No,1,53,$16.20,$169.32,$0.00,$0.00,$0.00,$0.00,$16.20,0
2858-QGCFXO-7P0,4,Female,48,16,4,Sales,No,Unmarried,1,"$46,000.00",0,1,Own,Domestic,"$9,400",20,No,Yes,Visa,11,No,27,No,No,Yes,No,No,Yes,Yes,1,43,$83.60,$698.40,$0.00,$0.00,$0.00,$0.00,$83.60,0
2859-AEQFEZ-370,1,Male,27,19,2,Agriculture,No,Unmarried,2,"$88,000.00",5,0,Own,Foreign,"$27,900",26,No,Yes,Disc,9,Yes,19,Yes,No,No,No,No,Yes,No,0,17,$25.80,$102.32,$92.20,$302.80,$0.00,$0.00,$118.00,0
2866-TTOTKL-TA7,5,Male,78,11,30,Service,Yes,Married,2,"$56,000.00",9,0,Own,Domestic,"$15,800",34,No,Yes,Visa,14,No,20,No,No,No,No,No,No,Yes,1,31,$20.00,$106.68,$0.00,$0.00,$0.00,$0.00,$20.00,0
2868-EXFXBT-1O7,1,Female,28,19,2,Professional,No,Unmarried,2,"$60,000.00",0,0,Own,Foreign,"$16,300",22,Yes,No,Mast,3,Yes,21,No,No,No,Yes,Yes,No,No,0,5,$27.40,$25.76,$0.00,$0.00,$0.00,$0.00,$27.40,0
2869-XNMXQZ-101,1,Male,44,8,2,Sales,No,Married,2,"$44,000.00",4,0,Own,Domestic,"$10,400",22,Yes,Yes,Mast,5,Yes,27,No,No,No,No,No,No,No,0,6,$22.00,$17.56,$0.00,$0.00,$0.00,$0.00,$22.00,0
2871-CXJHYX-68X,1,Female,74,18,40,Crafts,Yes,Unmarried,1,"$104,000.00",13,1,Own,Domestic,"$59,100",22,No,Yes,Disc,39,Yes,12,No,No,No,No,Yes,No,Yes,0,72,$190.40,"$2,839.56",$0.00,$0.00,$0.00,$0.00,$190.40,0
2871-SNYBHM-CFV,3,Female,27,15,0,Sales,No,Married,5,"$140,000.00",4,1,NoCar,N/A,$0,24,No,Yes,Disc,3,Yes,24,Yes,Yes,Yes,Yes,No,Yes,No,0,14,$12.60,$44.60,$133.20,$350.92,$124.75,$362.64,$270.55,0
2872-TLUUHK-QVD,1,Female,33,9,5,Professional,No,Married,2,"$78,000.00",0,0,Own,Foreign,"$14,700",18,Yes,No,Visa,15,No,18,No,No,Yes,Yes,Yes,No,No,0,50,$50.00,$501.48,$0.00,$0.00,$0.00,$0.00,$50.00,0
2874-SMDULU-1HO,3,Female,61,15,13,Professional,No,Married,2,"$92,000.00",5,1,Own,Foreign,"$24,200",17,Yes,Yes,Disc,40,Yes,10,No,No,No,No,No,No,Yes,0,72,$125.20,"$1,803.88",$0.00,$0.00,$0.00,$0.00,$125.20,0
2876-GNEAJF-6X0,5,Male,57,12,11,Professional,No,Married,2,"$98,000.00",4,0,Own,Foreign,"$28,100",28,No,Yes,Disc,32,Yes,18,Yes,No,Yes,Yes,No,No,Yes,0,64,$73.60,$948.00,$178.00,"$2,175.76",$0.00,$0.00,$251.60,0
2877-KERRQY-KF6,1,Male,50,13,7,Professional,No,Married,2,"$119,000.00",2,0,Own,Foreign,"$56,500",33,No,No,Visa,30,No,22,No,No,No,Yes,Yes,No,Yes,0,69,$70.40,"$1,000.76",$0.00,$0.00,$0.00,$0.00,$70.40,0
2885-HVOPIK-X3Z,1,Female,68,14,9,Sales,No,Unmarried,1,"$78,000.00",2,0,Own,Domestic,"$21,400",22,Yes,Yes,Visa,5,Yes,18,No,No,No,No,Yes,No,No,1,11,$23.00,$51.56,$0.00,$0.00,$0.00,$0.00,$23.00,0
2885-KFFQPU-BNO,4,Male,56,17,19,Crafts,No,Unmarried,1,"$575,000.00",7,1,Own,Foreign,"$93,600",33,No,No,AMEX,23,No,11,Yes,Yes,Yes,Yes,Yes,Yes,No,0,50,$53.60,$515.08,$192.40,"$1,964.72",$165.75,"$1,934.88",$411.75,1
2886-TPWOUY-VXI,1,Female,54,18,22,Labor,No,Unmarried,1,"$280,000.00",0,1,Own,Domestic,"$79,100",19,Yes,Yes,Disc,25,No,20,No,Yes,No,Yes,Yes,No,Yes,0,62,$34.60,$433.08,$0.00,$0.00,$193.75,"$2,902.92",$228.35,0
2891-DHXSLS-50D,4,Female,57,8,26,Professional,No,Married,2,"$171,000.00",0,1,Own,Domestic,"$78,300",34,No,Yes,Mast,19,No,16,No,No,No,Yes,Yes,No,Yes,0,58,$63.60,$678.96,$0.00,$0.00,$0.00,$0.00,$63.60,0
2894-QTXNLJ-DKV,5,Male,57,15,23,Labor,No,Married,2,"$288,000.00",1,1,Own,Domestic,"$93,900",30,No,Yes,Disc,36,No,12,Yes,Yes,Yes,Yes,No,Yes,Yes,1,71,$97.20,"$1,368.36",$241.00,"$3,449.20",$290.00,"$4,907.22",$628.20,1
2895-TGIPGU-5AX,4,Male,18,13,0,Service,No,Unmarried,3,"$46,000.00",5,1,Own,Domestic,"$10,200",26,Yes,Yes,Othe,0,Yes,22,No,No,No,No,No,No,No,0,6,$10.00,$6.16,$0.00,$0.00,$0.00,$0.00,$10.00,0
2896-SPVOQE-F5N,1,Female,37,12,1,Sales,No,Unmarried,1,"$84,000.00",3,1,Lease,Domestic,"$22,800",30,No,No,Visa,4,Yes,18,No,No,No,No,Yes,No,No,0,7,$16.80,$20.24,$0.00,$0.00,$0.00,$0.00,$16.80,0
2897-ITLAGI-WT1,3,Male,76,13,41,Crafts,Yes,Married,2,"$18,000.00",0,1,NoCar,N/A,$0,30,No,No,AMEX,40,No,21,No,No,No,Yes,No,No,Yes,0,72,$383.80,"$5,614.88",$0.00,$0.00,$0.00,$0.00,$383.80,1
2897-SQTLBT-DO7,5,Male,75,18,27,Labor,Yes,Married,2,"$30,000.00",4,0,Own,Domestic,"$9,500",32,No,No,Disc,40,No,12,No,No,No,No,No,Yes,Yes,1,72,$124.40,"$1,853.76",$0.00,$0.00,$0.00,$0.00,$124.40,0
2902-MXSULL-QQY,2,Female,59,17,5,Sales,No,Married,2,"$92,000.00",6,0,Own,Domestic,"$22,200",24,No,No,AMEX,9,Yes,20,No,No,No,Yes,No,No,Yes,0,11,$38.60,$98.56,$0.00,$0.00,$0.00,$0.00,$38.60,0
2903-BCWCCA-ON1,3,Male,43,12,16,Labor,No,Unmarried,5,"$154,000.00",0,0,Own,Domestic,"$33,100",28,No,Yes,Visa,13,No,13,Yes,Yes,Yes,Yes,Yes,Yes,Yes,1,24,$34.60,$178.56,$122.40,$588.80,$114.75,$627.96,$271.75,0
2904-CSHQYW-EG3,1,Male,75,17,23,Labor,Yes,Unmarried,1,"$20,000.00",0,1,Lease,Foreign,"$4,500",22,Yes,No,Mast,28,No,18,No,No,No,No,No,Yes,Yes,0,49,$38.60,$360.84,$0.00,$0.00,$0.00,$0.00,$38.60,0
2908-BLGGLQ-Y10,5,Female,21,14,0,Sales,No,Unmarried,1,"$36,000.00",0,1,Own,Domestic,"$9,800",33,No,No,Visa,1,Yes,19,No,No,No,No,Yes,No,No,0,5,$18.40,$16.76,$0.00,$0.00,$0.00,$0.00,$18.40,0
2908-KXQYHB-USZ,2,Female,70,13,23,Professional,Yes,Married,2,"$22,000.00",1,0,Lease,Domestic,"$5,800",16,No,No,Mast,24,Yes,14,No,No,No,Yes,Yes,No,Yes,0,56,$66.00,$734.28,$0.00,$0.00,$0.00,$0.00,$66.00,0
2911-FIWKXD-5XS,4,Female,57,19,15,Professional,No,Unmarried,2,"$154,000.00",0,0,Own,Foreign,"$29,000",25,Yes,No,Disc,35,No,24,No,No,No,Yes,Yes,No,Yes,0,65,$84.20,"$1,081.60",$0.00,$0.00,$0.00,$0.00,$84.20,0
2914-DCNGRY-7HC,1,Male,40,18,3,Sales,No,Unmarried,1,"$192,000.00",0,1,Lease,Domestic,"$43,600",17,No,Yes,AMEX,21,Yes,20,No,No,No,No,No,No,No,1,49,$57.40,$569.16,$0.00,$0.00,$0.00,$0.00,$57.40,0
2915-PWFHWV-VJT,2,Male,43,19,3,Professional,No,Unmarried,1,"$98,000.00",1,0,Own,Foreign,"$26,500",24,No,Yes,Disc,16,Yes,24,No,Yes,No,No,No,No,Yes,0,37,$31.00,$232.20,$0.00,$0.00,$119.25,"$1,078.32",$150.25,0
2916-THRYUW-FN8,2,Male,57,12,19,Professional,No,Unmarried,1,"$192,000.00",1,1,Own,Foreign,"$50,500",13,Yes,No,Disc,39,Yes,22,No,Yes,Yes,Yes,Yes,Yes,Yes,0,72,$96.40,"$1,407.08",$0.00,$0.00,$233.50,"$3,882.18",$329.90,1
2921-CWVHPN-WUQ,4,Male,21,8,2,Agriculture,No,Unmarried,3,"$36,000.00",2,0,Own,Domestic,"$8,700",23,Yes,No,Othe,3,Yes,23,No,No,No,Yes,Yes,Yes,No,0,7,$14.20,$14.80,$0.00,$0.00,$0.00,$0.00,$14.20,0
2921-DTOPPT-VTK,3,Female,55,18,4,Professional,No,Married,4,"$217,000.00",1,1,Own,Foreign,"$85,300",21,Yes,No,Visa,11,Yes,22,Yes,Yes,Yes,Yes,Yes,No,No,0,34,$44.80,$306.52,$194.20,"$1,282.88",$205.25,"$1,590.84",$444.25,1
2922-DNYEAH-PAX,2,Male,36,19,1,Sales,No,Unmarried,2,"$92,000.00",2,1,Own,Domestic,"$18,900",22,Yes,No,Mast,4,Yes,20,No,Yes,Yes,Yes,Yes,Yes,No,0,12,$11.80,$30.16,$0.00,$0.00,$117.50,$295.86,$129.30,0
2922-NNAAGZ-8V8,5,Male,58,12,8,Sales,No,Married,2,"$92,000.00",3,1,Own,Foreign,"$24,100",30,No,No,Disc,26,No,17,No,No,No,Yes,Yes,No,No,0,50,$25.60,$224.00,$0.00,$0.00,$0.00,$0.00,$25.60,0
2925-HNTCIR-MOM,1,Female,55,17,17,Crafts,No,Unmarried,1,"$158,000.00",3,1,NoCar,N/A,$0,24,No,No,Disc,11,No,21,Yes,No,Yes,No,No,Yes,No,1,23,$46.60,$233.52,$129.80,$635.68,$0.00,$0.00,$176.40,0
2927-BECLMG-XEQ,3,Female,38,12,15,Labor,No,Married,4,"$115,000.00",4,1,Own,Foreign,"$51,200",34,No,No,AMEX,16,Yes,22,No,No,Yes,No,Yes,No,Yes,1,32,$51.60,$336.76,$0.00,$0.00,$0.00,$0.00,$51.60,0
2930-WLVSCZ-OKG,2,Female,36,14,5,Sales,No,Unmarried,1,"$44,000.00",1,0,Own,Domestic,"$12,800",22,Yes,No,Othe,11,No,19,Yes,No,Yes,Yes,No,Yes,Yes,0,30,$24.80,$169.68,$139.60,$885.60,$0.00,$0.00,$164.40,0
2931-WBFVCF-CNX,4,Male,35,20,6,Crafts,No,Unmarried,1,"$94,000.00",9,1,Own,Domestic,"$16,900",33,No,Yes,Disc,12,No,13,No,No,No,No,No,Yes,Yes,0,21,$18.20,$77.68,$0.00,$0.00,$0.00,$0.00,$18.20,0
2932-ZGALWZ-L46,1,Male,25,12,3,Professional,No,Unmarried,2,"$38,000.00",0,1,Own,Domestic,"$7,400",38,No,No,Mast,8,Yes,28,Yes,Yes,Yes,Yes,No,Yes,No,0,17,$19.40,$65.76,$156.00,$490.12,$164.50,$607.56,$339.90,1
2933-JLRSZH-D53,5,Female,26,17,0,Sales,No,Unmarried,1,"$140,000.00",2,1,Own,Foreign,"$35,200",22,No,No,AMEX,3,No,24,No,No,No,Yes,Yes,No,No,0,5,$9.80,$7.44,$0.00,$0.00,$0.00,$0.00,$9.80,0
2941-ZKRIUU-4G1,5,Female,27,18,2,Labor,No,Married,5,"$88,000.00",5,0,Own,Foreign,"$21,200",25,No,Yes,Visa,4,No,25,Yes,No,Yes,No,No,Yes,No,1,11,$30.40,$50.24,$125.60,$256.28,$0.00,$0.00,$156.00,0
2944-UOGCBI-E3T,3,Female,19,14,0,Sales,No,Married,3,"$66,000.00",0,1,Own,Foreign,"$19,900",23,No,Yes,AMEX,1,Yes,15,No,No,No,No,No,No,No,0,12,$59.40,$131.44,$0.00,$0.00,$0.00,$0.00,$59.40,0
2948-EZONZM-3BC,3,Female,37,10,6,Sales,No,Unmarried,1,"$86,000.00",0,0,NoCar,N/A,$0,13,Yes,Yes,Othe,6,No,24,No,No,No,No,Yes,No,Yes,1,12,$28.20,$71.40,$0.00,$0.00,$0.00,$0.00,$28.20,0
2948-XNJSMA-1VR,5,Male,25,20,0,Professional,No,Unmarried,1,"$54,000.00",1,0,Own,Domestic,"$14,200",34,No,No,Mast,1,Yes,28,Yes,Yes,No,Yes,Yes,No,No,0,1,$10.80,$2.16,$132.40,$26.48,$104.50,$25.08,$247.70,0
2952-JTVKHR-S7F,5,Female,22,11,1,Professional,No,Married,4,"$46,000.00",0,1,Own,Domestic,"$10,800",30,Yes,No,Visa,4,Yes,16,Yes,No,Yes,Yes,Yes,No,No,0,12,$12.00,$25.88,$171.80,$411.48,$0.00,$0.00,$183.80,0
2953-GMBCDJ-218,3,Female,37,13,5,Professional,No,Unmarried,3,"$48,000.00",0,0,Own,Domestic,"$13,100",20,No,No,AMEX,18,Yes,17,No,No,No,Yes,No,No,No,0,52,$31.40,$307.00,$0.00,$0.00,$0.00,$0.00,$31.40,0
2953-VVYPDC-1KL,5,Female,51,10,14,Professional,No,Married,2,"$146,000.00",12,1,Own,Foreign,"$27,900",24,Yes,Yes,Mast,7,No,23,No,No,No,Yes,No,No,No,0,21,$18.40,$77.40,$0.00,$0.00,$0.00,$0.00,$18.40,0
2955-WHQPEV-V10,2,Male,71,19,6,Professional,No,Unmarried,1,"$74,000.00",0,0,Own,Foreign,"$24,300",26,Yes,Yes,Disc,7,No,23,Yes,Yes,Yes,Yes,Yes,Yes,No,0,12,$37.80,$87.84,$167.20,$336.52,$138.50,$393.42,$343.50,1
2957-ETHHYR-BGZ,5,Male,20,15,0,Crafts,No,Married,4,"$54,000.00",4,1,Own,Domestic,"$16,500",19,Yes,Yes,Mast,2,Yes,23,Yes,No,No,No,No,No,No,0,24,$24.60,$134.72,$123.20,$540.60,$0.00,$0.00,$147.80,0
2959-FAGYWX-6XT,4,Male,32,18,1,Professional,No,Married,4,"$138,000.00",6,1,Own,Foreign,"$32,600",29,No,Yes,Disc,5,Yes,22,Yes,Yes,Yes,Yes,Yes,Yes,Yes,0,11,$12.80,$36.60,$199.20,$398.16,$189.75,$458.40,$401.75,1
2959-PMOTCQ-MAN,1,Female,71,14,4,Sales,Yes,Unmarried,1,"$18,000.00",16,0,Own,Foreign,"$4,500",29,No,No,Visa,30,Yes,0,No,No,No,Yes,No,No,Yes,0,70,$101.60,"$1,438.28",$0.00,$0.00,$0.00,$0.00,$101.60,0
2963-UGUAEW-YUS,4,Female,66,15,35,Agriculture,No,Unmarried,2,"$293,000.00",11,1,Own,Foreign,"$94,500",23,Yes,Yes,Visa,35,No,17,No,No,No,No,Yes,Yes,Yes,0,70,$85.80,"$1,211.36",$0.00,$0.00,$0.00,$0.00,$85.80,0
2965-THYCWH-KNQ,3,Female,43,16,5,Professional,No,Unmarried,1,"$178,000.00",0,0,Own,Domestic,"$32,400",24,No,Yes,Mast,20,No,26,Yes,Yes,Yes,Yes,Yes,Yes,No,1,43,$38.40,$346.40,$233.00,"$1,982.52",$251.00,"$2,427.48",$522.40,1
2967-MSSCPH-MT4,1,Female,69,12,34,Crafts,Yes,Married,2,"$66,000.00",0,1,NoCar,N/A,$0,29,No,No,Mast,23,No,17,Yes,No,No,Yes,Yes,No,Yes,0,58,$34.80,$423.44,$142.20,"$1,681.92",$0.00,$0.00,$177.00,0
2969-ODPCDX-5DC,2,Female,24,17,1,Labor,No,Unmarried,1,"$58,000.00",12,1,NoCar,N/A,$0,14,No,Yes,Disc,5,Yes,13,Yes,No,No,No,No,No,No,0,11,$15.80,$33.92,$78.60,$138.20,$0.00,$0.00,$94.40,0
2970-BNPXSY-HNF,1,Male,67,8,14,Service,Yes,Unmarried,1,"$22,000.00",0,1,Lease,Foreign,"$5,100",25,No,No,Visa,22,No,23,No,No,No,Yes,Yes,No,Yes,0,52,$58.00,$582.92,$0.00,$0.00,$0.00,$0.00,$58.00,0
2970-NSQOAU-DC4,1,Male,18,8,0,Sales,No,Married,5,"$26,000.00",1,1,Own,Domestic,"$7,600",24,Yes,Yes,Visa,1,Yes,14,No,No,No,No,No,No,No,0,9,$8.40,$19.64,$0.00,$0.00,$0.00,$0.00,$8.40,0
2974-AZXCIW-1XY,4,Female,29,16,1,Sales,No,Unmarried,2,"$86,000.00",9,1,NoCar,N/A,$0,29,No,Yes,Disc,11,Yes,14,No,No,Yes,Yes,Yes,No,Yes,0,36,$69.80,$500.36,$0.00,$0.00,$0.00,$0.00,$69.80,0
2975-LHBSWI-5KT,2,Female,26,12,2,Sales,No,Unmarried,1,"$60,000.00",7,0,NoCar,N/A,$0,25,No,Yes,Visa,8,Yes,22,Yes,No,No,No,No,No,Yes,0,30,$31.40,$187.68,$111.00,$646.60,$0.00,$0.00,$142.40,0
2976-AVCYVA-BQ2,2,Male,63,15,1,Sales,No,Married,3,"$44,000.00",6,1,Own,Domestic,"$9,100",25,No,No,Visa,28,No,15,No,No,No,Yes,Yes,No,Yes,0,52,$83.20,$781.36,$0.00,$0.00,$0.00,$0.00,$83.20,0
2976-TTQMQV-BAM,4,Female,65,12,22,Crafts,Yes,Unmarried,1,"$22,000.00",8,0,Own,Domestic,"$7,900",27,Yes,No,Mast,3,Yes,17,No,No,No,No,No,No,No,0,13,$18.60,$56.88,$0.00,$0.00,$0.00,$0.00,$18.60,0
2978-DVFGBI-RFJ,1,Female,43,17,6,Sales,No,Unmarried,1,"$90,000.00",0,0,Own,Domestic,"$22,100",21,No,No,Disc,19,No,17,Yes,Yes,Yes,Yes,Yes,Yes,No,0,54,$32.60,$374.08,$240.40,"$2,560.04",$269.25,"$3,270.42",$542.25,1
2979-LZXION-EKF,3,Male,24,16,0,Sales,No,Unmarried,1,"$20,000.00",8,1,Own,Domestic,"$5,500",14,No,No,Visa,4,Yes,0,No,No,No,No,No,No,No,0,8,$13.20,$21.40,$0.00,$0.00,$0.00,$0.00,$13.20,0
2981-FYZXBF-DM9,5,Male,22,17,0,Professional,No,Unmarried,1,"$64,000.00",0,1,Own,Foreign,"$14,500",30,No,No,Disc,3,No,20,Yes,Yes,Yes,Yes,Yes,No,No,0,3,$15.20,$9.76,$168.40,$68.00,$162.75,$96.18,$346.35,1
2985-UEDVPQ-UJX,1,Male,78,17,15,Sales,Yes,Married,2,"$18,000.00",5,1,Lease,Domestic,"$4,400",20,No,No,Visa,40,No,15,No,No,No,Yes,No,No,Yes,0,72,$88.20,"$1,255.24",$0.00,$0.00,$0.00,$0.00,$88.20,0
2987-WVITXQ-8ZF,3,Female,42,14,13,Service,No,Married,2,"$182,000.00",0,1,Own,Foreign,"$50,100",20,Yes,Yes,Disc,11,Yes,14,No,No,No,No,No,No,No,0,16,$22.20,$71.00,$0.00,$0.00,$0.00,$0.00,$22.20,0
2989-VXKRVE-HWL,1,Female,20,12,0,Service,No,Married,5,"$44,000.00",1,1,Own,Domestic,"$11,400",21,No,No,Visa,2,Yes,22,No,No,No,No,Yes,No,Yes,0,36,$19.80,$136.76,$0.00,$0.00,$0.00,$0.00,$19.80,0
2990-QBKGKM-BIR,1,Male,20,12,1,Crafts,No,Unmarried,1,"$42,000.00",3,1,Own,Domestic,"$9,600",18,Yes,No,Othe,2,Yes,22,No,No,No,No,No,No,No,0,9,$19.80,$45.32,$0.00,$0.00,$0.00,$0.00,$19.80,0
2991-VMJIUI-QQL,5,Female,38,10,6,Sales,No,Unmarried,1,"$50,000.00",1,0,Own,Foreign,"$9,700",24,Yes,No,Visa,12,No,23,No,Yes,Yes,Yes,Yes,No,No,0,30,$28.20,$194.80,$0.00,$0.00,$170.50,"$1,173.00",$198.70,0
2992-NSIFBO-UZX,2,Female,56,13,4,Sales,No,Unmarried,1,"$96,000.00",2,1,Lease,Domestic,"$25,400",25,No,No,Disc,19,Yes,19,No,No,No,No,No,No,No,0,43,$37.20,$330.48,$0.00,$0.00,$0.00,$0.00,$37.20,0
2995-CZZGTS-6LP,5,Male,36,11,9,Crafts,No,Unmarried,1,"$142,000.00",7,1,Own,Domestic,"$50,300",33,Yes,Yes,AMEX,18,No,17,No,No,No,No,No,No,Yes,0,68,$71.60,$894.12,$0.00,$0.00,$0.00,$0.00,$71.60,0
3000-DWUGGK-EXP,1,Female,56,14,8,Sales,No,Unmarried,1,"$158,000.00",6,1,NoCar,N/A,$0,21,No,No,Disc,17,Yes,19,No,No,No,Yes,Yes,No,No,0,23,$18.60,$108.16,$0.00,$0.00,$0.00,$0.00,$18.60,0
3010-KVHEBF-9GL,4,Female,38,18,1,Sales,No,Unmarried,2,"$98,000.00",2,1,Own,Foreign,"$26,800",25,No,No,AMEX,3,Yes,18,No,No,No,No,No,No,Yes,1,8,$9.60,$8.56,$0.00,$0.00,$0.00,$0.00,$9.60,0
3011-EPQMRZ-VPT,4,Male,19,14,0,Service,No,Unmarried,1,"$64,000.00",1,1,NoCar,N/A,$0,29,Yes,No,Mast,2,Yes,22,Yes,Yes,Yes,Yes,Yes,Yes,No,0,5,$13.60,$8.92,$138.40,$105.24,$99.25,$84.96,$251.25,0
3011-WRPHWB-F9V,3,Female,21,16,0,Professional,No,Unmarried,1,"$80,000.00",1,0,Own,Foreign,"$13,400",26,Yes,Yes,Disc,3,Yes,18,Yes,No,Yes,No,No,Yes,Yes,0,34,$27.80,$187.84,$138.40,$928.40,$0.00,$0.00,$166.20,0
3011-YSOAMU-FQ2,3,Male,55,17,18,Labor,No,Unmarried,1,"$101,000.00",2,1,Own,Domestic,"$64,300",20,No,No,Disc,36,No,17,Yes,Yes,No,No,No,Yes,Yes,1,70,$157.40,"$2,259.48",$139.80,"$1,949.96",$125.25,"$2,109.90",$422.45,1
3012-WLEFBR-R17,2,Male,59,10,34,Crafts,No,Unmarried,1,"$180,000.00",3,0,NoCar,N/A,$0,25,No,Yes,AMEX,28,No,12,No,No,No,No,No,No,No,0,57,$50.80,$558.32,$0.00,$0.00,$0.00,$0.00,$50.80,0
3013-JOQQGI-XSK,1,Male,61,11,30,Agriculture,Yes,Unmarried,1,"$26,000.00",12,0,Lease,Foreign,"$8,500",23,No,No,Mast,39,Yes,19,No,No,No,Yes,No,No,Yes,0,71,$265.40,"$3,857.76",$0.00,$0.00,$0.00,$0.00,$265.40,0
3017-MPTUVH-FFJ,1,Male,40,21,2,Sales,No,Married,2,"$62,000.00",0,0,Own,Domestic,"$13,700",34,No,Yes,AMEX,11,Yes,18,Yes,No,Yes,No,No,Yes,No,0,20,$21.00,$78.44,$160.00,$628.36,$0.00,$0.00,$181.00,0
3021-AJAZKZ-4GF,2,Female,63,18,10,Professional,No,Unmarried,1,"$82,000.00",0,1,Own,Foreign,"$27,200",33,Yes,No,Mast,25,No,9,No,No,No,Yes,No,No,No,0,55,$49.60,$552.12,$0.00,$0.00,$0.00,$0.00,$49.60,0
3021-BRYKZT-9EP,4,Female,41,14,8,Professional,No,Married,2,"$74,000.00",0,1,Own,Domestic,"$26,300",28,Yes,Yes,Disc,3,No,24,Yes,No,Yes,No,No,No,No,1,8,$13.20,$26.48,$100.00,$121.32,$0.00,$0.00,$113.20,0
3021-VWVAPW-MHM,4,Female,32,10,3,Sales,No,Married,2,"$94,000.00",3,1,Own,Foreign,"$24,000",17,No,Yes,Visa,9,No,24,No,No,No,No,No,No,No,0,18,$29.60,$103.36,$0.00,$0.00,$0.00,$0.00,$29.60,0
3022-QGLIBG-Y5M,3,Female,78,9,13,Sales,No,Unmarried,1,"$50,000.00",0,0,Lease,Domestic,"$10,700",16,No,No,Mast,29,Yes,14,No,No,No,No,No,No,Yes,0,52,$27.40,$281.36,$0.00,$0.00,$0.00,$0.00,$27.40,0
3027-WMALFT-24E,4,Female,51,13,19,Crafts,No,Married,2,"$168,000.00",0,1,Own,Foreign,"$40,600",15,No,No,Mast,10,No,26,Yes,Yes,Yes,Yes,Yes,Yes,No,0,18,$22.80,$90.48,$188.60,$622.36,$170.00,$712.98,$381.40,1
3033-CMSSLJ-7E4,5,Male,22,17,0,Sales,No,Unmarried,2,"$46,000.00",3,1,Own,Domestic,"$16,600",20,No,Yes,Mast,5,Yes,10,Yes,Yes,Yes,Yes,Yes,No,No,1,9,$15.40,$27.36,$177.20,$283.68,$217.00,$363.36,$409.60,1
3037-ZAKGGU-GUX,1,Female,45,12,2,Sales,No,Married,4,"$60,000.00",6,1,Lease,Domestic,"$15,200",16,No,No,Mast,9,Yes,18,No,No,No,No,No,No,Yes,1,18,$29.60,$88.04,$0.00,$0.00,$0.00,$0.00,$29.60,0
3039-KWGRLO-WVL,5,Female,37,17,9,Labor,No,Married,3,"$150,000.00",0,1,Own,Domestic,"$89,000",32,Yes,Yes,AMEX,12,Yes,19,Yes,No,No,No,No,No,No,0,30,$43.20,$280.84,$69.40,$435.44,$0.00,$0.00,$112.60,0
3041-CFQIHA-0PK,3,Female,68,8,8,Sales,Yes,Unmarried,1,"$36,000.00",2,0,Lease,Foreign,"$7,300",33,Yes,Yes,Mast,9,No,15,No,No,No,Yes,Yes,No,No,0,18,$21.00,$77.28,$0.00,$0.00,$0.00,$0.00,$21.00,0
3043-DFTURB-8SS,1,Female,46,16,5,Sales,No,Unmarried,1,"$66,000.00",1,1,Own,Foreign,"$14,500",21,Yes,Yes,Visa,7,No,30,No,Yes,No,Yes,Yes,No,No,0,13,$20.00,$38.92,$0.00,$0.00,$158.75,$463.62,$178.75,0
3043-YYQGJM-7LD,5,Male,59,15,3,Sales,No,Unmarried,1,"$44,000.00",9,0,Own,Foreign,"$11,500",25,No,Yes,Visa,10,No,23,Yes,No,No,No,No,Yes,No,1,13,$18.20,$51.16,$90.40,$230.04,$0.00,$0.00,$108.60,0
3045-RSWAPX-5QP,2,Female,18,13,0,Sales,No,Married,4,"$28,000.00",7,1,Own,Domestic,"$7,500",19,No,No,Disc,0,Yes,0,Yes,Yes,Yes,Yes,Yes,Yes,No,1,2,$12.60,$6.44,$172.80,$30.80,$171.25,$27.78,$356.65,1
3048-IRUJVP-I8H,5,Male,59,13,15,Professional,No,Married,3,"$78,000.00",3,1,Own,Foreign,"$17,900",28,No,No,Mast,39,No,21,No,No,No,No,Yes,No,Yes,0,72,$192.60,"$2,734.40",$0.00,$0.00,$0.00,$0.00,$192.60,0
3049-MYBYQV-SQO,2,Female,51,17,11,Professional,No,Unmarried,1,"$178,000.00",0,0,Own,Domestic,"$36,200",26,No,No,AMEX,11,No,16,No,No,No,Yes,Yes,No,No,0,34,$71.80,$514.48,$0.00,$0.00,$0.00,$0.00,$71.80,0
3053-MAOKNV-JG7,4,Male,71,10,44,Crafts,Yes,Unmarried,1,"$44,000.00",2,0,Lease,Domestic,"$10,900",32,No,No,Mast,38,Yes,19,No,No,No,Yes,Yes,No,Yes,0,72,$141.00,"$2,052.28",$0.00,$0.00,$0.00,$0.00,$141.00,0
3053-MFBQEQ-N4X,5,Male,28,18,0,Sales,No,Unmarried,2,"$50,000.00",4,1,Own,Domestic,"$14,300",31,No,No,Visa,7,No,21,Yes,No,No,No,No,Yes,Yes,0,13,$7.60,$19.32,$107.40,$242.68,$0.00,$0.00,$115.00,0
3055-SIVUGH-FJ5,1,Male,69,18,28,Labor,Yes,Married,2,"$103,000.00",0,0,Own,Foreign,"$54,200",34,No,No,Visa,22,No,14,No,No,No,Yes,Yes,No,Yes,0,56,$73.80,$761.96,$0.00,$0.00,$0.00,$0.00,$73.80,0
3055-ZFHSJB-OXJ,5,Female,58,11,25,Service,No,Unmarried,1,"$125,000.00",0,1,Own,Foreign,"$45,700",16,Yes,Yes,AMEX,38,No,28,No,No,No,No,No,No,Yes,1,69,$136.00,"$1,886.64",$0.00,$0.00,$0.00,$0.00,$136.00,0
3060-SWWVXP-R89,3,Female,46,11,4,Sales,No,Unmarried,2,"$90,000.00",4,0,Own,Domestic,"$24,700",38,No,Yes,Mast,28,Yes,26,No,No,No,Yes,Yes,No,Yes,0,70,$64.00,$930.76,$0.00,$0.00,$0.00,$0.00,$64.00,0
3061-ABWYMM-9I5,4,Female,34,15,8,Crafts,No,Unmarried,2,"$132,000.00",0,1,Own,Foreign,"$40,700",28,Yes,No,AMEX,16,Yes,20,Yes,No,Yes,Yes,Yes,No,Yes,0,61,$81.00,"$1,015.92",$164.60,"$2,018.76",$0.00,$0.00,$245.60,0
3061-BCDADT-UYR,5,Female,61,8,4,Sales,No,Married,2,"$54,000.00",1,0,Own,Foreign,"$13,600",25,No,Yes,Disc,33,No,24,No,No,No,No,No,No,Yes,0,64,$43.40,$546.12,$0.00,$0.00,$0.00,$0.00,$43.40,0
3061-EXBWSF-CAU,5,Female,59,13,17,Service,No,Unmarried,1,"$114,000.00",1,1,Own,Domestic,"$27,800",25,No,Yes,Mast,27,No,28,No,No,No,Yes,Yes,No,Yes,0,64,$68.60,$933.08,$0.00,$0.00,$0.00,$0.00,$68.60,0
3065-QLYUQA-N40,3,Male,60,18,11,Service,No,Married,2,"$101,000.00",1,1,Own,Foreign,"$44,500",17,No,Yes,AMEX,38,No,25,Yes,No,No,No,No,Yes,Yes,1,70,$79.80,"$1,111.88",$137.80,"$1,884.60",$0.00,$0.00,$217.60,0
3068-HAODCG-N6S,4,Male,53,15,26,Agriculture,No,Unmarried,1,"$196,000.00",0,1,Own,Domestic,"$88,200",23,No,Yes,Disc,16,No,17,Yes,No,Yes,Yes,Yes,Yes,Yes,0,44,$29.40,$238.88,$132.40,"$1,170.84",$0.00,$0.00,$161.80,0
3075-SHBJQE-7HO,1,Female,40,14,8,Professional,No,Unmarried,1,"$122,000.00",6,1,Own,Domestic,"$26,700",26,No,Yes,Mast,8,Yes,22,No,No,No,No,Yes,No,Yes,0,12,$30.60,$64.68,$0.00,$0.00,$0.00,$0.00,$30.60,0
3080-MPQSVQ-2RS,5,Female,44,15,8,Sales,No,Married,6,"$144,000.00",3,1,Own,Foreign,"$52,700",29,Yes,Yes,AMEX,14,Yes,24,No,Yes,Yes,Yes,No,Yes,Yes,1,39,$19.20,$137.20,$0.00,$0.00,$164.25,"$1,525.68",$183.45,0
3080-QAYCOV-QZT,5,Male,70,21,22,Service,Yes,Unmarried,1,"$28,000.00",9,1,Own,Domestic,"$7,600",25,No,No,AMEX,33,No,23,Yes,Yes,Yes,No,Yes,Yes,Yes,1,69,$96.00,"$1,335.76",$194.80,"$2,703.08",$302.00,"$5,130.66",$592.80,1
3081-UEBCUD-LUW,1,Female,68,13,13,Sales,Yes,Unmarried,1,"$20,000.00",0,0,Lease,Domestic,"$4,600",26,No,No,Disc,21,No,15,No,No,No,No,No,No,Yes,0,44,$61.20,$554.64,$0.00,$0.00,$0.00,$0.00,$61.20,0
3086-WRWJTT-HZR,3,Female,29,17,0,Sales,No,Unmarried,1,"$94,000.00",9,1,Own,Domestic,"$23,900",29,Yes,No,Disc,5,Yes,27,Yes,No,No,No,No,Yes,No,1,6,$16.80,$21.44,$110.80,$108.72,$0.00,$0.00,$127.60,0
3089-JEPOZU-08S,3,Female,43,16,13,Labor,No,Married,3,"$203,000.00",0,1,Own,Foreign,"$90,700",23,Yes,No,Visa,7,Yes,21,Yes,No,No,No,No,Yes,No,0,23,$34.80,$136.40,$129.20,$576.52,$0.00,$0.00,$164.00,0
3089-YPDOZJ-LRJ,4,Female,37,8,11,Professional,No,Married,5,"$104,000.00",1,1,Own,Foreign,"$29,200",25,Yes,No,Mast,12,No,19,No,No,No,Yes,Yes,No,No,0,25,$20.00,$107.12,$0.00,$0.00,$0.00,$0.00,$20.00,0
3091-BMFVLO-58H,4,Female,51,15,11,Labor,No,Unmarried,2,"$86,000.00",1,0,Lease,Domestic,"$24,300",28,Yes,No,Disc,34,Yes,22,No,No,No,No,No,No,Yes,1,64,$102.60,"$1,401.20",$0.00,$0.00,$0.00,$0.00,$102.60,0
3093-CQGCXA-9YA,2,Female,27,22,0,Crafts,No,Married,3,"$88,000.00",11,1,NoCar,N/A,$0,28,Yes,Yes,AMEX,9,Yes,18,Yes,No,Yes,No,No,Yes,Yes,0,35,$44.80,$328.04,$111.60,$781.16,$0.00,$0.00,$156.40,0
3098-CDGMJU-BJR,5,Male,48,9,20,Crafts,No,Married,3,"$112,000.00",1,1,Own,Domestic,"$30,200",31,No,No,Mast,30,No,29,No,No,No,Yes,Yes,No,Yes,0,69,$130.60,"$1,802.76",$0.00,$0.00,$0.00,$0.00,$130.60,0
3100-PRHVDU-8EW,5,Female,23,15,0,Sales,No,Married,2,"$58,000.00",5,1,Own,Foreign,"$11,500",31,Yes,No,Disc,5,Yes,15,Yes,No,No,No,No,Yes,Yes,1,21,$25.20,$94.80,$115.20,$444.56,$0.00,$0.00,$140.40,0
3103-RGSGKW-BUM,1,Male,54,12,20,Labor,No,Unmarried,1,"$135,000.00",5,0,NoCar,N/A,$0,25,No,No,Mast,34,No,21,Yes,Yes,No,Yes,Yes,No,Yes,0,66,$34.00,$502.60,$156.00,"$1,985.48",$244.75,"$3,692.22",$434.75,1
3105-HMVKHW-FW4,4,Male,53,19,6,Sales,No,Married,2,"$82,000.00",7,0,Own,Domestic,"$18,200",28,No,No,Mast,13,Yes,25,Yes,Yes,Yes,Yes,Yes,Yes,Yes,0,35,$35.40,$259.64,$182.40,"$1,276.60",$198.75,"$1,511.10",$416.55,1
3112-RYCBQD-YON,3,Male,65,14,32,Labor,No,Married,2,"$224,000.00",0,1,Own,Foreign,"$86,900",21,No,No,AMEX,40,Yes,20,No,No,No,No,Yes,No,Yes,1,72,$389.20,"$5,590.84",$0.00,$0.00,$0.00,$0.00,$389.20,1
3114-WDOBKR-OCP,4,Female,18,12,0,Crafts,No,Married,5,"$28,000.00",5,1,Own,Foreign,"$7,800",24,No,No,Visa,0,Yes,25,No,No,No,No,No,No,No,0,0,$25.00,#NULL!,$0.00,$0.00,$0.00,$0.00,$25.00,0
3115-ACYQUK-6SD,3,Male,41,17,5,Professional,No,Unmarried,1,"$112,000.00",2,0,Own,Foreign,"$17,500",15,No,No,Othe,14,No,31,Yes,No,No,No,Yes,Yes,No,0,33,$57.80,$345.80,$120.60,$777.56,$0.00,$0.00,$178.40,0
3115-GFMPEZ-6GZ,5,Male,48,17,8,Professional,No,Married,5,"$162,000.00",7,1,Own,Foreign,"$31,600",19,Yes,No,Disc,28,No,23,Yes,No,No,Yes,No,No,Yes,0,61,$107.20,"$1,332.80",$115.60,"$1,389.92",$0.00,$0.00,$222.80,0
3115-MKOQGP-9MK,2,Female,67,22,6,Sales,No,Married,5,"$126,000.00",4,1,Own,Foreign,"$49,100",30,Yes,Yes,Disc,34,Yes,31,Yes,No,No,No,Yes,No,Yes,0,65,$71.00,$880.28,$141.00,"$1,882.84",$0.00,$0.00,$212.00,0
3118-PMJNUS-Z7S,3,Female,32,16,1,Professional,No,Unmarried,4,"$124,000.00",3,0,Own,Domestic,"$36,400",22,No,Yes,Mast,5,Yes,18,No,No,No,No,No,No,Yes,0,18,$20.40,$58.32,$0.00,$0.00,$0.00,$0.00,$20.40,0
3119-MCSDET-L9F,5,Male,45,17,3,Sales,No,Married,2,"$190,000.00",10,1,Own,Foreign,"$85,100",31,No,No,AMEX,7,Yes,19,No,Yes,Yes,Yes,Yes,No,Yes,0,24,$12.60,$85.16,$0.00,$0.00,$114.50,$630.78,$127.10,0
3119-TNKOXG-00O,4,Male,37,12,4,Professional,No,Married,4,"$72,000.00",5,1,Own,Foreign,"$24,000",23,No,Yes,Disc,11,Yes,18,No,No,No,No,No,No,Yes,1,32,$34.20,$223.68,$0.00,$0.00,$0.00,$0.00,$34.20,0
3120-WKGJZA-3O5,5,Male,58,15,8,Professional,No,Married,2,"$150,000.00",0,1,Own,Domestic,"$34,300",30,No,No,AMEX,29,Yes,20,No,No,No,No,No,No,No,0,46,$54.80,$459.68,$0.00,$0.00,$0.00,$0.00,$54.80,0
3122-NPGVOK-DU7,5,Male,35,12,2,Professional,No,Married,4,"$48,000.00",1,0,Own,Foreign,"$14,300",30,No,No,AMEX,17,Yes,21,No,No,Yes,Yes,Yes,No,Yes,1,42,$47.20,$375.80,$0.00,$0.00,$0.00,$0.00,$47.20,0
3123-VKWJLL-2TU,2,Female,31,17,1,Sales,No,Married,5,"$50,000.00",1,0,NoCar,N/A,$0,27,Yes,Yes,Visa,13,Yes,15,Yes,Yes,Yes,Yes,Yes,No,No,1,33,$19.80,$130.00,$123.20,$703.60,$163.75,"$1,240.44",$306.75,1
3124-NRWYXM-H4V,4,Female,26,14,1,Sales,No,Unmarried,3,"$62,000.00",0,1,Lease,Domestic,"$12,400",34,No,No,Visa,9,Yes,22,No,No,No,No,No,No,No,0,17,$22.80,$84.24,$0.00,$0.00,$0.00,$0.00,$22.80,0
3129-DIQWPF-FQ7,2,Female,61,9,25,Crafts,No,Unmarried,1,"$172,000.00",0,0,Own,Domestic,"$48,000",34,Yes,No,Mast,26,No,23,No,No,No,No,No,No,Yes,0,41,$25.00,$238.20,$0.00,$0.00,$0.00,$0.00,$25.00,0
3131-SIHGNI-5OP,1,Male,44,14,17,Agriculture,No,Unmarried,4,"$82,000.00",1,1,Own,Domestic,"$23,700",19,Yes,Yes,Mast,17,No,21,No,No,Yes,Yes,Yes,No,No,0,37,$23.60,$143.28,$0.00,$0.00,$0.00,$0.00,$23.60,0
3139-CXXAJS-NUF,2,Female,36,6,13,Crafts,No,Married,7,"$58,000.00",0,1,Own,Foreign,"$14,500",19,No,Yes,Disc,17,No,21,No,No,No,No,No,No,Yes,0,40,$31.80,$223.32,$0.00,$0.00,$0.00,$0.00,$31.80,0
3145-QKIDVL-ZLL,2,Female,63,14,11,Professional,No,Unmarried,1,"$179,000.00",0,1,Own,Domestic,"$94,400",33,Yes,Yes,Disc,23,No,21,No,No,No,No,No,No,Yes,1,53,$51.40,$554.32,$0.00,$0.00,$0.00,$0.00,$51.40,0
3145-RJYXMU-9GP,1,Male,42,18,1,Professional,No,Unmarried,2,"$124,000.00",1,0,Own,Domestic,"$27,900",36,Yes,Yes,Disc,10,Yes,24,No,No,No,No,Yes,No,No,0,32,$26.80,$208.44,$0.00,$0.00,$0.00,$0.00,$26.80,0
3145-VNGWUY-ZQS,2,Male,64,16,10,Sales,No,Married,2,"$70,000.00",1,1,NoCar,N/A,$0,15,No,Yes,Visa,30,Yes,19,No,No,No,No,No,Yes,Yes,1,54,$53.20,$553.60,$0.00,$0.00,$0.00,$0.00,$53.20,0
3146-FGHMHR-DZP,5,Male,50,18,8,Sales,No,Married,2,"$103,000.00",0,0,Own,Foreign,"$46,900",22,Yes,No,Disc,32,No,23,No,No,No,No,No,No,Yes,0,70,$176.00,"$2,546.76",$0.00,$0.00,$0.00,$0.00,$176.00,0
3149-SOXJIB-AZ6,2,Male,65,13,9,Service,No,Unmarried,1,"$68,000.00",1,0,Own,Domestic,"$15,200",20,No,No,AMEX,17,Yes,23,No,No,No,Yes,No,No,No,0,36,$25.60,$193.40,$0.00,$0.00,$0.00,$0.00,$25.60,0
3150-TTLLQM-2FG,3,Female,64,15,6,Professional,No,Unmarried,1,"$92,000.00",0,1,Own,Domestic,"$18,900",17,Yes,No,AMEX,27,No,22,No,No,No,Yes,Yes,No,Yes,0,56,$65.20,$759.32,$0.00,$0.00,$0.00,$0.00,$65.20,0
3168-BWUHOD-52S,4,Male,19,14,0,Service,No,Married,6,"$28,000.00",2,1,Lease,Foreign,"$5,600",28,Yes,No,AMEX,1,Yes,15,No,Yes,Yes,Yes,Yes,No,No,0,13,$24.40,$66.56,$0.00,$0.00,$112.50,$290.34,$136.90,0
3168-QPQOXN-OJ9,1,Male,68,16,15,Sales,Yes,Unmarried,1,"$28,000.00",1,0,Lease,Foreign,"$8,200",25,No,Yes,Visa,28,No,27,No,No,No,Yes,No,No,Yes,0,42,$51.00,$418.64,$0.00,$0.00,$0.00,$0.00,$51.00,0
3168-XCWOBR-AAY,4,Male,77,18,37,Service,Yes,Married,2,"$172,000.00",1,0,Own,Domestic,"$48,400",32,No,No,Mast,40,No,16,Yes,Yes,Yes,Yes,Yes,Yes,Yes,0,72,$174.80,"$2,461.04",$201.20,"$2,951.00",$369.75,"$6,459.18",$745.75,1
3172-QNVQZR-4YI,4,Male,26,12,4,Professional,No,Married,6,"$56,000.00",4,1,NoCar,N/A,$0,32,No,Yes,Disc,8,No,16,No,No,No,No,No,No,Yes,0,29,$32.80,$213.52,$0.00,$0.00,$0.00,$0.00,$32.80,0
3174-AHTEYY-QJK,4,Female,69,10,8,Sales,No,Unmarried,1,"$82,000.00",0,0,Own,Domestic,"$16,300",27,Yes,Yes,Mast,15,No,16,No,No,Yes,Yes,Yes,No,Yes,1,38,$41.60,$311.16,$0.00,$0.00,$0.00,$0.00,$41.60,0
3180-EYJVZK-CIO,5,Male,54,12,19,Service,No,Married,2,"$152,000.00",1,0,Own,Foreign,"$44,200",29,Yes,Yes,Disc,30,No,18,No,No,No,No,No,No,Yes,0,56,$61.60,$748.68,$0.00,$0.00,$0.00,$0.00,$61.60,0
3180-TBQJKF-MPB,5,Male,29,16,2,Sales,No,Unmarried,2,"$50,000.00",2,0,Own,Domestic,"$9,200",24,No,No,Disc,10,Yes,17,No,Yes,Yes,Yes,Yes,Yes,Yes,0,26,$21.00,$110.20,$0.00,$0.00,$163.25,$931.74,$184.25,0
3189-LIDGND-RZ6,4,Male,51,17,19,Labor,No,Married,2,"$138,000.00",7,1,Own,Foreign,"$81,700",23,No,No,Disc,27,No,20,No,No,Yes,Yes,Yes,Yes,Yes,0,51,$43.80,$475.68,$0.00,$0.00,$0.00,$0.00,$43.80,0
3190-RUZRQZ-4NF,4,Male,30,19,3,Professional,No,Married,5,"$134,000.00",4,1,Own,Foreign,"$38,900",34,Yes,Yes,Disc,10,No,22,Yes,Yes,Yes,Yes,Yes,Yes,No,1,27,$30.80,$161.16,$176.00,$889.88,$182.75,"$1,099.20",$389.55,1
3191-JVKCZL-CSB,5,Female,77,15,47,Labor,Yes,Married,2,"$30,000.00",1,1,NoCar,N/A,$0,22,No,Yes,Visa,39,Yes,12,No,No,No,No,No,No,Yes,0,72,$314.80,"$4,432.36",$0.00,$0.00,$0.00,$0.00,$314.80,1
3192-STGTEL-D14,3,Female,26,21,0,Crafts,No,Unmarried,1,"$178,000.00",7,1,Own,Foreign,"$47,100",31,No,No,AMEX,3,No,22,Yes,Yes,Yes,Yes,Yes,Yes,No,0,11,$18.60,$32.48,$156.60,$299.84,$178.50,$426.90,$353.70,1
3194-PHOEGZ-C8S,1,Male,70,19,8,Professional,No,Unmarried,1,"$120,000.00",6,0,Own,Domestic,"$24,100",28,Yes,No,Mast,30,No,15,No,No,No,No,No,Yes,Yes,0,55,$50.20,$537.44,$0.00,$0.00,$0.00,$0.00,$50.20,0
3197-MIEMTJ-RT2,5,Male,24,17,0,Sales,No,Unmarried,2,"$48,000.00",3,1,Own,Domestic,"$13,900",21,Yes,Yes,Visa,5,No,25,Yes,Yes,Yes,Yes,Yes,No,Yes,0,20,$30.40,$117.48,$205.20,$851.44,$244.25,"$1,127.76",$479.85,1
3198-GUVUXE-PTD,1,Female,62,16,14,Professional,No,Married,2,"$148,000.00",2,1,Lease,Foreign,"$23,800",17,Yes,Yes,AMEX,39,No,16,Yes,Yes,Yes,No,Yes,Yes,Yes,1,70,$65.00,$866.56,$171.60,"$2,276.04",$263.25,"$4,293.24",$499.85,1
3198-MUUHTP-59E,2,Female,59,17,5,Sales,No,Unmarried,1,"$36,000.00",0,1,Own,Domestic,"$8,000",37,No,Yes,Mast,22,No,18,No,No,No,No,No,No,Yes,0,66,$96.80,"$1,332.64",$0.00,$0.00,$0.00,$0.00,$96.80,0
3199-QFDSWE-T2O,2,Female,71,7,35,Labor,No,Unmarried,1,"$194,000.00",2,1,Own,Domestic,"$31,900",18,Yes,No,Disc,27,No,20,No,No,No,No,No,No,Yes,0,66,$79.80,"$1,068.84",$0.00,$0.00,$0.00,$0.00,$79.80,0
3199-ZRRZLB-D7W,4,Female,42,18,3,Professional,No,Married,7,"$66,000.00",7,1,Own,Foreign,"$20,700",29,No,Yes,Mast,15,No,16,No,No,No,No,No,No,Yes,0,44,$40.00,$361.80,$0.00,$0.00,$0.00,$0.00,$40.00,0
3202-XQYQIU-GKM,1,Female,31,10,4,Professional,No,Unmarried,1,"$58,000.00",3,1,NoCar,N/A,$0,23,No,Yes,AMEX,13,Yes,21,Yes,Yes,No,Yes,Yes,Yes,No,0,27,$36.60,$225.52,$130.40,$641.12,$182.50,"$1,128.60",$349.50,1
3205-RLFANE-F8N,2,Male,25,12,4,Crafts,No,Unmarried,1,"$38,000.00",6,0,Own,Domestic,"$11,000",19,Yes,Yes,Visa,7,Yes,17,No,No,No,Yes,Yes,No,No,0,33,$38.40,$250.00,$0.00,$0.00,$0.00,$0.00,$38.40,0
3211-CRAXTL-L7G,4,Female,43,17,5,Professional,No,Unmarried,3,"$88,000.00",0,1,NoCar,N/A,$0,36,No,Yes,Visa,11,No,14,Yes,No,No,No,No,Yes,No,0,31,$29.00,$180.12,$121.40,$749.92,$0.00,$0.00,$150.40,0
3216-HYCWBS-R4X,5,Male,42,14,3,Sales,No,Married,3,"$68,000.00",2,1,Own,Foreign,"$11,900",29,No,Yes,Disc,4,Yes,18,No,Yes,No,Yes,Yes,No,Yes,0,10,$10.60,$13.44,$0.00,$0.00,$98.25,$231.06,$108.85,0
3216-SZEKOE-VJG,4,Male,62,18,17,Professional,No,Unmarried,1,"$130,000.00",0,0,NoCar,N/A,$0,21,No,No,Mast,30,Yes,17,No,No,Yes,No,Yes,No,Yes,0,60,$95.00,"$1,095.44",$0.00,$0.00,$0.00,$0.00,$95.00,0
3216-ZIRJDA-7EU,1,Male,55,11,7,Sales,No,Unmarried,2,"$52,000.00",9,0,Own,Domestic,"$19,500",24,No,Yes,Disc,17,No,27,No,No,No,No,No,No,No,0,44,$24.60,$241.60,$0.00,$0.00,$0.00,$0.00,$24.60,0
3219-ODPZKT-U6P,1,Male,22,12,0,Sales,No,Unmarried,1,"$32,000.00",8,0,Lease,Domestic,"$7,200",30,Yes,No,Othe,4,Yes,22,No,No,No,No,Yes,No,No,0,8,$9.60,$11.28,$0.00,$0.00,$0.00,$0.00,$9.60,0
3220-PQJLML-PG0,3,Male,35,19,6,Crafts,No,Married,2,"$120,000.00",5,1,Own,Domestic,"$29,800",24,No,Yes,Disc,13,No,18,Yes,Yes,Yes,No,No,Yes,No,1,24,$24.60,$119.32,$148.80,$666.00,$128.00,$729.24,$301.40,1
3230-SALZXW-RDT,3,Female,25,14,1,Professional,No,Unmarried,1,"$42,000.00",0,0,Own,Domestic,"$5,500",29,No,No,Mast,5,Yes,14,No,No,No,No,Yes,No,No,1,7,$17.80,$26.36,$0.00,$0.00,$0.00,$0.00,$17.80,0
3232-SAGNKW-09U,5,Female,40,12,17,Agriculture,No,Unmarried,1,"$142,000.00",7,1,Own,Domestic,"$32,000",17,No,No,Mast,15,Yes,17,Yes,Yes,Yes,Yes,Yes,Yes,Yes,1,20,$26.00,$111.84,$149.80,$558.88,$235.75,"$1,023.18",$411.55,1
3236-TRSCFR-D94,3,Male,68,13,31,Crafts,Yes,Married,3,"$86,000.00",7,0,NoCar,N/A,$0,24,No,No,Mast,35,Yes,30,No,No,No,No,No,No,Yes,1,70,$58.60,$828.84,$0.00,$0.00,$0.00,$0.00,$58.60,0
3237-FGSMQY-QZY,1,Female,60,17,13,Professional,No,Unmarried,1,"$52,000.00",0,1,Own,Domestic,"$11,600",25,No,No,Disc,29,No,12,Yes,No,Yes,Yes,Yes,No,Yes,0,56,$51.80,$537.68,$171.20,"$1,803.80",$0.00,$0.00,$223.00,0
3237-LZSIGA-9T3,2,Male,69,19,2,Sales,Yes,Married,2,"$18,000.00",11,0,Lease,Foreign,"$3,300",21,Yes,Yes,Disc,37,No,0,Yes,No,Yes,Yes,Yes,Yes,Yes,1,68,$84.00,"$1,132.16",$155.00,"$2,031.80",$0.00,$0.00,$239.00,0
3239-XNSRZG-HOV,1,Female,37,14,3,Sales,No,Unmarried,1,"$58,000.00",2,0,Own,Domestic,"$12,100",32,No,Yes,Visa,19,No,25,No,No,No,No,No,Yes,Yes,0,64,$62.60,$746.92,$0.00,$0.00,$0.00,$0.00,$62.60,0
3239-YTOCDY-213,4,Male,64,22,21,Labor,Yes,Married,2,"$56,000.00",1,1,Own,Domestic,"$13,100",28,Yes,Yes,Disc,34,Yes,19,Yes,No,Yes,No,Yes,Yes,No,0,68,$94.40,"$1,382.48",$157.80,"$2,139.40",$0.00,$0.00,$252.20,0
3240-UZRRYX-GRV,3,Male,64,20,20,Professional,No,Unmarried,1,"$193,000.00",2,1,Own,Foreign,"$79,800",19,No,No,AMEX,29,No,20,No,No,Yes,Yes,Yes,No,Yes,0,57,$83.60,$971.32,$0.00,$0.00,$0.00,$0.00,$83.60,0
3243-XMXUQF-TC4,5,Male,56,18,13,Service,No,Married,3,"$68,000.00",2,1,Own,Domestic,"$22,400",24,No,Yes,AMEX,27,No,18,No,No,No,No,No,No,Yes,1,55,$27.00,$316.96,$0.00,$0.00,$0.00,$0.00,$27.00,0
3248-BOHSKN-12L,2,Male,53,16,9,Sales,No,Married,3,"$106,000.00",0,0,Lease,Domestic,"$33,700",26,No,No,AMEX,14,Yes,11,Yes,Yes,Yes,Yes,Yes,Yes,No,0,30,$34.00,$208.24,$253.00,"$1,450.52",$501.50,"$3,470.94",$788.50,1
3250-QXGMRB-D1W,2,Female,26,17,0,Sales,No,Married,5,"$36,000.00",8,1,Own,Foreign,"$8,800",32,No,Yes,Disc,6,Yes,25,Yes,Yes,Yes,Yes,Yes,No,No,0,20,$45.60,$156.80,$127.20,$493.72,$127.75,$577.32,$300.55,1
3253-BBWSOT-ZIX,4,Male,40,16,2,Sales,No,Unmarried,1,"$66,000.00",0,0,Lease,Domestic,"$16,100",34,No,Yes,Visa,22,Yes,17,No,No,No,Yes,No,Yes,Yes,0,60,$89.60,"$1,128.52",$0.00,$0.00,$0.00,$0.00,$89.60,0
3253-CXDDUO-5DR,3,Female,58,12,21,Service,No,Married,2,"$117,000.00",0,1,Own,Foreign,"$37,700",28,Yes,Yes,AMEX,31,No,19,No,No,No,Yes,Yes,No,Yes,1,65,$24.60,$300.84,$0.00,$0.00,$0.00,$0.00,$24.60,0
3253-UJNZYQ-DCN,1,Female,69,16,6,Sales,Yes,Unmarried,1,"$32,000.00",9,1,Lease,Domestic,"$6,800",22,Yes,Yes,Mast,21,Yes,22,Yes,Yes,Yes,Yes,No,Yes,Yes,0,56,$40.00,$497.16,$186.40,"$2,080.76",$156.25,"$1,993.62",$382.65,1
3255-AGSHEO-6YB,3,Male,76,12,28,Service,Yes,Unmarried,1,"$24,000.00",1,1,Lease,Foreign,"$5,400",30,No,Yes,Mast,36,No,18,No,No,No,No,No,No,Yes,1,64,$103.40,"$1,299.60",$0.00,$0.00,$0.00,$0.00,$103.40,0
3256-FBSDIA-Y25,5,Male,51,15,12,Agriculture,No,Married,3,"$144,000.00",0,0,Own,Foreign,"$27,200",22,No,No,AMEX,24,No,18,No,No,No,No,No,No,Yes,1,54,$63.60,$732.76,$0.00,$0.00,$0.00,$0.00,$63.60,0
3257-WEGDDM-4L1,5,Female,30,15,3,Professional,No,Unmarried,1,"$164,000.00",10,1,Own,Foreign,"$38,500",36,Yes,Yes,Disc,6,No,27,Yes,Yes,Yes,Yes,Yes,Yes,No,0,5,$11.80,$5.56,$152.80,$126.60,$139.75,$119.52,$304.35,1
3258-KAPVLU-75B,3,Male,19,13,0,Agriculture,No,Unmarried,1,"$44,000.00",3,0,Own,Domestic,"$7,300",31,No,No,Mast,2,Yes,19,No,No,No,Yes,Yes,No,No,1,17,$13.20,$48.68,$0.00,$0.00,$0.00,$0.00,$13.20,0
3263-UGTXWO-MNM,1,Female,49,14,5,Service,No,Married,2,"$106,000.00",3,0,Own,Foreign,"$21,500",20,No,Yes,Disc,9,No,22,No,No,No,No,Yes,No,No,0,14,$22.20,$57.84,$0.00,$0.00,$0.00,$0.00,$22.20,0
3270-ELCLVJ-0GK,1,Female,64,19,22,Labor,No,Married,2,"$158,000.00",5,1,Own,Foreign,"$90,600",30,No,No,Mast,29,No,24,Yes,Yes,Yes,Yes,Yes,Yes,No,0,62,$40.40,$503.08,$235.80,"$2,881.44",$291.00,"$4,274.82",$567.20,1
3270-HPJOCR-6AQ,1,Female,72,19,10,Service,No,Unmarried,1,"$50,000.00",3,0,Lease,Domestic,"$9,200",25,No,Yes,Visa,2,Yes,24,Yes,Yes,No,No,Yes,Yes,No,0,4,$18.00,$8.80,$127.80,$72.44,$85.00,$66.90,$230.80,0
3270-QSARFQ-UMS,2,Male,59,15,7,Sales,No,Unmarried,1,"$64,000.00",0,1,Lease,Domestic,"$17,700",28,No,Yes,Visa,20,Yes,20,No,No,No,Yes,Yes,No,No,1,50,$74.40,$785.84,$0.00,$0.00,$0.00,$0.00,$74.40,0
3273-MMDMDO-Y7P,4,Male,62,11,5,Sales,No,Unmarried,1,"$64,000.00",5,1,Own,Foreign,"$14,100",23,No,Yes,Visa,32,No,24,No,No,No,Yes,Yes,Yes,No,1,63,$91.00,"$1,169.28",$0.00,$0.00,$0.00,$0.00,$91.00,0
3273-TYTELD-2LT,5,Female,43,15,6,Sales,No,Married,2,"$68,000.00",6,1,Own,Domestic,"$17,500",23,Yes,No,Visa,10,No,18,No,No,No,Yes,No,No,No,0,32,$27.00,$204.24,$0.00,$0.00,$0.00,$0.00,$27.00,0
3273-WCNIZU-VUO,5,Male,79,14,2,Sales,Yes,Married,2,"$26,000.00",0,1,Lease,Domestic,"$4,600",30,Yes,No,AMEX,28,No,21,No,No,No,No,No,No,Yes,0,60,$124.40,"$1,415.60",$0.00,$0.00,$0.00,$0.00,$124.40,0
3273-ZWQAKA-NK6,3,Male,18,13,0,Sales,No,Unmarried,1,"$32,000.00",0,1,Own,Domestic,"$6,900",27,Yes,No,Visa,1,Yes,16,No,No,No,Yes,Yes,No,No,0,4,$5.00,$4.20,$0.00,$0.00,$0.00,$0.00,$5.00,0
3275-AZRNCL-321,5,Male,50,10,16,Professional,No,Unmarried,1,"$133,000.00",1,0,Own,Domestic,"$48,500",27,No,No,Visa,8,No,24,No,No,No,Yes,Yes,No,No,0,21,$14.40,$53.24,$0.00,$0.00,$0.00,$0.00,$14.40,0
3276-MIUUEW-M8V,4,Female,28,12,1,Sales,No,Married,4,"$48,000.00",7,1,Own,Foreign,"$9,000",30,No,No,Visa,5,Yes,22,No,No,No,Yes,Yes,No,No,0,31,$26.40,$147.80,$0.00,$0.00,$0.00,$0.00,$26.40,0
3277-CXQSSL-F9H,4,Male,46,17,6,Sales,No,Unmarried,2,"$130,000.00",7,1,Own,Domestic,"$38,400",25,Yes,Yes,Mast,15,Yes,19,No,No,No,No,No,Yes,No,0,36,$11.40,$90.20,$0.00,$0.00,$0.00,$0.00,$11.40,0
3278-BJQSLL-CUE,5,Male,55,18,12,Crafts,No,Unmarried,1,"$112,000.00",4,0,Own,Domestic,"$65,500",22,No,Yes,Mast,15,Yes,18,No,Yes,Yes,Yes,Yes,No,No,0,20,$17.80,$85.32,$0.00,$0.00,$155.00,$711.48,$172.80,0
3279-UIFXHV-NMT,3,Male,50,15,4,Sales,No,Married,4,"$68,000.00",4,0,Lease,Foreign,"$12,500",17,No,No,Visa,26,Yes,18,No,No,No,Yes,Yes,No,No,0,57,$64.20,$694.56,$0.00,$0.00,$0.00,$0.00,$64.20,0
3280-AVNIIW-BP1,1,Male,29,18,2,Service,No,Married,3,"$118,000.00",0,1,Own,Domestic,"$29,000",17,No,Yes,AMEX,10,Yes,30,Yes,Yes,Yes,Yes,Yes,Yes,No,0,24,$20.00,$99.96,$259.60,"$1,186.36",$218.50,"$1,200.90",$498.10,1
3280-RLJPCC-KSZ,1,Male,74,10,10,Sales,No,Unmarried,1,"$72,000.00",4,1,Own,Domestic,"$20,600",26,No,No,Mast,28,No,21,No,No,No,No,Yes,No,No,1,44,$51.40,$410.28,$0.00,$0.00,$0.00,$0.00,$51.40,0
3281-LEIHNN-WXT,1,Female,77,14,13,Sales,Yes,Unmarried,1,"$20,000.00",0,0,Lease,Domestic,"$5,500",19,Yes,Yes,Visa,37,No,22,Yes,Yes,Yes,No,No,Yes,Yes,0,68,$84.00,"$1,198.36",$114.20,"$1,444.12",$128.00,"$2,128.50",$326.20,1
3282-RFORQB-5Z6,1,Male,30,17,2,Professional,No,Unmarried,4,"$60,000.00",5,1,Own,Foreign,"$19,900",31,No,No,AMEX,4,Yes,27,No,No,No,No,No,No,Yes,0,20,$19.60,$85.56,$0.00,$0.00,$0.00,$0.00,$19.60,0
3283-RADVTY-AS8,3,Male,79,14,21,Professional,Yes,Unmarried,1,"$24,000.00",0,1,NoCar,N/A,$0,24,Yes,No,Disc,38,Yes,17,No,No,No,No,No,No,Yes,0,70,$93.00,"$1,329.12",$0.00,$0.00,$0.00,$0.00,$93.00,0
3284-UVIPBC-CIW,1,Male,21,12,0,Professional,No,Married,4,"$48,000.00",3,1,Own,Domestic,"$18,100",16,Yes,No,AMEX,3,Yes,11,Yes,No,Yes,No,Yes,Yes,No,0,5,$12.40,$14.88,$97.20,$90.32,$0.00,$0.00,$109.60,0
3287-DHSBON-KU9,1,Male,18,13,0,Professional,No,Married,3,"$56,000.00",3,1,Own,Domestic,"$12,800",21,No,No,Disc,1,Yes,25,No,No,No,Yes,Yes,No,No,1,1,$3.80,$0.76,$0.00,$0.00,$0.00,$0.00,$3.80,0
3287-HQRGMC-XHI,4,Male,50,12,7,Professional,No,Married,3,"$52,000.00",6,0,NoCar,N/A,$0,24,Yes,No,AMEX,20,No,30,Yes,Yes,No,Yes,Yes,Yes,Yes,0,44,$51.40,$454.12,$153.60,"$1,242.40",$170.75,"$1,647.42",$375.75,1
3288-JRIYDH-T8V,5,Female,75,12,27,Crafts,Yes,Unmarried,1,"$42,000.00",3,0,NoCar,N/A,$0,28,No,No,Mast,37,Yes,15,No,No,No,Yes,No,No,Yes,1,72,$128.60,"$1,843.44",$0.00,$0.00,$0.00,$0.00,$128.60,0
3288-JVGWKD-YGB,5,Male,20,11,0,Professional,No,Married,4,"$38,000.00",0,0,Own,Domestic,"$10,400",28,No,No,Disc,2,Yes,18,Yes,No,No,No,No,No,Yes,0,31,$29.40,$173.04,$128.20,$766.60,$0.00,$0.00,$157.60,0
3289-XJNMAU-7HT,5,Male,32,22,3,Labor,No,Married,3,"$42,000.00",0,0,Lease,Domestic,"$9,200",18,No,No,AMEX,14,No,18,Yes,Yes,No,No,No,Yes,Yes,0,66,$53.40,$729.36,$149.00,"$1,824.32",$188.00,"$2,895.90",$390.40,1
3290-MOLWFO-TWR,4,Female,79,11,2,Sales,Yes,Married,2,"$20,000.00",2,0,Own,Foreign,"$3,400",15,No,No,Mast,10,Yes,20,No,No,No,No,No,No,No,0,31,$24.80,$160.92,$0.00,$0.00,$0.00,$0.00,$24.80,0
3292-NHKPUC-JVO,5,Male,79,10,35,Labor,Yes,Married,2,"$22,000.00",2,0,Lease,Foreign,"$4,700",24,No,No,Mast,38,No,21,No,No,No,Yes,Yes,No,Yes,0,70,$113.80,"$1,456.04",$0.00,$0.00,$0.00,$0.00,$113.80,0
3292-RFWSBY-H6M,2,Male,56,12,24,Labor,No,Unmarried,2,"$162,000.00",1,0,Own,Foreign,"$28,500",19,No,Yes,AMEX,35,No,15,No,No,No,No,No,Yes,Yes,0,67,$78.40,"$1,031.80",$0.00,$0.00,$0.00,$0.00,$78.40,0
3294-ANQASB-WNC,2,Female,39,12,10,Labor,No,Married,2,"$86,000.00",5,0,Lease,Foreign,"$15,700",26,Yes,No,Mast,17,Yes,22,No,No,No,No,No,No,Yes,0,50,$24.00,$241.60,$0.00,$0.00,$0.00,$0.00,$24.00,0
3296-BHBGTB-IGY,1,Male,57,16,20,Service,No,Unmarried,1,"$124,000.00",0,1,Own,Foreign,"$62,700",21,No,No,Disc,39,Yes,21,Yes,Yes,Yes,Yes,Yes,No,Yes,0,72,$73.40,"$1,012.96",$227.80,"$3,212.00",$341.00,"$5,556.30",$642.20,1
3300-SCKHBH-UBF,2,Male,23,12,3,Labor,No,Unmarried,1,"$56,000.00",7,0,NoCar,N/A,$0,30,No,No,AMEX,6,No,23,No,Yes,Yes,Yes,Yes,No,No,0,10,$28.60,$58.24,$0.00,$0.00,$162.00,$309.72,$190.60,0
3301-QNFJQS-QOS,3,Female,20,14,0,Sales,No,Unmarried,1,"$34,000.00",3,0,Own,Domestic,"$8,400",24,Yes,Yes,Visa,3,Yes,26,No,No,No,No,No,No,No,0,7,$21.40,$42.04,$0.00,$0.00,$0.00,$0.00,$21.40,0
3303-GJYFBQ-K1T,5,Male,66,9,33,Labor,Yes,Unmarried,1,"$176,000.00",2,1,Own,Foreign,"$47,800",27,Yes,Yes,Visa,37,Yes,20,No,No,No,No,Yes,No,Yes,1,69,$108.60,"$1,499.48",$0.00,$0.00,$0.00,$0.00,$108.60,0
3305-BQDJND-MXY,5,Female,37,13,4,Professional,No,Married,2,"$74,000.00",2,1,Own,Domestic,"$16,800",29,No,Yes,Mast,19,Yes,11,No,No,No,Yes,Yes,No,No,0,53,$118.80,"$1,221.32",$0.00,$0.00,$0.00,$0.00,$118.80,0
3305-VHRSBF-STX,2,Female,35,17,5,Labor,No,Unmarried,1,"$50,000.00",1,1,Lease,Foreign,"$13,900",25,Yes,No,Visa,13,No,22,Yes,Yes,No,No,No,Yes,No,0,18,$26.60,$101.24,$120.20,$417.96,$116.00,$467.70,$262.80,0
3306-UHHKNU-YD7,2,Female,70,15,31,Labor,Yes,Unmarried,1,"$32,000.00",2,1,Lease,Foreign,"$9,300",22,No,No,Disc,39,No,25,No,No,No,No,No,Yes,Yes,0,71,$151.00,"$2,081.04",$0.00,$0.00,$0.00,$0.00,$151.00,0
3313-URDBEG-UVD,3,Female,31,14,1,Sales,No,Married,2,"$36,000.00",1,1,Lease,Domestic,"$13,700",20,No,No,Visa,1,Yes,21,Yes,Yes,Yes,Yes,No,Yes,No,0,2,$9.20,$2.64,$150.40,$33.24,$119.00,$25.86,$278.60,1
3317-TIXDZH-Y89,5,Female,41,11,14,Service,No,Married,2,"$110,000.00",1,1,Own,Foreign,"$34,100",22,Yes,Yes,AMEX,13,No,19,No,No,No,No,No,No,Yes,0,35,$44.20,$281.56,$0.00,$0.00,$0.00,$0.00,$44.20,0
3319-BOOXCD-PSQ,5,Female,65,18,17,Professional,No,Married,2,"$132,000.00",0,1,Own,Foreign,"$31,500",36,No,Yes,Disc,25,No,21,No,No,No,No,Yes,No,Yes,0,65,$90.00,"$1,117.72",$0.00,$0.00,$0.00,$0.00,$90.00,0
3319-VOHKDQ-M54,3,Female,29,17,2,Professional,No,Unmarried,1,"$50,000.00",4,0,Own,Foreign,"$8,300",32,No,Yes,AMEX,4,No,18,No,Yes,Yes,Yes,Yes,Yes,No,0,12,$14.60,$41.16,$0.00,$0.00,$95.50,$237.06,$110.10,0
3319-YDSBGY-41V,2,Female,62,13,30,Service,No,Unmarried,1,"$182,000.00",8,1,Own,Foreign,"$91,100",33,No,No,Othe,39,No,18,No,No,No,Yes,Yes,No,Yes,0,71,$90.80,"$1,339.36",$0.00,$0.00,$0.00,$0.00,$90.80,0
3321-IJNSUK-PB4,4,Male,18,12,0,Labor,No,Unmarried,3,"$34,000.00",1,1,Own,Foreign,"$10,300",22,Yes,No,Mast,0,No,14,No,No,No,No,No,No,Yes,0,8,$14.60,$23.76,$0.00,$0.00,$0.00,$0.00,$14.60,0
3324-QPKGNA-59G,1,Male,34,13,7,Professional,No,Unmarried,4,"$90,000.00",8,1,Own,Foreign,"$15,600",22,Yes,No,Disc,9,Yes,13,No,No,No,No,Yes,No,No,0,16,$20.80,$64.08,$0.00,$0.00,$0.00,$0.00,$20.80,0
3328-JFBBON-Q61,3,Male,41,19,3,Professional,No,Unmarried,2,"$190,000.00",3,1,Own,Foreign,"$49,500",18,Yes,Yes,Disc,1,Yes,16,Yes,No,No,No,Yes,No,No,0,1,$3.60,$0.72,$75.60,$15.12,$0.00,$0.00,$79.20,0
3329-MXEOQW-DTA,1,Male,44,11,8,Sales,No,Married,2,"$68,000.00",2,1,Own,Foreign,"$22,700",24,Yes,Yes,Mast,25,Yes,18,No,No,No,No,No,No,No,1,52,$37.00,$368.96,$0.00,$0.00,$0.00,$0.00,$37.00,0
3329-WIPXLY-SZA,5,Male,41,13,8,Service,No,Unmarried,1,"$74,000.00",0,0,Own,Foreign,"$11,400",18,Yes,No,Mast,23,Yes,12,Yes,Yes,Yes,Yes,Yes,No,No,0,57,$29.40,$334.04,$186.40,"$2,011.20",$235.75,"$3,148.68",$451.55,1
3330-YCHJNM-YA1,1,Female,67,19,3,Sales,No,Unmarried,1,"$102,000.00",0,1,Own,Foreign,"$33,200",23,No,No,Visa,30,No,15,Yes,Yes,Yes,Yes,No,Yes,Yes,0,62,$104.40,"$1,296.40",$221.60,"$2,807.68",$220.00,"$3,268.80",$546.00,1
3335-MFSNGA-J31,1,Female,70,11,29,Service,No,Unmarried,1,"$224,000.00",2,1,NoCar,N/A,$0,19,Yes,No,AMEX,37,Yes,16,No,No,Yes,Yes,Yes,No,Yes,0,71,$115.20,"$1,639.56",$0.00,$0.00,$0.00,$0.00,$115.20,0
3336-GWGJMD-J4Z,1,Male,45,12,10,Professional,No,Unmarried,1,"$78,000.00",0,1,Own,Domestic,"$18,100",36,Yes,No,Visa,13,Yes,17,No,No,No,No,No,No,No,1,16,$20.60,$59.12,$0.00,$0.00,$0.00,$0.00,$20.60,0
3336-RNDAKP-57A,4,Male,55,20,13,Professional,No,Unmarried,1,"$60,000.00",0,0,Own,Foreign,"$11,400",28,Yes,Yes,Visa,24,No,28,Yes,Yes,Yes,Yes,Yes,Yes,Yes,0,55,$70.00,$716.52,$210.40,"$2,311.28",$268.50,"$3,507.48",$548.90,1
3337-XMBNGV-1YI,3,Male,45,10,3,Sales,No,Married,4,"$56,000.00",2,1,Own,Foreign,"$16,800",30,No,No,Mast,21,Yes,19,No,No,Yes,No,Yes,No,Yes,0,35,$43.60,$268.32,$0.00,$0.00,$0.00,$0.00,$43.60,0
3344-GVIPWZ-BTV,5,Male,29,17,2,Professional,No,Unmarried,1,"$134,000.00",2,0,Own,Foreign,"$30,000",22,Yes,No,AMEX,2,No,18,Yes,No,No,No,No,Yes,No,1,6,$13.20,$12.64,$95.80,$90.60,$0.00,$0.00,$109.00,0
3344-QSBKTM-ITP,4,Female,51,12,7,Professional,No,Married,4,"$168,000.00",2,1,Lease,Domestic,"$50,800",22,Yes,No,Disc,30,Yes,22,No,No,No,Yes,Yes,No,Yes,0,52,$31.00,$305.96,$0.00,$0.00,$0.00,$0.00,$31.00,0
3345-ECUNPH-BRC,3,Male,56,11,2,Professional,No,Unmarried,1,"$70,000.00",2,1,Own,Foreign,"$19,800",25,No,No,Mast,9,No,21,No,No,No,No,No,No,No,0,14,$8.80,$26.44,$0.00,$0.00,$0.00,$0.00,$8.80,0
3348-VWOBBR-QDR,3,Female,18,13,0,Professional,No,Unmarried,1,"$40,000.00",1,1,Own,Domestic,"$10,400",21,No,No,Mast,0,Yes,20,No,No,No,No,No,No,No,1,2,$21.00,$8.44,$0.00,$0.00,$0.00,$0.00,$21.00,0
3354-UMLLON-FEB,1,Female,65,20,12,Professional,No,Married,2,"$143,000.00",2,0,Own,Foreign,"$68,600",22,Yes,Yes,Disc,38,Yes,21,Yes,No,No,No,No,Yes,Yes,0,71,$146.60,"$2,013.00",$131.20,"$1,918.92",$0.00,$0.00,$277.80,1
3354-WCLEQU-U7X,4,Female,32,21,3,Service,No,Married,2,"$128,000.00",2,0,NoCar,N/A,$0,20,Yes,Yes,Disc,13,No,21,Yes,Yes,Yes,No,No,Yes,No,0,35,$32.40,$229.84,$180.20,"$1,189.48",$151.75,"$1,347.90",$364.35,1
3358-WRRDFD-RVJ,2,Female,46,10,21,Agriculture,No,Unmarried,1,"$108,000.00",0,1,Own,Domestic,"$21,900",28,Yes,Yes,Mast,22,Yes,18,No,No,No,No,No,No,No,0,50,$31.80,$338.96,$0.00,$0.00,$0.00,$0.00,$31.80,0
3361-ANDCSP-T9V,2,Male,60,16,6,Professional,No,Married,2,"$144,000.00",0,0,Own,Foreign,"$37,000",21,No,No,Mast,28,No,26,No,Yes,Yes,Yes,Yes,Yes,No,0,54,$43.20,$484.92,$0.00,$0.00,$358.75,"$4,488.60",$401.95,1
3361-HGNAUM-YPZ,4,Female,42,17,0,Sales,No,Married,5,"$62,000.00",5,1,Own,Foreign,"$12,900",25,Yes,No,AMEX,24,No,20,Yes,No,Yes,No,No,No,Yes,0,61,$89.40,"$1,114.60",$127.40,"$1,535.04",$0.00,$0.00,$216.80,0
3361-TCBJGB-S5V,4,Male,46,17,5,Professional,No,Unmarried,1,"$194,000.00",7,1,Own,Foreign,"$44,300",22,No,No,Disc,16,Yes,20,No,No,Yes,No,No,No,No,1,45,$54.00,$513.28,$0.00,$0.00,$0.00,$0.00,$54.00,0
3362-VEKFFP-MQZ,1,Male,48,16,6,Sales,No,Married,2,"$50,000.00",0,0,Own,Domestic,"$13,100",21,No,No,Mast,26,Yes,20,Yes,No,No,No,No,Yes,Yes,0,57,$42.20,$486.48,$115.80,"$1,265.36",$0.00,$0.00,$158.00,0
3363-NRUUKP-LI9,2,Male,40,15,8,Professional,No,Married,4,"$88,000.00",10,1,Own,Domestic,"$22,500",16,No,No,AMEX,23,Yes,23,Yes,Yes,Yes,Yes,Yes,Yes,No,1,50,$57.20,$585.84,$216.80,"$2,088.92",$255.25,"$2,974.38",$529.25,1
3363-PGGDEU-K45,4,Male,70,13,4,Sales,No,Married,4,"$68,000.00",2,0,Lease,Domestic,"$12,000",26,No,No,Disc,39,No,25,Yes,No,No,No,No,Yes,No,0,72,$211.20,"$3,033.60",$146.20,"$2,165.96",$0.00,$0.00,$357.40,1
3366-MTYGBQ-8WK,2,Female,32,13,7,Professional,No,Unmarried,1,"$100,000.00",1,1,Own,Domestic,"$27,700",27,Yes,Yes,Othe,6,Yes,25,Yes,No,No,No,No,No,No,0,14,$19.60,$46.08,$115.00,$288.48,$0.00,$0.00,$134.60,0
3366-QITOVT-91D,5,Male,23,12,1,Professional,No,Unmarried,2,"$40,000.00",7,0,Own,Foreign,"$9,300",25,No,No,Disc,4,Yes,31,No,No,No,No,Yes,No,No,0,9,$25.20,$40.36,$0.00,$0.00,$0.00,$0.00,$25.20,0
3368-OZTRCS-7YE,2,Female,36,16,5,Professional,No,Married,2,"$162,000.00",0,1,Own,Domestic,"$57,900",23,Yes,Yes,AMEX,18,No,13,No,No,No,Yes,No,No,Yes,0,49,$34.00,$337.72,$0.00,$0.00,$0.00,$0.00,$34.00,0
3368-ZCWPCN-HA0,1,Female,70,19,27,Labor,Yes,Unmarried,1,"$20,000.00",3,0,Lease,Foreign,"$2,700",21,Yes,Yes,Disc,39,No,23,No,No,No,No,Yes,No,Yes,0,72,$77.00,"$1,084.88",$0.00,$0.00,$0.00,$0.00,$77.00,0
3378-BNCDQV-BD4,5,Female,74,12,18,Professional,Yes,Married,2,"$44,000.00",6,0,Lease,Foreign,"$14,000",28,Yes,No,Mast,29,No,20,No,No,No,Yes,Yes,No,No,1,58,$58.80,$703.12,$0.00,$0.00,$0.00,$0.00,$58.80,0
3379-HLYXDK-LN7,5,Male,52,16,13,Service,No,Unmarried,1,"$120,000.00",0,0,Own,Foreign,"$33,400",22,No,Yes,Disc,23,No,13,No,No,No,No,No,Yes,No,0,46,$52.60,$538.28,$0.00,$0.00,$0.00,$0.00,$52.60,0
3385-SXGCON-MA7,3,Male,50,20,4,Sales,No,Married,2,"$100,000.00",0,0,NoCar,N/A,$0,19,No,No,Disc,22,No,19,Yes,Yes,Yes,Yes,Yes,Yes,Yes,0,50,$40.80,$454.28,$357.40,"$3,416.20",$488.25,"$6,027.54",$886.45,1
3385-TQXPQZ-97K,3,Male,24,15,1,Service,No,Unmarried,3,"$122,000.00",3,1,Own,Domestic,"$23,000",21,No,No,Disc,3,Yes,16,No,No,No,Yes,Yes,No,No,0,4,$14.80,$12.32,$0.00,$0.00,$0.00,$0.00,$14.80,0
3385-UPMYTY-3KI,3,Female,75,11,7,Sales,No,Unmarried,1,"$38,000.00",6,1,Lease,Domestic,"$8,800",28,No,No,Disc,15,No,23,No,No,No,No,No,No,Yes,0,44,$44.80,$397.84,$0.00,$0.00,$0.00,$0.00,$44.80,0
3390-EDOEGF-92Z,1,Male,64,17,10,Sales,No,Unmarried,1,"$122,000.00",0,1,Own,Foreign,"$29,400",21,No,Yes,AMEX,18,No,31,Yes,Yes,Yes,Yes,Yes,No,No,0,36,$30.00,$241.76,$274.60,"$2,001.36",$351.00,"$2,981.88",$655.60,1
3392-NJULOB-XK7,3,Female,61,16,15,Professional,No,Married,4,"$192,000.00",2,1,Own,Foreign,"$66,400",20,Yes,Yes,Disc,24,No,13,No,Yes,Yes,Yes,Yes,No,Yes,0,51,$77.20,$806.76,$0.00,$0.00,$199.75,"$2,459.82",$276.95,1
3393-NQWUZE-BLU,2,Male,30,14,2,Professional,No,Married,4,"$142,000.00",0,1,NoCar,N/A,$0,25,No,No,Disc,12,Yes,27,Yes,Yes,Yes,Yes,Yes,Yes,Yes,0,65,$50.80,$621.24,$214.20,"$2,675.12",$320.75,"$4,910.82",$585.75,1
3395-TQKMPM-INY,1,Male,57,19,13,Professional,No,Married,2,"$80,000.00",0,1,Own,Foreign,"$15,600",23,No,No,Visa,28,No,21,No,Yes,Yes,Yes,Yes,No,Yes,1,57,$73.80,$883.60,$0.00,$0.00,$196.75,"$2,735.76",$270.55,0
3398-MLXGWI-AY9,5,Female,58,14,27,Labor,Yes,Unmarried,1,"$18,000.00",2,0,NoCar,N/A,$0,34,No,No,AMEX,25,No,0,No,No,No,No,No,No,Yes,0,57,$43.60,$480.52,$0.00,$0.00,$0.00,$0.00,$43.60,0
3400-LNIAAN-QRC,1,Female,68,15,23,Professional,No,Married,2,"$108,000.00",2,0,NoCar,N/A,$0,18,No,No,Visa,38,No,22,No,No,No,Yes,No,Yes,Yes,1,71,$91.20,"$1,275.44",$0.00,$0.00,$0.00,$0.00,$91.20,0
3401-LGDNVB-E53,4,Male,22,16,0,Sales,No,Unmarried,1,"$40,000.00",2,0,Own,Foreign,"$10,200",22,No,Yes,AMEX,1,Yes,22,No,No,No,No,No,No,No,1,1,$5.80,$1.16,$0.00,$0.00,$0.00,$0.00,$5.80,0
3402-FTLZQI-30T,2,Female,68,16,30,Labor,No,Unmarried,1,"$237,000.00",0,1,Own,Domestic,"$88,800",29,Yes,Yes,Mast,10,Yes,27,No,No,No,Yes,Yes,No,No,1,19,$61.00,$257.96,$0.00,$0.00,$0.00,$0.00,$61.00,0
3403-LMLXRD-MLM,3,Male,24,19,0,Agriculture,No,Unmarried,1,"$128,000.00",4,1,Own,Foreign,"$45,000",27,Yes,Yes,Disc,4,Yes,12,Yes,Yes,Yes,Yes,Yes,Yes,No,0,11,$28.60,$57.08,$162.20,$308.24,$261.50,$636.36,$452.30,1
3403-UEPTEF-CXT,2,Male,59,15,9,Sales,No,Married,2,"$178,000.00",9,1,Own,Foreign,"$32,300",30,No,Yes,Disc,11,Yes,15,No,No,Yes,Yes,Yes,Yes,Yes,0,25,$20.00,$89.04,$0.00,$0.00,$0.00,$0.00,$20.00,0
3404-PQSPTY-4AZ,3,Male,41,17,4,Service,No,Married,2,"$98,000.00",4,1,Own,Foreign,"$25,200",26,No,Yes,Disc,17,Yes,21,No,No,Yes,Yes,Yes,No,No,0,36,$49.00,$373.32,$0.00,$0.00,$0.00,$0.00,$49.00,0
3405-RDIPBB-DDS,1,Male,53,16,9,Professional,No,Unmarried,1,"$146,000.00",1,0,Own,Domestic,"$36,200",28,No,Yes,Visa,31,Yes,29,Yes,No,Yes,No,No,Yes,Yes,0,58,$47.80,$578.48,$170.00,"$1,932.48",$0.00,$0.00,$217.80,0
3409-ZWUANC-2BC,4,Male,24,19,0,Sales,No,Unmarried,1,"$44,000.00",2,1,Own,Foreign,"$14,400",28,No,Yes,Disc,4,Yes,24,Yes,Yes,Yes,No,No,Yes,No,0,19,$15.80,$66.00,$138.60,$557.56,$113.25,$534.90,$267.65,0
3416-EFSFKO-9V8,4,Female,68,14,5,Professional,No,Unmarried,1,"$148,000.00",1,1,Own,Foreign,"$40,100",17,No,Yes,Mast,9,No,25,No,No,No,No,Yes,No,No,0,28,$33.20,$208.40,$0.00,$0.00,$0.00,$0.00,$33.20,0
3416-IWMXRH-2DM,5,Female,70,18,22,Crafts,No,Married,2,"$150,000.00",0,1,Own,Domestic,"$72,600",19,No,Yes,Disc,39,No,17,Yes,Yes,Yes,Yes,Yes,Yes,Yes,0,71,$70.80,"$1,019.96",$238.80,"$3,403.80",$335.25,"$5,706.78",$644.85,1
3417-CXQKVG-Y5B,3,Male,66,14,30,Service,Yes,Unmarried,1,"$76,000.00",0,0,NoCar,N/A,$0,24,Yes,No,AMEX,26,Yes,15,No,No,No,Yes,Yes,No,Yes,0,60,$95.80,"$1,175.32",$0.00,$0.00,$0.00,$0.00,$95.80,0
3417-OSBVCO-THV,2,Female,26,20,0,Agriculture,No,Unmarried,1,"$62,000.00",5,1,Own,Foreign,"$13,500",22,No,Yes,AMEX,8,Yes,22,Yes,Yes,Yes,Yes,Yes,Yes,No,0,25,$26.20,$130.72,$228.80,"$1,043.64",$410.00,"$2,269.26",$665.00,1
3421-JRQVBI-0GE,4,Male,70,19,31,Labor,No,Married,2,"$324,000.00",1,0,NoCar,N/A,$0,18,No,Yes,AMEX,33,No,27,Yes,Yes,Yes,Yes,Yes,Yes,Yes,0,69,$140.00,"$1,895.72",$364.80,"$4,797.48",$653.75,"$10,410.06","$1,158.55",1
3423-BXFHPT-GPZ,5,Male,67,11,35,Labor,Yes,Married,2,"$136,000.00",7,1,Own,Foreign,"$37,600",28,Yes,Yes,Visa,25,No,28,No,No,No,No,No,No,No,0,58,$45.60,$566.44,$0.00,$0.00,$0.00,$0.00,$45.60,0
3427-AFVORF-KSQ,4,Male,45,19,12,Crafts,No,Unmarried,1,"$166,000.00",5,1,Own,Domestic,"$31,300",21,No,Yes,Visa,23,Yes,15,Yes,Yes,Yes,No,Yes,Yes,Yes,0,48,$56.40,$541.92,$153.60,"$1,476.44",$223.75,"$2,524.08",$433.75,1
3427-RFRVJO-UTV,4,Male,51,12,4,Sales,No,Unmarried,1,"$46,000.00",2,0,NoCar,N/A,$0,31,No,Yes,Visa,16,No,22,No,No,No,No,No,No,No,1,34,$66.20,$447.60,$0.00,$0.00,$0.00,$0.00,$66.20,0
3430-NCZHSQ-D8T,4,Female,29,12,5,Crafts,No,Unmarried,1,"$44,000.00",3,0,Lease,Domestic,"$11,500",21,No,Yes,Othe,6,No,22,No,No,No,Yes,Yes,No,No,0,11,$14.20,$38.56,$0.00,$0.00,$0.00,$0.00,$14.20,0
3432-TSCYSJ-VAA,5,Female,19,14,0,Labor,No,Married,4,"$34,000.00",11,1,Own,Domestic,"$12,100",33,No,No,Mast,1,Yes,22,Yes,Yes,Yes,No,Yes,Yes,No,0,4,$12.80,$10.12,$128.40,$89.88,$127.00,$98.58,$268.20,0
3436-NIDSLT-XB7,1,Female,18,13,0,Agriculture,No,Married,4,"$28,000.00",0,1,Lease,Foreign,"$5,700",38,Yes,Yes,Mast,0,Yes,16,No,No,No,Yes,Yes,No,No,0,4,$37.40,$36.48,$0.00,$0.00,$0.00,$0.00,$37.40,0
3436-UUXXBT-FLN,5,Male,19,14,0,Agriculture,No,Married,5,"$24,000.00",1,1,Own,Foreign,"$4,800",24,Yes,No,Visa,1,Yes,13,Yes,No,Yes,Yes,No,Yes,No,1,22,$33.80,$125.12,$138.20,$570.88,$0.00,$0.00,$172.00,0
3438-TIXFPQ-4I6,3,Female,64,11,27,Service,No,Married,2,"$116,000.00",0,0,Own,Foreign,"$60,900",30,No,No,Disc,33,No,23,No,No,No,Yes,Yes,Yes,Yes,0,61,$32.80,$366.08,$0.00,$0.00,$0.00,$0.00,$32.80,0
3438-ZEUAOG-3O1,5,Female,29,14,0,Sales,No,Married,4,"$48,000.00",3,1,Own,Foreign,"$12,200",36,Yes,No,Disc,11,Yes,22,No,No,No,Yes,Yes,No,No,1,35,$33.60,$221.36,$0.00,$0.00,$0.00,$0.00,$33.60,0
3440-GQXVXG-IJR,2,Male,30,19,1,Professional,No,Unmarried,1,"$46,000.00",0,0,Own,Foreign,"$12,500",14,Yes,Yes,Visa,5,Yes,26,No,No,No,Yes,Yes,No,No,0,11,$21.40,$39.52,$0.00,$0.00,$0.00,$0.00,$21.40,0
3440-KUBHBQ-96N,5,Male,47,9,7,Professional,No,Married,4,"$66,000.00",3,1,Own,Foreign,"$8,000",26,Yes,No,Visa,15,No,23,Yes,Yes,No,Yes,No,No,Yes,0,30,$47.20,$266.08,$107.20,$551.68,$114.75,$773.52,$269.15,0
3443-KKJGID-BHV,3,Female,33,19,0,Sales,No,Unmarried,1,"$98,000.00",7,1,Own,Domestic,"$25,700",20,Yes,No,Mast,2,Yes,22,Yes,Yes,Yes,Yes,Yes,Yes,No,0,4,$10.80,$11.00,$168.60,$87.24,$134.75,$86.76,$314.15,1
3449-QXLGQU-HL2,2,Male,51,14,7,Professional,No,Unmarried,1,"$146,000.00",9,1,Own,Foreign,"$35,800",20,No,Yes,Othe,24,Yes,9,No,Yes,Yes,Yes,Yes,No,Yes,0,53,$40.20,$437.52,$0.00,$0.00,$214.00,"$2,722.56",$254.20,0
3450-FYMYNM-KPF,5,Male,44,15,13,Crafts,No,Unmarried,1,"$121,000.00",0,1,Own,Foreign,"$52,200",24,Yes,No,Disc,26,Yes,21,Yes,No,No,No,No,Yes,Yes,0,56,$36.00,$422.60,$98.20,"$1,061.40",$0.00,$0.00,$134.20,0
3451-IFSLIR-IY6,3,Female,44,16,1,Sales,No,Married,2,"$140,000.00",2,1,NoCar,N/A,$0,27,No,Yes,Mast,1,No,0,Yes,Yes,Yes,Yes,Yes,Yes,No,1,1,$7.00,$1.40,$148.80,$29.76,$163.50,$39.24,$319.30,1
3452-DOHASX-2US,1,Male,33,11,11,Service,No,Unmarried,1,"$106,000.00",9,1,Own,Domestic,"$25,200",12,Yes,Yes,Mast,11,No,16,No,No,No,Yes,Yes,No,Yes,0,24,$19.60,$80.36,$0.00,$0.00,$0.00,$0.00,$19.60,0
3453-LCVWGA-OJM,3,Male,24,13,0,Sales,No,Unmarried,1,"$48,000.00",0,1,Own,Foreign,"$13,000",18,Yes,Yes,Visa,6,No,13,Yes,Yes,Yes,Yes,Yes,No,Yes,1,19,$46.00,$163.04,$132.20,$479.72,$142.75,$567.12,$320.95,1
3459-ZJAVNI-CY9,2,Male,23,18,0,Service,No,Married,3,"$122,000.00",0,1,Own,Domestic,"$28,700",27,Yes,Yes,Mast,5,No,24,Yes,No,Yes,No,Yes,No,No,0,15,$28.80,$74.48,$121.60,$366.56,$0.00,$0.00,$150.40,0
3461-BABIGS-9TN,5,Male,79,14,9,Sales,Yes,Married,2,"$18,000.00",1,0,Lease,Domestic,"$4,700",21,No,No,Disc,38,Yes,20,No,No,No,Yes,Yes,No,Yes,0,71,$95.40,"$1,349.32",$0.00,$0.00,$0.00,$0.00,$95.40,0
3462-SCLMCN-2BU,4,Male,48,14,4,Professional,No,Unmarried,3,"$92,000.00",1,1,Own,Foreign,"$25,700",29,Yes,Yes,Mast,5,Yes,16,No,No,No,No,No,No,No,1,9,$32.40,$56.64,$0.00,$0.00,$0.00,$0.00,$32.40,0
3463-TSMKZK-9CL,3,Male,69,14,31,Labor,No,Unmarried,1,"$144,000.00",0,1,Own,Domestic,"$49,000",35,No,No,Disc,37,No,19,Yes,No,No,No,No,No,Yes,0,70,$95.60,"$1,313.72",$113.20,"$1,534.76",$0.00,$0.00,$208.80,0
3464-FGVQSF-KB8,5,Female,73,16,9,Professional,No,Unmarried,1,"$86,000.00",0,0,Own,Domestic,"$12,900",24,No,Yes,Mast,30,Yes,23,No,No,No,No,No,Yes,Yes,0,61,$72.00,$833.76,$0.00,$0.00,$0.00,$0.00,$72.00,0
3465-AUBFOE-PD2,1,Male,29,21,0,Sales,No,Married,4,"$64,000.00",16,0,Own,Foreign,"$16,600",22,No,Yes,AMEX,11,Yes,25,Yes,No,No,No,No,No,No,0,15,$27.80,$82.96,$133.20,$382.28,$0.00,$0.00,$161.00,0
3465-PTIFZV-V37,2,Female,42,20,5,Professional,No,Married,2,"$160,000.00",3,1,NoCar,N/A,$0,30,No,No,Mast,17,Yes,18,No,No,No,No,No,No,Yes,0,32,$22.40,$138.32,$0.00,$0.00,$0.00,$0.00,$22.40,0
3466-FEKGWX-30F,5,Female,78,14,20,Professional,Yes,Unmarried,1,"$26,000.00",6,0,Lease,Domestic,"$4,200",28,No,Yes,AMEX,38,No,19,Yes,No,No,Yes,No,No,No,0,71,$152.60,"$2,174.60",$126.80,"$1,787.68",$0.00,$0.00,$279.40,1
3467-PIBLSV-KCB,1,Male,34,9,8,Crafts,No,Married,2,"$44,000.00",1,0,NoCar,N/A,$0,20,No,No,Othe,16,Yes,19,No,No,No,Yes,No,No,Yes,1,41,$34.60,$322.92,$0.00,$0.00,$0.00,$0.00,$34.60,0
3469-MIJWAB-KVR,5,Male,46,16,8,Professional,No,Married,2,"$66,000.00",0,0,Lease,Foreign,"$17,800",20,No,Yes,Visa,10,Yes,30,No,No,No,No,Yes,No,Yes,0,27,$33.00,$173.24,$0.00,$0.00,$0.00,$0.00,$33.00,0
3473-SOLGJV-00C,5,Male,43,14,16,Labor,No,Unmarried,3,"$120,000.00",1,1,Own,Domestic,"$35,400",32,Yes,Yes,Disc,21,Yes,19,Yes,Yes,Yes,Yes,Yes,Yes,Yes,0,53,$96.40,"$1,034.72",$218.40,"$2,209.04",$324.75,"$4,128.24",$639.55,1
3477-CTHOBG-VL2,5,Female,68,16,9,Sales,No,Unmarried,1,"$102,000.00",12,1,NoCar,N/A,$0,22,No,No,Mast,3,No,26,No,No,No,Yes,Yes,No,No,0,2,$20.00,$12.96,$0.00,$0.00,$0.00,$0.00,$20.00,0
3477-MMFWGS-GYL,2,Female,31,12,8,Labor,No,Married,4,"$48,000.00",9,1,Own,Foreign,"$11,100",22,Yes,No,Visa,13,Yes,25,No,No,No,No,No,No,Yes,0,39,$24.80,$171.24,$0.00,$0.00,$0.00,$0.00,$24.80,0
3477-OLAVME-I1N,1,Female,79,11,36,Labor,Yes,Unmarried,1,"$34,000.00",0,1,Own,Foreign,"$9,300",26,No,Yes,Mast,39,Yes,15,No,No,No,No,No,No,Yes,0,71,$100.20,"$1,355.64",$0.00,$0.00,$0.00,$0.00,$100.20,0
3480-CZKKSC-W6H,4,Male,65,16,19,Professional,No,Married,3,"$122,000.00",3,1,Own,Foreign,"$56,800",21,Yes,Yes,Disc,31,Yes,19,Yes,Yes,Yes,No,No,Yes,Yes,0,66,$89.60,"$1,158.96",$154.80,"$2,041.04",$303.50,"$4,665.78",$547.90,1
3485-BOPLMV-12Y,2,Female,36,21,2,Professional,No,Unmarried,3,"$62,000.00",10,1,Lease,Foreign,"$12,400",20,Yes,Yes,AMEX,12,No,18,Yes,Yes,Yes,Yes,Yes,Yes,Yes,0,20,$34.40,$153.04,$186.20,$739.96,$264.50,"$1,101.84",$485.10,1
3485-RHOUYF-PTX,2,Male,36,17,6,Agriculture,No,Married,6,"$82,000.00",8,1,Own,Domestic,"$18,200",16,No,No,Disc,18,Yes,22,No,No,No,No,No,Yes,Yes,0,63,$119.60,"$1,447.12",$0.00,$0.00,$0.00,$0.00,$119.60,0
3486-CQDJIM-ROR,5,Female,39,10,8,Professional,No,Married,3,"$80,000.00",10,1,Own,Domestic,"$21,700",36,No,No,Mast,21,No,15,No,No,No,No,No,No,Yes,0,58,$37.40,$423.68,$0.00,$0.00,$0.00,$0.00,$37.40,0
3486-HOBUSQ-XYJ,4,Female,54,16,8,Professional,No,Unmarried,1,"$80,000.00",0,0,Own,Domestic,"$20,400",32,No,Yes,AMEX,4,Yes,23,No,Yes,Yes,Yes,Yes,No,No,1,13,$12.40,$22.80,$0.00,$0.00,$123.00,$325.80,$135.40,0
3486-QSUKNP-SMJ,1,Male,52,21,9,Professional,No,Married,2,"$164,000.00",4,1,Own,Domestic,"$47,500",23,Yes,Yes,Disc,5,Yes,20,Yes,Yes,No,No,No,Yes,No,1,18,$24.60,$87.84,$151.60,$480.68,$134.25,$562.74,$310.45,1
3486-WMIORP-0E7,2,Male,64,17,4,Sales,No,Married,2,"$106,000.00",0,0,Own,Domestic,"$22,400",23,No,No,Disc,22,No,20,No,No,Yes,Yes,No,No,Yes,0,50,$44.60,$445.16,$0.00,$0.00,$0.00,$0.00,$44.60,0
3491-OKPJLS-IP6,3,Female,26,14,3,Service,No,Married,3,"$74,000.00",1,0,Own,Foreign,"$19,200",29,Yes,No,Disc,8,Yes,21,No,No,No,Yes,Yes,No,No,1,37,$34.40,$234.52,$0.00,$0.00,$0.00,$0.00,$34.40,0
3492-PWKNLU-J0U,3,Male,57,7,18,Professional,No,Married,2,"$124,000.00",4,1,Own,Domestic,"$24,800",25,No,No,AMEX,40,Yes,13,No,No,No,No,No,No,Yes,0,72,$169.80,"$2,408.40",$0.00,$0.00,$0.00,$0.00,$169.80,0
3493-FCRLYI-KXB,2,Female,38,16,5,Professional,No,Married,4,"$110,000.00",1,1,NoCar,N/A,$0,20,No,No,Disc,1,No,14,Yes,Yes,Yes,Yes,Yes,Yes,No,0,5,$9.40,$12.84,$201.80,$143.96,$238.25,$214.32,$449.45,1
3493-KLVGST-NJE,4,Male,78,13,18,Professional,Yes,Unmarried,1,"$112,000.00",6,1,Lease,Domestic,"$33,900",26,No,No,AMEX,31,No,18,No,No,No,Yes,Yes,No,Yes,0,61,$46.80,$545.96,$0.00,$0.00,$0.00,$0.00,$46.80,0
3495-VLHEGU-FUI,5,Female,22,15,1,Labor,No,Married,5,"$60,000.00",1,0,Own,Domestic,"$15,500",32,No,Yes,Mast,4,Yes,16,Yes,No,No,No,No,Yes,Yes,1,23,$20.60,$97.64,$126.60,$552.84,$0.00,$0.00,$147.20,0
3502-AMCOYD-807,2,Male,30,11,8,Labor,No,Married,4,"$46,000.00",0,1,Own,Domestic,"$13,400",29,No,No,AMEX,12,Yes,18,No,No,No,No,No,Yes,No,1,30,$66.40,$387.72,$0.00,$0.00,$0.00,$0.00,$66.40,0
3504-KJYQUP-6BX,5,Male,51,15,4,Labor,No,Married,3,"$58,000.00",0,0,Own,Domestic,"$13,500",32,No,No,Mast,11,Yes,22,No,No,No,No,No,No,No,0,27,$40.20,$219.92,$0.00,$0.00,$0.00,$0.00,$40.20,0
3504-LEWPCH-MBE,2,Male,66,8,33,Service,Yes,Unmarried,1,"$18,000.00",1,0,Own,Domestic,"$3,900",29,No,Yes,Mast,30,Yes,0,No,No,No,Yes,Yes,No,Yes,0,67,$61.40,$857.56,$0.00,$0.00,$0.00,$0.00,$61.40,0
3510-SCQMLN-3ZJ,5,Female,72,11,30,Labor,No,Unmarried,1,"$133,000.00",0,1,Own,Foreign,"$69,200",27,Yes,No,Disc,31,No,20,No,No,No,Yes,Yes,No,Yes,0,55,$50.60,$536.04,$0.00,$0.00,$0.00,$0.00,$50.60,0
3512-MUWBGY-52X,2,Male,47,11,19,Labor,No,Unmarried,2,"$168,000.00",1,1,Own,Domestic,"$41,000",29,Yes,Yes,Othe,2,Yes,21,No,No,No,No,No,No,No,1,3,$14.60,$16.04,$0.00,$0.00,$0.00,$0.00,$14.60,0
3513-NXOGHI-2A6,2,Female,29,13,4,Professional,No,Married,3,"$84,000.00",0,1,Own,Foreign,"$19,200",23,No,No,Mast,3,Yes,21,Yes,No,No,No,No,Yes,No,0,7,$12.40,$13.76,$85.80,$106.72,$0.00,$0.00,$98.20,0
3515-LJUKUJ-VPV,3,Male,71,14,25,Service,Yes,Married,2,"$120,000.00",0,1,NoCar,N/A,$0,35,Yes,Yes,AMEX,39,No,28,No,Yes,Yes,Yes,Yes,No,Yes,0,71,$116.60,"$1,563.00",$0.00,$0.00,$317.00,"$5,379.36",$433.60,1
3517-FHPTRR-Q9L,5,Male,28,15,3,Service,No,Married,3,"$36,000.00",1,0,Own,Foreign,"$7,800",19,Yes,Yes,Mast,2,Yes,20,No,No,No,No,No,Yes,No,0,4,$9.00,$8.40,$0.00,$0.00,$0.00,$0.00,$9.00,0
3518-TYPNAR-I9S,2,Male,48,20,3,Sales,No,Married,2,"$226,000.00",1,1,Own,Foreign,"$76,000",32,Yes,Yes,AMEX,21,Yes,24,Yes,Yes,Yes,Yes,Yes,Yes,No,0,41,$43.40,$370.56,$254.20,"$2,014.76",$455.75,"$4,328.22",$753.35,1
3523-XGUHKK-014,3,Female,47,16,16,Professional,No,Married,2,"$164,000.00",7,1,NoCar,N/A,$0,20,No,Yes,Disc,14,No,21,Yes,No,No,No,No,No,No,0,39,$28.80,$247.84,$141.80,"$1,093.60",$0.00,$0.00,$170.60,0
3524-ABXGIP-78T,5,Male,72,17,23,Labor,Yes,Married,2,"$60,000.00",0,1,Own,Foreign,"$18,800",30,Yes,No,AMEX,38,No,13,No,No,No,No,No,No,Yes,0,71,$90.40,"$1,273.28",$0.00,$0.00,$0.00,$0.00,$90.40,0
3525-CBTZIU-Y6O,1,Male,28,12,6,Crafts,No,Unmarried,2,"$44,000.00",1,0,Own,Foreign,"$10,500",20,No,Yes,Mast,2,Yes,16,No,No,No,No,Yes,No,No,0,5,$7.00,$2.72,$0.00,$0.00,$0.00,$0.00,$7.00,0
3527-XFEFWW-08A,3,Female,76,11,48,Crafts,Yes,Unmarried,1,"$34,000.00",5,1,Own,Foreign,"$7,900",31,No,Yes,Visa,38,No,21,No,No,No,No,No,No,Yes,0,71,$54.20,$782.72,$0.00,$0.00,$0.00,$0.00,$54.20,0
3528-OLYCGU-FFP,5,Male,69,14,6,Sales,No,Married,5,"$80,000.00",9,1,Own,Foreign,"$18,600",22,No,Yes,Disc,31,Yes,24,No,No,Yes,Yes,Yes,No,Yes,0,64,$47.20,$663.36,$0.00,$0.00,$0.00,$0.00,$47.20,0
3532-JLPJBS-69C,3,Female,53,12,19,Agriculture,No,Unmarried,1,"$136,000.00",2,1,NoCar,N/A,$0,26,Yes,Yes,Disc,28,No,16,No,No,No,No,Yes,Yes,Yes,0,57,$96.20,"$1,074.68",$0.00,$0.00,$0.00,$0.00,$96.20,0
3535-CSMMQL-15Y,5,Male,28,19,0,Sales,No,Married,4,"$150,000.00",0,0,Own,Foreign,"$56,100",24,No,Yes,AMEX,9,Yes,16,Yes,Yes,Yes,Yes,Yes,Yes,No,0,9,$13.80,$26.24,$200.60,$330.44,$267.50,$503.76,$481.90,1
3536-PIRBTQ-5PW,3,Female,49,13,19,Labor,No,Unmarried,1,"$174,000.00",1,0,Own,Foreign,"$52,100",32,Yes,Yes,Disc,25,Yes,22,No,No,No,Yes,Yes,No,No,0,55,$65.20,$737.92,$0.00,$0.00,$0.00,$0.00,$65.20,0
3542-FMTLYP-O4P,5,Male,44,11,11,Service,No,Unmarried,1,"$132,000.00",0,1,Own,Domestic,"$30,000",25,No,No,Othe,27,No,28,No,No,No,Yes,Yes,No,Yes,0,64,$50.60,$643.76,$0.00,$0.00,$0.00,$0.00,$50.60,0
3542-NJUBBA-65D,3,Male,22,13,1,Professional,No,Unmarried,2,"$50,000.00",3,0,Own,Domestic,"$14,600",29,No,Yes,Mast,4,Yes,20,No,No,No,No,No,No,No,0,38,$15.40,$109.08,$0.00,$0.00,$0.00,$0.00,$15.40,0
3546-UTPAXN-X8O,3,Male,36,10,5,Sales,No,Married,2,"$76,000.00",0,0,Own,Domestic,"$19,400",24,Yes,Yes,Mast,18,No,17,No,No,No,Yes,No,No,No,1,44,$44.40,$353.84,$0.00,$0.00,$0.00,$0.00,$44.40,0
3549-VYOSGM-1YA,1,Male,60,12,5,Sales,No,Unmarried,1,"$66,000.00",4,0,Own,Foreign,"$9,800",24,Yes,No,Mast,32,No,29,No,No,No,No,No,No,Yes,0,66,$56.60,$745.88,$0.00,$0.00,$0.00,$0.00,$56.60,0
3550-PQUPPM-42T,3,Male,53,20,11,Sales,No,Married,3,"$141,000.00",1,1,NoCar,N/A,$0,23,Yes,Yes,Disc,13,No,10,Yes,Yes,Yes,Yes,Yes,Yes,No,0,36,$13.60,$97.60,$197.00,"$1,354.88",$306.25,"$2,651.04",$516.85,1
3551-SBEAAA-K2Z,4,Male,70,15,16,Sales,Yes,Married,3,"$104,000.00",12,1,Own,Domestic,"$26,300",29,Yes,No,Visa,30,No,21,Yes,No,No,Yes,Yes,No,No,0,55,$63.00,$676.96,$135.40,"$1,475.28",$0.00,$0.00,$198.40,0
3553-EBMWFX-MVS,3,Male,43,18,8,Sales,No,Unmarried,1,"$44,000.00",0,0,Own,Foreign,"$14,300",27,Yes,Yes,AMEX,16,Yes,14,Yes,Yes,Yes,Yes,No,No,Yes,0,43,$26.20,$208.80,$125.40,"$1,090.12",$119.75,"$1,275.30",$271.35,0
3553-XGNZFG-OB9,5,Male,33,15,5,Agriculture,No,Unmarried,1,"$60,000.00",0,0,NoCar,N/A,$0,25,No,No,Disc,11,Yes,29,No,No,No,No,Yes,No,Yes,0,33,$25.20,$178.64,$0.00,$0.00,$0.00,$0.00,$25.20,0
3554-OJYRAN-YVT,1,Male,56,10,5,Sales,No,Married,2,"$64,000.00",0,0,Lease,Domestic,"$15,800",21,No,No,Visa,3,No,22,No,No,No,Yes,Yes,No,Yes,0,5,$9.20,$3.52,$0.00,$0.00,$0.00,$0.00,$9.20,0
3557-SBVNER-SYE,2,Female,38,17,2,Sales,No,Married,2,"$90,000.00",7,1,Own,Foreign,"$20,800",30,No,No,AMEX,5,No,21,Yes,Yes,Yes,No,No,Yes,No,0,20,$53.80,$217.20,$127.20,$537.00,$109.00,$466.38,$290.00,1
3560-TIKMPJ-4NV,4,Female,35,16,2,Professional,No,Married,3,"$82,000.00",0,1,Own,Foreign,"$17,600",24,No,Yes,Mast,18,Yes,16,Yes,No,No,No,No,Yes,No,0,40,$39.60,$309.64,$124.40,$967.28,$0.00,$0.00,$164.00,0
3562-CEMATP-TXV,3,Male,44,16,6,Sales,No,Unmarried,1,"$64,000.00",6,1,NoCar,N/A,$0,26,No,Yes,Visa,6,No,16,No,No,No,No,No,Yes,No,0,11,$14.00,$52.12,$0.00,$0.00,$0.00,$0.00,$14.00,0
3566-DRQMDC-TNF,2,Male,75,13,6,Sales,Yes,Unmarried,1,"$28,000.00",0,0,Own,Foreign,"$6,600",18,No,Yes,AMEX,11,No,12,No,No,No,Yes,No,No,No,0,24,$19.60,$86.56,$0.00,$0.00,$0.00,$0.00,$19.60,0
3570-HZUGOB-C33,2,Female,30,14,6,Sales,No,Unmarried,1,"$50,000.00",0,0,Own,Foreign,"$7,900",25,No,Yes,Mast,13,Yes,23,Yes,Yes,Yes,Yes,Yes,No,No,0,31,$37.80,$216.08,$135.40,$831.08,$171.50,"$1,242.66",$344.70,1
3572-CIDEXS-IS0,4,Male,58,13,19,Service,No,Unmarried,1,"$138,000.00",0,1,Own,Foreign,"$29,100",30,No,Yes,AMEX,32,No,28,No,No,No,No,Yes,No,Yes,0,66,$75.60,$984.68,$0.00,$0.00,$0.00,$0.00,$75.60,0
3575-PFXTFH-GC8,3,Male,70,14,38,Crafts,No,Married,2,"$128,000.00",2,1,Own,Domestic,"$78,300",18,Yes,Yes,AMEX,31,No,13,No,No,Yes,Yes,No,No,Yes,0,68,$81.40,"$1,146.24",$0.00,$0.00,$0.00,$0.00,$81.40,0
3578-HUYDRN-L6T,4,Female,64,9,37,Service,No,Unmarried,1,"$236,000.00",10,1,Own,Foreign,"$84,000",21,No,Yes,Disc,24,No,21,No,Yes,No,Yes,Yes,No,Yes,1,61,$45.00,$520.00,$0.00,$0.00,$231.75,"$3,209.40",$276.75,1
3578-XEBXHS-3PI,5,Female,60,14,34,Crafts,Yes,Unmarried,1,"$24,000.00",0,1,Lease,Domestic,"$8,300",20,No,No,AMEX,23,No,11,No,Yes,Yes,Yes,Yes,No,No,0,50,$44.80,$483.32,$0.00,$0.00,$196.75,"$2,306.82",$241.55,0
3580-ESDOJO-PLY,4,Male,36,15,5,Professional,No,Married,2,"$192,000.00",2,0,Own,Foreign,"$47,800",27,No,No,Disc,18,Yes,24,Yes,Yes,No,Yes,Yes,Yes,Yes,0,51,$27.20,$311.32,$196.60,"$1,918.80",$213.25,"$2,616.66",$437.05,1
3583-HKTLOS-QZ8,4,Female,47,19,5,Professional,No,Unmarried,1,"$104,000.00",1,0,NoCar,N/A,$0,27,Yes,No,Disc,2,Yes,15,Yes,No,No,No,No,Yes,No,1,3,$14.40,$11.28,$75.80,$24.48,$0.00,$0.00,$90.20,0
3583-ZQUSBL-FJ7,3,Male,61,13,12,Professional,No,Unmarried,1,"$76,000.00",3,1,Own,Foreign,"$22,800",29,No,Yes,Mast,31,No,20,Yes,Yes,Yes,Yes,Yes,Yes,No,0,57,$51.40,$567.56,$239.00,"$2,694.80",$302.50,"$4,134.48",$592.90,1
3586-ERGCLA-0KU,4,Male,34,21,4,Service,No,Unmarried,1,"$48,000.00",5,1,Lease,Domestic,"$11,800",20,No,Yes,AMEX,12,No,18,Yes,Yes,Yes,Yes,Yes,Yes,No,0,30,$37.00,$196.32,$190.60,"$1,110.56",$316.00,"$2,109.18",$543.60,1
3588-HQUWIG-3Q6,1,Female,44,10,20,Labor,No,Married,4,"$100,000.00",0,1,Own,Foreign,"$53,400",21,No,Yes,Disc,26,Yes,20,No,No,No,Yes,Yes,No,No,0,62,$103.20,"$1,252.52",$0.00,$0.00,$0.00,$0.00,$103.20,0
3589-CAYBPB-PS0,1,Female,62,10,15,Professional,No,Married,2,"$110,000.00",4,0,Own,Foreign,"$36,800",19,No,Yes,AMEX,29,No,12,No,No,No,No,No,Yes,Yes,0,63,$69.40,$872.96,$0.00,$0.00,$0.00,$0.00,$69.40,0
3596-FZKZDT-MYI,5,Male,57,21,16,Labor,No,Unmarried,1,"$140,000.00",0,0,Own,Foreign,"$45,200",26,No,Yes,AMEX,13,Yes,18,Yes,Yes,Yes,Yes,Yes,No,No,0,26,$22.40,$91.40,$183.80,$947.56,$186.50,"$1,121.70",$392.70,1
3601-VKRKPN-NLV,4,Female,22,15,0,Sales,No,Unmarried,4,"$90,000.00",11,0,Own,Foreign,"$17,600",29,No,No,AMEX,4,Yes,12,No,No,No,Yes,No,Yes,Yes,0,27,$20.20,$115.84,$0.00,$0.00,$0.00,$0.00,$20.20,0
3602-CKGPOM-GLT,1,Male,57,17,28,Agriculture,No,Unmarried,1,"$140,000.00",2,0,Own,Foreign,"$31,800",33,No,No,Visa,33,No,20,Yes,Yes,Yes,Yes,Yes,Yes,Yes,0,69,$66.40,$948.96,$208.00,"$2,804.40",$240.00,"$3,914.16",$514.40,1
3606-KITPFR-I5M,1,Female,34,19,2,Sales,No,Married,3,"$58,000.00",0,1,Own,Foreign,"$16,900",32,No,Yes,AMEX,10,No,24,No,No,No,No,Yes,No,Yes,1,31,$19.00,$125.68,$0.00,$0.00,$0.00,$0.00,$19.00,0
3606-RKGUFR-ZO5,2,Female,72,19,3,Sales,Yes,Unmarried,1,"$22,000.00",4,0,Lease,Domestic,"$6,000",18,No,No,AMEX,16,Yes,16,No,No,No,Yes,No,Yes,No,0,43,$30.60,$249.76,$0.00,$0.00,$0.00,$0.00,$30.60,0
3612-ISADNO-38Y,3,Male,19,14,0,Crafts,No,Married,4,"$24,000.00",0,1,Own,Domestic,"$4,300",20,Yes,Yes,Disc,1,Yes,18,Yes,No,Yes,Yes,Yes,No,Yes,1,21,$24.20,$94.64,$150.60,$592.12,$0.00,$0.00,$174.80,0
3613-MKUJYH-5V8,3,Male,37,11,7,Service,No,Unmarried,1,"$44,000.00",4,1,Own,Foreign,"$6,200",22,No,Yes,Visa,13,No,21,No,No,No,Yes,Yes,No,No,0,21,$16.20,$64.16,$0.00,$0.00,$0.00,$0.00,$16.20,0
3614-SBLBNE-4MN,4,Male,42,14,11,Labor,No,Unmarried,1,"$78,000.00",0,1,Own,Domestic,"$11,900",28,No,No,Visa,2,No,23,No,No,No,No,No,No,No,1,8,$10.60,$11.04,$0.00,$0.00,$0.00,$0.00,$10.60,0
3615-TLLDOM-3IM,5,Female,27,15,4,Labor,No,Unmarried,1,"$80,000.00",2,1,NoCar,N/A,$0,25,No,No,Mast,9,No,22,Yes,No,Yes,No,No,Yes,No,0,28,$41.80,$249.04,$154.80,$921.32,$0.00,$0.00,$196.60,0
3616-HWFWRS-J0L,2,Male,20,15,0,Crafts,No,Unmarried,3,"$56,000.00",1,1,Own,Domestic,"$8,500",22,Yes,No,Mast,2,No,16,Yes,Yes,Yes,Yes,No,Yes,No,0,28,$15.40,$78.64,$161.20,$844.08,$135.50,$855.96,$312.10,1
3616-SGVGTR-IBI,3,Male,65,16,15,Professional,No,Married,3,"$134,000.00",1,0,Lease,Domestic,"$27,100",22,Yes,Yes,AMEX,11,No,25,No,No,No,No,No,No,No,0,30,$19.80,$123.68,$0.00,$0.00,$0.00,$0.00,$19.80,0
3617-BAILYV-5WS,3,Female,57,16,11,Professional,No,Married,3,"$272,000.00",11,1,Own,Domestic,"$89,800",21,No,No,Mast,39,Yes,18,No,Yes,No,Yes,Yes,No,Yes,0,70,$152.80,"$2,223.68",$0.00,$0.00,$158.25,"$2,646.84",$311.05,1
3620-WTTEBO-K0R,5,Female,58,15,23,Labor,No,Married,2,"$160,000.00",7,1,Own,Foreign,"$48,000",24,No,No,AMEX,39,No,26,No,No,No,Yes,No,No,Yes,0,70,$168.80,"$2,537.56",$0.00,$0.00,$0.00,$0.00,$168.80,0
3622-HJXJEO-XEA,4,Female,30,14,1,Service,No,Unmarried,2,"$34,000.00",7,0,Lease,Domestic,"$11,200",26,No,No,Visa,2,No,21,No,No,No,No,No,No,No,0,2,$9.20,$1.92,$0.00,$0.00,$0.00,$0.00,$9.20,0
3622-JHDLVP-V1E,1,Female,48,19,12,Service,No,Unmarried,1,"$121,000.00",13,1,NoCar,N/A,$0,#NULL!,Yes,Yes,Disc,4,Yes,15,Yes,Yes,Yes,Yes,Yes,Yes,No,1,17,$18.60,$60.76,$223.20,$674.52,$343.00,"$1,418.70",$584.80,1
3625-EIKFES-W21,2,Male,53,12,16,Professional,No,Married,5,"$146,000.00",2,0,Own,Domestic,"$41,900",30,Yes,Yes,Visa,19,No,21,No,No,No,Yes,No,No,No,0,55,$47.00,$517.36,$0.00,$0.00,$0.00,$0.00,$47.00,0
3630-CTGBIF-YIX,5,Female,61,9,31,Professional,No,Unmarried,3,"$107,000.00",4,0,Own,Domestic,"$44,100",27,No,No,AMEX,29,No,22,No,No,No,No,Yes,No,Yes,0,63,$46.40,$556.64,$0.00,$0.00,$0.00,$0.00,$46.40,0
3630-KZJKVU-3J9,5,Male,77,17,42,Agriculture,Yes,Unmarried,1,"$160,000.00",6,1,Own,Foreign,"$84,000",29,Yes,Yes,Disc,38,No,22,Yes,No,No,No,No,Yes,Yes,1,72,$105.60,"$1,528.04",$155.20,"$2,222.64",$0.00,$0.00,$260.80,0
3631-ONIBHG-JMI,5,Male,33,16,8,Crafts,No,Unmarried,1,"$40,000.00",1,1,Lease,Domestic,"$11,600",17,Yes,No,Mast,15,Yes,17,No,No,No,Yes,Yes,No,Yes,0,51,$41.80,$441.04,$0.00,$0.00,$0.00,$0.00,$41.80,0
3633-FNCRRV-3L1,3,Male,21,12,0,Sales,No,Unmarried,1,"$28,000.00",8,1,Own,Domestic,"$8,000",30,No,Yes,Disc,3,Yes,22,No,No,No,No,No,No,No,0,33,$63.60,$420.92,$0.00,$0.00,$0.00,$0.00,$63.60,0
3634-FLTAJS-KXN,5,Male,29,12,2,Professional,No,Unmarried,1,"$50,000.00",1,1,Own,Domestic,"$15,500",30,No,No,Visa,11,Yes,18,No,No,No,No,No,Yes,No,0,45,$32.80,$290.92,$0.00,$0.00,$0.00,$0.00,$32.80,0
3636-EWAYDE-7LS,4,Female,72,15,2,Sales,No,Unmarried,1,"$70,000.00",5,0,Own,Domestic,"$22,600",21,No,No,Mast,38,Yes,18,Yes,No,No,No,No,Yes,Yes,1,71,$94.80,"$1,312.20",$134.40,"$1,901.00",$0.00,$0.00,$229.20,0
3639-EUAOAH-WNK,3,Female,50,13,5,Sales,No,Unmarried,1,"$48,000.00",7,1,Own,Foreign,"$15,400",30,No,No,Visa,7,Yes,14,No,No,Yes,Yes,Yes,No,No,0,25,$31.20,$168.80,$0.00,$0.00,$0.00,$0.00,$31.20,0
3643-MJJTUX-A5T,4,Male,47,20,3,Sales,No,Unmarried,1,"$188,000.00",4,0,Own,Domestic,"$34,200",35,No,Yes,AMEX,23,No,21,No,No,Yes,No,Yes,Yes,Yes,0,56,$80.20,$835.44,$0.00,$0.00,$0.00,$0.00,$80.20,0
3643-QNNFUH-39D,2,Female,43,14,3,Professional,No,Unmarried,1,"$90,000.00",1,1,Own,Foreign,"$19,900",26,Yes,Yes,Disc,13,No,20,No,No,No,No,No,Yes,Yes,0,39,$28.20,$235.92,$0.00,$0.00,$0.00,$0.00,$28.20,0
3644-HIVVTG-4X9,3,Male,34,18,7,Agriculture,No,Unmarried,1,"$58,000.00",1,1,Own,Domestic,"$10,400",26,Yes,Yes,AMEX,13,Yes,17,Yes,Yes,No,Yes,Yes,Yes,No,1,32,$43.80,$313.56,$134.40,$893.44,$126.75,$926.58,$304.95,1
3645-PJSXRU-N4X,4,Female,54,11,13,Professional,No,Unmarried,1,"$122,000.00",7,1,Own,Domestic,"$32,000",21,No,Yes,Disc,19,No,13,No,No,No,No,No,No,Yes,0,46,$55.40,$547.00,$0.00,$0.00,$0.00,$0.00,$55.40,0
3646-KWPMLI-9I2,5,Female,25,13,0,Sales,No,Married,3,"$60,000.00",11,1,NoCar,N/A,$0,29,Yes,Yes,Visa,7,Yes,27,No,No,No,No,No,No,Yes,0,34,$26.20,$194.48,$0.00,$0.00,$0.00,$0.00,$26.20,0
3648-BVQHSQ-NPA,3,Male,30,15,3,Professional,No,Married,4,"$180,000.00",0,1,Own,Foreign,"$67,200",28,No,No,Visa,12,Yes,18,No,No,Yes,Yes,Yes,No,No,0,25,$37.40,$186.48,$0.00,$0.00,$0.00,$0.00,$37.40,0
3648-TXOABB-ZA7,5,Male,65,14,6,Professional,No,Unmarried,1,"$76,000.00",5,0,Lease,Domestic,"$18,900",37,Yes,No,Disc,11,No,24,No,No,No,Yes,Yes,No,Yes,0,35,$34.00,$251.92,$0.00,$0.00,$0.00,$0.00,$34.00,0
3653-NZHSEU-GMC,1,Female,34,18,3,Sales,No,Married,6,"$62,000.00",9,1,Own,Domestic,"$15,500",16,Yes,Yes,Disc,16,No,18,Yes,Yes,Yes,Yes,Yes,No,No,0,60,$48.00,$557.48,$219.60,"$2,512.16",$182.75,"$2,560.74",$450.35,1
3655-ZHJTWA-JVN,1,Male,51,17,6,Sales,No,Unmarried,1,"$72,000.00",0,1,NoCar,N/A,$0,21,No,No,AMEX,8,No,20,No,No,Yes,Yes,Yes,No,No,0,29,$39.80,$209.32,$0.00,$0.00,$0.00,$0.00,$39.80,0
3656-QTYTTI-LK8,2,Male,49,16,13,Crafts,No,Married,2,"$191,000.00",7,1,Own,Foreign,"$82,500",34,Yes,No,Mast,30,No,15,No,No,Yes,Yes,Yes,No,Yes,0,68,$62.00,$833.08,$0.00,$0.00,$0.00,$0.00,$62.00,0
3657-ZNSIXZ-A02,5,Female,78,12,38,Labor,Yes,Unmarried,1,"$18,000.00",2,1,Lease,Domestic,"$4,100",24,Yes,Yes,Visa,29,Yes,20,No,No,No,Yes,Yes,No,No,0,58,$72.40,$901.12,$0.00,$0.00,$0.00,$0.00,$72.40,0
3659-WWBGSY-Y20,5,Male,59,16,15,Professional,No,Unmarried,1,"$124,000.00",3,1,NoCar,N/A,$0,30,No,No,Disc,16,No,14,No,No,No,No,No,No,Yes,0,53,$46.20,$543.64,$0.00,$0.00,$0.00,$0.00,$46.20,0
3664-BLRUZH-TSB,1,Female,21,16,0,Professional,No,Unmarried,2,"$46,000.00",0,1,NoCar,N/A,$0,27,No,No,Visa,4,Yes,21,Yes,Yes,No,Yes,Yes,Yes,No,1,11,$11.40,$39.92,$161.40,$336.56,$186.75,$450.06,$359.55,1
3666-AFMVQU-9H7,5,Male,21,16,0,Sales,No,Unmarried,1,"$42,000.00",6,0,Own,Foreign,"$15,000",31,Yes,Yes,Disc,3,Yes,17,Yes,Yes,Yes,Yes,Yes,Yes,Yes,1,27,$31.60,$194.72,$184.80,$948.44,$191.00,"$1,081.86",$407.40,1
3667-DGDYGJ-SJO,4,Female,25,15,2,Crafts,No,Married,4,"$32,000.00",2,0,NoCar,N/A,$0,15,No,No,Mast,8,No,28,Yes,No,No,No,No,No,No,0,11,$17.80,$38.04,$88.20,$202.60,$0.00,$0.00,$106.00,0
3668-GLTADN-QBA,5,Female,37,20,4,Professional,No,Unmarried,2,"$60,000.00",3,0,Own,Domestic,"$14,000",27,No,No,Disc,3,Yes,22,No,No,Yes,No,No,Yes,No,1,7,$14.80,$15.20,$0.00,$0.00,$0.00,$0.00,$14.80,0
3668-RNOYGG-AS5,5,Female,61,19,10,Professional,No,Unmarried,1,"$84,000.00",0,0,Lease,Foreign,"$26,700",21,Yes,No,Mast,3,Yes,25,Yes,Yes,Yes,Yes,Yes,Yes,No,0,5,$21.00,$23.00,$161.00,$141.60,$178.50,$166.38,$360.50,1
3669-OLWGCO-UCB,2,Female,35,18,7,Crafts,No,Unmarried,1,"$102,000.00",0,1,Own,Domestic,"$27,400",21,No,No,AMEX,5,No,14,No,Yes,Yes,No,Yes,Yes,Yes,0,10,$20.80,$51.20,$0.00,$0.00,$117.75,$269.16,$138.55,0
3669-VGOBHX-TBH,5,Female,48,17,7,Professional,No,Married,3,"$92,000.00",6,1,Own,Domestic,"$23,900",31,No,No,AMEX,25,Yes,22,Yes,No,No,No,No,No,Yes,0,45,$46.20,$413.96,$106.20,$933.56,$0.00,$0.00,$152.40,0
3675-GZFGOT-QJN,2,Male,68,10,24,Professional,No,Unmarried,1,"$196,000.00",4,1,Own,Domestic,"$64,500",21,No,Yes,AMEX,35,No,19,No,No,No,No,No,No,Yes,0,69,$136.40,"$1,924.72",$0.00,$0.00,$0.00,$0.00,$136.40,0
3675-ORXDIG-S0B,1,Female,50,12,1,Sales,No,Married,3,"$62,000.00",6,1,Lease,Foreign,"$13,700",20,No,No,Visa,1,No,24,Yes,No,No,No,No,No,No,0,5,$7.20,$21.48,$70.00,$57.88,$0.00,$0.00,$77.20,0
3675-YYXWTP-H4F,4,Male,67,14,9,Sales,No,Married,2,"$130,000.00",1,1,Own,Foreign,"$26,300",24,No,Yes,Visa,27,No,20,Yes,Yes,Yes,Yes,Yes,Yes,Yes,0,56,$103.00,"$1,133.04",$189.20,"$2,081.40",$234.25,"$3,022.98",$526.45,1
3676-WTBQOM-7IN,1,Female,65,11,29,Labor,Yes,Married,4,"$22,000.00",0,1,Own,Domestic,"$5,500",24,No,No,Mast,36,No,14,No,No,No,No,No,No,No,1,63,$38.80,$510.36,$0.00,$0.00,$0.00,$0.00,$38.80,0
3677-RCTNGD-2YK,2,Male,55,17,7,Sales,No,Married,2,"$182,000.00",3,1,Own,Foreign,"$80,700",14,No,Yes,Disc,31,No,21,No,No,No,Yes,Yes,No,Yes,1,64,$77.80,$966.76,$0.00,$0.00,$0.00,$0.00,$77.80,0
3677-VWKKLE-HH0,4,Female,71,14,8,Sales,Yes,Unmarried,1,"$20,000.00",1,1,Own,Domestic,"$6,700",19,Yes,Yes,Mast,30,No,23,No,No,Yes,Yes,Yes,Yes,No,0,52,$65.80,$722.60,$0.00,$0.00,$0.00,$0.00,$65.80,0
3678-BGOGYB-ES1,4,Male,33,19,2,Sales,No,Unmarried,3,"$96,000.00",11,1,Own,Foreign,"$33,100",21,No,Yes,Disc,8,No,28,Yes,Yes,Yes,Yes,Yes,No,No,1,19,$17.20,$62.76,$201.40,$685.88,$203.75,$906.84,$422.35,1
3681-CUNOXM-OU5,1,Male,72,11,14,Sales,No,Unmarried,1,"$84,000.00",4,1,Own,Foreign,"$23,900",18,Yes,No,Othe,29,Yes,22,No,No,No,No,No,No,Yes,0,65,$75.80,"$1,064.24",$0.00,$0.00,$0.00,$0.00,$75.80,0
3682-HHDSLK-HXO,2,Female,68,13,18,Professional,No,Married,2,"$148,000.00",1,0,Own,Domestic,"$40,400",29,Yes,No,AMEX,32,No,20,No,No,No,No,Yes,No,No,0,68,$47.80,$642.24,$0.00,$0.00,$0.00,$0.00,$47.80,0
3683-KFUDQK-1LJ,1,Female,56,22,11,Professional,No,Unmarried,1,"$175,000.00",5,1,NoCar,N/A,$0,17,No,Yes,Mast,13,Yes,21,No,Yes,Yes,Yes,No,Yes,Yes,1,45,$64.20,$560.24,$0.00,$0.00,$137.75,"$1,366.62",$201.95,0
3684-LILJDH-WMW,3,Female,19,14,0,Crafts,No,Unmarried,1,"$32,000.00",0,0,Own,Domestic,"$10,100",27,Yes,Yes,Mast,1,Yes,17,No,No,No,No,No,No,No,0,14,$18.00,$41.44,$0.00,$0.00,$0.00,$0.00,$18.00,0
3685-RKLHCZ-VBR,2,Female,59,19,1,Sales,No,Unmarried,1,"$110,000.00",2,1,Own,Domestic,"$30,000",31,No,Yes,Disc,13,No,22,No,Yes,Yes,Yes,Yes,Yes,Yes,0,40,$26.40,$233.92,$0.00,$0.00,$190.50,"$1,706.64",$216.90,0
3685-WTAVBE-RC3,2,Female,79,15,33,Labor,Yes,Unmarried,1,"$22,000.00",4,1,Lease,Foreign,"$6,800",32,No,No,Visa,34,Yes,22,No,No,No,No,No,No,Yes,0,68,$76.00,"$1,089.08",$0.00,$0.00,$0.00,$0.00,$76.00,0
3686-HKVHPL-GU6,1,Female,66,16,3,Sales,No,Unmarried,1,"$42,000.00",0,1,NoCar,N/A,$0,25,No,No,Othe,28,Yes,27,No,No,No,Yes,Yes,No,Yes,0,62,$40.80,$500.04,$0.00,$0.00,$0.00,$0.00,$40.80,0
3689-EBNKFV-ZQ3,1,Female,60,14,7,Professional,No,Married,2,"$118,000.00",0,1,NoCar,N/A,$0,23,No,Yes,Mast,10,No,8,Yes,No,No,No,Yes,Yes,No,0,19,$16.40,$78.72,$141.00,$515.92,$0.00,$0.00,$157.40,0
3689-QPFATZ-2YE,4,Male,37,14,12,Labor,No,Unmarried,1,"$176,000.00",6,1,Own,Domestic,"$52,100",25,No,Yes,Disc,16,Yes,27,Yes,No,No,No,No,Yes,Yes,1,34,$20.00,$150.96,$132.00,$915.72,$0.00,$0.00,$152.00,0
3692-CLHXLX-H7W,4,Male,69,12,31,Labor,No,Married,2,"$112,000.00",8,1,Own,Domestic,"$37,300",17,No,Yes,Disc,38,No,24,No,No,No,No,No,No,No,1,70,$173.60,"$2,332.28",$0.00,$0.00,$0.00,$0.00,$173.60,0
3695-IXERGB-NC2,4,Male,33,15,2,Sales,No,Unmarried,1,"$40,000.00",0,0,Lease,Foreign,"$11,900",29,Yes,Yes,Mast,15,No,21,No,No,No,Yes,No,No,No,1,37,$31.60,$257.80,$0.00,$0.00,$0.00,$0.00,$31.60,0
3698-WEUKZD-C2Z,4,Female,77,11,21,Service,Yes,Unmarried,1,"$34,000.00",8,0,Lease,Domestic,"$10,900",17,Yes,Yes,Mast,25,No,12,No,No,No,No,Yes,No,Yes,0,65,$54.60,$685.60,$0.00,$0.00,$0.00,$0.00,$54.60,0
3699-VWOREM-6X8,5,Male,48,18,7,Professional,No,Married,2,"$188,000.00",6,0,NoCar,N/A,$0,27,No,Yes,AMEX,14,Yes,20,No,No,No,Yes,No,Yes,No,0,36,$20.00,$140.36,$0.00,$0.00,$0.00,$0.00,$20.00,0
3699-ZFILHX-5WP,4,Male,63,15,9,Professional,No,Married,2,"$88,000.00",1,0,Own,Foreign,"$23,500",39,No,No,Disc,23,No,22,No,Yes,Yes,Yes,Yes,Yes,No,0,53,$44.40,$446.00,$0.00,$0.00,$209.25,"$2,594.46",$253.65,0
3701-JVVYQP-0NB,2,Female,71,12,4,Sales,No,Unmarried,1,"$62,000.00",0,1,Own,Foreign,"$13,500",19,Yes,No,Mast,14,No,20,No,Yes,No,Yes,Yes,No,No,0,34,$54.60,$370.88,$0.00,$0.00,$116.50,$945.54,$171.10,0
3702-CMRZWS-4I0,2,Male,20,9,0,Sales,No,Unmarried,2,"$30,000.00",5,0,NoCar,N/A,$0,29,No,No,Mast,2,Yes,20,No,No,No,Yes,No,No,No,0,21,$27.80,$109.16,$0.00,$0.00,$0.00,$0.00,$27.80,0
3703-UBXJNY-S52,4,Female,58,17,8,Sales,No,Unmarried,3,"$124,000.00",2,1,Own,Foreign,"$29,500",31,No,Yes,Disc,11,No,21,Yes,No,No,No,No,Yes,No,0,24,$61.80,$297.76,$132.60,$618.84,$0.00,$0.00,$194.40,0
3705-BBBFVD-22T,4,Male,56,14,17,Professional,No,Unmarried,1,"$128,000.00",0,0,Own,Domestic,"$30,600",33,Yes,No,AMEX,28,Yes,23,No,No,No,No,Yes,No,Yes,0,56,$81.20,$945.36,$0.00,$0.00,$0.00,$0.00,$81.20,0
3705-WGWJYH-PDR,3,Male,34,19,1,Sales,No,Unmarried,2,"$48,000.00",5,0,Own,Domestic,"$12,600",35,Yes,No,Visa,16,No,17,Yes,No,No,No,No,Yes,Yes,0,51,$54.80,$556.24,$121.00,"$1,222.32",$0.00,$0.00,$175.80,0
3712-OIXBYD-Q8G,1,Female,56,12,13,Service,No,Unmarried,1,"$110,000.00",1,1,Own,Foreign,"$18,700",23,Yes,No,Mast,27,Yes,23,No,No,No,Yes,Yes,No,Yes,0,66,$56.80,$687.52,$0.00,$0.00,$0.00,$0.00,$56.80,0
3715-QWHEEW-C47,2,Female,43,8,3,Professional,No,Married,2,"$58,000.00",2,0,Own,Foreign,"$13,500",36,Yes,No,AMEX,17,No,16,No,No,No,No,No,No,No,0,47,$59.00,$500.40,$0.00,$0.00,$0.00,$0.00,$59.00,0
3718-NQXURK-9W9,5,Female,35,13,10,Labor,No,Married,4,"$174,000.00",5,0,Own,Domestic,"$46,300",25,No,Yes,Disc,14,Yes,25,No,Yes,Yes,Yes,Yes,No,No,0,43,$37.20,$347.52,$0.00,$0.00,$181.00,"$1,868.70",$218.20,0
3721-IODHSQ-PKB,4,Female,56,19,8,Professional,No,Unmarried,1,"$122,000.00",1,0,Own,Foreign,"$78,500",27,No,Yes,Disc,5,Yes,14,Yes,Yes,Yes,Yes,Yes,Yes,No,0,10,$12.00,$23.68,$170.20,$294.72,$193.75,$417.66,$375.95,1
3728-ELNOUE-F95,3,Male,26,16,4,Crafts,No,Unmarried,1,"$68,000.00",15,1,Lease,Foreign,"$16,100",18,No,Yes,Disc,1,Yes,9,Yes,Yes,Yes,Yes,No,Yes,No,0,3,$8.40,$4.40,$183.40,$78.24,$136.25,$54.72,$328.05,1
3732-AEBOGE-D5R,2,Male,57,12,2,Sales,No,Married,2,"$86,000.00",16,1,Own,Foreign,"$25,300",24,No,No,Visa,11,No,30,No,No,No,Yes,Yes,No,Yes,0,18,$45.60,$181.56,$0.00,$0.00,$0.00,$0.00,$45.60,0
3732-TJHQAL-IZK,3,Male,75,13,16,Professional,Yes,Married,5,"$20,000.00",0,1,Lease,Foreign,"$6,300",26,Yes,Yes,Visa,39,No,19,No,No,Yes,Yes,Yes,No,Yes,0,71,$84.80,"$1,215.76",$0.00,$0.00,$0.00,$0.00,$84.80,0
3736-LXGHWH-QT3,4,Female,52,18,5,Professional,No,Unmarried,1,"$192,000.00",0,1,Own,Foreign,"$47,000",26,No,Yes,Disc,23,No,21,Yes,Yes,Yes,Yes,Yes,No,Yes,0,49,$34.40,$310.24,$156.60,"$1,544.08",$230.00,"$2,618.52",$421.00,1
3736-RXJUQP-APP,5,Male,70,20,6,Sales,No,Unmarried,1,"$122,000.00",0,1,Own,Domestic,"$21,500",33,No,No,Disc,26,No,10,No,No,No,No,Yes,Yes,Yes,0,53,$22.20,$224.64,$0.00,$0.00,$0.00,$0.00,$22.20,0
3736-XFNRBQ-RGC,4,Female,52,16,6,Professional,No,Unmarried,2,"$66,000.00",1,0,Own,Foreign,"$13,200",17,No,No,Disc,3,No,21,No,No,No,No,No,No,No,0,5,$26.20,$33.12,$0.00,$0.00,$0.00,$0.00,$26.20,0
3738-ULGWLB-38V,3,Female,59,16,6,Sales,No,Married,2,"$68,000.00",11,1,Own,Domestic,"$17,100",27,Yes,No,AMEX,10,Yes,14,No,No,No,Yes,Yes,No,No,0,30,$21.60,$146.60,$0.00,$0.00,$0.00,$0.00,$21.60,0
3741-ABJXPY-CMH,5,Female,55,14,26,Crafts,No,Married,2,"$130,000.00",0,1,NoCar,N/A,$0,26,No,Yes,Mast,26,No,21,No,No,No,Yes,Yes,No,Yes,0,46,$59.40,$486.64,$0.00,$0.00,$0.00,$0.00,$59.40,0
3741-GGDHKM-YV4,4,Female,34,17,3,Professional,No,Married,3,"$44,000.00",2,1,Own,Domestic,"$7,800",20,Yes,No,Mast,8,Yes,16,Yes,Yes,Yes,No,Yes,Yes,No,0,13,$30.80,$82.72,$167.80,$403.88,$199.75,$592.80,$398.35,1
3741-RLHCJC-6U3,3,Male,33,15,6,Service,No,Married,4,"$98,000.00",1,1,Own,Foreign,"$25,700",28,No,Yes,Disc,15,Yes,13,No,No,No,No,No,Yes,Yes,0,69,$144.80,"$1,990.60",$0.00,$0.00,$0.00,$0.00,$144.80,0
3743-WMVESG-C4C,4,Male,45,23,2,Sales,No,Unmarried,1,"$116,000.00",11,0,Own,Domestic,"$31,700",25,No,Yes,Disc,2,Yes,18,Yes,Yes,No,Yes,No,Yes,No,0,4,$10.80,$4.96,$152.60,$75.68,$128.50,$92.94,$291.90,1
3748-AGLQOZ-FTB,2,Male,32,13,3,Service,No,Married,4,"$58,000.00",0,1,Own,Foreign,"$11,400",17,Yes,Yes,AMEX,14,No,24,No,No,No,No,Yes,No,No,0,44,$42.40,$359.08,$0.00,$0.00,$0.00,$0.00,$42.40,0
3754-GLRBWO-YG5,3,Male,74,16,42,Labor,Yes,Married,2,"$140,000.00",0,1,Own,Foreign,"$35,000",28,No,No,Mast,18,No,19,No,No,No,Yes,Yes,No,No,0,49,$30.80,$327.72,$0.00,$0.00,$0.00,$0.00,$30.80,0
3754-JJTSIX-HW4,5,Female,18,13,0,Professional,No,Married,6,"$38,000.00",2,0,Own,Foreign,"$8,700",24,Yes,No,Othe,0,No,35,No,No,No,No,No,Yes,No,0,6,$53.40,$60.20,$0.00,$0.00,$0.00,$0.00,$53.40,0
3755-JZHSNC-YVQ,1,Female,52,9,19,Crafts,No,Married,2,"$84,000.00",1,0,Own,Domestic,"$17,800",22,No,Yes,Visa,34,No,21,No,No,No,Yes,Yes,No,Yes,1,72,$235.40,"$3,420.92",$0.00,$0.00,$0.00,$0.00,$235.40,0
3755-LUSAQY-E4O,3,Male,34,11,4,Professional,No,Unmarried,1,"$76,000.00",2,1,Own,Domestic,"$14,300",23,No,No,AMEX,15,Yes,23,Yes,Yes,Yes,Yes,Yes,Yes,Yes,1,31,$38.00,$267.44,$169.60,"$1,095.52",$167.25,"$1,182.96",$374.85,1
3755-NMPIHN-QPI,5,Female,60,10,21,Service,No,Unmarried,1,"$154,000.00",5,0,Own,Domestic,"$49,300",30,No,Yes,Mast,28,No,21,No,No,No,Yes,Yes,No,Yes,1,67,$81.60,"$1,077.96",$0.00,$0.00,$0.00,$0.00,$81.60,0
3757-RERTCC-6IF,3,Male,40,18,3,Professional,No,Unmarried,1,"$101,000.00",5,0,Own,Foreign,"$48,700",20,No,Yes,Visa,21,No,17,Yes,Yes,Yes,Yes,Yes,Yes,No,0,48,$42.80,$391.76,$257.20,"$2,405.04",$505.00,"$5,619.30",$805.00,1
3757-RXQZKA-3PB,2,Female,75,11,8,Professional,Yes,Unmarried,1,"$30,000.00",5,0,Own,Foreign,"$8,700",18,Yes,Yes,Visa,8,No,22,No,No,No,No,No,No,No,1,22,$30.00,$138.00,$0.00,$0.00,$0.00,$0.00,$30.00,0
3759-NJNISE-MZD,4,Male,23,14,0,Sales,No,Married,5,"$46,000.00",7,1,Own,Domestic,"$9,700",23,Yes,Yes,Visa,5,Yes,21,Yes,Yes,Yes,No,No,Yes,No,0,21,$34.00,$125.48,$148.20,$571.00,$131.25,$592.74,$313.45,1
3762-YCXKVW-E8F,1,Female,32,22,3,Crafts,No,Unmarried,1,"$92,000.00",9,1,Lease,Foreign,"$24,900",20,Yes,No,Disc,15,Yes,15,Yes,Yes,Yes,Yes,No,Yes,No,0,23,$12.80,$74.68,$273.40,"$1,168.20",$427.00,"$2,150.46",$713.20,1
3765-BLZLFW-C51,2,Female,37,13,5,Professional,No,Married,2,"$164,000.00",5,0,Own,Domestic,"$38,100",31,No,No,AMEX,10,Yes,16,No,No,No,No,No,No,Yes,1,33,$52.60,$377.96,$0.00,$0.00,$0.00,$0.00,$52.60,0
3765-GXAGFU-R6L,3,Female,30,15,3,Professional,No,Married,4,"$56,000.00",1,1,Lease,Domestic,"$11,900",21,Yes,No,Mast,12,No,28,Yes,Yes,Yes,No,No,Yes,No,0,34,$36.60,$229.56,$180.00,"$1,137.92",$189.25,"$1,448.28",$405.85,1
3772-GPSMXT-1YH,3,Male,33,17,1,Sales,No,Unmarried,3,"$94,000.00",8,1,Own,Domestic,"$27,600",24,No,No,Disc,16,Yes,16,No,No,Yes,No,Yes,Yes,No,0,17,$21.40,$64.24,$0.00,$0.00,$0.00,$0.00,$21.40,0
3772-KZOCCQ-Z7W,5,Female,60,21,12,Professional,No,Unmarried,1,"$147,000.00",6,1,Own,Domestic,"$78,800",33,Yes,Yes,Disc,33,No,23,Yes,No,No,No,No,Yes,No,1,61,$42.80,$502.36,$102.80,"$1,198.32",$0.00,$0.00,$145.60,0
3773-KVEXBK-FO7,3,Female,32,12,4,Professional,No,Married,4,"$72,000.00",0,1,Own,Foreign,"$16,100",25,No,Yes,Othe,14,Yes,21,No,No,Yes,Yes,No,No,Yes,0,47,$47.60,$468.76,$0.00,$0.00,$0.00,$0.00,$47.60,0
3774-VAPGMA-1B0,2,Female,78,10,20,Service,Yes,Unmarried,1,"$34,000.00",0,0,Own,Foreign,"$9,500",33,No,No,Visa,36,No,22,No,No,No,No,No,No,Yes,0,71,$66.60,$939.32,$0.00,$0.00,$0.00,$0.00,$66.60,0
3775-BVFKFE-8CR,5,Male,52,16,20,Service,No,Unmarried,1,"$96,000.00",0,0,Own,Domestic,"$17,000",28,No,Yes,Mast,13,Yes,23,Yes,Yes,Yes,No,No,Yes,No,0,29,$40.00,$225.80,$149.40,$893.08,$168.75,"$1,168.80",$358.15,1
3775-KNAVJV-X9Y,1,Male,18,13,0,Crafts,No,Married,3,"$46,000.00",7,1,Own,Foreign,"$11,400",27,No,No,Mast,0,No,0,No,No,No,Yes,No,No,No,0,6,$13.60,$23.84,$0.00,$0.00,$0.00,$0.00,$13.60,0
3778-YBORGS-QQ6,5,Female,70,7,33,Service,No,Unmarried,1,"$182,000.00",0,0,Lease,Domestic,"$43,200",28,Yes,No,Visa,14,No,20,No,No,No,No,No,No,Yes,0,32,$27.60,$201.80,$0.00,$0.00,$0.00,$0.00,$27.60,0
3780-TATOPA-KUH,3,Female,29,12,6,Service,No,Unmarried,1,"$76,000.00",7,0,Own,Domestic,"$21,400",43,No,No,Mast,7,No,15,Yes,No,Yes,No,No,Yes,No,0,17,$27.20,$82.12,$128.60,$368.76,$0.00,$0.00,$155.80,0
3780-WQNHOZ-888,5,Female,64,8,15,Sales,Yes,Unmarried,1,"$20,000.00",9,1,Own,Domestic,"$4,500",27,No,Yes,Mast,4,No,26,No,No,No,No,No,No,No,0,12,$27.20,$60.80,$0.00,$0.00,$0.00,$0.00,$27.20,0
3781-YLZJMC-441,4,Male,26,17,0,Professional,No,Unmarried,2,"$32,000.00",6,0,Own,Domestic,"$7,400",24,Yes,No,AMEX,1,Yes,0,Yes,No,Yes,Yes,No,Yes,No,1,1,$7.60,$1.52,$125.60,$25.12,$0.00,$0.00,$133.20,0
3784-JTJIKX-D8Y,4,Male,55,13,16,Labor,No,Unmarried,1,"$103,000.00",7,0,Own,Foreign,"$56,600",22,No,No,Visa,3,Yes,23,Yes,Yes,No,Yes,Yes,Yes,No,0,4,$19.80,$19.88,$140.00,$86.44,$120.75,$87.78,$280.55,1
3786-MCAVDN-WCA,5,Female,35,19,5,Professional,No,Unmarried,1,"$98,000.00",5,1,Lease,Domestic,"$27,300",20,No,Yes,Disc,5,Yes,26,Yes,No,No,Yes,Yes,No,No,1,8,$9.80,$15.56,$128.00,$186.16,$0.00,$0.00,$137.80,0
3787-PDMPIW-RUL,2,Male,58,8,28,Labor,No,Unmarried,2,"$168,000.00",9,1,Own,Domestic,"$41,200",24,No,Yes,Visa,21,No,16,No,No,No,No,No,No,Yes,0,36,$30.20,$194.84,$0.00,$0.00,$0.00,$0.00,$30.20,0
3789-UDLMOK-4MN,1,Female,55,16,7,Sales,No,Unmarried,1,"$98,000.00",8,1,NoCar,N/A,$0,27,No,No,Mast,12,No,17,No,No,No,Yes,No,No,Yes,0,49,$56.60,$546.96,$0.00,$0.00,$0.00,$0.00,$56.60,0
3790-TBKXXV-944,2,Female,59,18,20,Crafts,No,Unmarried,1,"$257,000.00",2,0,NoCar,N/A,$0,28,No,Yes,Disc,40,No,18,No,Yes,No,Yes,Yes,No,Yes,0,72,$277.60,"$4,014.48",$0.00,$0.00,$182.75,"$3,180.96",$460.35,1
3792-OVVOIC-8JN,1,Female,38,13,6,Professional,No,Married,4,"$104,000.00",0,0,Own,Foreign,"$25,500",23,No,No,Visa,20,Yes,19,Yes,Yes,Yes,Yes,Yes,Yes,Yes,1,63,$39.40,$467.48,$217.00,"$2,694.32",$212.50,"$3,195.06",$468.90,1
3797-BNLZEA-9WF,2,Male,45,20,0,Sales,No,Unmarried,1,"$112,000.00",0,0,Lease,Foreign,"$22,700",33,No,No,Disc,14,Yes,23,Yes,Yes,No,Yes,Yes,Yes,No,0,41,$50.60,$356.44,$165.20,"$1,346.64",$155.75,"$1,588.92",$371.55,1
3801-VGHGEZ-SSN,4,Male,24,9,1,Professional,No,Married,9,"$30,000.00",0,1,NoCar,N/A,$0,27,Yes,Yes,Mast,6,No,25,No,No,No,Yes,No,No,Yes,0,41,$47.40,$357.44,$0.00,$0.00,$0.00,$0.00,$47.40,0
3802-ZEZAHK-BCU,1,Female,76,10,12,Sales,Yes,Married,2,"$58,000.00",2,0,Own,Foreign,"$13,700",21,No,No,Mast,3,No,25,No,No,No,No,No,No,Yes,1,13,$31.20,$81.32,$0.00,$0.00,$0.00,$0.00,$31.20,0
3803-ZZJFFN-0WH,4,Male,26,10,3,Professional,No,Unmarried,3,"$40,000.00",7,1,NoCar,N/A,$0,22,Yes,Yes,Visa,3,Yes,23,No,No,No,No,No,No,No,0,5,$12.60,$15.08,$0.00,$0.00,$0.00,$0.00,$12.60,0
3811-XQBBND-PAH,5,Male,58,15,20,Professional,No,Married,3,"$134,000.00",3,1,Own,Foreign,"$28,900",23,Yes,Yes,Visa,24,Yes,12,No,No,No,No,No,Yes,No,0,55,$71.60,$797.52,$0.00,$0.00,$0.00,$0.00,$71.60,0
3813-TVAIYQ-3ZA,2,Female,63,8,32,Agriculture,No,Unmarried,1,"$132,000.00",1,1,Own,Domestic,"$31,100",20,Yes,No,Mast,35,No,16,No,No,No,No,No,No,Yes,0,65,$101.60,"$1,346.80",$0.00,$0.00,$0.00,$0.00,$101.60,0
3820-FTKKWP-LH9,5,Female,18,13,0,Crafts,No,Unmarried,1,"$30,000.00",0,0,NoCar,N/A,$0,19,No,No,Mast,0,Yes,18,No,No,No,No,No,No,No,1,9,$13.60,$21.76,$0.00,$0.00,$0.00,$0.00,$13.60,0
3824-HSMJTM-7OT,3,Female,50,7,2,Sales,No,Married,5,"$52,000.00",0,1,Own,Domestic,"$11,400",30,Yes,Yes,Mast,32,No,22,No,No,No,No,No,No,Yes,1,63,$154.80,"$1,999.64",$0.00,$0.00,$0.00,$0.00,$154.80,0
3825-GAUTVS-TDU,4,Female,78,19,30,Crafts,Yes,Married,2,"$34,000.00",7,0,Own,Domestic,"$9,600",15,No,Yes,Mast,28,Yes,15,Yes,Yes,Yes,Yes,Yes,Yes,No,0,50,$104.40,"$1,027.08",$204.40,"$2,016.84",$196.75,"$2,313.72",$505.55,1
3825-PDZIDA-USF,3,Female,70,10,13,Sales,No,Married,2,"$174,000.00",0,1,Own,Domestic,"$45,000",18,No,Yes,Visa,28,Yes,23,No,No,No,Yes,No,No,Yes,0,57,$67.40,$772.28,$0.00,$0.00,$0.00,$0.00,$67.40,0
3828-LGMSNZ-EVZ,3,Male,65,16,22,Professional,No,Unmarried,1,"$296,000.00",0,1,Own,Foreign,"$94,200",9,Yes,Yes,Disc,9,No,25,No,Yes,Yes,Yes,Yes,Yes,No,0,25,$18.60,$66.76,$0.00,$0.00,$301.75,"$1,736.22",$320.35,1
3832-WTQMZS-ZC5,5,Female,35,19,8,Crafts,No,Unmarried,1,"$162,000.00",0,1,NoCar,N/A,$0,36,Yes,No,Disc,17,No,16,No,Yes,Yes,Yes,Yes,Yes,No,0,49,$35.40,$397.76,$0.00,$0.00,$212.50,"$2,358.06",$247.90,0
3833-RQEFZV-E3U,4,Female,24,14,1,Sales,No,Unmarried,3,"$52,000.00",1,1,Own,Domestic,"$10,600",27,No,No,Mast,6,Yes,23,No,No,No,No,No,No,Yes,0,36,$72.60,$525.12,$0.00,$0.00,$0.00,$0.00,$72.60,0
3834-IBVOWB-JXZ,5,Female,46,13,18,Labor,No,Unmarried,2,"$178,000.00",10,0,Own,Foreign,"$49,500",22,Yes,Yes,Visa,28,No,17,No,No,No,No,Yes,No,Yes,0,68,$52.00,$688.48,$0.00,$0.00,$0.00,$0.00,$52.00,0
3839-ZHTQJG-W19,3,Female,77,14,13,Professional,Yes,Unmarried,1,"$20,000.00",2,1,Lease,Foreign,"$3,400",31,No,No,Disc,37,No,20,Yes,No,No,No,No,Yes,Yes,0,72,$87.60,"$1,255.64",$154.80,"$2,232.12",$0.00,$0.00,$242.40,0
3841-PUTRMQ-6P3,1,Male,37,19,3,Sales,No,Unmarried,1,"$104,000.00",6,1,Own,Foreign,"$24,600",27,No,Yes,Disc,13,Yes,20,Yes,Yes,Yes,Yes,Yes,Yes,No,0,20,$33.00,$108.24,$137.60,$587.16,$125.75,$609.24,$296.35,1
3842-AZGVSF-4XY,4,Male,37,17,3,Professional,No,Unmarried,1,"$120,000.00",0,0,NoCar,N/A,$0,27,No,Yes,AMEX,6,No,22,No,Yes,Yes,Yes,Yes,Yes,Yes,0,22,$16.60,$65.12,$0.00,$0.00,$142.00,$709.20,$158.60,0
3842-DLIYAD-6X6,2,Male,39,22,2,Sales,No,Married,4,"$119,000.00",5,1,Own,Foreign,"$70,000",20,Yes,No,Disc,21,Yes,20,Yes,Yes,Yes,No,No,Yes,Yes,0,62,$87.20,"$1,084.24",$187.60,"$2,222.72",$230.50,"$3,352.50",$505.30,1
3845-JKYVBV-CUZ,1,Female,43,11,5,Sales,No,Married,4,"$86,000.00",12,1,Own,Foreign,"$23,200",27,Yes,No,Disc,22,Yes,18,No,No,No,No,Yes,No,Yes,0,58,$90.80,"$1,001.60",$0.00,$0.00,$0.00,$0.00,$90.80,0
3849-BYRQMO-XT2,5,Male,44,19,10,Service,No,Unmarried,1,"$70,000.00",0,1,Own,Domestic,"$17,700",31,No,No,Visa,26,Yes,33,Yes,Yes,Yes,No,Yes,Yes,Yes,0,62,$87.20,"$1,089.92",$169.60,"$1,980.56",$202.75,"$2,938.14",$459.55,1
3851-LUTTSY-4S2,4,Male,73,13,25,Professional,Yes,Married,2,"$32,000.00",4,1,Own,Domestic,"$9,500",27,Yes,Yes,AMEX,32,No,18,No,No,No,No,No,No,No,0,61,$104.60,"$1,272.32",$0.00,$0.00,$0.00,$0.00,$104.60,0
3853-NVDCOJ-TIN,1,Female,78,16,10,Professional,Yes,Unmarried,1,"$44,000.00",0,0,Own,Foreign,"$10,800",23,No,No,Visa,10,Yes,22,Yes,No,No,No,No,Yes,No,1,14,$29.20,$68.48,$99.40,$273.40,$0.00,$0.00,$128.60,0
3854-GSJWFD-IEX,1,Male,49,11,3,Sales,No,Married,2,"$54,000.00",0,1,Own,Domestic,"$15,100",26,No,No,Disc,7,No,17,No,No,No,No,No,No,No,0,14,$19.40,$69.80,$0.00,$0.00,$0.00,$0.00,$19.40,0
3854-JFVVZN-I26,4,Male,48,6,13,Sales,No,Unmarried,1,"$92,000.00",3,1,Lease,Domestic,"$24,700",21,No,Yes,Othe,2,No,22,No,No,No,Yes,Yes,No,No,0,4,$4.80,$1.60,$0.00,$0.00,$0.00,$0.00,$4.80,0
3857-PXLQFQ-41C,2,Female,68,12,18,Agriculture,Yes,Married,4,"$18,000.00",0,1,Lease,Domestic,"$3,800",22,Yes,No,Mast,40,Yes,17,No,No,No,Yes,Yes,No,Yes,0,72,$167.40,"$2,222.64",$0.00,$0.00,$0.00,$0.00,$167.40,0
3862-IIHSHN-2R8,2,Male,69,13,19,Professional,No,Married,2,"$182,000.00",1,1,Own,Domestic,"$48,300",23,No,No,Mast,29,No,19,No,Yes,Yes,Yes,Yes,Yes,Yes,0,54,$44.20,$506.60,$0.00,$0.00,$213.25,"$2,687.64",$257.45,0
3862-SNXWPL-4GO,4,Male,68,11,30,Crafts,Yes,Married,2,"$22,000.00",1,1,Lease,Domestic,"$4,900",18,No,No,Disc,21,No,25,No,No,No,No,No,Yes,Yes,0,54,$84.20,$954.04,$0.00,$0.00,$0.00,$0.00,$84.20,0
3863-HKQWZX-97H,2,Male,49,14,20,Crafts,No,Married,6,"$170,000.00",7,1,Own,Domestic,"$33,800",31,Yes,Yes,AMEX,27,No,27,No,Yes,No,Yes,Yes,Yes,No,0,49,$31.00,$314.92,$0.00,$0.00,$176.75,"$1,971.60",$207.75,0
3865-EGMXSS-0ZO,4,Female,76,7,40,Labor,Yes,Married,2,"$32,000.00",0,0,Own,Domestic,"$7,500",27,No,No,Mast,34,Yes,25,No,No,No,No,No,No,Yes,0,67,$94.00,"$1,256.52",$0.00,$0.00,$0.00,$0.00,$94.00,0
3865-YBXYZR-N1T,3,Male,71,15,38,Labor,Yes,Married,2,"$74,000.00",1,1,Own,Foreign,"$14,200",22,Yes,Yes,AMEX,39,No,16,No,No,No,No,No,No,Yes,1,72,$181.60,"$2,570.76",$0.00,$0.00,$0.00,$0.00,$181.60,0
3868-FPFRLD-YYD,3,Male,76,8,12,Professional,No,Married,2,"$68,000.00",10,1,Own,Foreign,"$11,300",29,Yes,No,Visa,40,No,16,No,No,No,Yes,No,No,Yes,0,72,$324.20,"$4,736.64",$0.00,$0.00,$0.00,$0.00,$324.20,1
3870-RUGFIR-XKA,1,Female,18,13,0,Service,No,Unmarried,1,"$44,000.00",0,1,NoCar,N/A,$0,20,Yes,Yes,Disc,0,Yes,21,No,No,Yes,Yes,Yes,Yes,No,1,4,$22.00,$16.60,$0.00,$0.00,$0.00,$0.00,$22.00,0
3872-YBCXVM-0FD,5,Male,48,14,4,Sales,No,Married,3,"$44,000.00",2,0,Lease,Domestic,"$9,400",34,No,No,Visa,1,Yes,18,No,Yes,Yes,Yes,Yes,Yes,No,1,1,$9.60,$1.92,$0.00,$0.00,$128.00,$30.72,$137.60,0
3877-LGSNNT-CP6,1,Male,67,14,30,Service,Yes,Unmarried,1,"$22,000.00",0,0,Own,Domestic,"$6,500",18,No,No,Mast,30,No,21,No,No,No,No,No,No,Yes,0,61,$65.80,$826.20,$0.00,$0.00,$0.00,$0.00,$65.80,0
3883-BTASOR-CD9,5,Female,49,15,5,Sales,No,Unmarried,1,"$50,000.00",3,0,Lease,Domestic,"$8,400",27,No,Yes,Disc,14,Yes,17,Yes,No,No,No,No,No,Yes,0,29,$35.40,$193.00,$131.20,$702.00,$0.00,$0.00,$166.60,0
3885-HCJBLU-PGQ,5,Female,36,19,7,Professional,No,Married,3,"$70,000.00",11,1,Own,Domestic,"$17,400",31,No,Yes,Mast,6,Yes,14,Yes,Yes,Yes,No,No,Yes,No,0,23,$31.60,$137.44,$116.60,$547.00,$117.00,$600.66,$265.20,0
3886-TMAJOL-WXW,3,Female,52,18,6,Sales,No,Unmarried,1,"$154,000.00",3,0,Own,Foreign,"$33,500",21,Yes,No,AMEX,12,Yes,19,No,No,Yes,Yes,Yes,No,No,0,25,$22.60,$110.44,$0.00,$0.00,$0.00,$0.00,$22.60,0
3888-ONZOUU-YK0,2,Female,27,17,1,Sales,No,Unmarried,2,"$92,000.00",1,0,Own,Foreign,"$19,200",24,No,Yes,Disc,9,Yes,21,Yes,Yes,Yes,No,No,Yes,No,0,23,$29.80,$142.20,$159.20,$695.68,$169.50,$871.32,$358.50,1
3896-KXFFYW-P0V,3,Male,78,9,21,Sales,Yes,Married,2,"$20,000.00",4,1,Lease,Foreign,"$6,100",33,No,No,Visa,33,No,19,No,No,No,No,No,No,Yes,0,64,$55.40,$717.16,$0.00,$0.00,$0.00,$0.00,$55.40,0
3898-XYJZTF-LML,1,Male,24,15,1,Professional,No,Unmarried,1,"$36,000.00",9,1,Own,Domestic,"$9,000",22,No,No,Disc,2,Yes,23,No,No,No,No,No,No,No,0,9,$7.00,$16.48,$0.00,$0.00,$0.00,$0.00,$7.00,0
3900-KDRPVP-CCX,2,Male,68,16,5,Sales,Yes,Unmarried,1,"$74,000.00",0,0,Own,Domestic,"$16,500",31,No,No,AMEX,25,Yes,25,No,No,No,No,No,No,No,0,62,$83.00,"$1,017.60",$0.00,$0.00,$0.00,$0.00,$83.00,0
3900-SSWIXG-RI2,1,Female,71,10,4,Sales,Yes,Unmarried,1,"$20,000.00",12,0,Own,Domestic,"$4,800",38,No,Yes,Disc,35,No,10,No,No,No,No,Yes,No,Yes,0,67,$47.20,$600.08,$0.00,$0.00,$0.00,$0.00,$47.20,0
3900-UQUFHI-RSI,2,Male,25,15,0,Professional,No,Married,3,"$46,000.00",2,1,Lease,Foreign,"$12,400",27,No,No,Visa,1,No,19,No,No,No,Yes,Yes,No,No,1,1,$5.40,$1.08,$0.00,$0.00,$0.00,$0.00,$5.40,0
3900-ZAAVUY-D5L,2,Female,44,18,1,Sales,No,Unmarried,3,"$94,000.00",0,0,Own,Domestic,"$18,900",16,No,No,Visa,11,Yes,21,Yes,No,No,No,No,Yes,Yes,0,25,$36.60,$188.28,$117.00,$542.92,$0.00,$0.00,$153.60,0
3901-ZVOXPC-07I,2,Male,61,13,9,Sales,No,Unmarried,1,"$98,000.00",4,1,Own,Foreign,"$27,500",24,Yes,Yes,Visa,14,Yes,14,No,No,No,Yes,No,No,No,0,36,$33.40,$278.04,$0.00,$0.00,$0.00,$0.00,$33.40,0
3902-BESDFP-CX1,5,Female,67,8,30,Crafts,No,Unmarried,1,"$184,000.00",1,0,Own,Domestic,"$46,700",27,No,Yes,Visa,33,Yes,18,No,No,No,No,Yes,No,Yes,0,65,$58.80,$777.96,$0.00,$0.00,$0.00,$0.00,$58.80,0
3902-TZAHXC-1L6,1,Female,32,10,1,Sales,No,Unmarried,1,"$38,000.00",2,1,Own,Foreign,"$7,100",22,No,Yes,Disc,3,No,13,No,No,No,No,No,No,No,0,10,$20.00,$46.20,$0.00,$0.00,$0.00,$0.00,$20.00,0
3907-RATHSF-JGQ,2,Male,55,9,5,Sales,No,Married,3,"$44,000.00",1,1,Own,Domestic,"$6,700",24,Yes,Yes,Disc,16,No,18,No,No,No,Yes,Yes,No,No,0,39,$16.60,$101.36,$0.00,$0.00,$0.00,$0.00,$16.60,0
3909-PQGPKR-NMP,3,Male,61,16,11,Sales,No,Married,2,"$162,000.00",0,1,Own,Domestic,"$31,500",27,No,Yes,Disc,5,No,21,Yes,No,No,No,No,Yes,No,0,19,$20.20,$71.28,$102.40,$346.16,$0.00,$0.00,$122.60,0
3912-EDPWEY-1ZP,3,Female,44,19,1,Sales,No,Unmarried,1,"$118,000.00",6,1,NoCar,N/A,$0,26,No,No,Mast,21,No,24,No,No,No,No,No,No,Yes,0,48,$33.80,$339.12,$0.00,$0.00,$0.00,$0.00,$33.80,0
3912-MKLRVC-NNW,1,Female,21,14,1,Labor,No,Married,5,"$40,000.00",6,0,Own,Domestic,"$10,100",25,No,Yes,Visa,2,No,20,No,No,Yes,Yes,Yes,No,No,0,9,$15.20,$31.88,$0.00,$0.00,$0.00,$0.00,$15.20,0
3913-VGYWCU-5OD,2,Female,43,12,20,Labor,No,Unmarried,1,"$184,000.00",1,1,Own,Domestic,"$48,000",25,No,Yes,Disc,9,No,15,No,No,No,No,No,No,No,0,27,$33.40,$165.48,$0.00,$0.00,$0.00,$0.00,$33.40,0
3914-QCIBKN-54B,5,Male,72,10,32,Service,No,Married,2,"$176,000.00",1,1,NoCar,N/A,$0,30,Yes,Yes,Mast,39,Yes,32,No,No,No,No,Yes,Yes,Yes,0,72,$260.20,"$3,750.16",$0.00,$0.00,$0.00,$0.00,$260.20,0
3916-KOIRUV-LHV,2,Female,79,9,30,Professional,Yes,Unmarried,1,"$24,000.00",9,0,Lease,Domestic,"$4,300",18,No,No,Mast,14,No,21,No,No,No,No,No,No,Yes,0,39,$14.40,$122.96,$0.00,$0.00,$0.00,$0.00,$14.40,0
3916-NWERMD-49E,5,Female,77,17,38,Crafts,Yes,Married,2,"$70,000.00",7,1,Own,Domestic,"$22,000",31,No,Yes,AMEX,40,No,20,No,No,No,Yes,No,No,Yes,0,72,$135.80,"$1,976.48",$0.00,$0.00,$0.00,$0.00,$135.80,0
3922-ZTHYIP-N42,5,Male,56,17,10,Sales,No,Unmarried,1,"$113,000.00",0,1,Own,Foreign,"$49,700",36,No,No,Disc,25,Yes,24,No,No,Yes,Yes,No,Yes,Yes,0,47,$33.60,$378.16,$0.00,$0.00,$0.00,$0.00,$33.60,0
3923-PYIZBQ-J5D,3,Female,49,16,8,Service,No,Married,3,"$120,000.00",15,1,Own,Domestic,"$39,600",25,No,Yes,Disc,14,No,22,Yes,No,No,No,No,Yes,Yes,0,33,$18.20,$139.04,$121.20,$731.04,$0.00,$0.00,$139.40,0
3923-ZOSAYQ-53X,3,Male,54,21,7,Professional,No,Married,2,"$108,000.00",0,0,Own,Foreign,"$46,000",27,Yes,Yes,Disc,7,No,13,Yes,Yes,Yes,Yes,Yes,Yes,Yes,0,12,$32.80,$76.00,$205.80,$461.56,$374.25,$918.54,$612.85,1
3925-TLDSPA-F84,4,Male,76,6,13,Professional,Yes,Unmarried,1,"$32,000.00",4,0,NoCar,N/A,$0,20,Yes,No,Visa,40,No,20,No,No,No,Yes,Yes,No,Yes,0,72,$88.20,"$1,350.92",$0.00,$0.00,$0.00,$0.00,$88.20,0
3930-ZVCNTJ-4AM,4,Female,57,10,15,Service,No,Unmarried,1,"$112,000.00",21,1,Own,Domestic,"$24,500",27,Yes,Yes,Visa,2,No,27,No,No,No,No,No,No,No,0,5,$18.20,$15.24,$0.00,$0.00,$0.00,$0.00,$18.20,0
3932-BXYINB-Z8X,1,Male,67,8,30,Labor,Yes,Unmarried,1,"$162,000.00",0,1,Own,Foreign,"$50,100",23,No,Yes,Mast,23,Yes,21,No,No,No,No,No,No,Yes,0,55,$64.20,$723.20,$0.00,$0.00,$0.00,$0.00,$64.20,0
3936-QZWSPD-NQQ,4,Male,49,14,16,Crafts,No,Married,3,"$103,000.00",5,1,Own,Foreign,"$69,700",24,No,No,Disc,14,No,21,Yes,Yes,No,Yes,No,Yes,Yes,0,40,$26.40,$231.80,$130.00,"$1,024.92",$125.50,"$1,147.92",$281.90,1
3939-MIHPNM-6DR,3,Female,36,17,4,Professional,No,Married,4,"$82,000.00",0,1,Own,Foreign,"$18,600",21,No,No,Disc,17,Yes,14,No,No,No,Yes,Yes,No,No,0,43,$45.80,$408.96,$0.00,$0.00,$0.00,$0.00,$45.80,0
3942-OUUULP-XXE,1,Male,79,18,24,Service,Yes,Married,2,"$28,000.00",1,1,Lease,Domestic,"$4,400",32,Yes,Yes,AMEX,20,No,17,Yes,No,Yes,No,No,Yes,No,0,53,$54.60,$557.76,$134.40,"$1,417.32",$0.00,$0.00,$189.00,0
3945-WRBFDT-K9V,5,Male,60,18,15,Professional,No,Married,3,"$113,000.00",4,1,Own,Foreign,"$60,500",28,Yes,No,Disc,26,No,26,Yes,No,No,No,No,Yes,Yes,0,58,$52.80,$628.48,$120.40,"$1,358.88",$0.00,$0.00,$173.20,0
3946-OKMWQZ-5TL,5,Male,30,22,0,Sales,No,Married,2,"$127,000.00",0,1,Own,Foreign,"$71,500",26,No,Yes,Mast,3,Yes,34,Yes,No,Yes,No,No,Yes,No,1,11,$17.00,$41.72,$133.60,$247.76,$0.00,$0.00,$150.60,0
3948-QYMTYJ-AWC,2,Male,29,16,3,Service,No,Unmarried,1,"$70,000.00",0,1,NoCar,N/A,$0,36,No,Yes,Mast,2,Yes,31,Yes,Yes,Yes,Yes,Yes,No,No,0,3,$13.80,$9.48,$159.20,$56.92,$132.75,$71.28,$305.75,1
3956-EPFAKP-KFS,3,Male,39,18,3,Professional,No,Unmarried,1,"$170,000.00",0,1,Own,Domestic,"$34,300",24,No,Yes,Disc,14,Yes,21,Yes,Yes,Yes,Yes,No,Yes,No,0,31,$32.20,$201.16,$162.20,$964.88,$164.50,"$1,124.64",$358.90,1
3957-ABEZXA-PIV,2,Male,61,13,7,Sales,No,Unmarried,4,"$112,000.00",6,0,Lease,Foreign,"$31,400",19,Yes,Yes,AMEX,26,No,11,No,No,No,Yes,Yes,No,No,1,62,$93.20,"$1,131.80",$0.00,$0.00,$0.00,$0.00,$93.20,0
3957-CXVHIS-5IC,1,Male,26,16,1,Sales,No,Unmarried,5,"$80,000.00",11,0,Own,Foreign,"$21,500",32,No,Yes,Visa,9,Yes,20,No,No,No,Yes,No,No,No,0,26,$28.80,$150.08,$0.00,$0.00,$0.00,$0.00,$28.80,0
3957-VXHRNX-HRM,4,Male,64,19,4,Professional,No,Unmarried,1,"$62,000.00",1,1,Own,Domestic,"$15,600",27,No,No,Disc,17,No,18,Yes,No,Yes,No,No,Yes,No,0,36,$48.80,$370.20,$137.20,$956.48,$0.00,$0.00,$186.00,0
3957-YFDRRZ-S0R,1,Female,78,8,43,Agriculture,Yes,Unmarried,1,"$38,000.00",0,1,Lease,Domestic,"$10,400",21,Yes,No,Visa,35,No,22,No,No,No,No,No,No,No,1,62,$66.20,$817.48,$0.00,$0.00,$0.00,$0.00,$66.20,0
3958-DZQIMT-O33,5,Female,30,16,1,Sales,No,Unmarried,2,"$50,000.00",0,0,Own,Domestic,"$8,500",21,No,Yes,Mast,6,No,20,No,No,No,No,No,Yes,No,0,20,$16.20,$79.28,$0.00,$0.00,$0.00,$0.00,$16.20,0
3961-NZXCDF-RUB,4,Male,22,17,0,Crafts,No,Unmarried,4,"$62,000.00",6,1,Own,Domestic,"$12,700",18,Yes,Yes,AMEX,5,Yes,18,Yes,Yes,Yes,Yes,Yes,Yes,No,0,14,$21.60,$58.20,$150.60,$413.12,$197.25,$639.18,$369.45,1
3964-QJWTRG-NPN,1,Female,20,15,0,Professional,No,Unmarried,3,"$62,000.00",0,0,Own,Domestic,"$14,300",22,Yes,Yes,Mast,2,No,13,Yes,No,Yes,No,Yes,No,No,1,5,$26.00,$27.52,$118.00,$100.88,$0.00,$0.00,$144.00,0
3981-RDXPBC-286,3,Female,22,17,0,Crafts,No,Married,3,"$60,000.00",1,1,Own,Foreign,"$17,900",39,No,Yes,Visa,4,Yes,20,Yes,Yes,Yes,Yes,Yes,Yes,Yes,0,38,$63.40,$452.48,$155.20,"$1,153.64",$183.75,"$1,578.60",$402.35,1
3982-JGAJOD-JBI,4,Male,66,17,10,Professional,Yes,Married,2,"$26,000.00",2,0,Own,Domestic,"$7,000",27,Yes,No,Mast,38,No,22,No,No,No,Yes,Yes,No,Yes,1,69,$118.80,"$1,678.24",$0.00,$0.00,$0.00,$0.00,$118.80,0
3983-DVUIYK-68J,2,Female,25,17,0,Sales,No,Married,5,"$32,000.00",2,0,Own,Foreign,"$8,800",24,Yes,No,AMEX,3,Yes,18,No,No,No,No,No,No,No,0,8,$9.20,$13.04,$0.00,$0.00,$0.00,$0.00,$9.20,0
3988-VBWVBV-XMP,5,Female,49,19,16,Service,No,Unmarried,2,"$104,000.00",4,1,Own,Foreign,"$46,500",24,No,No,Mast,24,Yes,20,Yes,Yes,Yes,No,No,Yes,Yes,0,41,$46.20,$371.20,$177.80,"$1,389.68",$176.25,"$1,704.90",$400.25,1
3988-YAMGXI-LZK,2,Female,65,14,13,Sales,No,Unmarried,1,"$140,000.00",3,1,Own,Foreign,"$38,800",18,No,Yes,Mast,35,Yes,20,Yes,No,No,No,Yes,Yes,No,0,69,$83.60,"$1,186.00",$164.40,"$2,189.72",$0.00,$0.00,$248.00,0
3991-CUORUO-49K,1,Male,63,9,15,Professional,Yes,Unmarried,1,"$26,000.00",2,0,Lease,Foreign,"$9,300",23,No,Yes,Mast,3,Yes,24,No,No,No,No,No,No,No,1,7,$23.40,$30.36,$0.00,$0.00,$0.00,$0.00,$23.40,0
3992-XOPOFU-S3V,3,Male,48,11,15,Service,No,Married,3,"$116,000.00",8,0,Own,Domestic,"$63,300",32,Yes,Yes,Disc,30,No,20,No,No,No,Yes,Yes,No,Yes,0,72,$247.20,"$3,528.68",$0.00,$0.00,$0.00,$0.00,$247.20,0
3992-YOCQDJ-8IG,5,Male,58,13,24,Labor,Yes,Unmarried,1,"$38,000.00",8,0,Own,Domestic,"$7,000",23,No,Yes,AMEX,29,No,23,No,No,No,No,No,No,No,0,56,$60.60,$671.96,$0.00,$0.00,$0.00,$0.00,$60.60,0
3993-LPGYYK-ZNC,4,Male,63,13,24,Service,No,Married,2,"$215,000.00",1,0,Own,Foreign,"$89,700",22,No,No,AMEX,19,Yes,18,No,No,No,No,No,No,Yes,0,53,$35.40,$400.52,$0.00,$0.00,$0.00,$0.00,$35.40,0
3997-ODNQKQ-P12,1,Female,40,14,3,Sales,No,Unmarried,5,"$92,000.00",10,0,Own,Domestic,"$21,400",15,No,No,Disc,3,No,12,Yes,Yes,Yes,No,No,Yes,No,0,6,$16.60,$13.64,$104.40,$105.48,$88.75,$119.04,$209.75,0
4000-PKSKNR-T9A,5,Male,42,17,1,Sales,No,Unmarried,3,"$60,000.00",1,1,Own,Foreign,"$11,500",27,Yes,Yes,Visa,12,Yes,15,No,No,No,No,No,Yes,No,0,29,$29.20,$169.60,$0.00,$0.00,$0.00,$0.00,$29.20,0
4001-AOWFME-CMG,3,Female,31,17,6,Crafts,No,Unmarried,1,"$152,000.00",7,1,Own,Domestic,"$63,200",25,Yes,Yes,AMEX,13,Yes,19,Yes,Yes,Yes,Yes,Yes,Yes,Yes,0,68,$77.00,"$1,063.36",$282.00,"$3,818.00",$467.75,"$7,481.70",$826.75,1
4002-UDERWL-K5I,3,Male,61,17,21,Service,Yes,Married,2,"$24,000.00",2,0,Lease,Domestic,"$4,900",24,Yes,Yes,AMEX,14,No,23,No,No,Yes,Yes,Yes,No,Yes,0,40,$31.20,$230.72,$0.00,$0.00,$0.00,$0.00,$31.20,0
4003-MTVCZU-947,5,Female,65,8,2,Sales,Yes,Unmarried,2,"$20,000.00",1,0,Lease,Foreign,"$6,300",23,Yes,No,Disc,36,No,15,No,No,No,No,Yes,No,Yes,1,65,$79.80,"$1,075.76",$0.00,$0.00,$0.00,$0.00,$79.80,0
4006-DKNBRW-0XC,1,Male,27,13,3,Professional,No,Married,4,"$86,000.00",5,1,Own,Foreign,"$24,400",25,No,No,Mast,9,Yes,19,No,No,No,Yes,No,No,No,0,35,$49.20,$371.80,$0.00,$0.00,$0.00,$0.00,$49.20,0
4007-HKDFMC-S6B,1,Female,54,12,8,Crafts,No,Unmarried,1,"$82,000.00",2,1,Own,Domestic,"$13,100",29,Yes,Yes,Mast,10,Yes,14,No,No,No,No,No,No,No,1,24,$40.00,$226.68,$0.00,$0.00,$0.00,$0.00,$40.00,0
4010-BNQGZR-YWI,3,Female,27,18,2,Crafts,No,Unmarried,1,"$76,000.00",0,0,Own,Foreign,"$12,500",28,No,Yes,Mast,6,No,28,Yes,Yes,Yes,Yes,No,No,No,0,10,$18.60,$35.76,$142.20,$237.92,$216.00,$499.20,$376.80,1
4010-NBXOCJ-UT7,5,Female,72,13,40,Crafts,Yes,Unmarried,1,"$28,000.00",1,1,Lease,Domestic,"$4,200",35,No,No,Disc,36,Yes,20,No,No,No,No,No,Yes,Yes,0,71,$69.00,$977.28,$0.00,$0.00,$0.00,$0.00,$69.00,0
4012-LXDQWA-74N,5,Male,31,14,4,Service,No,Unmarried,1,"$56,000.00",2,0,Own,Foreign,"$14,900",25,Yes,No,Mast,6,Yes,19,No,No,No,No,No,Yes,No,1,14,$37.20,$110.72,$0.00,$0.00,$0.00,$0.00,$37.20,0
4014-VBNRDY-ALW,1,Male,18,13,0,Sales,No,Unmarried,1,"$96,000.00",6,1,Own,Foreign,"$22,400",16,Yes,No,Mast,1,Yes,17,No,No,Yes,Yes,Yes,Yes,No,0,4,$11.60,$5.36,$0.00,$0.00,$0.00,$0.00,$11.60,0
4018-QXZCGI-O4Q,5,Male,78,12,15,Sales,Yes,Married,2,"$26,000.00",0,1,Lease,Foreign,"$6,900",31,No,No,Disc,38,No,15,No,No,No,No,No,No,Yes,0,71,$251.60,"$3,546.84",$0.00,$0.00,$0.00,$0.00,$251.60,0
4023-IGMCSH-XUV,4,Female,61,13,4,Sales,No,Unmarried,1,"$80,000.00",3,1,NoCar,N/A,$0,23,No,Yes,Visa,18,No,16,No,No,No,No,No,No,No,0,35,$53.40,$372.00,$0.00,$0.00,$0.00,$0.00,$53.40,0
4024-AVSJAF-CW5,5,Male,22,10,1,Professional,No,Married,3,"$42,000.00",2,1,Lease,Domestic,"$11,000",26,No,No,Visa,4,No,19,No,No,No,Yes,Yes,No,No,1,9,$34.00,$59.68,$0.00,$0.00,$0.00,$0.00,$34.00,0
4024-ODLSKW-WP1,3,Male,22,12,1,Professional,No,Unmarried,3,"$38,000.00",8,1,Own,Domestic,"$8,900",21,No,No,Mast,4,No,24,No,No,No,No,No,No,No,0,8,$12.40,$16.28,$0.00,$0.00,$0.00,$0.00,$12.40,0
4025-RCPSYI-803,1,Male,54,15,5,Professional,No,Married,4,"$76,000.00",1,1,Own,Foreign,"$15,900",21,Yes,Yes,Mast,10,No,16,No,No,No,Yes,No,No,No,0,21,$25.00,$106.48,$0.00,$0.00,$0.00,$0.00,$25.00,0
4027-OUHQXH-696,3,Male,28,14,3,Service,No,Married,2,"$48,000.00",2,1,Own,Foreign,"$15,800",13,Yes,No,Visa,10,No,20,Yes,No,No,No,No,Yes,Yes,0,65,$104.80,"$1,487.44",$123.80,"$1,574.64",$0.00,$0.00,$228.60,0
4030-WSTXBV-BTC,3,Female,79,12,18,Sales,Yes,Unmarried,1,"$18,000.00",6,1,Own,Foreign,"$4,200",30,Yes,No,AMEX,38,No,0,No,No,No,No,No,No,Yes,0,72,$136.20,"$1,921.40",$0.00,$0.00,$0.00,$0.00,$136.20,0
4031-LLUZAE-T5B,4,Female,43,16,9,Professional,No,Married,2,"$102,000.00",2,1,Own,Domestic,"$36,200",27,Yes,No,Disc,25,Yes,17,No,No,No,Yes,Yes,No,Yes,0,61,$51.60,$603.80,$0.00,$0.00,$0.00,$0.00,$51.60,0
4032-ZIUYGG-4N6,1,Female,19,14,0,Agriculture,No,Unmarried,1,"$32,000.00",0,0,Own,Foreign,"$6,600",24,No,Yes,Mast,1,Yes,16,No,No,No,No,Yes,No,No,0,20,$41.00,$163.28,$0.00,$0.00,$0.00,$0.00,$41.00,0
4035-JJMCTG-FXI,3,Female,56,12,16,Professional,No,Unmarried,1,"$158,000.00",11,0,Own,Domestic,"$55,600",29,No,No,Visa,7,No,15,No,No,No,Yes,Yes,No,No,0,19,$37.60,$119.48,$0.00,$0.00,$0.00,$0.00,$37.60,0
4035-PPXNFZ-T23,3,Male,45,16,12,Service,No,Unmarried,1,"$82,000.00",0,0,Own,Foreign,"$19,000",22,Yes,No,Visa,18,Yes,19,Yes,No,No,No,No,Yes,No,0,63,$122.00,"$1,543.68",$87.60,"$1,043.52",$0.00,$0.00,$209.60,0
4038-XRNFXU-8JL,5,Female,34,16,9,Crafts,No,Married,3,"$106,000.00",0,1,Own,Foreign,"$30,800",21,No,Yes,Mast,15,Yes,22,Yes,Yes,Yes,Yes,Yes,Yes,No,0,27,$45.00,$254.12,$194.00,"$1,054.84",$238.75,"$1,443.84",$477.75,1
4039-NPYLRF-XFJ,3,Female,35,17,5,Service,No,Married,5,"$58,000.00",0,1,Own,Domestic,"$11,000",19,No,No,AMEX,16,Yes,23,Yes,Yes,Yes,Yes,Yes,Yes,Yes,1,28,$56.40,$339.04,$175.20,$890.40,$241.25,"$1,611.90",$472.85,1
4045-LHVURA-U05,5,Male,57,20,5,Professional,No,Unmarried,1,"$170,000.00",4,1,Own,Foreign,"$89,000",33,Yes,No,Visa,15,Yes,25,Yes,No,No,No,No,Yes,No,1,52,$29.00,$288.04,$118.00,"$1,259.28",$0.00,$0.00,$147.00,0
4048-TDAQGT-9Y6,1,Male,64,10,36,Professional,No,Married,2,"$243,000.00",0,0,Own,Domestic,"$85,800",23,No,Yes,AMEX,40,No,16,No,No,Yes,Yes,Yes,No,Yes,1,72,$402.80,"$5,920.68",$0.00,$0.00,$0.00,$0.00,$402.80,1
4050-BCFIUC-KUJ,2,Male,66,16,21,Service,No,Married,2,"$104,000.00",0,1,Own,Domestic,"$19,600",20,Yes,No,AMEX,35,No,12,No,Yes,No,Yes,Yes,No,Yes,0,67,$73.20,"$1,006.40",$0.00,$0.00,$231.25,"$3,542.94",$304.45,1
4050-QDYQAT-KRZ,4,Male,36,15,7,Service,No,Married,2,"$78,000.00",7,0,Own,Foreign,"$11,900",27,No,Yes,AMEX,13,No,25,No,No,Yes,Yes,Yes,No,No,0,24,$26.40,$128.36,$0.00,$0.00,$0.00,$0.00,$26.40,0
4050-WLJXYK-DFI,5,Female,67,20,26,Labor,No,Married,2,"$148,000.00",2,1,Own,Domestic,"$40,700",31,No,No,Disc,38,No,20,No,Yes,Yes,Yes,Yes,No,Yes,0,70,$83.60,"$1,237.64",$0.00,$0.00,$252.50,"$4,219.74",$336.10,1
4051-HMTRTW-XKC,5,Female,50,11,12,Labor,No,Married,2,"$70,000.00",6,1,Own,Foreign,"$22,100",25,No,Yes,AMEX,20,No,19,No,No,No,No,No,No,Yes,0,44,$24.20,$241.72,$0.00,$0.00,$0.00,$0.00,$24.20,0
4051-ZFNLDY-SAH,3,Female,22,14,0,Sales,No,Married,5,"$66,000.00",3,1,Own,Foreign,"$9,200",29,Yes,No,Visa,4,Yes,18,Yes,No,No,No,No,Yes,Yes,0,18,$30.00,$93.36,$120.00,$383.16,$0.00,$0.00,$150.00,0
4054-FOPYSA-DXF,1,Male,28,18,0,Sales,No,Married,6,"$42,000.00",7,0,Lease,Domestic,"$9,400",33,No,Yes,Visa,10,No,26,No,No,No,No,No,No,No,0,14,$26.20,$74.76,$0.00,$0.00,$0.00,$0.00,$26.20,0
4060-BYFVHS-PQ9,3,Female,62,14,13,Professional,No,Unmarried,2,"$144,000.00",2,0,NoCar,N/A,$0,29,Yes,Yes,Visa,16,No,28,Yes,No,No,No,No,No,Yes,0,35,$23.60,$157.00,$101.40,$725.76,$0.00,$0.00,$125.00,0
4063-VPEQEG-YXD,2,Male,29,13,1,Professional,No,Unmarried,2,"$64,000.00",1,1,NoCar,N/A,$0,33,No,Yes,AMEX,8,Yes,19,Yes,No,No,No,No,No,No,0,11,$20.60,$53.84,$105.20,$232.24,$0.00,$0.00,$125.80,0
4064-UGUXPQ-PEA,4,Female,37,19,6,Professional,No,Unmarried,2,"$56,000.00",9,0,Own,Foreign,"$20,300",27,Yes,Yes,Mast,19,No,17,Yes,Yes,No,No,No,Yes,Yes,1,56,$34.00,$382.28,$148.40,"$1,726.80",$174.75,"$2,266.86",$357.15,1
4065-ODUBPP-GQI,3,Male,77,21,30,Crafts,Yes,Unmarried,1,"$40,000.00",0,0,Lease,Domestic,"$10,100",15,No,Yes,Mast,40,Yes,18,No,No,No,No,No,Yes,Yes,0,72,$200.60,"$2,856.96",$0.00,$0.00,$0.00,$0.00,$200.60,0
4066-ABJKJK-MIN,2,Male,31,18,1,Sales,No,Married,5,"$84,000.00",6,0,Own,Domestic,"$22,200",27,No,No,AMEX,13,No,20,No,No,No,No,No,Yes,Yes,0,47,$62.60,$553.08,$0.00,$0.00,$0.00,$0.00,$62.60,0
4068-GEACTS-8KV,3,Male,21,15,0,Professional,No,Unmarried,1,"$86,000.00",1,0,Own,Foreign,"$27,100",38,Yes,No,Mast,3,Yes,17,Yes,No,No,No,No,No,Yes,0,25,$22.80,$103.72,$100.80,$477.52,$0.00,$0.00,$123.60,0
4069-WOXDZW-2Y0,1,Female,27,20,0,Professional,No,Married,2,"$178,000.00",3,1,Own,Domestic,"$45,000",26,No,Yes,Visa,9,No,13,Yes,Yes,Yes,Yes,Yes,Yes,No,0,55,$64.20,$688.64,$425.20,"$4,811.76",$825.75,"$10,847.76","$1,315.15",1
4070-SNUNJA-68Y,4,Male,39,14,2,Sales,No,Unmarried,2,"$66,000.00",0,0,NoCar,N/A,$0,31,No,No,Disc,6,No,16,No,No,No,No,No,No,No,0,6,$33.00,$50.44,$0.00,$0.00,$0.00,$0.00,$33.00,0
4076-DWMNBJ-KAL,1,Male,59,12,16,Service,No,Married,4,"$128,000.00",2,1,Own,Foreign,"$33,600",30,No,Yes,Visa,39,No,29,Yes,No,No,Yes,No,No,Yes,0,70,$142.00,"$1,942.56",$152.20,"$2,072.44",$0.00,$0.00,$294.20,1
4077-CTDBEE-52Z,3,Male,39,18,11,Agriculture,No,Unmarried,1,"$150,000.00",8,1,Own,Domestic,"$39,400",30,Yes,Yes,Visa,7,Yes,18,Yes,Yes,Yes,No,No,Yes,No,0,16,$16.40,$48.44,$169.80,$471.36,$93.50,$304.56,$279.70,1
4080-UQGRFL-92T,1,Male,64,12,25,Service,No,Married,2,"$129,000.00",8,1,NoCar,N/A,$0,18,Yes,Yes,Disc,28,No,19,Yes,No,Yes,Yes,No,No,Yes,0,59,$70.40,$890.84,$122.40,"$1,356.56",$0.00,$0.00,$192.80,0
4080-UXOHFH-G7L,2,Male,69,7,7,Sales,No,Unmarried,1,"$60,000.00",4,1,Lease,Foreign,"$13,400",27,No,No,Mast,15,Yes,22,No,No,No,Yes,Yes,No,Yes,1,38,$20.00,$161.28,$0.00,$0.00,$0.00,$0.00,$20.00,0
4080-WVWCSJ-5KU,3,Female,72,15,16,Professional,Yes,Married,5,"$34,000.00",4,0,Lease,Domestic,"$7,000",13,No,Yes,Mast,38,No,21,Yes,No,No,No,No,Yes,Yes,0,68,$121.40,"$1,666.08",$150.60,"$1,971.32",$0.00,$0.00,$272.00,0
4083-DLHZVY-SNH,5,Female,45,13,2,Sales,No,Married,4,"$72,000.00",0,1,Own,Domestic,"$18,300",26,Yes,Yes,Mast,13,No,19,No,No,No,No,No,Yes,No,1,47,$29.60,$294.44,$0.00,$0.00,$0.00,$0.00,$29.60,0
4086-MRSPNN-LP6,4,Male,63,17,15,Service,Yes,Married,2,"$88,000.00",3,1,Own,Domestic,"$28,700",26,No,No,Disc,28,No,19,No,No,No,No,No,No,No,1,64,$55.40,$731.08,$0.00,$0.00,$0.00,$0.00,$55.40,0
4090-GTXCLZ-LPL,1,Male,66,10,4,Sales,No,Unmarried,1,"$50,000.00",3,0,Lease,Domestic,"$13,500",18,No,Yes,AMEX,16,No,20,No,No,No,No,Yes,Yes,Yes,0,52,$50.60,$559.20,$0.00,$0.00,$0.00,$0.00,$50.60,0
4092-XAPMSL-F1S,1,Female,79,12,13,Professional,Yes,Married,2,"$20,000.00",4,0,Own,Foreign,"$4,200",27,Yes,No,Mast,19,Yes,15,No,No,No,No,No,No,No,0,45,$59.00,$549.80,$0.00,$0.00,$0.00,$0.00,$59.00,0
4095-WOBDOP-1NV,3,Female,26,17,1,Professional,No,Unmarried,3,"$40,000.00",0,1,Own,Foreign,"$9,000",31,No,No,AMEX,4,Yes,11,Yes,Yes,Yes,Yes,Yes,Yes,No,0,9,$17.00,$26.08,$126.00,$188.56,$135.50,$264.60,$278.50,1
4098-XZBUNU-BVM,2,Female,56,20,6,Professional,No,Unmarried,1,"$152,000.00",1,1,Own,Foreign,"$39,300",21,Yes,Yes,Disc,37,No,20,Yes,Yes,Yes,Yes,Yes,Yes,Yes,0,67,$61.00,$808.64,$197.00,"$2,551.28",$184.50,"$2,857.92",$442.50,1
4101-DXRUVN-QDO,1,Female,35,19,2,Professional,No,Unmarried,2,"$52,000.00",6,0,Own,Domestic,"$15,700",22,Yes,Yes,Mast,5,Yes,21,Yes,No,Yes,No,No,No,No,1,11,$35.40,$78.96,$110.40,$209.16,$0.00,$0.00,$145.80,0
4101-QCHMSB-2IJ,2,Male,46,13,17,Service,No,Married,4,"$160,000.00",5,0,Own,Foreign,"$34,900",27,No,No,Mast,29,No,21,No,No,No,Yes,No,No,Yes,0,55,$83.00,$849.12,$0.00,$0.00,$0.00,$0.00,$83.00,0
4102-ZNNHOE-CLO,1,Female,18,13,0,Service,No,Unmarried,1,"$30,000.00",0,0,Own,Foreign,"$7,600",20,No,Yes,Mast,0,No,17,No,No,No,Yes,Yes,No,No,0,3,$8.80,$9.36,$0.00,$0.00,$0.00,$0.00,$8.80,0
4104-UGSCCQ-NYI,5,Male,44,12,15,Crafts,No,Unmarried,1,"$76,000.00",6,0,Lease,Domestic,"$24,700",20,No,Yes,Visa,11,No,21,No,No,No,No,No,No,No,0,29,$39.20,$209.56,$0.00,$0.00,$0.00,$0.00,$39.20,0
4105-ULOEFY-SDR,5,Female,19,14,0,Labor,No,Married,4,"$34,000.00",6,1,Lease,Domestic,"$9,800",35,No,Yes,Visa,1,Yes,23,Yes,No,No,No,No,No,No,0,3,$8.40,$4.28,$99.40,$38.28,$0.00,$0.00,$107.80,0
4108-OUNWAB-W0Q,5,Female,54,12,4,Sales,No,Married,2,"$86,000.00",4,0,Own,Domestic,"$22,600",28,No,Yes,Disc,13,No,24,No,No,No,No,No,No,No,1,29,$32.20,$152.36,$0.00,$0.00,$0.00,$0.00,$32.20,0
4109-JHKHTK-DYJ,5,Male,37,17,1,Sales,No,Married,2,"$44,000.00",5,1,Own,Domestic,"$11,000",38,No,No,AMEX,3,Yes,18,Yes,No,Yes,Yes,No,No,No,0,3,$17.80,$9.64,$100.60,$46.64,$0.00,$0.00,$118.40,0
4110-RCPWBT-UB5,4,Female,55,13,13,Professional,No,Married,4,"$114,000.00",0,1,Own,Foreign,"$41,600",28,Yes,No,Mast,38,Yes,18,No,No,No,Yes,Yes,No,Yes,0,72,$127.60,"$1,797.08",$0.00,$0.00,$0.00,$0.00,$127.60,0
4111-ARMZIV-2MI,2,Male,61,15,2,Sales,No,Married,3,"$34,000.00",7,1,Lease,Domestic,"$8,200",18,Yes,Yes,Visa,30,No,21,No,No,No,No,No,No,No,0,57,$91.00,"$1,056.24",$0.00,$0.00,$0.00,$0.00,$91.00,0
4111-BWYPHU-N6Y,2,Male,52,12,4,Sales,No,Married,2,"$68,000.00",1,0,Own,Domestic,"$16,500",23,No,No,Mast,5,Yes,21,No,No,No,Yes,Yes,No,No,0,5,$23.20,$38.12,$0.00,$0.00,$0.00,$0.00,$23.20,0
4111-GNYNUK-45B,1,Male,29,17,2,Professional,No,Unmarried,1,"$60,000.00",0,1,Own,Foreign,"$12,700",39,No,Yes,Mast,11,No,12,No,No,No,No,No,Yes,No,1,33,$56.80,$362.24,$0.00,$0.00,$0.00,$0.00,$56.80,0
4113-SDMMYG-G8Z,5,Male,35,20,3,Professional,No,Married,4,"$235,000.00",6,1,Own,Foreign,"$83,300",35,No,Yes,Disc,13,Yes,17,Yes,Yes,Yes,Yes,Yes,Yes,No,0,18,$28.80,$95.64,$173.40,$571.56,$160.25,$675.90,$362.45,1
4115-BROICQ-NPR,5,Female,27,10,3,Sales,No,Unmarried,1,"$40,000.00",0,1,Own,Foreign,"$12,800",33,Yes,Yes,Mast,3,No,19,No,No,No,No,Yes,No,No,1,7,$13.80,$17.12,$0.00,$0.00,$0.00,$0.00,$13.80,0
4115-QQAQMS-3UO,5,Female,49,12,23,Labor,No,Married,2,"$240,000.00",0,1,Own,Domestic,"$89,300",28,No,No,Disc,31,No,18,No,No,No,No,No,No,Yes,0,72,$94.00,"$1,244.76",$0.00,$0.00,$0.00,$0.00,$94.00,0
4115-RQKQTM-RXB,1,Male,74,11,26,Professional,Yes,Unmarried,1,"$36,000.00",7,0,Lease,Domestic,"$11,000",32,Yes,No,Othe,23,No,24,No,No,No,No,Yes,Yes,Yes,0,50,$59.20,$566.60,$0.00,$0.00,$0.00,$0.00,$59.20,0
4116-GDDLIR-0AP,2,Female,49,19,9,Labor,No,Married,4,"$194,000.00",0,1,Own,Domestic,"$33,300",13,No,No,Disc,6,No,24,No,No,No,Yes,Yes,No,Yes,1,20,$21.00,$75.20,$0.00,$0.00,$0.00,$0.00,$21.00,0
4116-MVCGHJ-DH8,1,Female,63,11,6,Sales,Yes,Unmarried,1,"$20,000.00",0,0,Lease,Domestic,"$5,700",25,No,No,Mast,15,No,29,No,No,No,No,No,No,Yes,0,52,$59.60,$644.60,$0.00,$0.00,$0.00,$0.00,$59.60,0
4119-CVVRLR-GX5,4,Male,34,13,0,Sales,No,Unmarried,1,"$58,000.00",1,0,Own,Domestic,"$12,900",24,Yes,No,Othe,6,No,27,No,No,No,Yes,No,No,No,1,12,$16.80,$37.32,$0.00,$0.00,$0.00,$0.00,$16.80,0
4125-QITBVT-O18,1,Female,61,16,12,Professional,No,Married,2,"$136,000.00",1,1,Own,Foreign,"$47,300",30,No,No,Visa,39,Yes,21,Yes,Yes,Yes,Yes,Yes,Yes,Yes,0,72,$147.80,"$2,226.68",$198.40,"$2,772.08",$264.00,"$4,550.34",$610.20,1
4126-XKUKFQ-F2P,5,Female,51,18,3,Professional,No,Married,2,"$62,000.00",4,1,Own,Foreign,"$14,200",25,Yes,No,Disc,28,Yes,18,Yes,No,No,No,No,No,No,0,54,$63.40,$746.92,$111.20,"$1,169.68",$0.00,$0.00,$174.60,0
4127-FXKNGV-3HP,3,Female,44,11,17,Labor,No,Unmarried,1,"$124,000.00",7,0,Own,Foreign,"$29,700",23,No,No,Visa,23,Yes,16,No,No,No,Yes,Yes,No,Yes,0,58,$120.00,"$1,324.12",$0.00,$0.00,$0.00,$0.00,$120.00,0
4128-WIGNKE-VQS,3,Female,20,15,0,Sales,No,Married,4,"$60,000.00",0,1,Own,Foreign,"$15,100",25,No,Yes,AMEX,2,Yes,19,No,No,No,Yes,Yes,No,Yes,0,35,$19.20,$127.64,$0.00,$0.00,$0.00,$0.00,$19.20,0
4128-WQIOMO-MJX,1,Female,38,10,11,Service,No,Unmarried,2,"$74,000.00",0,1,Own,Foreign,"$14,300",19,Yes,Yes,Visa,20,Yes,22,No,No,No,No,No,No,No,1,63,$56.80,$703.68,$0.00,$0.00,$0.00,$0.00,$56.80,0
4129-FSTETP-3BF,5,Female,24,14,1,Professional,No,Married,2,"$64,000.00",2,0,Own,Foreign,"$14,900",21,Yes,Yes,Visa,3,No,26,Yes,Yes,Yes,Yes,No,Yes,No,0,5,$14.80,$10.72,$125.40,$112.04,$101.00,$109.26,$241.20,0
4130-XFRRXQ-BSO,5,Female,27,11,1,Sales,No,Married,3,"$34,000.00",6,0,Own,Foreign,"$8,300",29,No,Yes,Visa,1,Yes,18,No,No,No,Yes,Yes,No,No,0,1,$4.40,$0.88,$0.00,$0.00,$0.00,$0.00,$4.40,0
4132-ORLIBS-DGT,1,Female,33,11,2,Professional,No,Unmarried,1,"$62,000.00",2,0,Own,Foreign,"$19,400",23,No,No,Visa,7,Yes,19,No,No,No,No,No,No,Yes,0,12,$15.00,$27.88,$0.00,$0.00,$0.00,$0.00,$15.00,0
4138-WUCRKF-AMD,3,Male,63,11,20,Agriculture,No,Unmarried,1,"$176,000.00",3,1,NoCar,N/A,$0,30,No,Yes,Mast,38,No,24,No,No,No,Yes,Yes,No,Yes,0,71,$175.00,"$2,522.72",$0.00,$0.00,$0.00,$0.00,$175.00,0
4143-VESBGU-5WI,5,Female,39,19,2,Sales,No,Married,5,"$160,000.00",7,0,Own,Domestic,"$30,300",17,No,Yes,Visa,21,Yes,21,Yes,No,No,No,No,Yes,Yes,0,59,$125.20,"$1,520.80",$151.40,"$1,761.64",$0.00,$0.00,$276.60,1
4146-OWCWKS-5PK,1,Female,21,16,0,Sales,No,Unmarried,1,"$74,000.00",8,0,Own,Foreign,"$25,800",15,No,Yes,Disc,3,Yes,15,No,No,No,Yes,Yes,No,No,0,10,$15.60,$23.76,$0.00,$0.00,$0.00,$0.00,$15.60,0
4150-CVJKRV-XXO,5,Male,25,14,0,Sales,No,Unmarried,5,"$54,000.00",0,1,Lease,Foreign,"$11,500",36,Yes,Yes,Mast,1,Yes,16,No,No,No,No,No,No,No,0,2,$15.80,$4.08,$0.00,$0.00,$0.00,$0.00,$15.80,0
4150-YPGHUS-A59,1,Female,32,12,7,Crafts,No,Married,4,"$50,000.00",0,1,Own,Domestic,"$13,500",22,No,Yes,AMEX,15,Yes,17,Yes,No,No,No,No,Yes,No,1,42,$31.00,$287.88,$123.40,"$1,007.48",$0.00,$0.00,$154.40,0
4157-SFKIZN-I6C,5,Male,69,17,18,Professional,No,Married,2,"$128,000.00",0,1,NoCar,N/A,$0,28,No,Yes,AMEX,40,Yes,22,Yes,Yes,Yes,Yes,Yes,Yes,Yes,0,72,$258.00,"$3,648.44",$259.20,"$3,659.56",$398.25,"$6,683.16",$915.45,1
4158-AYKQKM-OFQ,3,Male,46,15,15,Labor,No,Unmarried,1,"$171,000.00",3,1,Own,Domestic,"$89,000",18,No,Yes,Disc,16,Yes,12,Yes,No,Yes,Yes,Yes,No,Yes,0,43,$34.00,$297.12,$145.20,"$1,164.36",$0.00,$0.00,$179.20,0
4159-GADQKA-0AY,1,Male,19,14,0,Professional,No,Unmarried,1,"$34,000.00",0,1,Lease,Domestic,"$7,200",28,No,Yes,Visa,1,Yes,23,Yes,No,No,No,Yes,Yes,Yes,0,19,$43.60,$170.12,$116.00,$389.36,$0.00,$0.00,$159.60,0
4163-ELNRLS-L26,2,Female,35,14,9,Service,No,Unmarried,1,"$144,000.00",3,1,Own,Domestic,"$26,500",23,No,Yes,Mast,8,No,11,No,No,No,No,No,Yes,No,0,16,$16.80,$41.88,$0.00,$0.00,$0.00,$0.00,$16.80,0
4163-JXRVOB-91T,4,Male,71,20,11,Sales,No,Unmarried,1,"$168,000.00",9,1,Own,Foreign,"$38,900",33,No,Yes,AMEX,31,Yes,16,Yes,Yes,Yes,No,No,Yes,Yes,0,58,$34.00,$404.48,$222.00,"$2,542.52",$218.75,"$2,859.30",$474.75,1
4165-ALPCJC-YBT,4,Male,34,18,6,Crafts,No,Married,2,"$194,000.00",13,1,Own,Foreign,"$41,100",25,No,Yes,AMEX,1,No,24,Yes,Yes,Yes,Yes,Yes,Yes,Yes,0,2,$26.20,$9.20,$182.60,$45.20,$196.00,$68.88,$404.80,1
4166-FORUSS-SV2,5,Female,37,12,4,Sales,No,Married,3,"$70,000.00",0,0,Own,Domestic,"$11,800",23,No,No,Visa,2,Yes,18,No,No,No,No,No,No,No,0,3,$12.80,$5.52,$0.00,$0.00,$0.00,$0.00,$12.80,0
4166-MFJSXA-T7W,3,Female,56,20,24,Crafts,No,Unmarried,3,"$296,000.00",6,1,NoCar,N/A,$0,14,Yes,No,AMEX,24,No,23,No,No,No,Yes,No,No,Yes,0,46,$69.80,$600.52,$0.00,$0.00,$0.00,$0.00,$69.80,0
4166-WEDNXN-5RK,5,Male,21,16,0,Service,No,Unmarried,1,"$62,000.00",6,0,Own,Domestic,"$16,000",25,No,Yes,Disc,3,Yes,17,No,No,No,No,No,No,No,0,13,$19.00,$38.04,$0.00,$0.00,$0.00,$0.00,$19.00,0
4167-DAPNVW-9C5,5,Male,54,14,8,Crafts,No,Unmarried,2,"$48,000.00",0,0,Own,Domestic,"$16,800",31,Yes,No,Mast,8,No,25,No,No,No,Yes,No,No,No,0,26,$27.00,$141.08,$0.00,$0.00,$0.00,$0.00,$27.00,0
4174-ALPRQK-RNU,1,Male,62,15,10,Professional,No,Married,4,"$168,000.00",0,1,NoCar,N/A,$0,19,No,No,AMEX,8,No,19,No,No,No,No,No,No,No,0,9,$10.20,$22.12,$0.00,$0.00,$0.00,$0.00,$10.20,0
4178-MOLGSG-0HA,1,Male,51,15,21,Crafts,No,Unmarried,3,"$151,000.00",0,1,Own,Domestic,"$71,700",17,Yes,Yes,AMEX,18,No,16,No,Yes,Yes,Yes,Yes,No,No,1,32,$23.80,$123.72,$0.00,$0.00,$203.25,"$1,652.64",$227.05,0
4181-TGBTEF-CPM,4,Female,63,17,19,Professional,No,Married,2,"$128,000.00",7,1,Own,Domestic,"$36,900",19,No,Yes,AMEX,27,No,13,No,No,Yes,Yes,Yes,No,Yes,0,48,$38.00,$311.40,$0.00,$0.00,$0.00,$0.00,$38.00,0
4183-KRBPVK-EEQ,1,Female,75,15,39,Service,Yes,Unmarried,1,"$190,000.00",3,1,Own,Domestic,"$41,600",30,No,No,Disc,34,No,26,Yes,Yes,Yes,Yes,Yes,No,Yes,0,65,$89.20,"$1,193.52",$236.40,"$3,072.44",$230.25,"$3,489.42",$555.85,1
4185-MLJWGK-0LF,1,Male,24,8,2,Service,No,Unmarried,2,"$40,000.00",3,0,NoCar,N/A,$0,13,Yes,Yes,Visa,6,Yes,19,No,No,No,No,No,No,Yes,0,30,$30.40,$181.56,$0.00,$0.00,$0.00,$0.00,$30.40,0
4190-QKVGDX-K2U,3,Male,62,19,2,Sales,No,Unmarried,3,"$60,000.00",6,0,Own,Domestic,"$17,800",24,No,No,Visa,16,No,16,Yes,Yes,Yes,Yes,Yes,Yes,Yes,0,36,$24.60,$178.00,$199.60,"$1,529.52",$263.25,"$2,187.00",$487.45,1
4196-VTMLQK-645,1,Male,67,15,15,Service,No,Unmarried,1,"$181,000.00",5,1,Own,Domestic,"$65,700",28,No,Yes,Disc,10,Yes,23,No,Yes,Yes,Yes,Yes,Yes,No,0,25,$47.80,$251.76,$0.00,$0.00,$139.25,$779.40,$187.05,0
4201-NGKFVP-LEL,3,Male,47,17,1,Sales,No,Married,2,"$68,000.00",0,1,NoCar,N/A,$0,23,Yes,No,Mast,23,Yes,18,Yes,No,Yes,No,Yes,Yes,No,0,53,$28.60,$265.08,$151.60,"$1,585.48",$0.00,$0.00,$180.20,0
4202-OPHPHR-RZY,5,Female,69,16,3,Sales,Yes,Married,4,"$20,000.00",14,1,Own,Foreign,"$5,000",32,No,No,AMEX,27,No,16,No,No,No,No,No,No,Yes,0,67,$47.20,$666.08,$0.00,$0.00,$0.00,$0.00,$47.20,0
4208-EUPATO-SAN,2,Female,47,12,13,Professional,No,Unmarried,1,"$152,000.00",0,0,Own,Foreign,"$48,900",18,No,No,AMEX,30,Yes,14,No,Yes,No,Yes,Yes,Yes,Yes,1,62,$60.60,$777.52,$0.00,$0.00,$176.00,"$2,497.56",$236.60,0
4213-XPVFQB-OTG,2,Male,79,12,26,Labor,Yes,Unmarried,1,"$44,000.00",3,1,Lease,Domestic,"$10,100",21,Yes,No,Visa,34,No,13,No,Yes,Yes,Yes,Yes,No,Yes,0,59,$137.20,"$1,659.72",$0.00,$0.00,$137.75,"$1,966.20",$274.95,0
4215-KJUVTE-KKN,2,Male,70,18,6,Professional,No,Unmarried,1,"$50,000.00",4,1,Own,Foreign,"$13,700",29,No,No,Visa,14,No,16,Yes,No,No,No,No,Yes,No,1,21,$23.20,$113.68,$110.00,$444.04,$0.00,$0.00,$133.20,0
4215-NCRPOV-WJH,5,Male,45,20,3,Professional,No,Married,5,"$116,000.00",7,0,Own,Domestic,"$26,000",20,No,Yes,Disc,3,Yes,24,Yes,No,Yes,Yes,No,Yes,No,0,13,$26.20,$58.24,$132.20,$327.16,$0.00,$0.00,$158.40,0
4215-ZHKEQG-X50,4,Female,68,7,7,Sales,No,Unmarried,1,"$62,000.00",4,1,Lease,Domestic,"$13,600",25,No,No,Visa,16,No,22,No,No,No,No,No,No,No,1,20,$37.80,$104.32,$0.00,$0.00,$0.00,$0.00,$37.80,0
4218-SZYWII-ZEI,2,Female,35,12,15,Labor,No,Unmarried,2,"$100,000.00",3,1,Own,Domestic,"$45,000",26,Yes,Yes,Othe,15,No,12,No,No,No,Yes,Yes,No,Yes,0,43,$30.40,$264.64,$0.00,$0.00,$0.00,$0.00,$30.40,0
4220-KXXAHD-2EE,5,Female,42,17,11,Professional,No,Unmarried,1,"$156,000.00",10,0,Own,Foreign,"$49,800",23,No,No,Disc,9,Yes,17,Yes,No,Yes,No,No,Yes,No,0,20,$32.80,$160.52,$151.80,$599.80,$0.00,$0.00,$184.60,0
4220-QXGULJ-7FE,1,Male,49,18,1,Professional,No,Unmarried,1,"$84,000.00",12,0,Own,Foreign,"$27,100",20,Yes,Yes,AMEX,28,Yes,20,No,Yes,Yes,Yes,Yes,Yes,Yes,0,57,$44.40,$544.44,$0.00,$0.00,$394.75,"$5,446.44",$439.15,1
4222-SYMXWB-PI0,2,Male,73,10,4,Sales,Yes,Unmarried,1,"$18,000.00",5,0,Lease,Domestic,"$2,500",29,No,No,Visa,11,No,0,No,No,No,No,No,No,No,0,28,$22.00,$132.76,$0.00,$0.00,$0.00,$0.00,$22.00,0
4223-KPOZJK-90G,1,Female,57,10,12,Professional,No,Unmarried,1,"$124,000.00",1,0,Own,Foreign,"$23,400",19,No,Yes,Visa,37,No,24,No,No,No,No,Yes,No,Yes,1,69,$111.00,"$1,500.24",$0.00,$0.00,$0.00,$0.00,$111.00,0
4225-DEELJH-A5T,4,Female,62,8,18,Professional,No,Unmarried,1,"$152,000.00",7,1,Own,Foreign,"$28,100",18,No,Yes,Mast,36,No,18,No,No,No,Yes,No,No,Yes,1,64,$54.40,$696.96,$0.00,$0.00,$0.00,$0.00,$54.40,0
4225-PZZDIY-IBH,3,Female,66,13,31,Labor,Yes,Married,2,"$46,000.00",9,0,Own,Domestic,"$11,600",14,Yes,Yes,Mast,40,No,22,No,Yes,Yes,Yes,Yes,No,Yes,0,72,$154.80,"$2,283.92",$0.00,$0.00,$216.25,"$3,791.10",$371.05,1
4226-TEHKPJ-GKG,1,Female,55,12,10,Service,No,Married,3,"$100,000.00",0,1,Own,Domestic,"$31,800",21,Yes,No,AMEX,22,No,29,No,No,Yes,Yes,Yes,No,Yes,1,49,$37.20,$372.40,$0.00,$0.00,$0.00,$0.00,$37.20,0
4227-XNKGCM-1JC,1,Male,50,15,13,Crafts,No,Married,4,"$112,000.00",1,1,Own,Foreign,"$61,500",25,Yes,Yes,Visa,32,No,25,No,No,Yes,Yes,Yes,No,Yes,0,67,$69.60,$983.32,$0.00,$0.00,$0.00,$0.00,$69.60,0
4229-HJKJHF-FQC,2,Male,75,14,24,Labor,Yes,Married,2,"$22,000.00",7,1,Own,Domestic,"$5,000",23,No,No,Mast,36,No,20,No,No,No,Yes,Yes,No,Yes,0,68,$45.40,$627.40,$0.00,$0.00,$0.00,$0.00,$45.40,0
4231-HZEXGK-HRI,4,Female,26,20,0,Professional,No,Unmarried,1,"$128,000.00",2,0,Own,Domestic,"$27,300",33,Yes,No,Disc,3,Yes,19,No,No,No,No,No,No,No,1,8,$8.20,$12.36,$0.00,$0.00,$0.00,$0.00,$8.20,0
4232-OLMAKY-ZP8,2,Male,18,11,0,Sales,No,Unmarried,3,"$38,000.00",0,1,Own,Foreign,"$11,400",40,Yes,Yes,Mast,1,No,15,Yes,No,Yes,No,Yes,Yes,No,1,2,$6.60,$3.00,$106.00,$11.88,$0.00,$0.00,$112.60,0
4234-AABQRK-AAJ,4,Male,39,16,9,Labor,No,Married,3,"$76,000.00",14,1,Own,Foreign,"$18,000",23,No,No,AMEX,8,No,21,Yes,No,No,No,No,Yes,No,1,19,$46.60,$165.84,$102.40,$350.20,$0.00,$0.00,$149.00,0
4234-PVTUJE-MJF,5,Male,21,16,0,Service,No,Unmarried,2,"$50,000.00",2,0,Own,Foreign,"$10,500",29,Yes,No,Mast,3,Yes,16,No,No,No,No,No,Yes,No,0,11,$9.00,$17.40,$0.00,$0.00,$0.00,$0.00,$9.00,0
4238-EOWRLS-W3G,4,Male,68,13,12,Professional,Yes,Unmarried,1,"$20,000.00",3,0,Own,Foreign,"$4,800",38,No,No,Visa,12,No,22,No,No,No,No,No,No,Yes,0,26,$20.00,$87.76,$0.00,$0.00,$0.00,$0.00,$20.00,0
4238-LORPCR-80R,4,Male,73,12,26,Crafts,Yes,Unmarried,1,"$34,000.00",2,1,Own,Foreign,"$7,900",23,No,No,Disc,40,No,17,No,No,No,No,Yes,No,Yes,1,72,$176.80,"$2,458.88",$0.00,$0.00,$0.00,$0.00,$176.80,0
4238-ULZPRI-3SS,2,Male,56,17,5,Professional,No,Married,2,"$112,000.00",0,1,Own,Foreign,"$46,300",21,No,Yes,AMEX,7,No,16,Yes,No,No,No,Yes,No,No,0,20,$45.80,$169.64,$159.60,$636.40,$0.00,$0.00,$205.40,0
4239-KEBCHA-N3P,3,Female,55,13,15,Professional,No,Unmarried,1,"$117,000.00",0,1,NoCar,N/A,$0,34,Yes,No,Disc,33,Yes,26,No,No,No,No,No,No,Yes,1,68,$103.60,"$1,511.76",$0.00,$0.00,$0.00,$0.00,$103.60,0
4239-LWZCTF-4C2,3,Female,57,11,23,Labor,No,Married,2,"$88,000.00",7,1,Own,Foreign,"$23,900",39,No,Yes,Mast,39,Yes,20,No,No,No,No,No,Yes,Yes,0,72,$246.00,"$3,517.32",$0.00,$0.00,$0.00,$0.00,$246.00,0
4239-XHJYBB-MXE,4,Female,27,10,2,Professional,No,Unmarried,1,"$40,000.00",0,0,Own,Domestic,"$8,300",22,Yes,No,AMEX,4,Yes,16,No,No,No,No,No,No,No,0,10,$19.00,$39.56,$0.00,$0.00,$0.00,$0.00,$19.00,0
4246-VOCDAN-ZIV,2,Male,57,17,23,Service,No,Married,4,"$145,000.00",0,1,Own,Domestic,"$81,100",25,Yes,No,AMEX,32,Yes,22,Yes,Yes,Yes,Yes,Yes,Yes,Yes,0,68,$72.40,$967.56,$302.00,"$4,095.88",$425.25,"$7,028.82",$799.65,1
4249-CTACXB-5SC,5,Male,28,14,3,Professional,No,Married,7,"$40,000.00",0,1,NoCar,N/A,$0,19,Yes,No,AMEX,10,Yes,21,No,No,No,No,No,No,No,0,30,$72.20,$431.28,$0.00,$0.00,$0.00,$0.00,$72.20,0
4249-GEYEMT-KB7,2,Male,29,21,0,Professional,No,Married,3,"$172,000.00",0,1,Own,Domestic,"$57,800",35,No,Yes,Disc,11,No,22,No,Yes,No,Yes,Yes,No,Yes,0,47,$44.20,$420.00,$0.00,$0.00,$159.50,"$1,787.64",$203.70,0
4249-SVOHGP-JT6,2,Female,32,19,2,Service,No,Unmarried,2,"$152,000.00",2,1,Own,Domestic,"$36,300",28,Yes,Yes,Mast,4,Yes,19,Yes,No,Yes,Yes,No,No,Yes,0,6,$23.60,$28.84,$122.80,$122.80,$0.00,$0.00,$146.40,0
4249-UECQGQ-L55,5,Female,37,14,6,Sales,No,Married,3,"$78,000.00",1,1,Own,Domestic,"$18,200",26,No,Yes,Disc,8,Yes,17,No,No,No,Yes,No,Yes,No,0,19,$18.60,$69.40,$0.00,$0.00,$0.00,$0.00,$18.60,0
4250-KCFQWK-UVX,2,Male,28,15,1,Sales,No,Unmarried,1,"$38,000.00",9,0,Lease,Foreign,"$9,900",29,Yes,Yes,AMEX,6,No,14,No,Yes,No,No,No,Yes,No,0,20,$17.80,$62.88,$0.00,$0.00,$144.00,$668.34,$161.80,0
4251-UJCSCO-W61,2,Male,56,13,4,Sales,No,Married,2,"$86,000.00",0,0,NoCar,N/A,$0,26,No,No,Mast,22,No,31,No,No,No,Yes,Yes,No,Yes,1,49,$57.00,$556.04,$0.00,$0.00,$0.00,$0.00,$57.00,0
4253-IRSCSK-51I,2,Female,21,16,0,Crafts,No,Unmarried,1,"$62,000.00",12,1,Own,Foreign,"$18,600",33,Yes,No,Disc,3,Yes,18,Yes,No,No,No,No,Yes,No,1,14,$13.20,$44.92,$86.40,$245.48,$0.00,$0.00,$99.60,0
4254-GIHFGQ-694,3,Female,43,9,4,Sales,No,Married,2,"$86,000.00",12,0,Own,Foreign,"$26,500",19,No,No,Visa,4,Yes,17,No,No,No,No,No,No,No,0,6,$17.60,$19.84,$0.00,$0.00,$0.00,$0.00,$17.60,0
4259-BEYDAI-QIM,3,Female,75,14,22,Sales,Yes,Unmarried,1,"$22,000.00",4,1,Lease,Domestic,"$5,100",26,Yes,Yes,Visa,30,No,15,No,No,No,Yes,Yes,Yes,Yes,0,65,$64.00,$867.12,$0.00,$0.00,$0.00,$0.00,$64.00,0
4259-LUYYFF-MOM,4,Female,44,18,11,Labor,No,Married,2,"$108,000.00",3,0,Own,Domestic,"$31,100",20,No,Yes,Visa,16,No,15,Yes,Yes,No,No,Yes,Yes,Yes,0,48,$44.60,$422.20,$122.00,"$1,221.20",$127.50,"$1,434.06",$294.10,1
4265-ZALLCC-RMF,2,Female,51,19,6,Sales,No,Married,2,"$138,000.00",2,1,Own,Foreign,"$39,700",27,No,Yes,Visa,19,Yes,22,No,No,No,Yes,No,No,Yes,0,37,$32.00,$222.84,$0.00,$0.00,$0.00,$0.00,$32.00,0
4271-REKPVR-XRF,4,Female,52,19,3,Professional,No,Married,3,"$140,000.00",0,1,Own,Domestic,"$16,500",27,No,No,Mast,4,Yes,14,Yes,No,No,Yes,No,No,No,0,8,$20.40,$29.04,$116.00,$170.28,$0.00,$0.00,$136.40,0
4273-YIIQIX-HWY,1,Male,43,15,6,Sales,No,Unmarried,1,"$60,000.00",0,0,Own,Foreign,"$12,700",29,Yes,Yes,Mast,1,No,13,Yes,No,No,No,No,Yes,No,0,2,$11.20,$3.08,$97.20,$17.72,$0.00,$0.00,$108.40,0
4275-IOZLLU-SSP,2,Male,36,18,3,Sales,No,Unmarried,2,"$110,000.00",0,1,NoCar,N/A,$0,24,Yes,Yes,Visa,5,No,23,Yes,No,Yes,No,No,Yes,No,0,13,$13.80,$39.20,$126.40,$280.36,$0.00,$0.00,$140.20,0
4278-OFXEFE-8VX,5,Female,76,15,8,Sales,No,Unmarried,1,"$50,000.00",8,1,Own,Domestic,"$14,500",19,No,No,Mast,38,No,14,No,No,No,No,No,Yes,Yes,0,70,$76.80,"$1,034.72",$0.00,$0.00,$0.00,$0.00,$76.80,0
4281-FGXWGW-H6Q,2,Female,49,10,20,Agriculture,No,Married,2,"$134,000.00",1,0,Own,Foreign,"$39,400",23,No,Yes,Othe,27,No,25,Yes,Yes,Yes,Yes,Yes,Yes,Yes,1,62,$97.80,"$1,181.88",$170.60,"$2,124.72",$277.25,"$4,034.22",$545.65,1
4284-HHTPTO-Q5J,2,Male,29,16,4,Service,No,Married,4,"$108,000.00",5,1,Own,Domestic,"$22,800",16,Yes,No,Disc,11,Yes,13,Yes,Yes,No,No,No,Yes,Yes,0,31,$46.00,$308.92,$127.60,$736.80,$90.75,$695.94,$264.35,0
4287-EGDWYC-Q9E,1,Male,54,14,22,Labor,No,Married,2,"$197,000.00",0,0,Own,Foreign,"$89,000",29,No,No,Disc,30,No,27,No,Yes,Yes,Yes,Yes,Yes,Yes,0,61,$87.60,"$1,032.64",$0.00,$0.00,$156.75,"$2,205.84",$244.35,0
4287-JVUYUU-1CQ,3,Female,24,19,0,Professional,No,Married,4,"$40,000.00",1,0,Own,Foreign,"$11,100",18,No,Yes,AMEX,6,Yes,20,No,No,No,Yes,No,No,Yes,0,53,$36.00,$344.80,$0.00,$0.00,$0.00,$0.00,$36.00,0
4288-VFIKHM-0EB,1,Male,53,15,12,Labor,No,Unmarried,1,"$98,000.00",7,1,Own,Domestic,"$18,200",28,Yes,Yes,AMEX,19,No,19,Yes,Yes,Yes,Yes,Yes,Yes,Yes,0,46,$42.80,$421.76,$173.60,"$1,566.64",$163.00,"$1,775.16",$379.40,1
4291-JIAHKN-OGM,5,Female,52,12,6,Labor,No,Married,2,"$72,000.00",6,1,Own,Foreign,"$14,300",29,No,No,Visa,13,Yes,11,No,No,No,No,No,No,No,0,40,$29.20,$224.36,$0.00,$0.00,$0.00,$0.00,$29.20,0
4297-QGKHSA-LDY,2,Female,40,11,2,Professional,No,Unmarried,1,"$54,000.00",0,0,Own,Foreign,"$16,500",25,No,No,Othe,22,Yes,26,No,No,No,No,No,No,Yes,0,57,$55.20,$591.64,$0.00,$0.00,$0.00,$0.00,$55.20,0
4300-WWXJNA-95I,4,Male,34,12,1,Sales,No,Unmarried,1,"$70,000.00",0,1,Own,Domestic,"$16,200",20,No,Yes,Visa,4,Yes,21,No,No,No,No,No,No,Yes,0,5,$14.80,$13.76,$0.00,$0.00,$0.00,$0.00,$14.80,0
4302-ARCAIZ-3KD,1,Male,32,11,8,Professional,No,Married,4,"$42,000.00",1,1,Own,Domestic,"$10,900",36,Yes,No,Mast,14,No,20,No,No,No,No,No,No,No,0,27,$51.80,$274.20,$0.00,$0.00,$0.00,$0.00,$51.80,0
4302-GUZPUB-8Z0,2,Female,57,20,18,Professional,No,Married,2,"$164,000.00",2,0,NoCar,N/A,$0,34,No,No,Mast,31,No,17,Yes,Yes,Yes,Yes,Yes,Yes,Yes,0,60,$123.80,"$1,511.32",$170.60,"$2,070.52",$225.50,"$3,322.74",$519.90,1
4305-LRKEVC-OHK,1,Female,35,18,7,Professional,No,Unmarried,2,"$114,000.00",7,1,Own,Foreign,"$19,200",14,No,Yes,Mast,1,No,15,No,No,No,No,No,No,No,0,3,$6.40,$7.12,$0.00,$0.00,$0.00,$0.00,$6.40,0
4306-FUNUCR-5M6,1,Female,35,15,8,Agriculture,No,Unmarried,1,"$40,000.00",10,0,Own,Domestic,"$7,900",23,No,Yes,Disc,17,No,11,No,No,No,No,No,No,Yes,0,49,$27.80,$254.12,$0.00,$0.00,$0.00,$0.00,$27.80,0
4307-BCEYXU-8V4,1,Female,49,12,14,Labor,No,Unmarried,1,"$134,000.00",0,1,Own,Foreign,"$25,300",22,No,Yes,Visa,19,No,26,Yes,No,Yes,No,No,No,No,0,44,$41.60,$417.96,$151.20,"$1,327.56",$0.00,$0.00,$192.80,0
4307-NRJIOE-S47,5,Male,31,14,1,Sales,No,Unmarried,1,"$34,000.00",1,1,Own,Domestic,"$9,600",31,Yes,Yes,Visa,10,Yes,24,No,No,No,No,No,Yes,No,0,14,$17.40,$45.40,$0.00,$0.00,$0.00,$0.00,$17.40,0
4308-OSQDNR-9D6,5,Male,20,15,0,Labor,No,Married,5,"$34,000.00",8,1,Own,Domestic,"$4,500",24,No,No,AMEX,2,Yes,17,No,No,No,Yes,Yes,No,No,0,23,$22.40,$106.16,$0.00,$0.00,$0.00,$0.00,$22.40,0
4309-WAPMSB-VVE,3,Female,73,15,30,Labor,Yes,Unmarried,1,"$104,000.00",1,1,Own,Domestic,"$26,600",26,Yes,Yes,Mast,38,Yes,22,No,No,No,No,No,Yes,Yes,0,71,$87.20,"$1,272.48",$0.00,$0.00,$0.00,$0.00,$87.20,0
4309-WQQLQH-ZOI,1,Male,24,14,3,Labor,No,Unmarried,1,"$94,000.00",0,0,Own,Foreign,"$25,200",32,No,Yes,Disc,6,No,23,Yes,No,Yes,Yes,Yes,No,No,1,33,$75.40,$487.68,$163.60,"$1,056.68",$0.00,$0.00,$239.00,0
4310-ZFXDUM-H6U,4,Female,18,13,0,Labor,No,Unmarried,4,"$30,000.00",0,0,NoCar,N/A,$0,38,No,No,Mast,0,Yes,29,No,No,No,No,No,No,No,1,1,$22.60,$4.52,$0.00,$0.00,$0.00,$0.00,$22.60,0
4314-PUSZNR-7SR,1,Male,27,20,0,Professional,No,Married,3,"$38,000.00",0,1,Lease,Domestic,"$7,200",17,Yes,Yes,Disc,1,No,17,Yes,No,Yes,No,No,Yes,No,0,3,$15.20,$9.32,$102.40,$40.72,$0.00,$0.00,$117.60,0
4314-SOPKIL-OLR,4,Male,52,18,13,Labor,No,Unmarried,3,"$118,000.00",6,1,Own,Foreign,"$25,800",31,No,No,Disc,31,No,19,Yes,No,No,Yes,No,Yes,Yes,0,62,$37.80,$439.60,$144.60,"$1,808.20",$0.00,$0.00,$182.40,0
4316-RMIBNS-8I3,1,Male,79,9,22,Service,Yes,Married,2,"$24,000.00",3,1,Own,Foreign,"$4,100",28,Yes,No,Disc,37,No,24,No,No,No,No,Yes,No,Yes,0,68,$67.80,$926.36,$0.00,$0.00,$0.00,$0.00,$67.80,0
4316-WQSXNZ-J9C,5,Female,39,17,9,Labor,No,Married,4,"$108,000.00",6,1,Own,Domestic,"$27,000",27,Yes,Yes,Disc,10,Yes,19,No,No,No,Yes,Yes,No,Yes,0,32,$32.80,$218.84,$0.00,$0.00,$0.00,$0.00,$32.80,0
4317-UOOSUV-HXB,2,Male,45,13,1,Sales,No,Unmarried,1,"$52,000.00",5,0,Own,Domestic,"$11,500",35,No,Yes,Mast,13,Yes,25,No,No,No,No,No,No,No,0,42,$25.80,$209.12,$0.00,$0.00,$0.00,$0.00,$25.80,0
4319-FAKWVU-1AR,2,Male,31,10,1,Sales,No,Unmarried,5,"$34,000.00",0,1,Own,Foreign,"$6,800",23,No,No,Mast,3,No,20,No,No,No,Yes,Yes,No,No,0,11,$12.60,$32.08,$0.00,$0.00,$0.00,$0.00,$12.60,0
4320-BVEIPA-3W3,4,Male,38,13,16,Labor,No,Married,4,"$72,000.00",0,1,Own,Foreign,"$19,900",24,Yes,Yes,Visa,19,Yes,22,No,No,No,Yes,Yes,No,Yes,1,53,$64.40,$675.00,$0.00,$0.00,$0.00,$0.00,$64.40,0
4323-JKNASP-Z5I,4,Female,66,16,14,Professional,No,Married,2,"$160,000.00",4,1,Own,Foreign,"$49,100",28,Yes,Yes,Disc,31,No,22,No,No,No,Yes,Yes,No,Yes,0,68,$78.20,$978.28,$0.00,$0.00,$0.00,$0.00,$78.20,0
4336-AZJUON-KO0,5,Male,72,18,9,Professional,No,Married,2,"$60,000.00",3,1,Own,Domestic,"$12,800",20,No,Yes,Visa,13,No,24,No,No,No,Yes,No,No,Yes,0,40,$49.60,$405.80,$0.00,$0.00,$0.00,$0.00,$49.60,0
4336-IARPNV-6J7,1,Male,59,18,19,Service,No,Unmarried,1,"$128,000.00",1,0,Own,Foreign,"$87,100",19,No,Yes,Disc,24,No,19,No,Yes,No,Yes,Yes,No,Yes,0,58,$48.40,$570.20,$0.00,$0.00,$169.50,"$2,317.80",$217.90,0
4340-GZZPWF-0RG,1,Male,64,9,9,Professional,No,Unmarried,1,"$92,000.00",3,1,NoCar,N/A,$0,28,No,Yes,Visa,34,No,22,No,No,Yes,No,Yes,No,Yes,0,69,$97.60,"$1,322.80",$0.00,$0.00,$0.00,$0.00,$97.60,0
4342-GOCXRF-KNA,1,Female,45,9,7,Sales,No,Married,3,"$114,000.00",9,1,Own,Domestic,"$26,900",20,Yes,Yes,Visa,18,No,18,No,Yes,Yes,Yes,Yes,Yes,No,0,42,$30.00,$236.36,$0.00,$0.00,$245.75,"$2,486.46",$275.75,1
4343-BRGTGU-2F7,1,Female,19,14,0,Labor,No,Married,3,"$44,000.00",0,0,NoCar,N/A,$0,17,Yes,Yes,AMEX,1,Yes,21,No,No,No,No,No,No,No,0,11,$14.80,$30.52,$0.00,$0.00,$0.00,$0.00,$14.80,0
4343-PDBUMX-6QW,4,Female,51,17,12,Crafts,No,Married,2,"$168,000.00",5,0,Own,Domestic,"$40,800",26,Yes,Yes,Disc,21,Yes,34,No,Yes,Yes,Yes,No,Yes,Yes,1,39,$44.20,$363.24,$0.00,$0.00,$112.50,$978.30,$156.70,0
4343-WBZALK-46D,3,Female,31,14,6,Crafts,No,Unmarried,1,"$50,000.00",3,1,Own,Domestic,"$13,300",18,Yes,Yes,Disc,13,Yes,20,Yes,Yes,Yes,Yes,Yes,No,No,0,43,$43.60,$333.64,$176.00,"$1,524.76",$138.75,"$1,360.32",$358.35,1
4346-LXATXY-PZ1,3,Male,75,15,11,Professional,No,Married,2,"$92,000.00",0,0,Own,Domestic,"$17,400",21,No,No,Mast,34,No,20,No,No,No,No,Yes,No,Yes,0,66,$96.40,"$1,343.72",$0.00,$0.00,$0.00,$0.00,$96.40,0
4348-WEQJQZ-8KW,2,Female,30,19,1,Professional,No,Unmarried,1,"$152,000.00",9,0,Own,Domestic,"$33,700",33,Yes,Yes,Mast,12,No,19,Yes,No,Yes,Yes,No,No,No,0,62,$48.80,$526.68,$167.00,"$2,061.84",$0.00,$0.00,$215.80,0
4355-RERURJ-TYC,4,Female,28,20,0,Sales,No,Married,5,"$60,000.00",3,1,Own,Foreign,"$11,200",27,No,Yes,Visa,10,Yes,20,Yes,Yes,No,No,No,Yes,Yes,0,45,$54.20,$438.88,$159.60,"$1,432.52",$178.00,"$1,936.02",$391.80,1
4363-QNUQZX-38O,5,Male,61,21,12,Professional,No,Married,2,"$116,000.00",0,1,Own,Domestic,"$27,800",24,No,No,AMEX,25,Yes,15,Yes,Yes,Yes,Yes,Yes,Yes,Yes,0,43,$54.20,$413.08,$184.80,"$1,489.28",$212.00,"$2,225.64",$451.00,1
4365-SGXXAO-7WU,1,Female,25,13,4,Agriculture,No,Unmarried,1,"$42,000.00",1,1,Own,Foreign,"$11,300",31,Yes,No,Mast,2,No,19,No,No,No,No,No,No,No,0,1,$17.20,$3.44,$0.00,$0.00,$0.00,$0.00,$17.20,0
4366-EKZZYP-O9U,5,Female,28,16,2,Professional,No,Married,3,"$50,000.00",0,0,Own,Domestic,"$10,000",31,No,Yes,AMEX,2,No,23,Yes,No,No,No,No,No,No,0,4,$13.00,$12.32,$100.20,$64.60,$0.00,$0.00,$113.20,0
4368-UTTGUJ-64C,3,Male,64,16,20,Service,Yes,Unmarried,1,"$22,000.00",4,1,Lease,Domestic,"$4,500",43,No,No,Visa,36,Yes,19,No,No,No,No,No,No,No,0,71,$93.60,"$1,349.96",$0.00,$0.00,$0.00,$0.00,$93.60,0
4371-BWGQZF-KF7,3,Female,36,13,14,Service,No,Married,3,"$120,000.00",8,1,Own,Domestic,"$27,700",25,No,Yes,AMEX,5,Yes,19,Yes,No,Yes,Yes,Yes,Yes,No,0,10,$17.00,$36.84,$118.00,$233.48,$0.00,$0.00,$135.00,0
4373-PJEXWR-VRD,1,Female,52,14,10,Professional,No,Unmarried,1,"$128,000.00",1,1,Own,Foreign,"$60,400",18,Yes,No,Disc,33,Yes,21,Yes,No,No,Yes,Yes,No,No,1,52,$51.20,$576.76,$112.60,"$1,230.36",$0.00,$0.00,$163.80,0
4375-QMTCGM-VAG,3,Male,46,12,18,Crafts,No,Unmarried,1,"$126,000.00",0,0,Own,Domestic,"$38,500",18,Yes,No,Visa,29,No,19,Yes,Yes,Yes,Yes,Yes,Yes,Yes,0,69,$44.40,$643.64,$215.60,"$2,949.48",$301.25,"$5,069.46",$561.25,1
4376-ZFMTBS-OKE,5,Female,38,17,5,Professional,No,Unmarried,2,"$152,000.00",7,0,Own,Domestic,"$36,600",29,No,Yes,Disc,11,Yes,19,Yes,Yes,Yes,Yes,Yes,Yes,No,0,28,$43.00,$236.32,$177.80,$938.88,$250.75,"$1,550.64",$471.55,1
4377-SVNMWL-PD6,5,Female,47,8,18,Service,No,Married,2,"$102,000.00",3,1,NoCar,N/A,$0,25,Yes,Yes,Mast,5,No,24,No,No,No,No,No,No,No,0,13,$28.40,$70.84,$0.00,$0.00,$0.00,$0.00,$28.40,0
4377-YZURZI-C2V,4,Female,56,15,11,Sales,No,Unmarried,1,"$90,000.00",0,1,Own,Domestic,"$16,700",22,No,No,AMEX,24,Yes,19,No,No,No,No,No,No,No,0,48,$39.40,$382.80,$0.00,$0.00,$0.00,$0.00,$39.40,0
4379-AXDMBJ-ZW4,4,Female,51,16,26,Crafts,No,Married,2,"$203,000.00",4,1,Own,Foreign,"$83,500",28,No,Yes,Disc,10,Yes,17,Yes,Yes,Yes,Yes,Yes,Yes,No,1,16,$24.20,$78.16,$178.40,$559.76,$285.00,$936.24,$487.60,1
4379-KQDORG-UXD,4,Male,23,15,1,Sales,No,Unmarried,1,"$40,000.00",0,0,NoCar,N/A,$0,20,No,No,Othe,2,Yes,24,No,No,No,No,No,No,No,0,5,$11.40,$6.36,$0.00,$0.00,$0.00,$0.00,$11.40,0
4381-DVQONV-5D9,2,Male,74,8,24,Crafts,No,Married,2,"$96,000.00",2,0,Own,Domestic,"$18,800",27,No,No,Visa,24,No,19,No,No,No,No,No,No,Yes,0,44,$51.60,$461.28,$0.00,$0.00,$0.00,$0.00,$51.60,0
4383-DCJKQQ-CT1,3,Female,48,10,1,Sales,No,Married,2,"$56,000.00",4,1,Own,Domestic,"$12,800",18,No,No,Mast,16,Yes,17,No,No,No,Yes,Yes,No,No,0,28,$32.20,$196.20,$0.00,$0.00,$0.00,$0.00,$32.20,0
4383-TTOEJO-CTF,1,Male,36,14,4,Professional,No,Unmarried,2,"$112,000.00",3,0,Own,Foreign,"$26,000",24,No,Yes,Disc,18,No,23,No,No,No,Yes,Yes,No,No,0,55,$67.40,$745.08,$0.00,$0.00,$0.00,$0.00,$67.40,0
4385-UXNAVA-Q9E,1,Male,76,15,39,Crafts,Yes,Married,2,"$36,000.00",11,0,Lease,Domestic,"$10,200",21,Yes,Yes,Mast,38,No,21,No,No,No,Yes,Yes,Yes,Yes,0,72,$162.80,"$2,555.88",$0.00,$0.00,$0.00,$0.00,$162.80,0
4389-GBKFXB-QAS,5,Female,28,15,6,Agriculture,No,Unmarried,1,"$56,000.00",5,0,Lease,Foreign,"$12,600",24,No,No,Mast,2,Yes,18,Yes,No,Yes,Yes,Yes,Yes,No,0,7,$22.60,$28.12,$145.60,$164.92,$0.00,$0.00,$168.20,0
4397-VEBEME-K4H,1,Female,63,10,20,Labor,Yes,Unmarried,1,"$28,000.00",0,1,Lease,Domestic,"$7,000",22,Yes,Yes,Mast,18,Yes,20,No,No,No,Yes,Yes,No,Yes,1,51,$22.60,$240.00,$0.00,$0.00,$0.00,$0.00,$22.60,0
4399-MPLFCL-9BF,3,Female,36,18,5,Service,No,Married,2,"$82,000.00",2,0,Own,Foreign,"$24,600",21,No,No,Visa,18,Yes,19,Yes,No,Yes,No,No,Yes,No,0,53,$39.80,$432.16,$127.80,"$1,313.24",$0.00,$0.00,$167.60,0
4406-CWASGT-8EZ,3,Female,19,14,0,Labor,No,Married,3,"$70,000.00",0,0,Own,Foreign,"$14,200",19,No,Yes,Visa,1,Yes,16,Yes,No,No,No,No,Yes,No,0,14,$28.40,$92.72,$86.40,$221.84,$0.00,$0.00,$114.80,0
4408-GKZGMW-7E3,2,Female,62,11,9,Professional,No,Married,2,"$76,000.00",4,1,Own,Domestic,"$16,500",24,No,Yes,Mast,12,Yes,13,No,No,No,No,No,Yes,No,0,25,$23.80,$104.56,$0.00,$0.00,$0.00,$0.00,$23.80,0
4412-YGSBMZ-E8P,1,Male,42,19,1,Sales,No,Married,2,"$104,000.00",6,0,Own,Domestic,"$33,200",32,Yes,No,Disc,9,Yes,15,Yes,Yes,Yes,Yes,Yes,Yes,No,1,20,$21.00,$77.24,$237.80,$945.12,$432.25,"$2,108.52",$691.05,1
4415-DKZNPG-2NK,3,Female,40,9,5,Sales,No,Married,3,"$66,000.00",0,1,NoCar,N/A,$0,24,Yes,No,Visa,17,Yes,25,No,No,No,No,No,No,No,0,27,$25.20,$134.84,$0.00,$0.00,$0.00,$0.00,$25.20,0
4415-FCSSLR-6DQ,2,Male,33,15,5,Professional,No,Unmarried,1,"$96,000.00",0,0,Own,Domestic,"$24,600",30,Yes,No,Disc,2,Yes,23,Yes,No,No,No,No,Yes,No,1,5,$19.80,$16.96,$88.00,$74.40,$0.00,$0.00,$107.80,0
4416-VJCOQR-D0X,3,Female,19,11,0,Sales,No,Married,3,"$46,000.00",3,1,Own,Foreign,"$10,500",30,No,No,Visa,1,Yes,12,No,No,No,No,No,No,No,0,17,$36.20,$114.32,$0.00,$0.00,$0.00,$0.00,$36.20,0
4419-JHBBCK-WPW,5,Female,44,11,1,Sales,No,Married,5,"$92,000.00",0,1,Own,Domestic,"$16,100",27,Yes,No,Mast,2,Yes,20,Yes,No,No,Yes,Yes,No,No,0,8,$16.00,$27.84,$106.00,$180.04,$0.00,$0.00,$122.00,0
4419-QJJUZT-N91,5,Female,60,9,15,Professional,No,Married,2,"$88,000.00",0,1,Own,Foreign,"$24,100",29,No,No,Visa,35,Yes,13,No,No,No,No,No,No,Yes,0,69,$79.20,"$1,135.44",$0.00,$0.00,$0.00,$0.00,$79.20,0
4420-DHLGRJ-CG9,2,Female,59,10,23,Labor,No,Unmarried,1,"$174,000.00",5,1,Own,Domestic,"$53,200",16,No,No,AMEX,38,Yes,19,No,No,No,Yes,Yes,No,Yes,0,70,$115.20,"$1,614.80",$0.00,$0.00,$0.00,$0.00,$115.20,0
4420-KFHEEQ-C35,2,Female,48,17,7,Sales,No,Unmarried,1,"$182,000.00",1,1,Own,Domestic,"$56,700",25,No,No,Visa,13,No,15,No,No,Yes,Yes,Yes,No,No,0,30,$48.20,$264.64,$0.00,$0.00,$0.00,$0.00,$48.20,0
4424-DAOQOJ-KZ1,5,Male,48,17,1,Sales,No,Unmarried,1,"$48,000.00",2,0,NoCar,N/A,$0,25,Yes,Yes,AMEX,5,Yes,19,No,No,No,Yes,No,No,No,0,11,$13.40,$30.52,$0.00,$0.00,$0.00,$0.00,$13.40,0
4424-OJYKHC-J3Q,2,Female,53,20,10,Professional,No,Unmarried,1,"$368,000.00",1,1,Own,Foreign,"$88,500",21,Yes,Yes,Mast,25,No,21,Yes,Yes,Yes,Yes,Yes,No,No,0,42,$25.60,$224.60,$250.60,"$2,051.84",$227.25,"$2,179.26",$503.45,1
4426-DSOKTB-1N2,2,Female,46,20,6,Professional,No,Unmarried,1,"$168,000.00",1,1,Own,Domestic,"$38,200",26,Yes,Yes,AMEX,29,Yes,21,Yes,Yes,No,Yes,No,Yes,No,0,53,$77.00,$802.44,$155.00,"$1,639.96",$141.75,"$1,800.12",$373.75,1
4432-KMTQXO-788,5,Female,56,19,6,Professional,No,Married,2,"$138,000.00",0,0,Own,Domestic,"$67,800",19,No,Yes,Disc,35,Yes,14,Yes,Yes,Yes,Yes,Yes,Yes,Yes,0,66,$88.20,"$1,153.64",$192.20,"$2,443.84",$302.50,"$4,865.10",$582.90,1
4434-ULOLSD-IRN,1,Male,24,15,1,Crafts,No,Married,4,"$44,000.00",2,1,Own,Foreign,"$9,500",30,Yes,No,Mast,6,Yes,25,Yes,Yes,Yes,Yes,Yes,No,No,0,20,$47.00,$206.20,$188.20,$660.04,$160.25,$785.58,$395.45,1
4435-FBUZVB-AES,3,Female,66,17,12,Professional,No,Unmarried,1,"$114,000.00",2,0,Lease,Domestic,"$31,800",22,Yes,Yes,AMEX,17,Yes,23,No,No,No,Yes,No,No,No,0,49,$16.80,$172.16,$0.00,$0.00,$0.00,$0.00,$16.80,0
4435-WGKNYT-FP9,2,Female,68,12,29,Labor,No,Unmarried,1,"$168,000.00",1,1,NoCar,N/A,$0,15,No,Yes,Visa,40,Yes,27,No,No,No,No,No,No,Yes,0,72,$338.40,"$4,886.88",$0.00,$0.00,$0.00,$0.00,$338.40,1
4437-BZJUWE-2IM,2,Female,42,15,5,Sales,No,Married,4,"$146,000.00",0,1,Own,Domestic,"$41,100",19,No,Yes,Mast,15,No,13,Yes,No,Yes,No,No,No,Yes,0,49,$63.20,$623.64,$123.40,"$1,197.36",$0.00,$0.00,$186.60,0
4437-WKKYNG-MZV,3,Male,33,22,2,Service,No,Unmarried,1,"$114,000.00",7,1,Own,Foreign,"$23,900",25,Yes,Yes,Mast,4,No,14,Yes,No,No,Yes,Yes,Yes,No,0,5,$16.60,$13.40,$123.00,$89.04,$0.00,$0.00,$139.60,0
4440-DCYMEU-U69,1,Female,32,14,1,Sales,No,Unmarried,1,"$46,000.00",10,0,Own,Foreign,"$11,800",21,Yes,No,Visa,1,No,14,Yes,No,No,No,No,Yes,No,0,1,$8.20,$1.64,$97.20,$19.44,$0.00,$0.00,$105.40,0
4441-EWQOTK-QSQ,5,Male,50,15,12,Professional,No,Unmarried,1,"$144,000.00",0,1,Own,Foreign,"$30,400",18,No,Yes,Disc,9,No,15,No,No,No,No,Yes,No,Yes,1,25,$19.20,$94.92,$0.00,$0.00,$0.00,$0.00,$19.20,0
4443-MOYZPR-2GZ,4,Male,49,16,14,Agriculture,No,Married,5,"$172,000.00",2,0,Own,Foreign,"$55,800",15,No,No,Mast,31,No,25,No,No,No,Yes,Yes,No,Yes,0,67,$138.80,"$1,852.88",$0.00,$0.00,$0.00,$0.00,$138.80,0
4443-OGEZVI-O5M,5,Female,34,15,1,Sales,No,Unmarried,1,"$62,000.00",2,1,Own,Foreign,"$11,700",22,Yes,No,Mast,17,Yes,21,Yes,No,No,Yes,Yes,No,Yes,0,39,$29.00,$244.16,$116.00,$842.00,$0.00,$0.00,$145.00,0
4445-LRWKQB-08A,1,Male,25,17,0,Sales,No,Married,4,"$34,000.00",7,1,Own,Domestic,"$6,700",24,No,No,Visa,7,No,21,No,No,Yes,No,Yes,No,No,0,27,$58.40,$314.84,$0.00,$0.00,$0.00,$0.00,$58.40,0
4445-YMTTHK-R7H,1,Female,19,14,0,Professional,No,Married,5,"$42,000.00",0,0,NoCar,N/A,$0,22,No,No,AMEX,2,Yes,19,Yes,No,No,No,No,Yes,No,1,5,$20.60,$20.12,$105.20,$99.24,$0.00,$0.00,$125.80,0
4446-ZQFFPQ-GJ1,2,Female,28,16,1,Professional,No,Married,5,"$128,000.00",7,1,Own,Domestic,"$35,600",18,No,No,AMEX,10,No,17,Yes,Yes,Yes,No,No,Yes,Yes,0,60,$65.60,$806.96,$145.40,"$1,779.32",$155.50,"$2,218.38",$366.50,1
4448-WMEAXN-684,1,Female,75,16,30,Labor,Yes,Unmarried,1,"$40,000.00",9,0,Own,Foreign,"$9,800",28,No,No,Mast,29,No,12,Yes,No,Yes,No,Yes,Yes,Yes,0,61,$53.00,$622.76,$156.40,"$1,897.16",$0.00,$0.00,$209.40,0
4449-HKMUFN-CMN,1,Female,27,19,0,Professional,No,Married,4,"$144,000.00",2,1,Own,Foreign,"$74,000",27,No,No,Disc,9,No,28,Yes,No,Yes,No,No,Yes,Yes,0,26,$34.80,$183.08,$129.20,$581.68,$0.00,$0.00,$164.00,0
4450-XGEADS-DGC,2,Female,29,15,5,Crafts,No,Unmarried,1,"$90,000.00",1,0,Own,Foreign,"$21,200",28,No,No,Mast,11,Yes,16,No,No,No,Yes,Yes,No,No,1,42,$51.40,$445.96,$0.00,$0.00,$0.00,$0.00,$51.40,0
4451-NEQWOG-BFC,1,Female,76,11,24,Crafts,Yes,Married,4,"$32,000.00",14,1,Lease,Domestic,"$5,300",25,No,Yes,Visa,40,No,23,No,No,No,Yes,Yes,No,Yes,0,72,$207.00,"$2,971.32",$0.00,$0.00,$0.00,$0.00,$207.00,0
4453-FAJXXO-IUV,3,Female,23,16,1,Crafts,No,Married,3,"$52,000.00",8,1,Own,Domestic,"$11,200",32,No,Yes,AMEX,5,Yes,13,Yes,No,No,Yes,No,No,Yes,0,72,$126.60,"$1,849.96",$163.80,"$2,310.04",$0.00,$0.00,$290.40,1
4453-ULMBSM-R8M,2,Female,21,13,0,Sales,No,Married,5,"$42,000.00",6,1,Own,Foreign,"$10,500",24,No,Yes,Othe,3,No,30,No,No,No,No,No,No,Yes,0,37,$35.60,$227.16,$0.00,$0.00,$0.00,$0.00,$35.60,0
4455-HYJDHI-0DK,2,Male,20,14,0,Service,No,Unmarried,3,"$50,000.00",10,0,Own,Foreign,"$10,000",16,No,Yes,Visa,2,Yes,26,No,Yes,Yes,Yes,Yes,No,Yes,0,26,$21.20,$101.44,$0.00,$0.00,$182.75,"$1,150.80",$203.95,0
4459-SHQKCK-YYU,5,Female,26,17,0,Professional,No,Married,2,"$164,000.00",0,1,Own,Foreign,"$28,200",38,Yes,No,Mast,8,No,25,Yes,Yes,No,Yes,No,Yes,No,0,13,$10.60,$22.00,$182.20,$444.16,$194.75,$543.60,$387.55,1
4459-VLPQUH-3OL,4,Male,23,16,0,Sales,No,Married,5,"$40,000.00",0,1,Own,Foreign,"$8,700",38,No,No,Visa,5,Yes,26,No,No,No,No,No,Yes,Yes,0,36,$24.00,$159.56,$0.00,$0.00,$0.00,$0.00,$24.00,0
4461-GDUAPW-T5J,3,Female,36,19,1,Sales,No,Married,2,"$142,000.00",0,1,Own,Foreign,"$69,400",26,No,Yes,Disc,18,No,20,Yes,Yes,Yes,Yes,Yes,Yes,Yes,0,58,$204.20,"$2,425.16",$238.60,"$2,699.20",$264.25,"$3,578.46",$707.05,1
4462-PLGORR-PN6,3,Male,28,10,9,Labor,No,Unmarried,1,"$44,000.00",10,1,Own,Foreign,"$13,900",29,Yes,Yes,AMEX,10,Yes,16,No,No,No,No,No,No,No,0,36,$34.00,$221.64,$0.00,$0.00,$0.00,$0.00,$34.00,0
4462-VTBKFJ-5BB,2,Male,53,17,15,Agriculture,No,Unmarried,1,"$160,000.00",0,1,Own,Domestic,"$32,900",30,No,Yes,Visa,11,No,18,No,No,Yes,No,No,Yes,No,0,53,$43.80,$387.72,$0.00,$0.00,$0.00,$0.00,$43.80,0
4463-KHVXLU-RJ6,3,Male,72,12,21,Sales,Yes,Married,2,"$44,000.00",3,1,Lease,Foreign,"$11,100",22,No,No,Othe,36,No,16,Yes,No,Yes,No,No,Yes,Yes,1,66,$63.20,$899.00,$145.40,"$1,891.04",$0.00,$0.00,$208.60,0
4466-QZDRDY-3Q5,1,Male,32,20,0,Sales,No,Unmarried,3,"$96,000.00",0,1,Own,Domestic,"$23,600",28,No,No,AMEX,3,Yes,22,Yes,No,Yes,No,No,Yes,No,1,5,$16.60,$20.56,$103.20,$85.48,$0.00,$0.00,$119.80,0
4467-HQTBGE-T9R,5,Male,31,18,3,Service,No,Married,2,"$137,000.00",0,1,Own,Foreign,"$68,600",32,Yes,Yes,Disc,7,Yes,19,Yes,Yes,No,No,No,Yes,No,1,22,$15.40,$69.08,$128.20,$511.64,$134.00,$622.74,$277.60,1
4471-MSBQBN-I8R,1,Male,25,17,1,Agriculture,No,Unmarried,1,"$26,000.00",8,1,Own,Foreign,"$6,300",24,Yes,Yes,Visa,7,Yes,20,Yes,No,No,Yes,Yes,Yes,No,0,12,$18.00,$40.04,$155.20,$333.16,$0.00,$0.00,$173.20,0
4474-UOAZVD-3UE,5,Male,37,18,1,Sales,No,Married,5,"$44,000.00",1,1,Own,Foreign,"$9,400",24,No,Yes,Visa,1,Yes,18,No,Yes,Yes,Yes,Yes,Yes,No,0,3,$17.60,$7.76,$0.00,$0.00,$127.75,$63.12,$145.35,0
4479-YKVLST-PE9,5,Female,48,16,15,Crafts,No,Unmarried,1,"$190,000.00",16,0,Own,Domestic,"$40,600",31,No,Yes,AMEX,10,No,24,Yes,No,No,Yes,Yes,No,No,1,19,$52.60,$210.44,$139.20,$487.40,$0.00,$0.00,$191.80,0
4480-JNZYSL-5L3,3,Male,33,12,3,Sales,No,Married,4,"$86,000.00",2,1,Own,Domestic,"$24,400",22,Yes,Yes,Visa,15,Yes,15,No,No,No,No,Yes,No,No,1,38,$29.60,$227.80,$0.00,$0.00,$0.00,$0.00,$29.60,0
4482-FBKRCK-OWT,4,Male,61,18,18,Labor,Yes,Married,2,"$164,000.00",0,1,Lease,Domestic,"$39,300",26,Yes,No,AMEX,29,No,21,Yes,No,Yes,No,Yes,Yes,Yes,0,62,$89.00,"$1,124.24",$200.40,"$2,346.20",$0.00,$0.00,$289.40,1
4483-CIQXVJ-R7J,1,Male,67,12,6,Professional,No,Unmarried,1,"$78,000.00",0,0,Own,Foreign,"$21,600",26,No,No,AMEX,14,Yes,11,No,No,No,No,No,No,Yes,1,42,$34.20,$302.64,$0.00,$0.00,$0.00,$0.00,$34.20,0
4483-YICDMQ-5BP,2,Male,20,15,0,Professional,No,Married,4,"$82,000.00",10,1,Own,Foreign,"$17,200",26,Yes,Yes,Disc,2,Yes,16,No,No,No,No,No,No,No,1,12,$16.80,$30.96,$0.00,$0.00,$0.00,$0.00,$16.80,0
4485-KZAREG-YJQ,2,Male,66,14,15,Professional,No,Married,2,"$144,000.00",1,1,Own,Domestic,"$47,100",26,Yes,No,AMEX,32,No,14,Yes,No,No,No,No,No,Yes,0,66,$99.00,"$1,252.12",$122.20,"$1,629.24",$0.00,$0.00,$221.20,0
4487-UIOHOC-Y6X,1,Male,70,16,11,Professional,No,Unmarried,1,"$107,000.00",3,0,Own,Domestic,"$54,200",30,No,No,Othe,25,No,24,No,No,Yes,Yes,Yes,No,Yes,0,56,$51.00,$608.32,$0.00,$0.00,$0.00,$0.00,$51.00,0
4488-KQTZED-Q06,1,Female,25,13,0,Sales,No,Unmarried,1,"$48,000.00",0,1,NoCar,N/A,$0,24,Yes,No,Visa,7,Yes,16,No,Yes,No,No,Yes,No,No,1,50,$74.40,$705.24,$0.00,$0.00,$150.75,"$1,716.24",$225.15,0
4490-YKVPRY-KYA,5,Male,58,21,9,Professional,No,Married,3,"$437,000.00",4,1,Own,Foreign,"$92,300",19,No,Yes,Mast,22,No,23,Yes,Yes,Yes,Yes,Yes,Yes,Yes,0,53,$68.20,$730.72,$258.80,"$2,665.64",$258.00,"$3,241.80",$585.00,1
4491-FFVLMO-72B,2,Female,21,16,0,Professional,No,Unmarried,4,"$32,000.00",0,0,Own,Foreign,"$6,300",20,Yes,Yes,Disc,3,No,15,Yes,No,No,No,No,Yes,No,0,46,$21.20,$186.80,$122.20,"$1,083.16",$0.00,$0.00,$143.40,0
4492-CGFPOU-I65,1,Male,44,20,6,Agriculture,No,Unmarried,1,"$66,000.00",5,0,Own,Domestic,"$19,900",22,No,Yes,AMEX,3,No,18,Yes,Yes,Yes,Yes,Yes,Yes,No,0,8,$34.60,$36.44,$315.20,$455.12,$362.25,$561.72,$712.05,1
4499-OUWLNY-MFL,5,Male,70,14,4,Sales,No,Unmarried,1,"$98,000.00",0,1,Own,Foreign,"$36,100",28,No,Yes,Disc,34,No,22,Yes,No,Yes,Yes,Yes,Yes,Yes,0,66,$76.60,"$1,031.92",$164.20,"$2,108.28",$0.00,$0.00,$240.80,0
4500-JRIATB-YGQ,3,Female,32,19,3,Professional,No,Unmarried,1,"$94,000.00",0,0,Own,Domestic,"$26,000",25,Yes,Yes,AMEX,1,Yes,11,Yes,No,No,Yes,Yes,Yes,No,1,1,$13.20,$2.64,$124.40,$24.88,$0.00,$0.00,$137.60,0
4503-DEXFNT-00L,3,Male,42,17,11,Labor,No,Married,4,"$184,000.00",2,1,Own,Foreign,"$41,200",19,Yes,Yes,AMEX,10,Yes,19,No,No,No,No,Yes,No,No,0,27,$14.20,$79.04,$0.00,$0.00,$0.00,$0.00,$14.20,0
4504-RYFMAL-H2T,1,Female,39,19,6,Crafts,No,Unmarried,3,"$136,000.00",1,1,Own,Domestic,"$44,400",28,Yes,Yes,Mast,12,Yes,20,Yes,Yes,Yes,Yes,Yes,Yes,Yes,1,32,$53.80,$363.36,$232.00,"$1,425.52",$325.50,"$2,388.42",$611.30,1
4505-NPXUIA-TT7,5,Female,75,13,4,Sales,No,Unmarried,1,"$58,000.00",1,0,Own,Domestic,"$13,200",31,Yes,Yes,Visa,40,No,22,Yes,No,No,No,No,Yes,Yes,0,72,$177.00,"$2,461.76",$159.80,"$2,364.28",$0.00,$0.00,$336.80,1
4512-EHRBZV-XTG,3,Female,36,20,0,Sales,No,Unmarried,1,"$130,000.00",3,0,Own,Domestic,"$40,100",23,No,Yes,AMEX,15,No,25,Yes,No,No,No,No,Yes,No,0,26,$20.00,$93.56,$132.00,$693.76,$0.00,$0.00,$152.00,0
4513-UXGKBU-0EV,5,Male,29,13,2,Professional,No,Married,4,"$40,000.00",0,0,Own,Foreign,"$10,700",15,Yes,No,Mast,11,No,34,No,No,No,No,No,No,Yes,0,47,$53.60,$498.60,$0.00,$0.00,$0.00,$0.00,$53.60,0
4515-SJCSTC-N2E,2,Female,39,14,2,Sales,No,Unmarried,1,"$166,000.00",0,0,Own,Foreign,"$41,100",25,No,No,Visa,10,No,18,Yes,No,Yes,No,No,Yes,No,0,19,$25.80,$100.28,$162.60,$600.40,$0.00,$0.00,$188.40,0
4517-HGJRML-44A,5,Male,26,17,0,Sales,No,Unmarried,1,"$86,000.00",5,0,Own,Domestic,"$23,800",22,No,No,AMEX,2,No,18,No,Yes,Yes,Yes,Yes,Yes,No,1,6,$20.80,$18.52,$0.00,$0.00,$120.25,$152.46,$141.05,0
4517-OCVTUD-S8R,4,Female,21,14,1,Labor,No,Unmarried,1,"$50,000.00",1,1,Own,Foreign,"$16,000",24,No,Yes,AMEX,3,No,20,No,No,No,No,No,No,No,0,19,$24.40,$107.56,$0.00,$0.00,$0.00,$0.00,$24.40,0
4518-HAHJUN-O50,5,Female,25,14,3,Professional,No,Unmarried,1,"$54,000.00",5,1,Own,Domestic,"$3,200",28,No,No,Disc,1,No,26,No,Yes,Yes,Yes,Yes,No,No,0,2,$8.40,$2.76,$0.00,$0.00,$139.75,$28.14,$148.15,0
4520-FSACMY-WGN,2,Male,40,16,10,Service,No,Unmarried,1,"$168,000.00",5,1,Own,Domestic,"$71,500",22,Yes,Yes,AMEX,18,Yes,22,Yes,No,No,No,No,Yes,Yes,1,37,$27.00,$206.20,$89.80,$640.16,$0.00,$0.00,$116.80,0
4523-BBAHPB-199,5,Male,53,17,2,Sales,No,Unmarried,1,"$88,000.00",0,0,NoCar,N/A,$0,24,No,Yes,Disc,9,No,20,No,No,Yes,Yes,Yes,No,Yes,0,10,$17.20,$34.52,$0.00,$0.00,$0.00,$0.00,$17.20,0
4523-CZLDHQ-F6P,5,Male,76,14,17,Sales,Yes,Married,2,"$44,000.00",7,1,Lease,Domestic,"$8,700",30,No,Yes,Visa,33,No,19,No,No,Yes,Yes,Yes,Yes,No,0,63,$68.60,$873.24,$0.00,$0.00,$0.00,$0.00,$68.60,0
4523-IIDSYM-ANC,3,Male,57,12,20,Crafts,No,Married,2,"$198,000.00",6,1,Own,Foreign,"$39,500",28,No,Yes,Visa,34,Yes,21,No,No,No,No,No,No,No,0,70,$66.20,$967.84,$0.00,$0.00,$0.00,$0.00,$66.20,0
4525-TMLNDT-OVF,5,Male,51,13,21,Labor,No,Married,5,"$128,000.00",1,1,Own,Domestic,"$27,700",28,Yes,Yes,AMEX,24,No,13,Yes,Yes,Yes,No,No,Yes,Yes,1,62,$70.80,$919.08,$160.20,"$1,944.12",$145.25,"$2,167.38",$376.25,1
4527-WNECPJ-7QI,1,Male,64,9,30,Labor,Yes,Unmarried,1,"$58,000.00",0,0,Own,Domestic,"$13,000",23,No,Yes,AMEX,27,No,20,No,No,No,No,No,No,Yes,0,66,$119.20,"$1,603.00",$0.00,$0.00,$0.00,$0.00,$119.20,0
4528-NPTFWG-CBO,1,Male,66,10,14,Sales,No,Married,2,"$128,000.00",8,0,Own,Domestic,"$26,100",28,No,Yes,Mast,27,No,22,No,No,No,No,No,No,No,1,55,$92.00,"$1,002.72",$0.00,$0.00,$0.00,$0.00,$92.00,0
4528-WSDUCW-WCM,4,Male,38,13,3,Sales,No,Unmarried,1,"$64,000.00",5,1,Lease,Domestic,"$16,400",29,Yes,No,Mast,8,Yes,23,No,No,No,Yes,Yes,No,No,0,23,$39.40,$194.00,$0.00,$0.00,$0.00,$0.00,$39.40,0
4532-CPXGCN-TY1,4,Female,58,19,2,Sales,No,Unmarried,1,"$146,000.00",0,1,Own,Foreign,"$85,500",34,Yes,Yes,Disc,29,No,26,No,Yes,No,No,No,Yes,No,0,28,$156.00,$841.52,$0.00,$0.00,$112.25,$775.92,$268.25,0
4536-GMAOFO-C7G,2,Female,29,11,5,Professional,No,Unmarried,1,"$70,000.00",1,1,Own,Domestic,"$17,900",18,No,Yes,Disc,3,No,23,No,No,No,No,No,Yes,No,0,9,$13.00,$17.92,$0.00,$0.00,$0.00,$0.00,$13.00,0
4537-OKWPPY-O6I,3,Male,19,14,0,Sales,No,Married,4,"$64,000.00",1,1,NoCar,N/A,$0,26,No,Yes,Disc,1,No,15,Yes,No,No,No,No,No,No,0,16,$30.60,$85.00,$90.20,$259.60,$0.00,$0.00,$120.80,0
4538-HQXUHM-ANV,1,Male,45,16,10,Labor,No,Married,2,"$74,000.00",0,1,Own,Domestic,"$15,700",24,Yes,Yes,Visa,27,No,19,No,Yes,Yes,Yes,Yes,Yes,No,0,54,$42.80,$465.72,$0.00,$0.00,$163.50,"$2,005.56",$206.30,0
4540-LYNWIF-D4Q,3,Female,25,15,1,Service,No,Unmarried,5,"$64,000.00",10,1,Own,Foreign,"$16,800",31,Yes,No,Mast,4,Yes,24,Yes,No,No,No,No,Yes,No,0,12,$22.40,$45.32,$89.20,$197.88,$0.00,$0.00,$111.60,0
4541-XPKEVA-VFY,1,Female,51,15,7,Professional,No,Unmarried,1,"$124,000.00",4,1,NoCar,N/A,$0,29,No,Yes,AMEX,23,No,16,No,No,Yes,Yes,Yes,No,Yes,0,41,$58.80,$495.32,$0.00,$0.00,$0.00,$0.00,$58.80,0
4542-HCVKJI-DSZ,4,Female,20,15,0,Labor,No,Married,2,"$32,000.00",2,1,Lease,Domestic,"$9,300",30,No,No,Visa,2,No,17,No,Yes,Yes,Yes,Yes,Yes,No,1,6,$20.40,$25.60,$0.00,$0.00,$183.75,$237.90,$204.15,0
4543-FDRXDN-QX7,3,Male,68,12,9,Professional,No,Married,2,"$48,000.00",9,0,Lease,Domestic,"$18,200",22,No,Yes,Disc,30,No,18,No,No,No,No,No,No,No,1,54,$32.00,$329.28,$0.00,$0.00,$0.00,$0.00,$32.00,0
4544-QJPSZG-R7P,2,Male,47,18,5,Sales,No,Married,4,"$48,000.00",2,0,Own,Domestic,"$8,300",27,No,No,Disc,9,No,28,Yes,Yes,Yes,Yes,Yes,Yes,Yes,0,21,$25.60,$103.04,$143.80,$604.52,$152.75,$637.32,$322.15,1
4547-XZGHXA-2E8,2,Female,25,17,0,Professional,No,Unmarried,2,"$92,000.00",0,0,Own,Foreign,"$20,400",23,Yes,Yes,Visa,7,Yes,27,Yes,No,No,No,No,Yes,No,0,29,$37.20,$208.88,$104.20,$577.24,$0.00,$0.00,$141.40,0
4549-PFIHSS-FNN,2,Male,60,18,18,Labor,Yes,Unmarried,1,"$52,000.00",8,1,Own,Foreign,"$11,900",19,No,No,Visa,24,No,17,No,No,No,Yes,No,No,Yes,0,47,$29.40,$275.32,$0.00,$0.00,$0.00,$0.00,$29.40,0
4556-DRFASV-V2R,3,Male,63,11,6,Sales,No,Married,2,"$66,000.00",1,1,Own,Foreign,"$22,500",32,No,Yes,Mast,21,No,25,No,No,No,No,No,No,No,0,30,$48.00,$305.60,$0.00,$0.00,$0.00,$0.00,$48.00,0
4556-TQTGUZ-DNE,1,Male,34,13,8,Labor,No,Married,4,"$58,000.00",12,0,Own,Foreign,"$17,100",24,Yes,No,Mast,15,Yes,20,No,No,No,Yes,Yes,No,Yes,0,35,$29.80,$169.60,$0.00,$0.00,$0.00,$0.00,$29.80,0
4560-LMVFQV-52N,1,Female,23,12,0,Sales,No,Married,6,"$44,000.00",0,1,Own,Domestic,"$9,000",25,Yes,No,AMEX,1,No,16,No,No,No,Yes,Yes,No,No,0,6,$17.60,$23.84,$0.00,$0.00,$0.00,$0.00,$17.60,0
4562-HTBBAD-DX3,5,Male,46,21,1,Sales,No,Unmarried,1,"$64,000.00",5,1,Own,Foreign,"$17,200",21,Yes,No,Disc,19,No,14,No,Yes,No,Yes,Yes,No,No,1,37,$35.40,$254.92,$0.00,$0.00,$132.75,"$1,192.44",$168.15,0
4562-VVBIHP-KNV,3,Female,78,8,46,Service,Yes,Unmarried,1,"$96,000.00",11,1,Own,Foreign,"$30,000",39,Yes,No,Othe,40,Yes,31,No,No,No,No,No,No,Yes,1,72,$116.80,"$1,659.60",$0.00,$0.00,$0.00,$0.00,$116.80,0
4563-GBQFAH-LGL,1,Male,33,14,5,Service,No,Married,5,"$106,000.00",3,0,Own,Foreign,"$12,400",20,Yes,Yes,Mast,15,No,24,No,No,No,No,No,No,No,0,44,$39.00,$355.36,$0.00,$0.00,$0.00,$0.00,$39.00,0
4563-NZSKTT-MBD,2,Female,39,17,3,Sales,No,Unmarried,1,"$44,000.00",8,0,Own,Foreign,"$10,200",16,No,No,Visa,21,Yes,19,Yes,Yes,Yes,Yes,Yes,Yes,Yes,0,67,$75.40,"$1,034.20",$220.00,"$2,958.24",$234.25,"$3,666.42",$529.65,1
4565-UFYIEZ-8GO,1,Female,67,13,8,Sales,No,Unmarried,1,"$140,000.00",1,1,Own,Foreign,"$42,200",26,Yes,Yes,Disc,18,No,30,No,No,No,Yes,No,No,No,0,40,$55.00,$464.00,$0.00,$0.00,$0.00,$0.00,$55.00,0
4565-XBULTL-4TI,4,Female,42,16,10,Labor,No,Married,6,"$194,000.00",10,0,Own,Foreign,"$36,500",30,Yes,Yes,Disc,12,Yes,25,No,Yes,Yes,Yes,Yes,No,Yes,0,28,$58.40,$360.48,$0.00,$0.00,$164.00,"$1,026.78",$222.40,0
4565-ZGPUAQ-WCB,2,Male,54,15,19,Labor,No,Married,4,"$190,000.00",1,1,Own,Domestic,"$47,000",22,No,No,Disc,25,Yes,18,No,No,No,No,No,No,Yes,1,55,$35.20,$353.76,$0.00,$0.00,$0.00,$0.00,$35.20,0
4568-ODOYWD-SJ0,5,Male,48,15,6,Sales,No,Married,2,"$136,000.00",7,1,Own,Domestic,"$30,300",28,Yes,No,Visa,6,Yes,18,Yes,Yes,Yes,Yes,Yes,No,Yes,0,10,$21.80,$51.12,$177.40,$295.08,$170.25,$362.88,$369.45,1
4571-MBLHIB-1ZE,1,Male,64,18,16,Sales,Yes,Unmarried,1,"$22,000.00",6,1,Own,Domestic,"$5,400",22,Yes,Yes,AMEX,14,No,15,Yes,No,No,No,No,Yes,Yes,1,47,$23.80,$228.48,$82.00,$761.52,$0.00,$0.00,$105.80,0
4574-CFECWQ-FGC,1,Female,43,13,6,Professional,No,Unmarried,1,"$176,000.00",9,1,Own,Foreign,"$35,300",31,No,Yes,Visa,25,Yes,22,Yes,Yes,Yes,Yes,Yes,Yes,No,0,56,$73.40,$826.12,$238.60,"$2,615.04",$391.50,"$5,138.28",$703.50,1
4574-RMSWGG-QJR,1,Female,61,13,35,Agriculture,Yes,Married,2,"$32,000.00",1,0,Own,Domestic,"$8,300",26,No,No,Visa,39,Yes,16,No,No,No,No,No,No,Yes,0,72,$218.40,"$2,977.56",$0.00,$0.00,$0.00,$0.00,$218.40,0
4577-YHCPPT-TBO,4,Male,38,20,1,Sales,No,Unmarried,2,"$176,000.00",8,1,Own,Domestic,"$49,500",24,No,Yes,AMEX,19,Yes,24,Yes,Yes,Yes,Yes,Yes,Yes,No,1,38,$20.20,$135.88,$241.20,"$1,818.28",$324.00,"$2,887.50",$585.40,1
4579-MMSLXL-UBQ,1,Male,53,11,19,Service,No,Unmarried,2,"$148,000.00",2,1,Own,Foreign,"$44,400",16,Yes,Yes,Visa,31,Yes,15,No,No,No,Yes,Yes,No,Yes,0,63,$94.80,"$1,285.92",$0.00,$0.00,$0.00,$0.00,$94.80,0
4579-WRRIBO-I61,5,Male,36,18,9,Crafts,No,Unmarried,1,"$122,000.00",12,0,Own,Domestic,"$46,200",25,Yes,Yes,Visa,17,Yes,22,No,Yes,Yes,Yes,Yes,Yes,Yes,0,39,$71.80,$538.72,$0.00,$0.00,$139.75,"$1,243.62",$211.55,0
4581-YZDQGN-FV5,1,Female,56,10,12,Professional,No,Unmarried,1,"$44,000.00",7,0,NoCar,N/A,$0,15,No,No,Visa,11,No,12,No,No,No,Yes,Yes,No,No,0,32,$50.00,$279.96,$0.00,$0.00,$0.00,$0.00,$50.00,0
4583-LDDOHQ-VFX,4,Male,70,18,29,Service,No,Married,2,"$141,000.00",1,1,Own,Foreign,"$86,500",29,No,Yes,Visa,29,No,19,No,No,No,No,No,Yes,Yes,1,60,$96.20,"$1,135.04",$0.00,$0.00,$0.00,$0.00,$96.20,0
4585-IKDBHH-3FN,4,Female,60,13,3,Sales,No,Unmarried,1,"$96,000.00",0,1,Lease,Foreign,"$25,000",28,No,Yes,Visa,14,Yes,21,No,No,No,No,No,No,No,0,48,$45.80,$465.32,$0.00,$0.00,$0.00,$0.00,$45.80,0
4588-ODXEGS-UGY,2,Female,44,13,13,Crafts,No,Married,2,"$120,000.00",3,1,Own,Domestic,"$35,500",12,Yes,Yes,Mast,26,Yes,20,No,No,No,No,Yes,No,Yes,0,70,$129.20,"$1,791.56",$0.00,$0.00,$0.00,$0.00,$129.20,0
4589-QHHYDN-78R,2,Male,46,8,16,Agriculture,No,Unmarried,1,"$52,000.00",1,0,Own,Foreign,"$13,000",34,Yes,No,Mast,25,Yes,23,No,No,No,No,No,No,Yes,0,46,$51.60,$449.32,$0.00,$0.00,$0.00,$0.00,$51.60,0
4591-JGMXKX-4JY,2,Female,35,11,2,Sales,No,Married,3,"$80,000.00",6,1,NoCar,N/A,$0,22,No,Yes,AMEX,17,Yes,21,No,No,No,No,No,No,Yes,0,63,$91.80,"$1,160.44",$0.00,$0.00,$0.00,$0.00,$91.80,0
4598-IIQRSL-BW6,3,Male,67,16,11,Professional,No,Married,2,"$52,000.00",3,1,NoCar,N/A,$0,13,No,Yes,Mast,30,No,14,No,Yes,No,Yes,Yes,No,Yes,0,60,$88.60,"$1,048.80",$0.00,$0.00,$143.50,"$2,069.16",$232.10,0
4603-GUEYBX-SNZ,4,Male,55,16,3,Sales,No,Married,2,"$82,000.00",8,1,Lease,Foreign,"$21,800",25,No,Yes,AMEX,24,No,13,Yes,No,No,No,No,No,Yes,1,47,$44.20,$385.40,$136.60,"$1,221.04",$0.00,$0.00,$180.80,0
4603-GZODHR-TEP,4,Female,25,10,3,Service,No,Married,5,"$36,000.00",0,1,Own,Domestic,"$9,700",30,No,Yes,Disc,7,Yes,15,No,No,Yes,Yes,No,No,No,0,15,$16.80,$48.56,$0.00,$0.00,$0.00,$0.00,$16.80,0
4603-JLALMB-PV7,3,Male,27,17,2,Crafts,No,Married,4,"$50,000.00",3,0,NoCar,N/A,$0,24,Yes,No,AMEX,9,Yes,26,Yes,No,No,Yes,No,Yes,No,0,14,$17.40,$68.48,$96.20,$248.16,$0.00,$0.00,$113.60,0
4604-KMGBYC-R8T,5,Male,28,19,2,Labor,No,Unmarried,1,"$172,000.00",0,1,Own,Foreign,"$38,500",34,No,Yes,Disc,10,Yes,18,Yes,Yes,Yes,Yes,Yes,Yes,Yes,0,29,$32.60,$193.56,$215.80,"$1,160.64",$352.00,"$2,246.52",$600.40,1
4605-FVFZLW-MP8,5,Male,21,11,2,Professional,No,Unmarried,1,"$32,000.00",0,0,Own,Domestic,"$11,900",29,Yes,Yes,Disc,3,No,25,No,No,No,No,No,No,No,1,15,$37.20,$101.04,$0.00,$0.00,$0.00,$0.00,$37.20,0
4605-TNMJOE-FCU,2,Female,47,15,8,Professional,No,Unmarried,1,"$152,000.00",11,1,Own,Domestic,"$41,500",28,No,Yes,AMEX,29,No,19,Yes,Yes,No,Yes,No,Yes,No,0,66,$75.00,$902.20,$256.00,"$3,344.92",$240.00,"$3,672.24",$571.00,1
4605-XKYPRR-35T,5,Female,20,12,1,Sales,No,Married,4,"$36,000.00",0,0,Own,Domestic,"$7,500",20,No,No,Mast,3,Yes,23,No,No,No,No,No,No,No,0,12,$19.20,$53.56,$0.00,$0.00,$0.00,$0.00,$19.20,0
4607-BBLWAC-7UE,1,Male,19,11,1,Labor,No,Unmarried,3,"$38,000.00",3,1,Own,Foreign,"$9,800",21,Yes,No,Mast,1,No,25,No,No,No,No,No,No,No,0,3,$12.00,$6.88,$0.00,$0.00,$0.00,$0.00,$12.00,0
4610-AQKNEI-8SL,1,Male,63,11,13,Sales,No,Unmarried,1,"$140,000.00",0,1,Own,Foreign,"$35,100",19,Yes,No,Mast,13,No,28,Yes,Yes,Yes,Yes,Yes,Yes,Yes,0,22,$48.00,$224.88,$189.40,$814.88,$282.75,"$1,463.04",$520.15,1
4612-YEAVKZ-80M,5,Male,27,14,0,Professional,No,Married,5,"$56,000.00",13,1,Own,Domestic,"$11,900",22,Yes,No,Mast,9,Yes,19,Yes,Yes,Yes,Yes,Yes,Yes,No,0,56,$26.80,$313.88,$193.80,"$2,063.76",$283.00,"$3,538.32",$503.60,1
4615-MEDJFB-YCD,5,Female,21,16,0,Agriculture,No,Unmarried,3,"$26,000.00",0,1,Own,Foreign,"$6,100",39,No,Yes,AMEX,3,No,23,No,No,No,Yes,Yes,Yes,No,0,19,$34.60,$121.64,$0.00,$0.00,$0.00,$0.00,$34.60,0
4615-QZQSAY-D51,4,Male,19,14,0,Labor,No,Unmarried,3,"$38,000.00",1,0,Lease,Domestic,"$9,300",29,No,No,Visa,1,Yes,19,Yes,Yes,No,Yes,Yes,No,No,0,1,$4.60,$0.92,$114.40,$22.88,$84.50,$20.28,$203.50,0
4616-BCHPBF-WO8,2,Female,22,9,3,Service,No,Unmarried,4,"$58,000.00",0,0,Own,Foreign,"$15,500",21,Yes,Yes,Visa,2,Yes,21,No,No,No,Yes,No,No,No,0,3,$15.80,$11.80,$0.00,$0.00,$0.00,$0.00,$15.80,0
4620-PJTNNY-HPV,4,Female,25,11,1,Sales,No,Married,5,"$64,000.00",1,0,Own,Foreign,"$17,500",30,No,No,Disc,7,No,21,No,Yes,Yes,Yes,Yes,No,Yes,1,29,$22.00,$114.12,$0.00,$0.00,$160.50,"$1,017.78",$182.50,0
4622-EVSSLJ-PV5,3,Female,73,9,32,Labor,Yes,Unmarried,1,"$50,000.00",1,1,Lease,Domestic,"$12,400",23,No,No,Mast,40,Yes,21,No,No,No,Yes,Yes,No,Yes,0,72,$211.60,"$3,028.00",$0.00,$0.00,$0.00,$0.00,$211.60,0
4626-BQZAUJ-V9K,5,Female,26,16,0,Sales,No,Married,6,"$48,000.00",1,0,Lease,Domestic,"$9,800",27,Yes,No,Disc,8,Yes,17,Yes,No,No,No,No,Yes,No,0,26,$23.20,$119.52,$108.20,$582.84,$0.00,$0.00,$131.40,0
4626-CAHDBA-0M9,2,Male,49,12,18,Labor,No,Unmarried,1,"$100,000.00",13,0,Own,Domestic,"$27,700",28,No,Yes,Visa,17,No,16,No,No,No,No,No,No,Yes,0,39,$19.60,$171.32,$0.00,$0.00,$0.00,$0.00,$19.60,0
4626-ZHFCOF-HT5,3,Male,71,14,9,Sales,No,Unmarried,1,"$106,000.00",0,0,Own,Domestic,"$15,400",27,No,No,Disc,36,No,11,No,No,No,No,No,No,Yes,0,69,$70.60,$979.76,$0.00,$0.00,$0.00,$0.00,$70.60,0
4628-JAFKRH-KX3,5,Male,57,18,10,Professional,No,Unmarried,2,"$184,000.00",0,1,Own,Foreign,"$58,200",22,No,Yes,AMEX,9,Yes,22,No,No,No,Yes,Yes,No,No,0,19,$21.20,$71.80,$0.00,$0.00,$0.00,$0.00,$21.20,0
4629-OUAIRK-MZH,5,Male,75,17,35,Service,Yes,Married,2,"$82,000.00",3,1,Own,Foreign,"$17,400",22,No,Yes,Disc,25,No,17,No,No,No,Yes,Yes,No,Yes,0,61,$35.60,$465.16,$0.00,$0.00,$0.00,$0.00,$35.60,0
4631-NGDAQE-YYF,4,Male,77,8,31,Service,Yes,Unmarried,1,"$18,000.00",14,0,Lease,Domestic,"$5,500",27,No,No,Mast,16,Yes,0,No,No,No,No,No,No,Yes,0,38,$50.60,$377.68,$0.00,$0.00,$0.00,$0.00,$50.60,0
4631-VSDGZH-F56,5,Female,67,10,7,Sales,No,Married,2,"$44,000.00",6,1,NoCar,N/A,$0,30,Yes,Yes,Visa,39,Yes,24,Yes,Yes,Yes,No,Yes,No,Yes,0,72,$137.40,"$2,004.64",$164.40,"$2,268.24",$145.25,"$2,422.02",$447.05,1
4636-OGXYOP-G8N,1,Female,20,15,0,Agriculture,No,Unmarried,3,"$36,000.00",8,1,Lease,Domestic,"$7,700",20,No,No,Visa,2,No,9,No,No,No,Yes,Yes,No,No,0,14,$14.40,$28.52,$0.00,$0.00,$0.00,$0.00,$14.40,0
4637-FNDPRW-GMA,4,Female,78,9,33,Crafts,Yes,Unmarried,1,"$70,000.00",8,0,Own,Domestic,"$18,000",21,Yes,Yes,AMEX,24,No,22,No,No,No,Yes,Yes,No,Yes,1,53,$50.80,$522.48,$0.00,$0.00,$0.00,$0.00,$50.80,0
4637-ONLVTD-FJE,5,Female,71,18,23,Labor,Yes,Unmarried,1,"$24,000.00",9,1,Lease,Foreign,"$4,500",16,Yes,No,Visa,13,No,18,Yes,Yes,Yes,Yes,Yes,No,Yes,1,40,$52.60,$408.52,$148.40,"$1,268.60",$145.50,"$1,411.74",$346.50,1
4643-WSLHBV-DM5,2,Male,53,21,19,Service,No,Unmarried,1,"$284,000.00",2,1,Own,Domestic,"$92,400",29,Yes,Yes,Disc,30,No,13,No,Yes,Yes,Yes,Yes,Yes,Yes,1,48,$53.40,$529.24,$0.00,$0.00,$285.25,"$3,259.92",$338.65,1
4649-SYAAXJ-QEN,5,Male,76,12,31,Labor,Yes,Married,2,"$22,000.00",0,1,Lease,Foreign,"$4,100",29,Yes,Yes,Disc,20,No,20,No,No,No,No,No,No,Yes,1,48,$48.60,$462.24,$0.00,$0.00,$0.00,$0.00,$48.60,0
4649-XQIERQ-NX3,5,Male,29,11,5,Professional,No,Unmarried,2,"$60,000.00",0,1,Own,Foreign,"$16,300",29,Yes,No,Othe,10,No,24,No,No,No,Yes,No,No,No,0,25,$20.40,$90.20,$0.00,$0.00,$0.00,$0.00,$20.40,0
4651-FZBXWY-6F0,4,Male,22,17,0,Sales,No,Married,2,"$40,000.00",1,0,Own,Domestic,"$8,800",32,Yes,Yes,Disc,5,No,18,Yes,No,No,No,No,Yes,No,0,17,$19.60,$58.20,$102.80,$289.48,$0.00,$0.00,$122.40,0
4652-IHOVUO-NKZ,3,Male,70,11,38,Labor,Yes,Unmarried,1,"$64,000.00",0,1,Own,Domestic,"$17,100",27,No,No,Othe,40,Yes,16,No,No,Yes,Yes,No,No,Yes,0,71,$158.40,"$2,182.48",$0.00,$0.00,$0.00,$0.00,$158.40,0
4656-GRFFDC-Z0Y,2,Male,33,17,2,Professional,No,Married,4,"$76,000.00",6,1,Own,Domestic,"$21,000",21,No,Yes,Visa,15,Yes,19,Yes,No,No,No,No,Yes,Yes,1,45,$31.00,$280.00,$143.00,"$1,250.64",$0.00,$0.00,$174.00,0
4658-VETXPI-KJJ,4,Female,53,20,8,Professional,No,Married,2,"$176,000.00",8,0,NoCar,N/A,$0,21,Yes,No,Disc,35,No,23,Yes,Yes,Yes,Yes,Yes,No,Yes,0,71,$88.20,"$1,242.76",$242.20,"$3,415.16",$396.50,"$6,573.54",$726.90,1
4658-YMFLCE-9SZ,5,Female,57,14,8,Sales,No,Married,2,"$106,000.00",3,0,Own,Domestic,"$31,100",22,No,No,Mast,26,Yes,20,Yes,No,No,No,Yes,No,No,0,52,$25.20,$226.24,$114.20,"$1,151.92",$0.00,$0.00,$139.40,0
4664-AFIZWS-OSN,5,Female,55,21,12,Service,No,Married,5,"$136,000.00",1,0,NoCar,N/A,$0,22,Yes,Yes,Disc,24,Yes,26,Yes,No,Yes,No,No,Yes,No,0,53,$73.20,$771.68,$129.20,"$1,296.56",$0.00,$0.00,$202.40,0
4668-KQZZGF-GQA,1,Female,34,15,6,Labor,No,Married,5,"$54,000.00",8,0,Lease,Domestic,"$12,800",43,Yes,No,AMEX,12,Yes,28,No,No,No,Yes,Yes,No,No,0,25,$44.80,$220.44,$0.00,$0.00,$0.00,$0.00,$44.80,0
4668-SXFBSK-ENH,2,Female,31,17,5,Service,No,Unmarried,3,"$36,000.00",3,1,Own,Foreign,"$11,000",28,No,No,Visa,13,Yes,13,Yes,No,No,No,No,Yes,No,0,22,$18.00,$85.20,$101.60,$466.24,$0.00,$0.00,$119.60,0
4672-YXVTSJ-JYI,3,Male,42,13,10,Service,No,Married,2,"$132,000.00",6,1,Own,Foreign,"$38,700",27,No,Yes,AMEX,10,No,20,No,No,No,No,No,No,Yes,0,15,$28.80,$94.08,$0.00,$0.00,$0.00,$0.00,$28.80,0
4679-UATVDO-CJT,1,Male,63,12,8,Sales,No,Unmarried,1,"$174,000.00",0,0,Own,Domestic,"$48,100",12,Yes,Yes,AMEX,33,No,25,No,No,No,Yes,No,No,Yes,1,66,$45.00,$561.76,$0.00,$0.00,$0.00,$0.00,$45.00,0
4680-BEYUYC-LTI,4,Female,41,13,17,Labor,No,Unmarried,1,"$194,000.00",2,1,Own,Domestic,"$54,000",9,Yes,Yes,Mast,23,Yes,19,Yes,No,No,No,No,Yes,Yes,0,57,$77.60,$871.28,$155.80,"$1,757.76",$0.00,$0.00,$233.40,0
4680-FBVXJX-J6D,4,Female,23,17,0,Sales,No,Married,4,"$78,000.00",8,0,Own,Foreign,"$20,400",13,Yes,No,Disc,5,Yes,21,Yes,Yes,Yes,Yes,Yes,Yes,No,1,25,$56.20,$283.40,$165.40,$855.40,$240.00,"$1,387.44",$461.60,1
4681-JCCPZA-JE0,2,Female,45,15,12,Professional,No,Unmarried,1,"$148,000.00",2,1,Own,Foreign,"$73,100",24,No,No,Disc,10,Yes,15,Yes,Yes,Yes,Yes,Yes,No,Yes,0,18,$29.40,$98.68,$190.00,$645.32,$197.25,$786.96,$416.65,1
4683-VRQLDK-SUP,5,Female,54,9,15,Service,No,Unmarried,1,"$154,000.00",3,1,Own,Foreign,"$47,300",40,No,No,Mast,32,Yes,19,No,No,No,Yes,Yes,No,Yes,1,63,$80.60,"$1,025.92",$0.00,$0.00,$0.00,$0.00,$80.60,0
4684-QOUTSG-8CE,1,Female,23,14,1,Professional,No,Unmarried,3,"$50,000.00",1,1,Own,Domestic,"$11,200",28,Yes,Yes,Othe,5,No,17,Yes,No,No,No,No,No,Yes,0,39,$34.80,$255.92,$103.60,$831.36,$0.00,$0.00,$138.40,0
4684-VUFQOX-OAK,2,Male,40,17,2,Sales,No,Married,2,"$78,000.00",2,0,Own,Foreign,"$17,800",24,Yes,Yes,Mast,19,Yes,24,Yes,No,No,No,No,Yes,No,0,50,$53.00,$516.44,$102.40,"$1,037.60",$0.00,$0.00,$155.40,0
4685-EXMRPC-AHT,2,Female,20,15,0,Labor,No,Married,5,"$48,000.00",2,1,Lease,Foreign,"$16,400",28,Yes,No,Mast,2,Yes,24,Yes,Yes,No,No,Yes,Yes,Yes,0,28,$34.00,$177.24,$148.60,$824.52,$119.50,$764.28,$302.10,1
4686-ZUITAG-JEE,3,Female,66,16,35,Labor,No,Married,2,"$396,000.00",1,1,Own,Foreign,"$92,200",19,No,No,Disc,38,No,19,No,Yes,No,Yes,Yes,Yes,Yes,0,72,$175.20,"$2,435.12",$0.00,$0.00,$228.75,"$3,758.76",$403.95,1
4692-JIREVP-Z94,2,Male,20,11,1,Crafts,No,Unmarried,2,"$32,000.00",5,0,Lease,Domestic,"$8,700",27,No,No,Mast,2,Yes,18,Yes,No,No,No,No,Yes,No,0,3,$12.20,$3.72,$121.00,$61.56,$0.00,$0.00,$133.20,0
4694-EIJDQG-FT4,2,Female,46,16,12,Service,No,Unmarried,1,"$168,000.00",4,0,Own,Foreign,"$43,300",30,No,Yes,Disc,11,No,18,No,No,No,No,No,Yes,No,0,34,$52.80,$350.52,$0.00,$0.00,$0.00,$0.00,$52.80,0
4694-ZQOGHO-5NZ,5,Male,47,20,9,Service,No,Married,2,"$152,000.00",1,0,Own,Domestic,"$40,500",31,No,Yes,Disc,11,Yes,28,Yes,Yes,Yes,Yes,Yes,Yes,Yes,0,25,$33.60,$180.96,$191.80,$938.40,$187.25,"$1,093.98",$412.65,1
4695-GKGJEO-J80,3,Female,78,8,10,Sales,Yes,Unmarried,1,"$30,000.00",0,0,Lease,Domestic,"$8,200",21,Yes,No,Othe,5,Yes,16,No,No,No,No,No,No,No,0,15,$24.60,$89.16,$0.00,$0.00,$0.00,$0.00,$24.60,0
4699-LEPCCE-3UD,3,Male,51,14,6,Professional,No,Unmarried,1,"$166,000.00",1,1,Own,Foreign,"$40,000",26,No,No,Mast,15,Yes,14,No,Yes,No,Yes,Yes,No,No,1,30,$41.60,$231.20,$0.00,$0.00,$139.50,$908.82,$181.10,0
4699-UUYJVC-WQ2,1,Male,79,10,10,Professional,Yes,Unmarried,1,"$18,000.00",7,0,Own,Domestic,"$5,800",20,No,Yes,Mast,12,Yes,0,No,No,No,No,No,No,No,0,23,$31.80,$148.32,$0.00,$0.00,$0.00,$0.00,$31.80,0
4700-RLHJPE-MUB,3,Female,74,8,7,Sales,No,Unmarried,1,"$38,000.00",0,0,Own,Foreign,"$9,300",27,No,Yes,Visa,33,No,24,No,No,No,No,No,No,No,1,63,$49.00,$606.04,$0.00,$0.00,$0.00,$0.00,$49.00,0
4701-RYFQNE-JMD,2,Male,60,21,14,Professional,No,Unmarried,1,"$158,000.00",1,0,Own,Domestic,"$85,700",17,No,No,Disc,24,No,16,No,No,No,No,No,Yes,Yes,0,57,$70.40,$804.68,$0.00,$0.00,$0.00,$0.00,$70.40,0
4702-KLLDAM-013,1,Female,50,13,2,Sales,No,Married,2,"$122,000.00",3,1,Own,Foreign,"$23,000",33,Yes,No,Disc,21,No,17,No,Yes,Yes,Yes,Yes,No,Yes,0,52,$54.60,$565.04,$0.00,$0.00,$150.50,"$1,816.02",$205.10,0
4706-MHDIDJ-AN6,3,Female,74,19,37,Labor,Yes,Unmarried,1,"$54,000.00",1,1,Own,Domestic,"$9,800",34,Yes,No,Mast,40,No,22,No,No,No,No,No,No,Yes,1,72,$250.00,"$3,512.12",$0.00,$0.00,$0.00,$0.00,$250.00,0
4706-ZIUYMD-B96,2,Female,79,12,31,Professional,Yes,Married,2,"$44,000.00",2,0,Own,Foreign,"$13,300",22,No,Yes,Disc,39,No,15,No,No,No,No,No,No,Yes,0,71,$107.60,"$1,473.00",$0.00,$0.00,$0.00,$0.00,$107.60,0
4707-LKQWVH-DVB,3,Female,27,9,7,Labor,No,Married,4,"$44,000.00",7,1,NoCar,N/A,$0,28,No,No,Visa,9,No,25,No,No,No,Yes,Yes,No,Yes,0,49,$45.20,$468.04,$0.00,$0.00,$0.00,$0.00,$45.20,0
4708-NDAHEC-RVQ,3,Male,22,16,0,Professional,No,Married,3,"$52,000.00",0,1,Own,Foreign,"$13,200",34,No,Yes,Disc,4,No,18,Yes,Yes,Yes,No,No,Yes,No,0,33,$54.40,$356.44,$146.20,$922.96,$104.00,$739.74,$304.60,1
4710-BNMUEH-HYF,2,Female,31,20,2,Agriculture,No,Married,4,"$36,000.00",2,0,Lease,Foreign,"$9,500",28,No,No,Visa,8,Yes,23,Yes,No,No,No,Yes,No,No,1,21,$24.80,$91.76,$121.80,$476.44,$0.00,$0.00,$146.60,0
4710-NNLTHU-CPQ,2,Female,56,14,24,Labor,Yes,Married,2,"$24,000.00",8,0,Own,Domestic,"$4,300",18,No,No,AMEX,36,No,20,Yes,Yes,Yes,Yes,Yes,No,Yes,0,70,$51.00,$724.44,$212.40,"$2,955.52",$213.00,"$3,463.86",$476.40,1
4711-LDKBDA-6E1,2,Male,64,19,6,Sales,No,Unmarried,1,"$84,000.00",2,0,Lease,Domestic,"$22,200",22,No,No,Disc,3,Yes,18,Yes,Yes,Yes,Yes,Yes,Yes,Yes,0,19,$22.00,$91.08,$162.20,$598.60,$268.00,"$1,173.84",$452.20,1
4712-HWGFPD-XN7,2,Male,25,19,0,Sales,No,Unmarried,1,"$60,000.00",0,0,Own,Foreign,"$14,400",25,No,Yes,Disc,7,Yes,15,Yes,No,No,No,Yes,Yes,No,1,31,$28.20,$181.96,$122.00,$801.32,$0.00,$0.00,$150.20,0
4713-TIORWC-XKH,5,Female,27,14,4,Service,No,Married,2,"$74,000.00",0,1,Own,Foreign,"$18,400",28,No,No,Visa,9,No,17,Yes,No,No,No,No,No,No,1,46,$45.80,$398.60,$135.00,"$1,215.96",$0.00,$0.00,$180.80,0
4718-PRPJMN-G18,2,Female,52,13,14,Sales,No,Married,5,"$66,000.00",2,0,Own,Foreign,"$15,800",24,No,No,Mast,34,No,18,Yes,No,No,No,Yes,No,Yes,1,65,$120.60,"$1,616.40",$134.20,"$1,663.76",$0.00,$0.00,$254.80,0
4718-YJTFAH-GXF,3,Female,76,15,17,Sales,Yes,Married,2,"$36,000.00",2,0,Lease,Domestic,"$9,000",28,Yes,No,Visa,39,Yes,26,Yes,No,No,No,No,No,Yes,0,69,$139.40,"$1,935.16",$152.40,"$2,173.48",$0.00,$0.00,$291.80,1
4721-QQEAWM-PU4,1,Male,73,16,15,Professional,No,Married,2,"$186,000.00",9,1,Lease,Foreign,"$45,400",23,Yes,Yes,AMEX,40,No,27,No,Yes,Yes,Yes,Yes,No,Yes,1,71,$192.20,"$2,615.16",$0.00,$0.00,$260.25,"$4,562.70",$452.45,1
4722-ZODSIY-HVL,4,Female,52,13,2,Sales,No,Married,2,"$54,000.00",4,1,Own,Domestic,"$12,700",27,Yes,Yes,AMEX,13,No,21,Yes,No,No,Yes,No,No,No,0,32,$32.80,$204.32,$134.80,$827.32,$0.00,$0.00,$167.60,0
4723-AGQRLH-LDU,1,Female,25,17,0,Sales,No,Married,6,"$50,000.00",1,1,Own,Domestic,"$11,500",27,No,No,AMEX,7,Yes,35,No,No,No,No,No,No,Yes,0,23,$43.80,$181.84,$0.00,$0.00,$0.00,$0.00,$43.80,0
4723-BWCBOF-2Z8,3,Female,74,10,10,Sales,No,Unmarried,1,"$54,000.00",5,0,Own,Foreign,"$12,300",21,No,No,Othe,38,Yes,16,No,Yes,Yes,Yes,Yes,No,Yes,0,71,$82.00,"$1,148.24",$0.00,$0.00,$291.00,"$4,820.76",$373.00,1
4724-LAOMYC-H64,3,Male,26,11,4,Sales,No,Unmarried,3,"$56,000.00",0,0,Own,Domestic,"$18,800",39,No,Yes,Visa,8,No,23,No,No,No,No,No,No,Yes,1,64,$60.00,$763.96,$0.00,$0.00,$0.00,$0.00,$60.00,0
4724-UVMKNV-Z1I,2,Male,73,10,31,Professional,Yes,Married,4,"$32,000.00",5,0,Lease,Domestic,"$7,000",19,No,No,AMEX,33,No,33,No,No,No,No,No,No,Yes,0,66,$76.40,$985.40,$0.00,$0.00,$0.00,$0.00,$76.40,0
4726-RQKGNB-WAK,2,Female,60,18,13,Professional,No,Married,2,"$102,000.00",2,0,Own,Domestic,"$25,200",26,Yes,No,Disc,38,Yes,20,Yes,Yes,Yes,No,No,Yes,Yes,1,71,$145.40,"$2,069.48",$220.60,"$3,251.40",$279.00,"$4,583.40",$645.00,1
4726-UUKTZM-V4K,3,Male,63,13,11,Sales,Yes,Married,2,"$20,000.00",2,1,Own,Foreign,"$5,100",19,Yes,No,Mast,28,Yes,23,No,No,No,No,No,No,Yes,0,60,$90.20,"$1,107.60",$0.00,$0.00,$0.00,$0.00,$90.20,0
4730-MCQYEE-7XQ,4,Female,27,20,0,Sales,No,Married,4,"$84,000.00",2,0,Own,Domestic,"$17,800",27,No,Yes,Disc,9,Yes,20,Yes,Yes,Yes,Yes,Yes,Yes,Yes,0,41,$62.60,$464.28,$196.00,"$1,637.44",$246.25,"$2,438.88",$504.85,1
4734-KWKRHE-ZM0,5,Female,57,9,25,Crafts,No,Married,2,"$158,000.00",2,0,Own,Foreign,"$51,900",24,No,Yes,Visa,36,No,28,No,No,No,No,No,No,Yes,0,68,$107.60,"$1,403.64",$0.00,$0.00,$0.00,$0.00,$107.60,0
4738-EVGEFI-FIM,5,Female,51,15,12,Professional,No,Married,2,"$122,000.00",8,0,Own,Foreign,"$44,000",38,Yes,Yes,Visa,33,No,15,Yes,Yes,Yes,Yes,Yes,Yes,Yes,1,71,$103.40,"$1,465.48",$243.80,"$3,370.64",$299.25,"$4,899.12",$646.45,1
4738-ZVLUNW-IV8,5,Female,44,9,2,Sales,No,Married,5,"$86,000.00",0,0,Lease,Domestic,"$18,300",28,No,No,AMEX,10,No,18,No,No,No,No,No,No,No,0,35,$27.00,$175.20,$0.00,$0.00,$0.00,$0.00,$27.00,0
4742-ITTQQD-ZH8,1,Male,30,13,7,Labor,No,Unmarried,1,"$60,000.00",2,0,Lease,Domestic,"$21,000",24,No,Yes,Disc,4,No,13,No,No,No,No,No,No,No,1,8,$39.80,$91.88,$0.00,$0.00,$0.00,$0.00,$39.80,0
4742-XFCJNI-UJK,3,Female,26,14,3,Crafts,No,Married,2,"$58,000.00",2,0,Own,Domestic,"$11,600",23,No,Yes,AMEX,8,No,17,No,No,No,Yes,No,No,No,1,31,$12.80,$58.40,$0.00,$0.00,$0.00,$0.00,$12.80,0
4744-PXITHF-915,5,Male,64,15,20,Crafts,No,Unmarried,1,"$180,000.00",4,1,Own,Foreign,"$52,900",17,Yes,No,Disc,28,No,18,Yes,Yes,Yes,Yes,Yes,No,Yes,0,62,$154.60,"$1,882.64",$135.80,"$1,620.40",$205.50,"$2,934.12",$495.90,1
4745-QVGYGM-IZP,1,Male,73,16,6,Sales,No,Married,2,"$102,000.00",1,0,Own,Foreign,"$23,000",24,No,Yes,Visa,6,No,17,Yes,No,No,Yes,No,Yes,No,0,14,$43.00,$106.92,$106.40,$303.76,$0.00,$0.00,$149.40,0
4749-ZOBIJU-FZH,2,Female,64,15,12,Service,No,Unmarried,1,"$128,000.00",2,0,Own,Domestic,"$31,500",24,No,Yes,Disc,5,Yes,17,No,No,No,No,No,Yes,Yes,1,26,$34.20,$172.80,$0.00,$0.00,$0.00,$0.00,$34.20,0
4750-DJUTIR-NAA,1,Female,32,9,9,Labor,No,Married,3,"$50,000.00",0,0,Own,Domestic,"$12,200",24,Yes,Yes,Othe,1,No,18,No,No,No,Yes,No,No,No,0,4,$14.60,$14.04,$0.00,$0.00,$0.00,$0.00,$14.60,0
4757-HYDWRS-D7U,4,Female,79,17,38,Service,Yes,Unmarried,1,"$18,000.00",5,1,Lease,Domestic,"$2,200",25,No,Yes,Disc,34,No,18,No,No,No,Yes,No,No,Yes,0,70,$97.60,"$1,281.96",$0.00,$0.00,$0.00,$0.00,$97.60,0
4758-RMVWIA-XO1,4,Male,41,9,5,Crafts,No,Married,4,"$42,000.00",1,1,Own,Foreign,"$10,400",23,No,No,Visa,16,Yes,18,No,No,No,Yes,Yes,No,No,0,27,$39.60,$219.04,$0.00,$0.00,$0.00,$0.00,$39.60,0
4762-CPVKNE-QZ0,1,Female,31,13,3,Sales,No,Unmarried,1,"$74,000.00",5,1,Own,Foreign,"$20,100",31,No,Yes,AMEX,6,No,21,No,Yes,No,Yes,Yes,No,No,0,11,$14.60,$46.48,$0.00,$0.00,$159.00,$396.48,$173.60,0
4762-JUOWXR-8QY,2,Male,38,10,13,Crafts,No,Unmarried,1,"$66,000.00",7,1,Lease,Domestic,"$19,100",31,Yes,Yes,Mast,20,Yes,18,No,No,No,No,No,Yes,Yes,0,54,$39.60,$401.36,$0.00,$0.00,$0.00,$0.00,$39.60,0
4763-UVSQEC-EDO,4,Female,59,13,6,Sales,No,Unmarried,1,"$92,000.00",2,1,Own,Domestic,"$17,400",33,Yes,Yes,Visa,24,No,26,No,No,No,Yes,Yes,No,Yes,0,54,$41.80,$429.76,$0.00,$0.00,$0.00,$0.00,$41.80,0
4767-FSLFFH-VN4,3,Male,52,14,1,Sales,No,Unmarried,1,"$40,000.00",1,1,Own,Foreign,"$12,200",31,No,No,Visa,4,No,21,No,Yes,Yes,Yes,Yes,No,No,0,6,$14.60,$23.08,$0.00,$0.00,$103.50,$113.58,$118.10,0
4773-NVRONP-WTV,2,Female,50,17,12,Labor,No,Unmarried,1,"$94,000.00",0,0,Own,Foreign,"$18,800",28,No,No,Visa,19,No,15,No,Yes,Yes,Yes,Yes,Yes,No,0,52,$39.00,$382.16,$0.00,$0.00,$239.25,"$2,852.94",$278.25,1
4776-JSYTGL-1DL,1,Female,42,18,13,Service,No,Married,3,"$178,000.00",4,1,Own,Domestic,"$45,100",34,No,No,Mast,19,Yes,21,No,No,No,No,No,Yes,No,0,47,$44.20,$381.16,$0.00,$0.00,$0.00,$0.00,$44.20,0
4776-LSZCKP-W1Q,1,Female,23,14,1,Sales,No,Married,5,"$50,000.00",2,0,Own,Foreign,"$13,000",22,Yes,No,Disc,5,No,22,Yes,Yes,Yes,Yes,No,Yes,Yes,0,37,$25.20,$200.36,$151.00,"$1,010.28",$143.50,"$1,172.88",$319.70,1
4778-JFHSOD-7MJ,2,Male,68,15,16,Professional,No,Married,2,"$118,000.00",2,1,NoCar,N/A,$0,26,Yes,Yes,Disc,19,No,24,No,No,Yes,Yes,Yes,Yes,No,0,43,$22.60,$170.88,$0.00,$0.00,$0.00,$0.00,$22.60,0
4780-LMJHVJ-3F5,4,Male,55,20,4,Sales,No,Unmarried,1,"$126,000.00",9,1,Own,Foreign,"$26,700",21,Yes,Yes,Visa,15,No,22,Yes,No,Yes,No,No,Yes,Yes,0,28,$38.60,$198.52,$141.80,$719.96,$0.00,$0.00,$180.40,0
4780-YEKEWF-WAE,4,Female,75,17,21,Professional,Yes,Unmarried,1,"$64,000.00",0,0,Lease,Foreign,"$16,000",31,No,No,Othe,34,Yes,23,Yes,No,No,No,No,Yes,No,0,66,$46.60,$615.20,$151.20,"$1,998.52",$0.00,$0.00,$197.80,0
4781-EJROCZ-AWL,3,Female,61,20,15,Professional,No,Unmarried,1,"$115,000.00",0,1,Own,Domestic,"$58,200",29,No,No,Disc,20,Yes,24,Yes,Yes,Yes,Yes,Yes,Yes,Yes,0,45,$55.40,$456.00,$232.80,"$2,038.16",$426.25,"$4,580.94",$714.45,1
4781-FMFUUI-TUJ,4,Female,36,15,8,Professional,No,Married,3,"$126,000.00",1,1,Own,Domestic,"$21,900",30,Yes,No,Visa,12,Yes,18,No,Yes,No,Yes,Yes,Yes,No,0,27,$20.40,$95.08,$0.00,$0.00,$119.00,$749.34,$139.40,0
4783-HWNFYV-6TH,2,Female,34,13,9,Agriculture,No,Married,3,"$90,000.00",15,1,Lease,Foreign,"$17,700",25,No,No,Visa,5,Yes,20,No,No,No,No,No,No,No,0,29,$16.60,$116.96,$0.00,$0.00,$0.00,$0.00,$16.60,0
4789-ZPLHEE-TX8,3,Male,29,17,4,Crafts,No,Unmarried,1,"$60,000.00",2,0,Own,Domestic,"$15,400",22,Yes,Yes,Disc,6,Yes,18,No,No,No,Yes,Yes,No,No,0,13,$29.20,$69.88,$0.00,$0.00,$0.00,$0.00,$29.20,0
4792-NIEQLO-405,4,Male,71,17,10,Professional,Yes,Married,2,"$22,000.00",8,1,Lease,Domestic,"$6,200",25,Yes,Yes,Visa,26,No,21,No,No,No,Yes,No,No,No,1,48,$36.80,$357.72,$0.00,$0.00,$0.00,$0.00,$36.80,0
4795-DHIIEL-AKP,3,Female,28,12,1,Sales,No,Unmarried,3,"$38,000.00",5,0,Own,Domestic,"$7,000",21,No,Yes,Mast,10,Yes,29,No,No,No,No,No,No,Yes,0,67,$82.20,"$1,110.92",$0.00,$0.00,$0.00,$0.00,$82.20,0
4798-XIHEUW-NY0,4,Male,24,18,0,Sales,No,Married,4,"$60,000.00",10,1,Own,Foreign,"$13,800",21,Yes,Yes,Disc,6,Yes,22,Yes,No,Yes,Yes,Yes,Yes,Yes,1,54,$41.80,$450.76,$146.00,"$1,540.24",$0.00,$0.00,$187.80,0
4802-SSTLBG-RCC,3,Male,19,12,0,Labor,No,Married,5,"$32,000.00",0,0,Own,Domestic,"$9,800",27,No,No,Disc,2,No,16,No,Yes,Yes,Yes,Yes,No,No,0,11,$15.60,$31.84,$0.00,$0.00,$163.25,$416.16,$178.85,0
4804-IHMCYM-OVT,5,Female,18,13,0,Professional,No,Unmarried,4,"$42,000.00",2,1,Lease,Foreign,"$8,100",22,Yes,No,Mast,0,No,8,No,No,No,Yes,Yes,No,No,0,8,$44.20,$83.68,$0.00,$0.00,$0.00,$0.00,$44.20,0
4810-ZTJBZX-RFO,3,Female,21,16,0,Professional,No,Married,3,"$78,000.00",0,1,Own,Domestic,"$15,500",27,No,No,AMEX,3,Yes,19,No,No,No,No,No,No,Yes,0,21,$19.00,$91.20,$0.00,$0.00,$0.00,$0.00,$19.00,0
4811-FJBCKC-44V,4,Male,39,18,4,Professional,No,Married,5,"$172,000.00",0,1,Own,Domestic,"$42,000",31,Yes,Yes,AMEX,7,No,17,No,No,No,No,Yes,Yes,No,0,16,$13.60,$38.36,$0.00,$0.00,$0.00,$0.00,$13.60,0
4815-KKWOCU-DC9,2,Male,78,11,52,Labor,Yes,Married,2,"$107,000.00",0,1,Own,Domestic,"$58,000",27,No,Yes,AMEX,40,No,21,No,No,No,No,No,No,Yes,0,72,$215.60,"$3,054.52",$0.00,$0.00,$0.00,$0.00,$215.60,0
4820-VWUAEL-KWD,5,Male,63,12,4,Sales,No,Married,2,"$66,000.00",2,1,Own,Foreign,"$15,800",34,No,Yes,Mast,5,No,20,No,Yes,No,Yes,Yes,No,No,1,9,$13.00,$31.88,$0.00,$0.00,$90.00,$167.64,$103.00,0
4821-QWICIL-3O3,3,Male,25,16,0,Sales,No,Married,2,"$50,000.00",0,1,Own,Domestic,"$11,400",18,No,Yes,Mast,6,Yes,21,Yes,Yes,Yes,No,No,Yes,No,0,15,$16.80,$36.48,$114.20,$332.08,$87.75,$286.92,$218.75,0
4829-AYTAEZ-WSB,5,Female,47,16,4,Sales,No,Married,2,"$160,000.00",4,1,Own,Domestic,"$47,700",26,No,Yes,Disc,24,Yes,17,Yes,Yes,Yes,Yes,Yes,No,Yes,1,50,$48.00,$474.16,$149.80,"$1,482.36",$183.00,"$2,230.38",$380.80,1
4829-WGDNNX-2JM,2,Male,52,14,3,Sales,No,Unmarried,1,"$82,000.00",1,0,Own,Foreign,"$31,000",10,Yes,No,Mast,4,No,17,No,No,Yes,Yes,Yes,No,No,0,13,$19.80,$47.72,$0.00,$0.00,$0.00,$0.00,$19.80,0
4830-IXDHQP-PGJ,2,Male,55,14,19,Labor,No,Unmarried,1,"$112,000.00",0,0,Own,Foreign,"$62,600",36,No,No,AMEX,5,No,16,No,No,No,No,Yes,No,No,1,18,$30.00,$98.60,$0.00,$0.00,$0.00,$0.00,$30.00,0
4832-CUPWSK-2AM,2,Female,38,20,4,Crafts,No,Unmarried,1,"$119,000.00",6,1,Own,Foreign,"$52,600",22,Yes,No,Disc,20,Yes,24,Yes,Yes,Yes,Yes,Yes,Yes,Yes,0,64,$67.80,$858.44,$198.00,"$2,560.28",$234.25,"$3,485.64",$500.05,1
4832-HIYXCW-RHO,5,Female,40,16,4,Sales,No,Married,3,"$62,000.00",2,0,Own,Domestic,"$14,600",32,Yes,Yes,Mast,1,No,14,Yes,Yes,No,No,Yes,Yes,No,0,5,$22.20,$21.56,$117.00,$92.68,$118.25,$81.30,$257.45,0
4832-RPYIRD-PPJ,3,Male,46,15,14,Labor,No,Unmarried,1,"$204,000.00",1,1,Own,Foreign,"$88,300",28,No,No,Disc,16,Yes,20,No,No,No,No,No,No,Yes,0,39,$46.80,$356.16,$0.00,$0.00,$0.00,$0.00,$46.80,0
4833-OONLQK-V96,2,Female,77,21,31,Labor,Yes,Unmarried,1,"$132,000.00",7,1,NoCar,N/A,$0,35,No,Yes,Visa,38,Yes,12,No,No,No,No,No,No,Yes,0,72,$227.60,"$3,432.56",$0.00,$0.00,$0.00,$0.00,$227.60,0
4834-WMMGKW-ISV,2,Female,56,14,18,Service,No,Unmarried,1,"$134,000.00",0,1,Own,Foreign,"$36,400",21,No,No,Mast,27,No,20,No,No,No,No,Yes,No,Yes,0,60,$59.80,$713.24,$0.00,$0.00,$0.00,$0.00,$59.80,0
4835-FDYNLW-VJT,4,Female,22,17,0,Crafts,No,Unmarried,1,"$36,000.00",4,1,NoCar,N/A,$0,38,No,No,Visa,4,No,12,No,No,No,No,No,Yes,No,0,30,$49.20,$285.56,$0.00,$0.00,$0.00,$0.00,$49.20,0
4836-LAAOMK-Z6P,3,Female,24,13,1,Sales,No,Married,4,"$50,000.00",2,1,Own,Domestic,"$10,400",26,No,No,Mast,6,Yes,22,Yes,No,Yes,No,No,Yes,No,0,42,$59.00,$532.24,$142.60,"$1,199.80",$0.00,$0.00,$201.60,0
4837-EQRKWX-5DS,2,Female,53,12,13,Professional,No,Unmarried,1,"$146,000.00",0,1,Lease,Foreign,"$22,900",29,No,No,Visa,14,No,23,No,No,No,Yes,No,No,No,0,29,$23.20,$141.56,$0.00,$0.00,$0.00,$0.00,$23.20,0
4838-PVRNMY-B00,2,Male,27,15,1,Sales,No,Married,6,"$58,000.00",2,1,Own,Domestic,"$20,100",22,No,No,Mast,7,Yes,22,Yes,No,No,No,No,Yes,No,0,21,$22.60,$99.36,$126.00,$514.20,$0.00,$0.00,$148.60,0
4838-ZSEJLN-NL3,1,Male,77,13,37,Crafts,Yes,Unmarried,1,"$30,000.00",2,1,Own,Domestic,"$9,800",27,No,No,Disc,31,No,19,No,No,Yes,Yes,Yes,No,Yes,0,65,$92.20,"$1,229.24",$0.00,$0.00,$0.00,$0.00,$92.20,0
4839-KZEEWJ-N8U,5,Female,18,13,0,Sales,No,Unmarried,3,"$32,000.00",0,0,Own,Foreign,"$7,500",33,No,Yes,Disc,0,Yes,21,No,Yes,No,Yes,Yes,No,No,0,2,$20.00,$12.48,$0.00,$0.00,$94.75,$25.08,$114.75,0
4842-BJNNVJ-ZPB,1,Female,71,14,17,Professional,No,Unmarried,1,"$98,000.00",0,1,Own,Foreign,"$30,400",41,No,No,Disc,25,No,21,No,No,No,No,Yes,No,Yes,0,56,$60.00,$623.32,$0.00,$0.00,$0.00,$0.00,$60.00,0
4846-SEUDSB-QT5,2,Male,42,17,7,Professional,No,Unmarried,1,"$124,000.00",2,1,Own,Domestic,"$31,200",27,No,Yes,Disc,6,No,19,No,No,No,Yes,Yes,No,No,0,22,$38.00,$196.28,$0.00,$0.00,$0.00,$0.00,$38.00,0
4847-VKPXFM-M5N,5,Male,25,12,3,Professional,No,Unmarried,1,"$74,000.00",0,1,Own,Domestic,"$17,100",20,Yes,Yes,Mast,7,Yes,13,No,No,No,Yes,Yes,No,Yes,0,44,$56.40,$465.48,$0.00,$0.00,$0.00,$0.00,$56.40,0
4850-BXBFET-BRV,4,Male,71,12,36,Crafts,Yes,Married,2,"$126,000.00",2,0,Own,Domestic,"$28,800",18,No,Yes,Mast,38,No,22,No,No,No,No,No,No,Yes,0,71,$101.00,"$1,494.76",$0.00,$0.00,$0.00,$0.00,$101.00,0
4852-ZMXTZD-J4J,5,Female,55,12,17,Service,No,Married,5,"$158,000.00",0,1,Own,Foreign,"$39,800",33,Yes,Yes,Disc,15,Yes,11,No,No,No,Yes,Yes,No,No,0,40,$26.00,$213.76,$0.00,$0.00,$0.00,$0.00,$26.00,0
4853-OENMTN-6XJ,1,Female,62,10,17,Sales,Yes,Unmarried,1,"$32,000.00",2,1,Own,Foreign,"$4,700",18,No,Yes,Mast,34,No,17,No,No,No,No,No,No,Yes,0,68,$41.00,$541.84,$0.00,$0.00,$0.00,$0.00,$41.00,0
4859-BROKIE-LZS,2,Male,18,12,0,Professional,No,Unmarried,1,"$48,000.00",4,0,Own,Domestic,"$8,700",23,No,Yes,AMEX,0,Yes,15,No,No,Yes,No,No,No,No,0,2,$26.40,$13.12,$0.00,$0.00,$0.00,$0.00,$26.40,0
4860-RNWLDP-MC8,2,Female,70,14,8,Sales,No,Unmarried,1,"$76,000.00",0,0,NoCar,N/A,$0,19,Yes,Yes,Visa,4,Yes,26,No,No,No,No,No,No,No,0,5,$30.20,$42.84,$0.00,$0.00,$0.00,$0.00,$30.20,0
4868-BKHDDL-S35,3,Male,40,12,11,Agriculture,No,Unmarried,1,"$54,000.00",6,1,Own,Domestic,"$15,200",29,No,No,Visa,22,Yes,20,No,No,No,No,No,No,Yes,0,54,$110.40,"$1,186.00",$0.00,$0.00,$0.00,$0.00,$110.40,0
4868-OOOEML-KCB,3,Male,78,17,11,Sales,Yes,Married,2,"$22,000.00",7,0,NoCar,N/A,$0,20,No,No,AMEX,14,No,26,No,No,No,No,No,Yes,No,0,32,$23.80,$149.44,$0.00,$0.00,$0.00,$0.00,$23.80,0
4870-TCJPAC-DKF,1,Female,28,14,6,Agriculture,No,Unmarried,2,"$58,000.00",5,0,Own,Foreign,"$19,900",16,No,Yes,Visa,10,Yes,22,Yes,No,Yes,No,Yes,Yes,Yes,0,59,$59.40,$750.76,$149.40,"$1,697.60",$0.00,$0.00,$208.80,0
4871-LTQCLI-RTA,5,Male,18,13,0,Sales,No,Unmarried,1,"$50,000.00",1,1,NoCar,N/A,$0,21,No,No,Mast,0,Yes,13,No,No,No,Yes,Yes,No,No,0,2,$28.80,$16.72,$0.00,$0.00,$0.00,$0.00,$28.80,0
4877-OZDGZH-D9M,3,Female,58,13,26,Labor,No,Unmarried,1,"$146,000.00",7,1,Own,Foreign,"$35,400",22,Yes,No,Visa,39,No,19,No,No,No,Yes,Yes,No,Yes,0,72,$113.40,"$1,654.48",$0.00,$0.00,$0.00,$0.00,$113.40,0
4878-CQURAP-WRK,1,Female,42,10,9,Professional,No,Unmarried,1,"$90,000.00",3,0,Own,Domestic,"$25,500",14,Yes,Yes,AMEX,21,Yes,20,Yes,No,Yes,No,No,Yes,No,1,46,$21.00,$163.84,$190.40,"$1,785.04",$0.00,$0.00,$211.40,0
4882-LFDOGJ-387,5,Female,34,14,8,Labor,No,Married,2,"$52,000.00",7,0,Own,Foreign,"$6,800",28,No,No,Visa,16,No,20,Yes,No,Yes,Yes,No,No,Yes,0,66,$121.60,"$1,617.12",$145.40,"$1,922.92",$0.00,$0.00,$267.00,0
4884-FBEKGH-AST,4,Female,64,13,7,Professional,No,Unmarried,1,"$116,000.00",6,1,Lease,Foreign,"$25,900",23,No,No,Disc,10,No,20,No,No,No,No,No,No,No,0,19,$26.40,$77.44,$0.00,$0.00,$0.00,$0.00,$26.40,0
4888-HLERTG-7RW,2,Male,72,15,7,Sales,Yes,Unmarried,1,"$36,000.00",6,0,Own,Domestic,"$9,400",26,No,No,Mast,7,No,19,No,No,No,Yes,No,No,No,0,19,$18.40,$55.36,$0.00,$0.00,$0.00,$0.00,$18.40,0
4888-TNZRYK-8YZ,3,Female,44,15,16,Crafts,No,Unmarried,1,"$158,000.00",0,1,Own,Domestic,"$34,200",24,Yes,Yes,Disc,26,No,19,No,Yes,No,Yes,Yes,No,Yes,0,58,$49.20,$540.00,$0.00,$0.00,$187.00,"$2,673.36",$236.20,0
4889-PHSVCV-WUX,3,Female,76,12,15,Crafts,Yes,Married,2,"$22,000.00",0,0,Lease,Foreign,"$8,200",21,No,No,Mast,24,No,15,No,No,No,No,No,No,Yes,0,57,$94.60,"$1,086.40",$0.00,$0.00,$0.00,$0.00,$94.60,0
4891-UBNVXR-I1X,2,Male,37,11,4,Professional,No,Unmarried,3,"$68,000.00",1,0,Own,Domestic,"$16,700",22,Yes,No,Othe,11,Yes,17,No,No,No,Yes,Yes,No,No,0,37,$28.20,$217.52,$0.00,$0.00,$0.00,$0.00,$28.20,0
4891-ZLXKMD-R8X,5,Female,34,16,7,Labor,No,Married,2,"$56,000.00",2,1,Own,Foreign,"$12,800",22,No,Yes,Disc,16,Yes,20,Yes,No,No,No,No,No,Yes,1,30,$22.80,$127.68,$110.40,$597.84,$0.00,$0.00,$133.20,0
4892-TJLYBY-24R,1,Female,73,14,20,Crafts,Yes,Unmarried,1,"$24,000.00",10,0,Own,Foreign,"$7,700",26,Yes,Yes,Visa,15,Yes,21,No,No,No,No,No,No,No,1,28,$34.20,$211.52,$0.00,$0.00,$0.00,$0.00,$34.20,0
4896-VFIEDV-RLO,4,Male,46,16,8,Professional,No,Married,4,"$88,000.00",1,1,Own,Foreign,"$18,200",42,Yes,No,Mast,18,No,21,Yes,Yes,Yes,Yes,Yes,Yes,Yes,1,39,$40.60,$318.64,$191.00,"$1,396.56",$208.50,"$1,933.20",$440.10,1
4898-VWAWIL-UWT,1,Female,48,13,3,Professional,No,Unmarried,1,"$146,000.00",4,0,Own,Domestic,"$30,800",24,Yes,No,Mast,28,No,18,No,Yes,No,No,Yes,No,Yes,0,59,$120.40,"$1,422.40",$0.00,$0.00,$141.25,"$1,956.12",$261.65,0
4899-YRZEMD-426,2,Male,24,19,0,Professional,No,Unmarried,1,"$40,000.00",1,1,Own,Domestic,"$6,900",24,No,Yes,Mast,3,No,17,No,No,Yes,No,No,No,No,0,5,$13.40,$9.12,$0.00,$0.00,$0.00,$0.00,$13.40,0
4901-HTMNYZ-I0V,4,Female,34,14,3,Professional,No,Married,3,"$50,000.00",1,1,Own,Foreign,"$11,000",30,Yes,Yes,Disc,17,Yes,27,No,No,Yes,Yes,Yes,No,Yes,0,63,$58.60,$734.36,$0.00,$0.00,$0.00,$0.00,$58.60,0
4902-PMEVQC-TJG,1,Male,63,16,7,Professional,No,Married,2,"$104,000.00",1,1,Own,Foreign,"$25,700",18,No,Yes,AMEX,20,No,14,Yes,No,No,No,No,Yes,No,1,61,$91.40,"$1,143.00",$163.40,"$1,909.60",$0.00,$0.00,$254.80,0
4902-YZQJLK-X9Y,2,Female,54,16,5,Sales,No,Married,2,"$84,000.00",3,1,Own,Foreign,"$17,300",21,No,Yes,AMEX,13,No,19,Yes,No,No,No,No,Yes,No,0,31,$21.40,$126.44,$112.80,$650.36,$0.00,$0.00,$134.20,0
4906-THEIFB-0OI,4,Female,77,13,11,Sales,Yes,Married,2,"$18,000.00",1,1,Lease,Foreign,"$3,900",28,No,No,Mast,27,Yes,0,No,No,No,Yes,Yes,No,Yes,0,58,$41.60,$478.48,$0.00,$0.00,$0.00,$0.00,$41.60,0
4912-DJHONI-IRD,3,Male,67,11,8,Professional,No,Married,2,"$114,000.00",1,1,Own,Foreign,"$33,700",29,No,No,Mast,30,Yes,21,No,No,No,Yes,No,No,No,0,48,$64.00,$613.64,$0.00,$0.00,$0.00,$0.00,$64.00,0
4913-UWTCXB-PGD,2,Male,34,17,5,Service,No,Unmarried,1,"$130,000.00",0,0,Own,Foreign,"$38,900",22,No,No,Disc,11,Yes,23,No,Yes,Yes,Yes,Yes,No,No,0,42,$32.60,$298.44,$0.00,$0.00,$109.25,"$1,120.68",$141.85,0
4916-PVMNIC-ADH,2,Male,73,9,9,Sales,No,Married,2,"$70,000.00",2,1,NoCar,N/A,$0,19,Yes,No,Visa,28,Yes,23,No,No,No,No,No,No,Yes,0,59,$53.80,$684.16,$0.00,$0.00,$0.00,$0.00,$53.80,0
4918-WTXQYZ-284,5,Male,20,13,0,Sales,No,Unmarried,3,"$36,000.00",4,1,Own,Foreign,"$9,200",25,No,No,AMEX,2,Yes,15,No,No,No,Yes,Yes,Yes,Yes,0,32,$73.00,$447.72,$0.00,$0.00,$0.00,$0.00,$73.00,0
4922-CZOOJF-PSK,4,Male,36,15,4,Professional,No,Married,4,"$110,000.00",8,1,Own,Foreign,"$23,800",25,Yes,No,AMEX,17,Yes,21,No,Yes,Yes,Yes,Yes,No,Yes,0,25,$26.60,$120.72,$0.00,$0.00,$172.25,"$1,040.10",$198.85,0
4923-DBKSJV-D3H,4,Female,45,19,10,Service,No,Married,2,"$164,000.00",0,0,Own,Foreign,"$50,500",19,No,Yes,Visa,8,Yes,20,Yes,No,No,No,No,No,No,1,14,$9.00,$19.72,$125.40,$350.60,$0.00,$0.00,$134.40,0
4924-TJCPTE-P6D,1,Female,31,13,6,Labor,No,Unmarried,1,"$58,000.00",2,0,Own,Foreign,"$15,200",33,Yes,No,Disc,3,Yes,15,No,No,No,No,Yes,No,No,0,4,$9.00,$4.44,$0.00,$0.00,$0.00,$0.00,$9.00,0
4927-ETLYDE-I4V,1,Male,53,17,15,Agriculture,No,Married,4,"$122,000.00",0,1,NoCar,N/A,$0,28,No,Yes,Mast,20,No,14,No,No,Yes,No,No,No,Yes,0,46,$44.40,$427.36,$0.00,$0.00,$0.00,$0.00,$44.40,0
4928-BUGNTT-U3N,1,Female,26,10,6,Labor,No,Unmarried,1,"$32,000.00",0,0,Own,Domestic,"$5,400",25,No,No,Visa,8,Yes,16,No,No,No,No,Yes,No,No,0,25,$28.60,$144.84,$0.00,$0.00,$0.00,$0.00,$28.60,0
4932-WLESZG-CWJ,4,Female,37,8,3,Sales,No,Unmarried,1,"$38,000.00",0,1,Lease,Foreign,"$10,000",33,No,No,Othe,1,No,25,No,No,No,No,Yes,No,No,0,5,$6.40,$8.48,$0.00,$0.00,$0.00,$0.00,$6.40,0
4935-IATXSB-KUU,5,Female,54,13,25,Crafts,No,Unmarried,1,"$145,000.00",3,1,Own,Foreign,"$73,200",30,No,Yes,Mast,36,No,18,No,No,No,No,No,No,Yes,0,67,$68.60,$985.60,$0.00,$0.00,$0.00,$0.00,$68.60,0
4936-ZXVMAD-2BM,5,Male,28,18,2,Sales,No,Unmarried,1,"$66,000.00",1,0,Own,Domestic,"$16,200",25,Yes,Yes,Disc,2,No,25,No,No,No,No,No,No,No,0,5,$12.80,$5.64,$0.00,$0.00,$0.00,$0.00,$12.80,0
4937-JHLEVY-DXO,4,Male,22,17,0,Labor,No,Unmarried,1,"$26,000.00",8,1,Lease,Domestic,"$8,200",26,No,Yes,Disc,4,Yes,19,Yes,No,No,No,No,Yes,Yes,0,30,$35.60,$207.04,$98.40,$620.04,$0.00,$0.00,$134.00,0
4939-CRZXAA-KYV,2,Female,18,13,0,Sales,No,Married,3,"$36,000.00",0,0,Own,Foreign,"$10,700",24,Yes,Yes,Mast,0,Yes,24,Yes,No,No,No,No,Yes,No,0,9,$20.40,$33.12,$85.40,$132.24,$0.00,$0.00,$105.80,0
4939-KCMADL-HLM,3,Female,78,16,18,Sales,Yes,Married,2,"$64,000.00",9,0,Lease,Domestic,"$14,800",22,No,No,Visa,19,No,20,No,Yes,Yes,Yes,Yes,No,No,0,39,$27.00,$187.80,$0.00,$0.00,$161.00,"$1,468.86",$188.00,0
4939-TZOPZK-YAH,3,Male,22,17,0,Labor,No,Married,3,"$72,000.00",2,1,Own,Domestic,"$13,800",21,No,No,Visa,4,Yes,16,No,No,No,Yes,Yes,No,Yes,0,40,$32.80,$264.64,$0.00,$0.00,$0.00,$0.00,$32.80,0
4940-QFBTLJ-WXO,2,Female,49,15,2,Sales,No,Married,2,"$118,000.00",7,0,Own,Domestic,"$30,100",29,No,Yes,Visa,4,Yes,20,Yes,Yes,Yes,No,Yes,Yes,No,0,16,$32.80,$101.16,$146.00,$410.80,$132.75,$472.02,$311.55,1
4941-MQVIEA-MT1,2,Female,19,14,0,Sales,No,Married,4,"$48,000.00",5,1,Own,Domestic,"$10,900",17,No,No,Mast,1,Yes,20,No,Yes,Yes,Yes,Yes,Yes,Yes,0,23,$66.40,$277.84,$0.00,$0.00,$276.75,"$1,432.14",$343.15,1
4944-ITFWMY-KDC,4,Male,66,13,19,Labor,Yes,Married,3,"$46,000.00",1,1,Own,Domestic,"$17,800",28,No,No,Visa,36,Yes,19,No,No,No,No,Yes,No,Yes,0,70,$135.00,"$1,967.04",$0.00,$0.00,$0.00,$0.00,$135.00,0
4946-CFCJVA-ZA8,4,Female,45,18,2,Sales,No,Married,4,"$64,000.00",4,1,Own,Foreign,"$7,500",18,Yes,Yes,Visa,1,Yes,22,No,Yes,No,Yes,Yes,Yes,No,0,6,$17.20,$25.00,$0.00,$0.00,$94.75,$114.06,$111.95,0
4947-RJJEDN-7RN,5,Female,73,12,8,Sales,No,Married,2,"$42,000.00",1,1,Own,Domestic,"$9,700",35,No,Yes,Visa,30,Yes,17,No,No,No,No,No,No,Yes,0,55,$79.20,$823.64,$0.00,$0.00,$0.00,$0.00,$79.20,0
4948-AKXWUE-3KV,5,Female,68,15,23,Service,No,Married,2,"$144,000.00",1,1,Own,Foreign,"$79,200",34,No,No,AMEX,40,Yes,22,No,No,No,No,No,No,Yes,0,72,$297.80,"$4,379.40",$0.00,$0.00,$0.00,$0.00,$297.80,1
4952-HCKAVS-FFY,3,Female,28,13,1,Professional,No,Married,3,"$154,000.00",2,1,Own,Foreign,"$26,400",31,No,No,Disc,11,No,25,Yes,Yes,Yes,Yes,Yes,Yes,Yes,0,17,$20.80,$65.48,$172.80,$534.00,$208.75,$790.92,$402.35,1
4952-HQNBEK-KCJ,2,Female,37,11,12,Service,No,Unmarried,1,"$114,000.00",2,1,Own,Domestic,"$30,900",30,No,Yes,Mast,19,Yes,20,No,No,No,No,No,No,Yes,1,63,$56.00,$773.40,$0.00,$0.00,$0.00,$0.00,$56.00,0
4956-VDMHXW-GKS,5,Male,57,14,6,Sales,No,Unmarried,1,"$58,000.00",2,1,Lease,Foreign,"$19,100",32,No,No,Disc,21,No,24,No,No,No,No,Yes,No,Yes,1,32,$56.40,$310.76,$0.00,$0.00,$0.00,$0.00,$56.40,0
4959-NYYXHA-GMN,2,Female,23,16,0,Agriculture,No,Married,3,"$70,000.00",0,0,Own,Domestic,"$23,200",35,Yes,No,Mast,3,Yes,18,Yes,Yes,Yes,No,Yes,No,No,0,14,$27.80,$80.36,$162.60,$378.28,$136.00,$487.38,$326.40,1
4963-FYGOYY-9XE,5,Male,35,14,12,Labor,No,Unmarried,1,"$118,000.00",6,0,Own,Foreign,"$23,500",21,No,No,Disc,17,No,21,No,No,No,No,No,No,Yes,0,40,$51.00,$386.28,$0.00,$0.00,$0.00,$0.00,$51.00,0
4965-JBQTXL-X2C,5,Female,19,14,0,Sales,No,Married,3,"$28,000.00",0,1,Own,Domestic,"$8,900",28,No,No,Visa,1,Yes,20,No,No,No,No,No,Yes,No,0,7,$18.60,$20.96,$0.00,$0.00,$0.00,$0.00,$18.60,0
4967-ODLSCM-0BB,1,Female,77,10,40,Labor,Yes,Unmarried,1,"$20,000.00",10,0,Lease,Domestic,"$5,000",21,Yes,No,Mast,27,No,24,No,No,No,No,No,No,Yes,0,44,$37.40,$322.80,$0.00,$0.00,$0.00,$0.00,$37.40,0
4968-YAOSFS-NB0,4,Male,21,13,1,Professional,No,Unmarried,1,"$44,000.00",12,1,Lease,Domestic,"$9,700",30,Yes,No,Visa,2,Yes,12,Yes,Yes,No,No,No,Yes,No,0,2,$7.00,$4.48,$94.20,$11.72,$83.50,$23.16,$184.70,0
4969-FCQOOR-7TJ,5,Male,46,9,2,Sales,No,Unmarried,1,"$52,000.00",0,1,Own,Foreign,"$12,200",25,No,Yes,Mast,1,No,16,No,No,No,No,No,No,No,0,1,$11.20,$2.24,$0.00,$0.00,$0.00,$0.00,$11.20,0
4971-IVMCPY-04B,3,Male,77,15,5,Sales,Yes,Married,2,"$26,000.00",1,0,Own,Foreign,"$7,000",26,Yes,Yes,AMEX,38,No,23,No,No,No,No,No,No,Yes,0,69,$126.80,"$1,851.68",$0.00,$0.00,$0.00,$0.00,$126.80,0
4973-FHPBZQ-AAA,3,Male,55,14,23,Service,No,Unmarried,1,"$160,000.00",9,1,Own,Domestic,"$35,000",25,No,No,Visa,21,No,25,No,No,No,No,No,No,Yes,1,47,$49.00,$419.52,$0.00,$0.00,$0.00,$0.00,$49.00,0
4973-RSFUIB-TK5,5,Female,68,13,17,Professional,Yes,Unmarried,1,"$100,000.00",0,0,Own,Foreign,"$31,900",30,Yes,Yes,Visa,31,No,17,No,No,No,No,No,No,Yes,0,60,$41.80,$457.92,$0.00,$0.00,$0.00,$0.00,$41.80,0
4974-FUBHDF-Z7L,3,Female,77,15,26,Professional,Yes,Unmarried,1,"$22,000.00",2,1,Own,Domestic,"$3,100",21,Yes,No,Visa,39,Yes,23,No,No,No,Yes,Yes,No,Yes,1,72,$357.80,"$5,196.56",$0.00,$0.00,$0.00,$0.00,$357.80,1
4979-WSWKYV-BSV,2,Female,44,15,7,Service,No,Unmarried,1,"$62,000.00",12,0,Own,Foreign,"$13,500",21,No,Yes,AMEX,21,No,24,No,No,No,No,No,No,No,1,52,$49.00,$503.64,$0.00,$0.00,$0.00,$0.00,$49.00,0
4984-ERRGVF-1YB,1,Female,55,17,4,Professional,No,Unmarried,1,"$192,000.00",3,1,Own,Foreign,"$67,000",16,No,No,Disc,6,Yes,20,No,No,No,Yes,No,Yes,No,0,16,$52.60,$186.56,$0.00,$0.00,$0.00,$0.00,$52.60,0
4984-TXTWMO-IL1,3,Male,28,13,2,Sales,No,Married,6,"$60,000.00",8,0,Lease,Foreign,"$13,800",29,No,Yes,Mast,3,Yes,22,Yes,No,No,No,No,Yes,No,0,9,$13.00,$23.00,$100.20,$163.88,$0.00,$0.00,$113.20,0
4984-UXTAXZ-EJ4,2,Female,44,19,0,Sales,No,Unmarried,1,"$82,000.00",2,1,Own,Foreign,"$25,600",21,No,No,AMEX,3,No,19,No,No,No,No,No,Yes,No,0,9,$16.60,$32.96,$0.00,$0.00,$0.00,$0.00,$16.60,0
4986-PXVYOM-S94,5,Male,63,19,18,Labor,No,Married,2,"$163,000.00",4,1,Own,Domestic,"$95,700",31,No,Yes,AMEX,33,No,13,No,No,No,No,No,No,Yes,1,67,$122.40,"$1,597.40",$0.00,$0.00,$0.00,$0.00,$122.40,0
4987-QHPGRQ-73G,1,Female,24,19,0,Professional,No,Married,4,"$46,000.00",5,0,Own,Domestic,"$9,800",33,No,Yes,Mast,6,Yes,20,Yes,Yes,Yes,Yes,Yes,Yes,Yes,0,47,$59.40,$533.92,$155.40,"$1,432.48",$185.25,"$2,115.66",$400.05,1
4990-EVYZVC-LXC,5,Female,32,16,1,Sales,No,Unmarried,1,"$60,000.00",0,0,Lease,Foreign,"$15,800",19,Yes,Yes,Disc,5,No,23,No,No,No,No,No,No,No,0,12,$20.60,$42.32,$0.00,$0.00,$0.00,$0.00,$20.60,0
4991-FBLNBW-UZK,3,Female,25,15,2,Professional,No,Married,4,"$64,000.00",0,1,Lease,Domestic,"$21,400",23,Yes,No,Disc,8,Yes,21,No,No,No,No,No,No,No,1,16,$24.80,$83.84,$0.00,$0.00,$0.00,$0.00,$24.80,0
4992-SKSPGD-T2A,5,Male,69,9,37,Labor,Yes,Married,2,"$58,000.00",10,0,Own,Foreign,"$15,900",26,Yes,No,Disc,37,No,30,No,No,No,No,Yes,No,Yes,0,70,$145.40,"$1,922.40",$0.00,$0.00,$0.00,$0.00,$145.40,0
4995-LHPQCW-XK1,4,Female,67,12,33,Labor,No,Unmarried,1,"$193,000.00",0,0,Own,Domestic,"$86,000",30,Yes,Yes,Disc,39,Yes,20,No,No,No,Yes,Yes,No,Yes,0,71,$60.80,$883.32,$0.00,$0.00,$0.00,$0.00,$60.80,0
4997-OVXAFM-Z5B,1,Male,53,16,6,Professional,No,Married,3,"$114,000.00",3,0,Own,Foreign,"$25,100",25,No,No,Disc,35,Yes,23,No,No,No,Yes,Yes,No,No,0,71,$284.20,"$3,948.00",$0.00,$0.00,$0.00,$0.00,$284.20,1
4998-OOSKXP-SXP,3,Female,63,14,3,Sales,No,Unmarried,1,"$62,000.00",0,1,Own,Foreign,"$13,600",24,No,No,Mast,32,No,21,Yes,No,Yes,No,No,Yes,No,0,64,$36.00,$437.12,$116.20,"$1,453.28",$0.00,$0.00,$152.20,0
5001-GVAUYC-SDL,1,Female,34,14,6,Professional,No,Married,5,"$60,000.00",0,0,NoCar,N/A,$0,27,No,No,Mast,9,Yes,18,No,No,No,No,No,No,No,0,20,$35.20,$145.36,$0.00,$0.00,$0.00,$0.00,$35.20,0
5001-IFDTJX-GDY,5,Female,59,13,5,Sales,No,Married,2,"$134,000.00",1,1,Own,Domestic,"$24,600",32,No,Yes,Disc,8,Yes,32,No,No,No,Yes,Yes,No,Yes,0,17,$27.20,$96.80,$0.00,$0.00,$0.00,$0.00,$27.20,0
5003-ZQFOQH-IYJ,2,Male,58,12,3,Sales,No,Unmarried,1,"$62,000.00",1,1,Own,Foreign,"$15,400",25,No,No,AMEX,30,No,16,No,No,No,Yes,Yes,No,Yes,0,60,$92.80,"$1,116.52",$0.00,$0.00,$0.00,$0.00,$92.80,0
5004-SWJVRC-G3T,1,Male,44,17,17,Labor,No,Unmarried,1,"$120,000.00",11,0,Own,Foreign,"$33,900",21,Yes,No,Disc,24,No,25,Yes,No,No,No,No,Yes,Yes,0,59,$85.20,$997.04,$134.80,"$1,625.64",$0.00,$0.00,$220.00,0
5006-BNNHTO-OTT,2,Male,49,12,2,Sales,No,Unmarried,1,"$76,000.00",4,1,Own,Foreign,"$17,300",15,No,No,Disc,29,Yes,19,No,No,No,No,No,No,No,0,53,$50.80,$517.80,$0.00,$0.00,$0.00,$0.00,$50.80,0
5007-HXEVVL-NW5,3,Female,48,14,14,Professional,No,Married,2,"$166,000.00",7,1,Own,Foreign,"$36,000",26,Yes,No,Disc,12,Yes,22,Yes,Yes,Yes,Yes,Yes,Yes,No,0,37,$22.40,$176.96,$199.40,"$1,509.36",$250.00,"$2,052.18",$471.80,1
5008-XQDMYC-I6U,4,Female,60,8,25,Service,No,Married,2,"$160,000.00",2,1,Lease,Foreign,"$37,000",11,Yes,Yes,Disc,39,No,30,No,Yes,No,Yes,Yes,No,Yes,0,72,$182.40,"$2,523.60",$0.00,$0.00,$212.50,"$3,589.86",$394.90,1
5009-KBMNIF-ZA4,2,Male,56,14,4,Professional,No,Unmarried,1,"$56,000.00",10,0,Own,Domestic,"$13,200",31,No,Yes,AMEX,8,Yes,22,Yes,No,No,No,No,Yes,No,0,23,$31.60,$142.68,$89.00,$401.60,$0.00,$0.00,$120.60,0
5015-IYTEBF-TB1,4,Female,33,22,2,Professional,No,Married,2,"$66,000.00",5,0,Own,Foreign,"$15,600",25,No,Yes,AMEX,11,Yes,16,Yes,No,Yes,No,No,Yes,Yes,0,31,$20.20,$145.84,$126.00,$751.04,$0.00,$0.00,$146.20,0
5017-FIGTNG-G1E,4,Male,31,20,3,Service,No,Unmarried,1,"$64,000.00",11,0,Own,Domestic,"$15,800",25,No,No,AMEX,13,No,27,Yes,No,No,No,No,Yes,No,0,35,$32.00,$227.32,$75.20,$525.40,$0.00,$0.00,$107.20,0
5017-WMPJVS-YQP,5,Male,25,13,1,Professional,No,Unmarried,1,"$66,000.00",0,0,Own,Foreign,"$10,900",34,Yes,Yes,Othe,1,No,15,No,No,No,No,No,Yes,No,0,2,$6.00,$1.32,$0.00,$0.00,$0.00,$0.00,$6.00,0
5022-HSDDTP-CPJ,1,Female,34,16,1,Sales,No,Married,5,"$58,000.00",1,1,Own,Domestic,"$13,800",18,No,No,Visa,11,No,22,Yes,No,No,No,No,Yes,Yes,1,31,$22.20,$159.28,$118.60,$680.88,$0.00,$0.00,$140.80,0
5022-QONSSH-Q4O,4,Male,41,15,2,Sales,No,Married,2,"$132,000.00",0,1,Own,Foreign,"$35,600",36,No,No,Mast,20,Yes,17,No,No,No,No,No,No,Yes,1,44,$59.00,$495.84,$0.00,$0.00,$0.00,$0.00,$59.00,0
5023-GJPZGQ-PDD,3,Male,68,10,15,Service,Yes,Unmarried,3,"$30,000.00",10,1,NoCar,N/A,$0,23,Yes,Yes,Visa,6,Yes,19,No,No,No,No,No,No,No,0,31,$33.40,$224.84,$0.00,$0.00,$0.00,$0.00,$33.40,0
5023-JCJQTK-DF3,3,Male,56,12,14,Sales,No,Unmarried,1,"$156,000.00",3,0,Own,Foreign,"$32,500",19,No,Yes,Visa,32,No,17,No,No,No,Yes,Yes,No,Yes,1,68,$173.20,"$2,342.00",$0.00,$0.00,$0.00,$0.00,$173.20,0
5023-ODJCVE-0NJ,2,Male,65,11,4,Sales,No,Married,3,"$42,000.00",5,0,Lease,Foreign,"$8,300",30,Yes,No,Mast,16,Yes,21,Yes,No,No,No,No,Yes,No,1,37,$35.60,$282.80,$96.60,$729.04,$0.00,$0.00,$132.20,0
5025-ICIWXS-G6Z,4,Male,30,14,1,Sales,No,Unmarried,2,"$130,000.00",1,0,Own,Domestic,"$30,700",36,No,No,AMEX,12,Yes,30,No,No,No,Yes,Yes,No,Yes,0,34,$32.60,$226.56,$0.00,$0.00,$0.00,$0.00,$32.60,0
5026-CWHYKT-2YX,5,Female,45,10,15,Professional,No,Unmarried,1,"$176,000.00",0,1,Own,Foreign,"$40,000",29,No,No,Visa,6,Yes,17,No,No,No,No,No,No,Yes,0,19,$25.00,$96.04,$0.00,$0.00,$0.00,$0.00,$25.00,0
5028-UEGZHI-TT1,2,Female,31,18,2,Professional,No,Married,5,"$66,000.00",0,1,Own,Foreign,"$18,100",15,Yes,Yes,Disc,2,No,28,Yes,No,No,No,No,No,No,0,9,$14.60,$17.04,$119.40,$231.40,$0.00,$0.00,$134.00,0
5033-ZFUSQS-D1B,5,Female,27,17,1,Professional,No,Unmarried,1,"$66,000.00",0,1,Own,Domestic,"$17,700",34,No,No,AMEX,9,No,22,Yes,Yes,Yes,Yes,Yes,Yes,No,0,12,$18.00,$37.24,$174.20,$396.00,$204.25,$528.30,$396.45,1
5034-BGWIVG-7OV,3,Male,18,13,0,Professional,No,Unmarried,1,"$40,000.00",1,1,Own,Domestic,"$6,300",29,No,No,Othe,0,Yes,26,No,No,No,Yes,Yes,No,No,0,3,$37.00,$35.76,$0.00,$0.00,$0.00,$0.00,$37.00,0
5035-GDWYRU-MLN,1,Female,54,11,13,Professional,No,Married,2,"$124,000.00",3,0,Own,Foreign,"$38,600",26,Yes,No,Visa,17,Yes,12,No,No,No,Yes,Yes,No,No,1,42,$33.40,$287.20,$0.00,$0.00,$0.00,$0.00,$33.40,0
5036-DRSPSS-P3X,4,Male,30,15,5,Crafts,No,Unmarried,3,"$80,000.00",1,0,Own,Domestic,"$26,000",27,Yes,No,Disc,12,No,34,No,No,No,No,No,No,Yes,0,58,$158.00,"$1,904.36",$0.00,$0.00,$0.00,$0.00,$158.00,0
5037-FSOOKX-C27,4,Female,52,13,10,Sales,No,Unmarried,1,"$120,000.00",8,1,Own,Domestic,"$25,200",23,No,Yes,Mast,23,No,30,No,No,No,No,No,No,Yes,0,50,$52.20,$520.60,$0.00,$0.00,$0.00,$0.00,$52.20,0
5038-OHOZBS-PJD,1,Female,34,14,6,Professional,No,Unmarried,1,"$128,000.00",5,1,Own,Domestic,"$31,700",20,Yes,No,Mast,16,Yes,21,No,Yes,Yes,Yes,Yes,Yes,Yes,0,58,$63.80,$678.36,$0.00,$0.00,$248.25,"$3,548.40",$312.05,1
5040-CLPJWX-5TO,1,Male,71,17,12,Sales,No,Married,2,"$103,000.00",4,1,Own,Domestic,"$36,000",17,No,Yes,Disc,28,Yes,24,Yes,Yes,Yes,No,No,Yes,No,0,53,$65.80,$672.84,$176.60,"$1,752.88",$154.25,"$1,945.08",$396.65,1
5041-GGZKPZ-G0U,2,Male,23,14,1,Professional,No,Married,4,"$78,000.00",3,1,Own,Foreign,"$24,600",18,Yes,Yes,AMEX,5,Yes,24,No,No,No,No,No,Yes,No,0,14,$18.40,$42.76,$0.00,$0.00,$0.00,$0.00,$18.40,0
5042-KTPWUC-WMN,2,Male,35,21,5,Labor,No,Unmarried,2,"$60,000.00",1,0,Own,Foreign,"$13,700",23,Yes,Yes,AMEX,1,Yes,20,No,No,No,No,No,No,No,0,1,$10.00,$2.00,$0.00,$0.00,$0.00,$0.00,$10.00,0
5042-SPDHVC-D51,3,Male,25,20,0,Sales,No,Unmarried,1,"$188,000.00",6,1,Own,Domestic,"$54,900",25,Yes,No,Visa,7,No,25,Yes,Yes,Yes,Yes,Yes,Yes,No,0,12,$24.40,$57.20,$184.20,$407.20,$270.50,$699.72,$479.10,1
5042-XNEETQ-8KP,3,Female,54,13,8,Sales,No,Unmarried,1,"$188,000.00",1,0,Own,Foreign,"$39,100",29,No,No,Visa,16,No,25,No,No,No,No,No,No,No,0,38,$33.00,$243.04,$0.00,$0.00,$0.00,$0.00,$33.00,0
5049-THPMCG-B2H,5,Male,41,13,17,Crafts,No,Married,2,"$96,000.00",0,1,Own,Domestic,"$28,000",31,Yes,No,Visa,19,Yes,11,No,Yes,No,Yes,Yes,No,No,0,36,$41.40,$292.00,$0.00,$0.00,$156.25,"$1,340.28",$197.65,0
5049-XCENKP-SC4,4,Male,48,14,4,Sales,No,Unmarried,1,"$58,000.00",0,1,Own,Foreign,"$15,600",29,No,Yes,Visa,9,No,8,No,No,No,No,No,No,No,0,21,$34.00,$132.60,$0.00,$0.00,$0.00,$0.00,$34.00,0
5052-NKTQMH-BKA,1,Female,43,13,2,Sales,No,Unmarried,1,"$76,000.00",0,1,Own,Foreign,"$18,200",24,No,No,Mast,9,Yes,16,No,No,No,No,No,No,No,0,17,$26.40,$91.32,$0.00,$0.00,$0.00,$0.00,$26.40,0
5059-SSEEHO-MPY,5,Female,44,12,18,Service,No,Married,3,"$116,000.00",4,1,Own,Foreign,"$30,300",34,Yes,No,Mast,26,No,12,No,No,No,No,No,No,Yes,0,45,$69.20,$588.20,$0.00,$0.00,$0.00,$0.00,$69.20,0
5060-SERQNE-ND1,1,Male,37,13,3,Sales,No,Unmarried,2,"$32,000.00",8,0,Own,Foreign,"$7,600",23,No,Yes,Visa,10,No,27,Yes,No,No,No,No,Yes,Yes,0,17,$25.80,$84.48,$110.00,$346.36,$0.00,$0.00,$135.80,0
5066-SABOKJ-7PQ,5,Female,42,16,3,Sales,No,Married,3,"$142,000.00",1,1,NoCar,N/A,$0,30,No,No,Visa,24,Yes,26,No,No,Yes,Yes,Yes,No,Yes,0,60,$33.40,$389.80,$0.00,$0.00,$0.00,$0.00,$33.40,0
5067-CTUQVG-TFM,4,Male,18,13,0,Crafts,No,Unmarried,2,"$26,000.00",6,0,Own,Domestic,"$9,400",26,Yes,No,Visa,0,Yes,23,Yes,No,No,Yes,No,Yes,No,1,5,$17.80,$11.96,$94.60,$80.84,$0.00,$0.00,$112.40,0
5068-FZSTJJ-8HB,5,Male,36,16,4,Professional,No,Unmarried,1,"$66,000.00",2,0,Own,Foreign,"$15,300",38,Yes,No,Mast,1,Yes,16,Yes,No,No,Yes,No,Yes,No,0,1,$12.20,$2.44,$95.00,$19.00,$0.00,$0.00,$107.20,0
5071-IXPFUC-MDR,5,Male,21,16,0,Professional,No,Married,4,"$28,000.00",0,0,Own,Domestic,"$7,700",36,No,No,Visa,3,No,18,No,No,No,No,Yes,No,No,0,27,$13.80,$67.08,$0.00,$0.00,$0.00,$0.00,$13.80,0
5071-YMPEFZ-4BK,3,Male,63,17,29,Agriculture,No,Married,2,"$515,000.00",9,1,Own,Foreign,"$88,500",20,No,No,Disc,36,Yes,25,No,No,Yes,No,Yes,No,Yes,0,67,$96.40,"$1,272.56",$0.00,$0.00,$0.00,$0.00,$96.40,0
5072-BTZWQR-C58,2,Female,36,17,1,Sales,No,Married,2,"$90,000.00",7,0,Own,Domestic,"$23,400",27,No,Yes,Visa,12,No,21,Yes,No,Yes,No,Yes,No,No,0,33,$37.00,$247.00,$133.00,$857.00,$0.00,$0.00,$170.00,0
5074-CYFMOK-K4T,1,Female,59,19,8,Sales,No,Unmarried,1,"$56,000.00",1,0,Own,Domestic,"$15,500",26,No,Yes,Disc,6,Yes,19,Yes,No,Yes,No,No,Yes,No,0,21,$26.80,$99.88,$121.20,$458.28,$0.00,$0.00,$148.00,0
5074-ETOUDI-JWP,3,Female,25,18,0,Sales,No,Unmarried,2,"$24,000.00",3,1,Lease,Foreign,"$5,900",20,No,Yes,Disc,5,Yes,24,Yes,No,No,No,No,Yes,No,0,5,$13.20,$6.68,$102.40,$65.20,$0.00,$0.00,$115.60,0
5075-KNERRP-GF5,1,Female,29,20,1,Professional,No,Unmarried,1,"$70,000.00",1,0,Own,Domestic,"$17,300",23,No,No,Visa,4,Yes,26,Yes,Yes,Yes,No,No,Yes,No,0,9,$12.40,$24.72,$160.40,$257.08,$162.25,$330.54,$335.05,1
5076-BXUAKZ-0Y0,1,Female,44,18,1,Sales,No,Unmarried,4,"$114,000.00",1,0,Own,Domestic,"$31,400",29,Yes,Yes,Disc,3,No,27,No,No,No,No,No,No,No,0,3,$16.00,$10.92,$0.00,$0.00,$0.00,$0.00,$16.00,0
5077-FHXWSD-9M7,5,Male,53,12,7,Sales,No,Married,2,"$88,000.00",0,1,NoCar,N/A,$0,29,Yes,No,Mast,23,Yes,16,No,No,No,No,Yes,No,No,0,44,$21.80,$186.40,$0.00,$0.00,$0.00,$0.00,$21.80,0
5084-NNXKTN-2CV,4,Female,27,15,1,Sales,No,Unmarried,2,"$68,000.00",5,0,Own,Domestic,"$16,700",33,No,No,Disc,9,No,19,No,No,No,Yes,No,No,No,0,16,$39.00,$111.68,$0.00,$0.00,$0.00,$0.00,$39.00,0
5085-RQHHUP-L2U,2,Female,51,12,8,Professional,No,Married,2,"$122,000.00",9,1,Own,Domestic,"$25,700",37,No,Yes,Mast,12,Yes,20,No,No,No,Yes,Yes,No,No,0,45,$31.20,$276.32,$0.00,$0.00,$0.00,$0.00,$31.20,0
5089-MYXLPX-52H,4,Female,58,16,4,Sales,No,Married,2,"$118,000.00",3,1,Own,Foreign,"$43,700",17,Yes,Yes,Disc,34,Yes,14,Yes,Yes,Yes,Yes,Yes,Yes,Yes,0,64,$60.20,$757.56,$230.80,"$2,857.84",$240.00,"$3,551.52",$531.00,1
5093-KUSRCS-X2U,3,Male,54,12,5,Sales,No,Unmarried,1,"$40,000.00",10,1,Own,Foreign,"$8,000",26,No,Yes,Mast,27,No,21,No,No,No,No,No,No,Yes,0,48,$37.20,$370.96,$0.00,$0.00,$0.00,$0.00,$37.20,0
5095-BZBMTG-9C4,5,Male,73,12,12,Sales,No,Unmarried,1,"$82,000.00",3,0,Own,Domestic,"$19,500",32,No,No,Visa,17,Yes,30,No,No,No,No,No,No,No,0,32,$35.00,$215.32,$0.00,$0.00,$0.00,$0.00,$35.00,0
5095-QMVWOH-LCN,4,Female,54,17,10,Professional,No,Unmarried,2,"$64,000.00",7,1,Own,Domestic,"$17,000",36,Yes,Yes,AMEX,21,Yes,20,No,No,No,No,No,No,Yes,1,48,$71.40,$677.56,$0.00,$0.00,$0.00,$0.00,$71.40,0
5095-ZVZRMJ-RW7,1,Male,30,17,4,Crafts,No,Unmarried,1,"$50,000.00",1,0,NoCar,N/A,$0,14,Yes,No,Othe,4,Yes,24,Yes,Yes,Yes,No,Yes,Yes,No,0,6,$17.80,$21.56,$126.40,$145.32,$122.00,$142.74,$266.20,0
5096-RXNPBW-RPT,1,Male,41,13,4,Sales,No,Unmarried,1,"$68,000.00",8,0,Own,Domestic,"$20,600",30,No,Yes,AMEX,1,Yes,30,Yes,No,No,No,No,No,No,0,1,$9.20,$1.84,$81.40,$16.28,$0.00,$0.00,$90.60,0
5097-BJPHAE-TYU,5,Female,41,10,1,Sales,No,Unmarried,1,"$36,000.00",1,0,Lease,Domestic,"$8,100",36,No,No,Othe,6,No,24,No,No,No,No,No,No,No,1,11,$12.80,$24.88,$0.00,$0.00,$0.00,$0.00,$12.80,0
5097-JIRHCW-CFG,3,Male,60,12,21,Service,No,Married,3,"$131,000.00",7,1,Own,Domestic,"$63,100",16,No,Yes,Disc,22,Yes,21,No,No,No,Yes,Yes,No,Yes,0,51,$48.20,$471.24,$0.00,$0.00,$0.00,$0.00,$48.20,0
5097-QJZSXJ-HM1,5,Female,34,19,1,Sales,No,Unmarried,1,"$60,000.00",5,1,Lease,Domestic,"$14,100",27,No,No,Disc,2,No,16,Yes,Yes,Yes,Yes,Yes,Yes,No,0,9,$19.00,$25.40,$226.60,$400.12,$306.00,$621.72,$551.60,1
5099-WPOBFB-V7T,2,Female,59,9,4,Professional,No,Married,2,"$40,000.00",2,1,Lease,Domestic,"$11,300",26,No,Yes,Visa,28,No,16,No,No,No,No,No,No,Yes,1,59,$81.00,$973.20,$0.00,$0.00,$0.00,$0.00,$81.00,0
5101-LRRQUO-FFJ,1,Male,25,17,1,Labor,No,Married,3,"$80,000.00",12,1,Own,Foreign,"$12,300",21,No,No,AMEX,7,No,18,No,Yes,Yes,Yes,Yes,No,No,0,15,$25.20,$63.60,$0.00,$0.00,$132.75,$418.38,$157.95,0
5106-JTUNGC-1VO,4,Male,53,9,20,Service,No,Married,6,"$102,000.00",5,0,Own,Domestic,"$21,700",28,No,Yes,AMEX,18,No,18,No,No,No,Yes,Yes,No,Yes,0,54,$28.40,$300.08,$0.00,$0.00,$0.00,$0.00,$28.40,0
5108-FDPWWG-WO0,2,Female,63,15,22,Labor,Yes,Married,3,"$98,000.00",0,0,Own,Foreign,"$28,200",23,No,No,Mast,37,Yes,14,No,No,No,No,No,No,Yes,0,70,$128.40,"$1,775.72",$0.00,$0.00,$0.00,$0.00,$128.40,0
5108-MUEPGC-9E7,4,Male,39,12,5,Professional,No,Married,7,"$84,000.00",1,1,Own,Domestic,"$21,500",28,Yes,Yes,AMEX,12,Yes,22,No,No,No,No,No,No,Yes,0,45,$44.80,$417.92,$0.00,$0.00,$0.00,$0.00,$44.80,0
5108-UHKJMO-ZYU,1,Female,56,11,2,Sales,No,Unmarried,2,"$144,000.00",5,1,Own,Domestic,"$34,300",36,Yes,Yes,Visa,25,No,29,No,Yes,No,Yes,Yes,No,Yes,0,61,$34.40,$442.28,$0.00,$0.00,$161.00,"$2,440.08",$195.40,0
5108-YUQGZJ-JVY,3,Male,31,12,5,Service,No,Unmarried,2,"$64,000.00",3,0,Lease,Domestic,"$19,100",23,No,No,Visa,1,No,22,No,No,No,No,No,No,No,0,2,$7.80,$1.64,$0.00,$0.00,$0.00,$0.00,$7.80,0
5109-HZNZJJ-TXF,3,Female,55,13,15,Professional,No,Married,2,"$185,000.00",9,1,Own,Domestic,"$91,800",28,Yes,Yes,Visa,20,Yes,13,Yes,No,No,No,No,Yes,Yes,0,53,$28.00,$327.92,$95.80,"$1,006.60",$0.00,$0.00,$123.80,0
5110-WHLWIT-LZ9,3,Male,32,11,2,Professional,No,Married,2,"$64,000.00",0,1,Own,Foreign,"$19,800",30,No,Yes,AMEX,8,Yes,21,No,No,No,Yes,Yes,No,No,0,20,$30.80,$130.12,$0.00,$0.00,$0.00,$0.00,$30.80,0
5111-IXRBVA-3HR,2,Female,59,16,1,Sales,No,Married,5,"$58,000.00",2,1,Own,Domestic,"$14,200",24,No,Yes,Visa,6,No,19,No,No,No,No,No,No,Yes,1,27,$22.80,$121.28,$0.00,$0.00,$0.00,$0.00,$22.80,0
5112-XIXXKN-WNM,4,Female,31,14,7,Crafts,No,Unmarried,1,"$68,000.00",1,1,NoCar,N/A,$0,26,No,Yes,Mast,3,No,15,No,No,No,No,No,Yes,No,0,7,$12.80,$13.80,$0.00,$0.00,$0.00,$0.00,$12.80,0
5112-YVRGNG-XEW,4,Female,40,18,1,Sales,No,Married,3,"$50,000.00",8,0,Own,Domestic,"$15,500",30,No,No,Visa,16,No,10,Yes,No,Yes,No,No,Yes,No,0,56,$20.20,$261.96,$150.20,"$1,677.76",$0.00,$0.00,$170.40,0
5115-TVEXPS-WJJ,1,Female,69,10,15,Professional,No,Married,2,"$76,000.00",2,1,Own,Foreign,"$19,800",25,No,Yes,Visa,40,No,23,No,No,No,No,No,No,Yes,0,72,$313.00,"$4,488.48",$0.00,$0.00,$0.00,$0.00,$313.00,1
5121-NOTELI-Y7Y,1,Female,37,14,9,Professional,No,Unmarried,1,"$162,000.00",0,0,NoCar,N/A,$0,37,No,Yes,Disc,19,Yes,16,Yes,No,No,Yes,Yes,No,No,0,52,$42.40,$484.40,$139.40,"$1,406.40",$0.00,$0.00,$181.80,0
5122-EUEKLQ-248,3,Female,54,18,20,Agriculture,No,Unmarried,1,"$116,000.00",5,0,Own,Foreign,"$9,500",24,Yes,Yes,Visa,20,Yes,18,Yes,Yes,Yes,No,No,Yes,No,0,43,$46.60,$363.68,$149.40,"$1,253.92",$190.00,"$1,902.00",$386.00,1
5125-PEQACJ-RQX,2,Female,66,11,7,Professional,No,Unmarried,1,"$68,000.00",0,0,Own,Domestic,"$13,100",32,No,Yes,Visa,25,Yes,26,Yes,No,No,No,No,Yes,Yes,1,58,$80.20,$930.16,$98.00,"$1,119.20",$0.00,$0.00,$178.20,0
5125-QIFIIR-412,4,Female,20,15,0,Professional,No,Married,4,"$64,000.00",0,1,NoCar,N/A,$0,21,Yes,Yes,Mast,2,Yes,26,No,No,No,Yes,Yes,No,Yes,1,18,$35.60,$110.00,$0.00,$0.00,$0.00,$0.00,$35.60,0
5126-WLYXHE-S62,2,Male,38,15,0,Sales,No,Unmarried,1,"$66,000.00",3,1,Own,Domestic,"$19,600",28,Yes,Yes,Visa,3,Yes,22,No,No,No,Yes,Yes,No,Yes,1,14,$16.60,$45.12,$0.00,$0.00,$0.00,$0.00,$16.60,0
5128-AHGTLR-ECI,2,Female,28,15,0,Sales,No,Married,4,"$44,000.00",1,0,Own,Foreign,"$11,700",19,No,No,Mast,5,No,28,No,No,No,Yes,Yes,No,No,0,16,$20.60,$63.72,$0.00,$0.00,$0.00,$0.00,$20.60,0
5129-TRPSYO-456,2,Male,50,15,15,Professional,No,Married,2,"$118,000.00",3,0,Own,Foreign,"$80,800",21,No,No,Visa,15,No,17,No,No,Yes,No,Yes,No,Yes,0,37,$52.60,$366.92,$0.00,$0.00,$0.00,$0.00,$52.60,0
5130-PBHVZB-2TB,4,Female,31,15,8,Crafts,No,Unmarried,2,"$60,000.00",5,0,Own,Domestic,"$18,800",16,No,Yes,Mast,13,Yes,25,Yes,Yes,No,No,No,Yes,Yes,0,65,$34.00,$449.20,$130.60,"$1,685.00",$137.00,"$2,076.48",$301.60,1
5131-TZTMYU-QM2,4,Male,67,18,5,Sales,No,Married,2,"$104,000.00",4,0,Own,Domestic,"$23,100",30,No,Yes,Disc,12,Yes,20,Yes,Yes,Yes,No,Yes,Yes,Yes,0,18,$32.00,$132.80,$182.40,$606.96,$203.00,$744.54,$417.40,1
5132-NEBOAE-EA4,3,Female,18,13,0,Sales,No,Unmarried,1,"$30,000.00",13,1,NoCar,N/A,$0,32,No,No,Visa,0,No,20,Yes,Yes,Yes,Yes,Yes,Yes,Yes,0,3,$12.40,$4.36,$143.20,$52.32,$124.00,$45.00,$279.60,1
5132-PWFAFS-4CM,5,Female,60,12,6,Sales,No,Married,3,"$72,000.00",5,1,Own,Foreign,"$16,600",30,No,No,Disc,27,No,14,No,No,No,No,Yes,No,No,0,61,$49.40,$629.40,$0.00,$0.00,$0.00,$0.00,$49.40,0
5134-OOKFBJ-C7O,3,Male,47,18,14,Professional,No,Married,2,"$153,000.00",9,1,Own,Foreign,"$75,600",19,No,Yes,Disc,28,No,17,No,Yes,No,Yes,Yes,No,No,0,50,$73.60,$677.24,$0.00,$0.00,$177.00,"$2,340.60",$250.60,0
5135-KRKXEB-ITL,3,Male,18,8,0,Professional,No,Unmarried,1,"$32,000.00",0,1,Lease,Domestic,"$5,800",34,Yes,No,Visa,0,Yes,16,No,No,No,No,No,No,No,1,4,$23.20,$16.72,$0.00,$0.00,$0.00,$0.00,$23.20,0
5135-QCLJHZ-9QM,5,Male,55,14,19,Crafts,No,Unmarried,1,"$109,000.00",1,0,Own,Foreign,"$52,200",18,Yes,Yes,Disc,28,No,22,No,No,No,No,Yes,No,No,1,67,$64.60,$923.00,$0.00,$0.00,$0.00,$0.00,$64.60,0
5136-RCBIIC-GED,5,Female,32,22,1,Sales,No,Married,4,"$166,000.00",0,1,Own,Domestic,"$41,400",40,Yes,Yes,Disc,14,No,26,Yes,No,Yes,No,No,Yes,No,0,49,$71.20,$721.16,$131.60,"$1,267.28",$0.00,$0.00,$202.80,0
5138-RYTVAT-ZI0,3,Male,73,18,27,Service,No,Married,2,"$190,000.00",6,1,NoCar,N/A,$0,41,No,No,Disc,28,No,23,No,No,No,Yes,Yes,No,Yes,1,67,$76.40,"$1,072.84",$0.00,$0.00,$0.00,$0.00,$76.40,0
5138-TKLDMP-JPI,5,Female,45,13,5,Sales,No,Married,3,"$134,000.00",5,1,NoCar,N/A,$0,25,No,No,Visa,18,No,24,Yes,No,No,No,No,Yes,No,0,32,$27.20,$189.20,$101.40,$616.36,$0.00,$0.00,$128.60,0
5140-JORCZS-SWG,2,Male,70,14,22,Service,Yes,Married,3,"$42,000.00",1,0,Lease,Domestic,"$11,600",19,No,Yes,Disc,33,No,16,No,No,No,No,No,Yes,Yes,0,65,$65.20,$822.44,$0.00,$0.00,$0.00,$0.00,$65.20,0
5142-LSPSGF-YV3,2,Female,31,20,1,Professional,No,Unmarried,1,"$74,000.00",1,0,Own,Foreign,"$24,700",32,Yes,Yes,Mast,4,Yes,24,No,No,No,No,No,No,No,1,9,$26.20,$65.72,$0.00,$0.00,$0.00,$0.00,$26.20,0
5144-LXEIEA-BS1,2,Female,67,15,20,Professional,Yes,Unmarried,1,"$22,000.00",8,0,Own,Domestic,"$5,400",23,No,Yes,AMEX,2,No,16,Yes,Yes,Yes,Yes,Yes,Yes,Yes,0,6,$6.60,$7.72,$168.00,$172.52,$151.75,$209.28,$326.35,1
5147-SQBPLA-Q8K,2,Female,64,16,9,Sales,No,Married,2,"$84,000.00",7,1,NoCar,N/A,$0,19,No,Yes,Disc,33,No,18,Yes,No,Yes,No,No,Yes,Yes,0,61,$55.20,$688.00,$137.60,"$1,692.64",$0.00,$0.00,$192.80,0
5148-ANRWKZ-IWQ,2,Male,57,18,6,Sales,No,Married,4,"$146,000.00",0,1,Own,Foreign,"$69,600",35,No,Yes,Visa,9,No,19,No,Yes,No,Yes,Yes,No,No,0,16,$33.40,$95.16,$0.00,$0.00,$131.75,$513.48,$165.15,0
5159-THPMDO-NUS,1,Female,41,20,1,Sales,No,Unmarried,3,"$70,000.00",3,1,Lease,Domestic,"$19,400",27,No,Yes,Disc,12,No,16,Yes,No,No,No,Yes,Yes,No,0,23,$36.20,$148.96,$135.80,$638.44,$0.00,$0.00,$172.00,0
5161-SAEGFS-T7Q,3,Male,64,21,14,Professional,No,Unmarried,1,"$132,000.00",0,0,Own,Domestic,"$38,700",25,No,Yes,Disc,24,No,33,Yes,Yes,Yes,Yes,Yes,Yes,Yes,0,40,$41.80,$333.44,$263.20,"$2,013.88",$450.50,"$4,150.38",$755.50,1
5162-WGZNXL-X93,5,Female,47,15,4,Sales,No,Married,2,"$64,000.00",7,0,Own,Foreign,"$16,700",30,Yes,Yes,Visa,12,No,19,Yes,No,No,No,No,Yes,No,0,33,$52.40,$378.84,$93.40,$659.44,$0.00,$0.00,$145.80,0
5170-CWVIZN-JJK,1,Male,79,14,30,Labor,Yes,Unmarried,1,"$42,000.00",2,0,Own,Foreign,"$8,800",25,Yes,No,Disc,35,No,29,No,No,No,No,No,No,Yes,0,66,$59.80,$804.84,$0.00,$0.00,$0.00,$0.00,$59.80,0
5172-JTKKKG-S98,3,Female,63,9,30,Crafts,Yes,Married,2,"$88,000.00",2,0,Own,Domestic,"$14,000",26,Yes,No,Visa,15,No,26,No,No,No,Yes,No,No,No,1,29,$51.00,$311.68,$0.00,$0.00,$0.00,$0.00,$51.00,0
5173-GGPXIF-Q5D,4,Male,20,12,1,Professional,No,Unmarried,4,"$28,000.00",4,1,Own,Domestic,"$2,600",28,Yes,Yes,Mast,2,Yes,14,No,No,No,No,No,No,No,1,22,$46.60,$198.92,$0.00,$0.00,$0.00,$0.00,$46.60,0
5175-ALHRGN-KAA,1,Female,49,13,18,Labor,No,Married,2,"$76,000.00",6,0,Own,Foreign,"$14,500",22,No,No,Mast,31,Yes,19,No,No,No,Yes,No,No,Yes,0,69,$117.20,"$1,643.00",$0.00,$0.00,$0.00,$0.00,$117.20,0
5175-SCMVHN-Y4W,1,Male,46,18,19,Crafts,No,Unmarried,1,"$110,000.00",0,0,Own,Domestic,"$49,400",30,No,Yes,Mast,29,No,23,Yes,Yes,No,Yes,Yes,No,Yes,1,60,$101.60,"$1,164.56",$138.80,"$1,597.12",$147.50,"$2,155.32",$387.90,1
5180-JIRFDZ-490,2,Male,40,17,1,Sales,No,Unmarried,1,"$120,000.00",1,0,Own,Foreign,"$26,600",36,Yes,Yes,Disc,21,No,20,No,No,No,Yes,No,No,No,1,32,$29.40,$168.32,$0.00,$0.00,$0.00,$0.00,$29.40,0
5182-PCTDHE-JDW,5,Male,24,18,0,Professional,No,Unmarried,2,"$28,000.00",1,0,Lease,Domestic,"$5,600",33,No,No,Visa,6,No,22,Yes,Yes,Yes,Yes,Yes,Yes,No,0,24,$19.80,$91.88,$139.20,$655.40,$155.00,$873.00,$314.00,1
5183-PIVWRW-TNG,5,Female,77,18,15,Professional,Yes,Unmarried,1,"$28,000.00",0,1,Own,Foreign,"$7,100",23,Yes,Yes,Mast,34,No,25,No,Yes,Yes,No,Yes,Yes,Yes,0,71,$246.80,"$3,434.88",$0.00,$0.00,$269.00,"$4,455.78",$515.80,1
5185-RRHYJG-O66,3,Female,22,14,1,Professional,No,Married,7,"$74,000.00",0,1,Own,Foreign,"$19,800",24,No,Yes,AMEX,4,Yes,26,Yes,No,Yes,Yes,Yes,Yes,Yes,0,12,$29.00,$74.24,$144.60,$331.68,$0.00,$0.00,$173.60,0
5187-MBJCOX-L7K,4,Male,18,13,0,Sales,No,Married,3,"$34,000.00",2,1,Own,Domestic,"$7,000",32,Yes,Yes,Mast,0,Yes,26,No,No,No,No,No,No,No,0,9,$54.60,$88.68,$0.00,$0.00,$0.00,$0.00,$54.60,0
5188-XLCSHQ-5DG,2,Male,53,14,15,Service,No,Unmarried,1,"$194,000.00",0,1,Own,Domestic,"$37,200",22,No,Yes,Mast,32,No,24,No,No,No,No,No,No,Yes,0,68,$102.80,"$1,454.72",$0.00,$0.00,$0.00,$0.00,$102.80,0
5189-AWRXKD-NBL,5,Female,23,12,2,Professional,No,Married,4,"$36,000.00",1,1,Own,Foreign,"$9,900",27,No,Yes,Othe,5,No,15,No,No,No,No,No,No,No,0,28,$31.80,$181.08,$0.00,$0.00,$0.00,$0.00,$31.80,0
5190-YOFIZY-657,3,Female,24,13,1,Sales,No,Married,2,"$48,000.00",2,1,Own,Foreign,"$9,900",14,No,Yes,Othe,6,Yes,23,No,No,Yes,Yes,Yes,No,No,0,62,$70.60,$835.56,$0.00,$0.00,$0.00,$0.00,$70.60,0
5190-YTIALY-9Y8,5,Male,57,15,8,Professional,No,Married,2,"$220,000.00",9,1,Own,Domestic,"$81,100",24,No,Yes,AMEX,34,No,13,No,No,No,No,No,No,No,0,65,$64.20,$838.40,$0.00,$0.00,$0.00,$0.00,$64.20,0
5195-BSGZVI-8WQ,2,Male,31,10,10,Labor,No,Unmarried,3,"$90,000.00",0,0,Own,Domestic,"$23,500",18,No,No,Visa,13,No,20,No,No,No,No,Yes,No,Yes,0,34,$58.80,$403.04,$0.00,$0.00,$0.00,$0.00,$58.80,0
5195-SCGWCO-5P6,4,Male,68,18,2,Sales,No,Married,2,"$106,000.00",2,1,Own,Foreign,"$23,900",16,Yes,No,Disc,17,Yes,23,No,No,Yes,Yes,Yes,No,Yes,0,51,$46.20,$475.04,$0.00,$0.00,$0.00,$0.00,$46.20,0
5195-TLUDJE-HVO,3,Female,67,14,16,Sales,No,Married,3,"$70,000.00",3,1,Own,Foreign,"$18,800",24,Yes,No,Visa,35,No,21,No,No,No,No,No,No,Yes,0,65,$113.60,"$1,486.68",$0.00,$0.00,$0.00,$0.00,$113.60,0
5199-CTDJQE-YL9,4,Female,26,21,0,Agriculture,No,Unmarried,3,"$44,000.00",2,0,Own,Domestic,"$8,200",16,No,No,Disc,8,Yes,22,No,No,Yes,Yes,Yes,No,No,1,14,$36.60,$104.60,$0.00,$0.00,$0.00,$0.00,$36.60,0
5210-NANSKD-22P,5,Male,68,7,23,Service,No,Married,2,"$128,000.00",5,1,Lease,Foreign,"$31,800",32,Yes,Yes,Visa,35,No,26,No,No,No,Yes,Yes,No,Yes,0,69,$138.80,"$1,915.92",$0.00,$0.00,$0.00,$0.00,$138.80,0
5213-FLCFRD-ESG,4,Male,21,12,1,Labor,No,Unmarried,2,"$30,000.00",0,0,Own,Domestic,"$5,600",24,No,No,Mast,3,No,30,Yes,No,No,No,No,Yes,No,0,16,$17.80,$69.88,$117.60,$291.04,$0.00,$0.00,$135.40,0
5214-EMOQLI-MIU,5,Male,64,10,18,Professional,No,Unmarried,1,"$104,000.00",0,1,Own,Domestic,"$25,200",20,No,Yes,Mast,37,No,27,No,No,No,No,No,No,Yes,0,67,$99.40,"$1,461.80",$0.00,$0.00,$0.00,$0.00,$99.40,0
5214-MDMLPQ-1MT,3,Male,28,15,1,Sales,No,Unmarried,1,"$86,000.00",1,0,Own,Domestic,"$21,800",27,No,Yes,Othe,11,Yes,18,Yes,Yes,No,Yes,No,Yes,Yes,1,37,$34.40,$275.28,$120.60,$953.04,$107.00,$940.38,$262.00,0
5219-ZVCGZQ-LCE,5,Female,34,18,5,Crafts,No,Married,5,"$110,000.00",0,1,Own,Foreign,"$29,100",23,Yes,Yes,Disc,16,No,19,No,Yes,Yes,Yes,Yes,Yes,Yes,0,61,$48.60,$571.80,$0.00,$0.00,$309.75,"$4,577.58",$358.35,1
5222-YADDNK-22Q,3,Male,21,16,0,Sales,No,Unmarried,3,"$60,000.00",1,0,Own,Foreign,"$18,600",29,Yes,No,Visa,3,Yes,21,Yes,No,Yes,No,No,No,No,0,7,$24.60,$33.48,$129.00,$152.40,$0.00,$0.00,$153.60,0
5227-CWHSJP-EAL,5,Male,65,18,23,Professional,Yes,Unmarried,1,"$84,000.00",0,1,Lease,Foreign,"$25,600",38,No,Yes,Visa,21,No,12,Yes,Yes,Yes,Yes,No,Yes,No,1,56,$37.80,$420.80,$199.20,"$2,222.64",$220.50,"$2,914.86",$457.50,1
5229-UOYNZP-DZY,5,Female,59,11,14,Service,No,Unmarried,2,"$108,000.00",3,1,Lease,Domestic,"$31,700",28,No,No,Mast,22,No,13,No,No,No,Yes,No,No,No,1,52,$43.40,$407.64,$0.00,$0.00,$0.00,$0.00,$43.40,0
5231-IWPEVK-XMG,4,Female,53,17,3,Sales,No,Married,2,"$132,000.00",0,1,Own,Domestic,"$41,700",22,No,Yes,Visa,11,No,16,No,No,No,No,No,No,No,1,19,$27.20,$120.84,$0.00,$0.00,$0.00,$0.00,$27.20,0
5235-QFNYVX-4PR,4,Male,47,17,4,Sales,No,Unmarried,1,"$180,000.00",2,1,Own,Foreign,"$63,500",24,No,Yes,AMEX,2,Yes,18,No,No,No,Yes,Yes,No,No,0,10,$33.20,$68.44,$0.00,$0.00,$0.00,$0.00,$33.20,0
5240-DIDRFM-4O3,1,Male,76,14,11,Professional,No,Married,2,"$72,000.00",5,1,Own,Foreign,"$21,600",22,No,No,Disc,38,Yes,16,No,No,No,Yes,Yes,No,Yes,0,72,$144.60,"$2,061.48",$0.00,$0.00,$0.00,$0.00,$144.60,0
5241-NSCEJF-TC0,1,Male,73,16,9,Professional,Yes,Married,2,"$36,000.00",0,1,Lease,Domestic,"$11,200",26,No,No,Disc,32,No,20,No,No,No,Yes,No,No,Yes,0,55,$54.60,$667.52,$0.00,$0.00,$0.00,$0.00,$54.60,0
5241-XFVBSM-H0X,5,Female,75,11,15,Professional,Yes,Married,3,"$20,000.00",8,1,Lease,Domestic,"$4,800",24,No,No,Disc,28,Yes,17,No,No,No,Yes,No,No,Yes,1,65,$78.40,"$1,127.12",$0.00,$0.00,$0.00,$0.00,$78.40,0
5242-PRFMXK-NEE,1,Female,58,17,9,Sales,Yes,Unmarried,1,"$42,000.00",1,0,Own,Foreign,"$10,300",20,No,Yes,Disc,6,No,23,Yes,No,No,No,No,Yes,Yes,0,16,$11.20,$36.44,$101.40,$331.00,$0.00,$0.00,$112.60,0
5244-AWFIPA-DWJ,1,Male,61,12,32,Labor,No,Unmarried,1,"$146,000.00",0,1,Own,Domestic,"$76,200",27,No,Yes,Disc,31,Yes,22,No,Yes,No,No,Yes,No,Yes,0,59,$68.20,$863.76,$0.00,$0.00,$156.75,"$2,210.22",$224.95,0
5245-GTQIJJ-C89,1,Male,25,16,1,Labor,No,Married,5,"$58,000.00",0,0,NoCar,N/A,$0,28,No,No,AMEX,5,Yes,22,No,No,No,Yes,Yes,No,No,0,9,$24.00,$50.12,$0.00,$0.00,$0.00,$0.00,$24.00,0
5252-VCMHWS-YAY,3,Male,38,14,9,Service,No,Married,4,"$118,000.00",0,1,Lease,Foreign,"$26,700",27,No,No,Mast,20,Yes,20,No,No,No,No,No,No,Yes,0,64,$39.20,$512.88,$0.00,$0.00,$0.00,$0.00,$39.20,0
5256-NMNPYW-3WD,3,Female,43,12,11,Service,No,Unmarried,1,"$76,000.00",1,1,Own,Domestic,"$23,200",24,Yes,No,AMEX,10,No,18,Yes,Yes,Yes,Yes,Yes,Yes,No,1,16,$27.40,$89.04,$188.00,$552.56,$194.75,$657.90,$410.15,1
5256-YBVJAD-W1D,5,Male,77,21,11,Professional,Yes,Married,2,"$18,000.00",4,1,Lease,Domestic,"$5,100",24,Yes,No,Mast,30,No,19,Yes,Yes,Yes,No,Yes,Yes,Yes,0,64,$99.60,"$1,241.00",$187.40,"$2,444.32",$216.75,"$3,197.82",$503.75,1
5259-ZYZWME-F11,4,Female,39,9,5,Sales,No,Married,4,"$98,000.00",1,1,Own,Domestic,"$25,100",19,No,No,Visa,12,Yes,25,No,No,No,No,No,Yes,No,0,25,$29.80,$132.24,$0.00,$0.00,$0.00,$0.00,$29.80,0
5262-ZYGPCR-DEO,1,Male,51,15,11,Professional,No,Married,2,"$170,000.00",1,0,Own,Domestic,"$26,400",32,No,No,Mast,33,No,16,Yes,No,No,No,Yes,Yes,Yes,1,67,$52.80,$719.16,$166.60,"$2,215.04",$0.00,$0.00,$219.40,0
5268-BHJWZM-I2X,3,Male,66,20,19,Service,Yes,Unmarried,1,"$26,000.00",8,0,Lease,Domestic,"$6,100",21,No,Yes,Disc,12,No,24,Yes,No,No,Yes,No,No,No,1,25,$30.80,$141.16,$139.60,$679.24,$0.00,$0.00,$170.40,0
5272-CGOGON-E5V,4,Male,37,12,1,Sales,No,Unmarried,2,"$84,000.00",5,1,Own,Foreign,"$15,800",20,No,No,Disc,10,No,21,No,No,No,Yes,Yes,No,No,0,18,$34.80,$122.00,$0.00,$0.00,$0.00,$0.00,$34.80,0
5272-KKAGMV-6IX,5,Female,27,14,1,Sales,No,Married,4,"$52,000.00",0,1,NoCar,N/A,$0,29,No,No,AMEX,9,No,11,No,No,No,No,No,No,No,0,47,$56.20,$481.08,$0.00,$0.00,$0.00,$0.00,$56.20,0
5273-HEYCTH-31R,4,Female,59,21,3,Sales,No,Married,2,"$106,000.00",0,0,Own,Foreign,"$28,300",23,Yes,Yes,Disc,30,No,22,Yes,No,No,No,No,No,Yes,0,60,$82.20,$962.16,$108.00,"$1,314.20",$0.00,$0.00,$190.20,0
5273-MFTMQI-1W9,3,Female,30,11,4,Professional,No,Married,2,"$74,000.00",0,1,Own,Foreign,"$24,900",23,No,Yes,Mast,12,Yes,15,No,Yes,Yes,Yes,Yes,No,Yes,0,36,$43.60,$309.80,$0.00,$0.00,$197.00,"$1,809.30",$240.60,0
5276-KIJDFE-8I2,5,Female,37,18,10,Agriculture,No,Unmarried,1,"$122,000.00",5,0,Own,Domestic,"$29,000",26,No,No,Disc,5,Yes,16,Yes,No,No,No,No,Yes,Yes,0,11,$18.60,$27.28,$97.40,$177.36,$0.00,$0.00,$116.00,0
5279-UMJEUC-L44,4,Male,67,19,9,Service,Yes,Married,2,"$24,000.00",2,0,Own,Domestic,"$7,300",26,No,Yes,Visa,4,No,35,Yes,No,No,No,No,No,No,0,13,$37.20,$115.00,$117.00,$286.68,$0.00,$0.00,$154.20,0
5280-RXKFZO-X4R,4,Female,42,16,10,Professional,No,Unmarried,1,"$100,000.00",5,1,Own,Domestic,"$39,400",29,Yes,No,Visa,6,Yes,23,No,No,No,No,Yes,No,No,0,13,$25.80,$69.36,$0.00,$0.00,$0.00,$0.00,$25.80,0
5287-GQWEBQ-575,1,Female,23,15,1,Labor,No,Married,5,"$44,000.00",3,0,Own,Domestic,"$14,300",23,No,No,Visa,1,No,9,Yes,Yes,No,Yes,Yes,No,No,0,1,$11.20,$2.24,$136.80,$27.36,$74.50,$17.88,$222.50,0
5287-OKMCZQ-3EA,3,Male,54,16,24,Labor,No,Unmarried,1,"$168,000.00",9,0,Own,Domestic,"$78,000",25,No,Yes,Visa,32,No,13,Yes,No,No,Yes,No,Yes,Yes,0,65,$116.80,"$1,568.88",$130.00,"$1,700.00",$0.00,$0.00,$246.80,0
5296-OZSPOU-M8Y,5,Male,29,15,5,Labor,No,Married,4,"$130,000.00",5,1,Lease,Domestic,"$37,200",29,Yes,Yes,Disc,11,Yes,18,Yes,No,No,No,Yes,No,Yes,0,63,$92.00,"$1,143.52",$161.60,"$2,044.84",$0.00,$0.00,$253.60,0
5297-GKMENW-FQC,2,Female,48,17,12,Crafts,No,Married,4,"$174,000.00",0,0,NoCar,N/A,$0,22,No,Yes,Visa,30,No,16,No,No,No,Yes,Yes,Yes,Yes,0,67,$78.00,"$1,004.72",$0.00,$0.00,$0.00,$0.00,$78.00,0
5298-EZKNBR-CAQ,5,Female,49,17,8,Professional,No,Unmarried,1,"$56,000.00",0,1,Own,Domestic,"$13,800",35,Yes,No,Mast,3,Yes,14,Yes,No,No,No,No,No,No,0,3,$18.80,$8.84,$124.60,$61.36,$0.00,$0.00,$143.40,0
5298-MOJVAW-8JO,3,Male,78,12,18,Professional,Yes,Unmarried,1,"$20,000.00",6,1,Lease,Domestic,"$4,600",27,No,Yes,Mast,29,No,21,No,No,No,Yes,No,No,No,1,59,$65.80,$776.68,$0.00,$0.00,$0.00,$0.00,$65.80,0
5300-PSIZAR-CTQ,3,Female,68,9,21,Professional,No,Married,2,"$186,000.00",1,1,Own,Foreign,"$56,200",17,Yes,Yes,Mast,24,Yes,26,Yes,No,No,Yes,No,No,Yes,0,54,$54.00,$598.76,$127.80,"$1,257.64",$0.00,$0.00,$181.80,0
5303-MFNEPP-GGF,3,Female,18,13,0,Labor,No,Married,7,"$32,000.00",0,1,Lease,Domestic,"$6,000",26,No,Yes,Disc,0,Yes,18,No,No,No,Yes,No,No,Yes,0,2,$52.60,$15.68,$0.00,$0.00,$0.00,$0.00,$52.60,0
5309-ATVVAY-0YI,2,Female,47,11,6,Sales,No,Unmarried,1,"$44,000.00",4,1,Own,Foreign,"$9,300",26,Yes,Yes,Mast,4,No,25,No,No,No,No,No,No,No,0,11,$17.20,$31.68,$0.00,$0.00,$0.00,$0.00,$17.20,0
5310-JKBHBW-KT9,2,Female,75,16,31,Service,Yes,Married,3,"$28,000.00",1,1,Lease,Foreign,"$6,600",36,No,Yes,Visa,39,No,21,No,No,No,Yes,Yes,No,Yes,0,72,$145.60,"$2,166.04",$0.00,$0.00,$0.00,$0.00,$145.60,0
5312-UQYWKD-TD9,5,Male,71,12,33,Crafts,No,Married,2,"$137,000.00",0,1,NoCar,N/A,$0,19,No,Yes,Disc,36,No,19,Yes,Yes,Yes,Yes,Yes,No,Yes,0,69,$92.20,"$1,295.04",$134.60,"$1,817.84",$217.25,"$3,560.34",$444.05,1
5313-ZRVTIG-3GU,3,Female,56,12,14,Professional,No,Unmarried,1,"$102,000.00",4,1,Own,Foreign,"$45,900",39,Yes,No,Disc,28,No,14,Yes,No,No,Yes,Yes,No,Yes,0,52,$58.40,$587.60,$152.20,"$1,535.16",$0.00,$0.00,$210.60,0
5315-JIMXOJ-60P,5,Male,50,9,10,Professional,No,Unmarried,1,"$168,000.00",0,0,Own,Foreign,"$46,200",31,No,Yes,Visa,32,No,22,No,No,No,Yes,Yes,No,Yes,0,68,$59.40,$795.00,$0.00,$0.00,$0.00,$0.00,$59.40,0
5315-KXMKSF-HHP,1,Female,44,12,7,Service,No,Unmarried,1,"$124,000.00",3,0,Own,Domestic,"$35,000",17,Yes,No,Disc,7,No,15,No,No,No,No,No,Yes,No,1,14,$19.20,$58.00,$0.00,$0.00,$0.00,$0.00,$19.20,0
5315-VXBFQT-MJE,3,Female,21,13,1,Crafts,No,Unmarried,4,"$34,000.00",0,0,Own,Foreign,"$9,500",29,Yes,Yes,Mast,3,Yes,15,No,No,No,No,No,Yes,No,0,18,$27.60,$127.60,$0.00,$0.00,$0.00,$0.00,$27.60,0
5325-BHFFWU-HEF,2,Male,75,17,19,Crafts,Yes,Married,2,"$36,000.00",1,1,Lease,Foreign,"$11,300",24,Yes,Yes,Visa,28,No,20,No,No,No,No,No,No,Yes,0,56,$67.80,$724.08,$0.00,$0.00,$0.00,$0.00,$67.80,0
5325-XPSUFH-CPO,5,Female,48,12,18,Agriculture,No,Unmarried,1,"$148,000.00",7,0,Own,Domestic,"$23,800",26,No,Yes,Mast,11,Yes,20,No,Yes,No,Yes,Yes,No,No,0,31,$37.80,$267.68,$0.00,$0.00,$129.75,$964.08,$167.55,0
5332-IHQPWH-72A,2,Male,29,17,3,Crafts,No,Unmarried,1,"$32,000.00",0,1,Own,Foreign,"$6,800",20,No,Yes,AMEX,11,No,21,Yes,No,No,No,No,Yes,Yes,0,44,$54.00,$515.80,$98.40,$784.44,$0.00,$0.00,$152.40,0
5333-SDOOMS-LAF,3,Male,41,15,10,Service,No,Unmarried,2,"$66,000.00",4,0,Own,Domestic,"$11,200",25,No,No,AMEX,1,Yes,27,No,No,No,No,Yes,No,No,0,2,$13.00,$8.60,$0.00,$0.00,$0.00,$0.00,$13.00,0
5334-ZONESS-G7E,2,Male,43,18,15,Labor,No,Unmarried,1,"$142,000.00",3,1,Own,Domestic,"$60,300",28,Yes,Yes,Disc,25,No,25,Yes,Yes,Yes,Yes,Yes,Yes,Yes,0,65,$30.80,$407.80,$260.00,"$3,391.76",$288.50,"$4,553.64",$579.30,1
5335-EGCIAU-EGK,3,Male,51,12,17,Crafts,No,Married,2,"$140,000.00",4,1,Own,Domestic,"$30,500",23,No,Yes,Othe,34,No,16,No,No,No,No,No,No,Yes,0,66,$108.20,"$1,455.08",$0.00,$0.00,$0.00,$0.00,$108.20,0
5336-PGMTUH-ETS,5,Male,62,15,23,Agriculture,No,Unmarried,1,"$132,000.00",0,1,Own,Domestic,"$30,800",28,No,No,AMEX,27,No,19,No,No,No,No,No,No,Yes,0,67,$68.20,$913.20,$0.00,$0.00,$0.00,$0.00,$68.20,0
5337-EUXOCW-N3Y,2,Female,79,19,16,Professional,Yes,Unmarried,1,"$28,000.00",8,0,Own,Domestic,"$8,300",27,Yes,Yes,AMEX,22,No,22,No,No,No,Yes,No,No,Yes,0,59,$36.80,$424.16,$0.00,$0.00,$0.00,$0.00,$36.80,0
5339-SIAYPS-VWA,4,Female,50,17,4,Professional,No,Married,4,"$90,000.00",2,0,Own,Foreign,"$28,700",32,No,No,Mast,25,No,21,Yes,Yes,No,Yes,Yes,No,No,0,56,$48.00,$555.92,$158.20,"$1,701.28",$155.75,"$2,002.98",$361.95,1
5340-UXMMIL-874,2,Female,68,16,17,Professional,No,Unmarried,1,"$121,000.00",0,1,Own,Foreign,"$66,900",21,No,No,Mast,32,Yes,16,No,No,No,No,Yes,Yes,Yes,0,60,$57.40,$720.16,$0.00,$0.00,$0.00,$0.00,$57.40,0
5341-FHGFBA-WNY,3,Female,41,16,3,Sales,No,Married,2,"$90,000.00",5,1,Own,Foreign,"$18,800",25,Yes,No,Mast,16,No,15,Yes,Yes,Yes,Yes,Yes,Yes,Yes,0,46,$26.00,$214.04,$136.00,"$1,172.60",$158.75,"$1,725.60",$320.75,1
5342-JMJMEK-CXQ,3,Female,65,13,12,Sales,Yes,Unmarried,1,"$28,000.00",3,0,Own,Domestic,"$7,100",22,Yes,No,Othe,38,No,28,Yes,No,No,Yes,No,No,Yes,0,69,$106.20,"$1,477.96",$124.80,"$1,638.12",$0.00,$0.00,$231.00,0
5345-HZTBJZ-TF5,5,Female,25,13,1,Sales,No,Married,6,"$50,000.00",7,0,Own,Domestic,"$14,300",30,Yes,No,Visa,6,Yes,27,No,No,No,No,No,No,No,0,22,$41.20,$164.08,$0.00,$0.00,$0.00,$0.00,$41.20,0
5345-QMZCTC-4G0,1,Male,74,12,45,Crafts,No,Married,2,"$323,000.00",3,1,Own,Domestic,"$87,700",22,No,Yes,Disc,40,No,17,No,No,No,Yes,Yes,No,Yes,0,72,$302.40,"$4,300.16",$0.00,$0.00,$0.00,$0.00,$302.40,1
5351-CLYUWC-N1M,5,Female,77,20,15,Professional,Yes,Unmarried,1,"$26,000.00",6,1,Lease,Domestic,"$6,100",19,No,Yes,Visa,12,Yes,14,No,No,No,No,Yes,No,No,0,35,$45.60,$280.52,$0.00,$0.00,$0.00,$0.00,$45.60,0
5354-PDWNBA-4YL,2,Male,31,18,2,Professional,No,Unmarried,2,"$50,000.00",6,0,Own,Foreign,"$12,300",16,No,Yes,Disc,10,Yes,20,Yes,Yes,Yes,Yes,Yes,Yes,No,1,21,$26.60,$103.32,$227.00,$920.16,$285.50,"$1,399.74",$539.10,1
5356-KWXALQ-5SC,4,Female,60,13,3,Sales,No,Married,2,"$62,000.00",0,1,Own,Foreign,"$16,200",33,Yes,No,Visa,31,No,14,No,No,No,No,No,No,Yes,0,62,$85.60,"$1,045.32",$0.00,$0.00,$0.00,$0.00,$85.60,0
5358-CUEXEP-PPC,1,Female,39,17,2,Sales,No,Unmarried,1,"$138,000.00",0,0,Own,Foreign,"$41,400",19,No,No,Mast,21,Yes,23,Yes,Yes,Yes,Yes,Yes,No,No,1,52,$42.20,$405.40,$185.20,"$1,886.32",$204.75,"$2,598.96",$432.15,1
5358-VDMBAJ-HFN,3,Female,34,16,8,Crafts,No,Unmarried,3,"$58,000.00",5,0,Own,Domestic,"$17,300",30,Yes,Yes,Disc,16,Yes,16,Yes,No,No,No,No,No,Yes,0,62,$116.60,"$1,434.28",$146.00,"$1,797.12",$0.00,$0.00,$262.60,0
5360-LQVBVP-MI1,5,Female,77,17,21,Professional,No,Unmarried,1,"$80,000.00",0,0,Own,Domestic,"$15,600",24,No,No,Visa,19,Yes,17,No,No,No,No,No,No,Yes,0,52,$78.00,$859.68,$0.00,$0.00,$0.00,$0.00,$78.00,0
5366-AINGNE-3ZS,3,Male,70,20,21,Agriculture,Yes,Unmarried,1,"$122,000.00",6,1,Own,Foreign,"$37,700",37,No,Yes,Mast,21,No,20,No,Yes,Yes,Yes,Yes,No,Yes,0,56,$48.00,$528.00,$0.00,$0.00,$194.50,"$2,467.92",$242.50,0
5367-GOJPVN-AOV,2,Female,78,11,11,Sales,Yes,Married,2,"$24,000.00",0,1,Own,Foreign,"$5,400",31,No,No,Othe,35,No,12,No,No,No,No,No,No,Yes,0,54,$76.00,$806.52,$0.00,$0.00,$0.00,$0.00,$76.00,0
5367-WCWHDS-HP3,1,Male,43,14,2,Sales,No,Unmarried,5,"$72,000.00",0,0,NoCar,N/A,$0,12,Yes,No,Visa,5,No,27,No,No,No,No,No,No,No,0,9,$15.80,$24.04,$0.00,$0.00,$0.00,$0.00,$15.80,0
5372-BWQLHU-L2G,3,Female,32,16,2,Professional,No,Married,5,"$48,000.00",8,1,NoCar,N/A,$0,24,Yes,No,Mast,3,No,22,No,Yes,Yes,Yes,Yes,Yes,No,0,13,$15.60,$37.84,$0.00,$0.00,$143.25,$427.02,$158.85,0
5375-FSAMMB-RZ8,1,Male,72,10,9,Sales,Yes,Married,2,"$30,000.00",0,1,Lease,Foreign,"$8,300",23,No,No,Visa,38,No,19,No,No,No,No,No,No,Yes,0,71,$129.60,"$1,871.04",$0.00,$0.00,$0.00,$0.00,$129.60,0
5379-EZKLUJ-ACJ,5,Female,42,13,6,Sales,No,Married,2,"$78,000.00",1,1,Own,Domestic,"$18,300",37,No,Yes,Othe,16,Yes,22,No,No,No,No,No,No,No,0,36,$44.00,$350.72,$0.00,$0.00,$0.00,$0.00,$44.00,0
5380-DOESXJ-FLH,4,Male,49,17,1,Sales,No,Married,3,"$94,000.00",4,1,Own,Domestic,"$23,300",22,Yes,Yes,Visa,17,No,15,No,Yes,No,No,Yes,No,No,0,28,$23.20,$148.56,$0.00,$0.00,$117.50,$758.64,$140.70,0
5382-ISEYFG-B07,4,Female,36,17,1,Sales,No,Unmarried,1,"$138,000.00",1,1,Own,Domestic,"$38,300",27,Yes,Yes,Disc,13,No,21,Yes,Yes,No,Yes,Yes,Yes,Yes,0,28,$40.80,$217.20,$181.00,$957.80,$236.25,"$1,621.38",$458.05,1
5382-VHEUWJ-8VH,3,Female,62,19,19,Service,No,Unmarried,1,"$123,000.00",10,0,Own,Domestic,"$95,600",23,Yes,Yes,Disc,28,No,18,Yes,Yes,No,Yes,Yes,No,Yes,0,49,$96.40,$930.52,$145.40,"$1,331.80",$179.00,"$2,145.60",$420.80,1
5384-UZYOGL-D12,3,Male,71,13,36,Labor,Yes,Married,2,"$50,000.00",0,1,Own,Foreign,"$10,600",31,No,Yes,Disc,39,No,20,No,No,No,Yes,Yes,No,Yes,0,72,$273.40,"$3,895.24",$0.00,$0.00,$0.00,$0.00,$273.40,0
5386-SATTOH-CQ0,1,Female,71,15,12,Sales,No,Married,2,"$118,000.00",0,1,Own,Foreign,"$30,400",32,No,Yes,AMEX,40,Yes,18,No,No,No,Yes,No,No,Yes,0,72,$204.20,"$2,927.04",$0.00,$0.00,$0.00,$0.00,$204.20,0
5390-QYNMKM-GIT,4,Female,24,15,1,Service,No,Married,5,"$38,000.00",6,0,Own,Domestic,"$10,300",31,Yes,Yes,Visa,1,Yes,16,Yes,No,Yes,No,No,Yes,No,0,3,$11.60,$5.20,$99.40,$38.28,$0.00,$0.00,$111.00,0
5392-FMQURA-29L,5,Female,29,14,2,Professional,No,Married,4,"$36,000.00",0,0,Own,Domestic,"$9,300",23,No,No,Visa,5,No,19,Yes,Yes,Yes,No,No,Yes,No,0,14,$32.40,$83.12,$119.00,$278.72,$110.00,$373.80,$261.40,0
5393-SYOAIL-N5S,1,Female,19,12,0,Professional,No,Unmarried,1,"$38,000.00",0,0,Own,Domestic,"$9,400",19,No,No,Mast,1,No,26,No,No,No,No,No,No,No,1,7,$17.80,$34.68,$0.00,$0.00,$0.00,$0.00,$17.80,0
5396-DVOVKZ-L9L,3,Male,34,15,4,Sales,No,Married,3,"$74,000.00",5,1,Own,Domestic,"$26,300",22,No,No,Visa,4,Yes,14,Yes,No,Yes,Yes,No,Yes,Yes,0,21,$35.00,$153.36,$120.20,$477.04,$0.00,$0.00,$155.20,0
5396-IYJCWH-7KY,1,Female,37,15,4,Professional,No,Unmarried,2,"$90,000.00",10,0,Own,Foreign,"$15,400",26,No,Yes,AMEX,1,No,26,No,No,No,Yes,No,No,No,1,4,$16.00,$15.88,$0.00,$0.00,$0.00,$0.00,$16.00,0
5398-ATLUNF-N55,2,Female,24,18,0,Professional,No,Unmarried,2,"$30,000.00",7,0,Own,Foreign,"$6,500",31,No,Yes,Disc,2,Yes,23,No,No,No,No,Yes,No,No,0,4,$23.40,$10.96,$0.00,$0.00,$0.00,$0.00,$23.40,0
5400-HITPYS-IVV,4,Male,53,15,23,Labor,No,Unmarried,1,"$166,000.00",5,1,Lease,Domestic,"$32,200",39,No,Yes,Othe,35,Yes,11,Yes,Yes,Yes,Yes,Yes,Yes,Yes,0,60,$82.20,$971.40,$175.60,"$2,074.60",$201.50,"$2,788.56",$459.30,1
5402-YITVWG-2WP,3,Female,46,19,7,Professional,No,Married,5,"$92,000.00",1,1,Own,Domestic,"$13,400",18,No,No,Visa,27,Yes,20,No,No,No,Yes,No,No,Yes,0,50,$34.40,$376.24,$0.00,$0.00,$0.00,$0.00,$34.40,0
5402-YTVDEJ-BTW,4,Male,18,11,1,Labor,No,Married,4,"$30,000.00",7,0,Own,Domestic,"$8,400",21,Yes,Yes,Disc,0,Yes,21,Yes,No,No,No,No,Yes,Yes,0,9,$13.40,$18.96,$104.60,$165.36,$0.00,$0.00,$118.00,0
5406-NWOZCV-QAA,3,Male,28,18,3,Service,No,Married,5,"$124,000.00",2,0,Own,Foreign,"$47,600",28,Yes,Yes,Disc,7,Yes,21,Yes,Yes,Yes,Yes,Yes,Yes,No,0,25,$16.40,$68.68,$197.80,"$1,004.12",$295.25,"$1,763.34",$509.45,1
5408-VNAADZ-C59,3,Male,20,15,0,Sales,No,Unmarried,1,"$62,000.00",3,1,Lease,Foreign,"$21,800",30,No,No,Disc,2,No,22,Yes,Yes,No,Yes,Yes,Yes,No,0,21,$22.80,$108.88,$130.60,$477.64,$109.75,$479.40,$263.15,0
5410-ZTFPDV-1XL,4,Female,24,16,1,Agriculture,No,Married,4,"$26,000.00",1,1,Lease,Domestic,"$4,300",22,No,No,Visa,6,Yes,19,No,No,No,No,Yes,No,Yes,0,31,$23.80,$137.16,$0.00,$0.00,$0.00,$0.00,$23.80,0
5414-HTZGSW-XYR,1,Female,28,17,3,Labor,No,Unmarried,1,"$40,000.00",3,0,Own,Domestic,"$8,900",20,Yes,Yes,Visa,5,No,15,Yes,No,No,No,No,Yes,No,0,19,$17.60,$67.00,$102.20,$332.16,$0.00,$0.00,$119.80,0
5427-GTPZNA-5IC,3,Male,60,11,19,Professional,No,Unmarried,1,"$104,000.00",9,0,Own,Domestic,"$22,700",32,Yes,Yes,AMEX,34,No,14,No,No,No,Yes,Yes,No,Yes,0,69,$107.00,"$1,511.76",$0.00,$0.00,$0.00,$0.00,$107.00,0
5427-TAIRTF-3XD,4,Male,23,18,0,Service,No,Married,5,"$26,000.00",1,1,Own,Domestic,"$9,200",29,No,No,Disc,5,No,19,No,No,No,No,Yes,Yes,Yes,0,22,$21.80,$89.92,$0.00,$0.00,$0.00,$0.00,$21.80,0
5431-XGWNHL-58U,5,Female,42,18,4,Sales,No,Married,4,"$126,000.00",2,1,Own,Foreign,"$36,200",17,No,No,Disc,19,No,14,Yes,Yes,No,No,Yes,Yes,Yes,0,42,$39.00,$299.20,$143.00,"$1,121.24",$170.75,"$1,807.26",$352.75,1
5435-FVAUQT-FCW,5,Female,22,17,0,Service,No,Married,4,"$46,000.00",4,1,Lease,Domestic,"$9,400",23,Yes,Yes,AMEX,5,Yes,15,No,No,No,No,No,No,No,0,21,$38.60,$127.04,$0.00,$0.00,$0.00,$0.00,$38.60,0
5442-PBQUSK-87D,5,Female,52,12,9,Sales,No,Married,2,"$132,000.00",1,1,Own,Domestic,"$27,500",35,Yes,Yes,Disc,34,No,17,Yes,No,No,No,Yes,Yes,Yes,0,62,$79.40,$970.04,$148.00,"$1,750.48",$0.00,$0.00,$227.40,0
5443-ZMHBXX-UIO,1,Female,29,12,5,Professional,No,Unmarried,3,"$50,000.00",11,1,Own,Domestic,"$11,500",28,Yes,Yes,AMEX,3,Yes,31,No,No,No,Yes,Yes,No,No,0,8,$18.80,$31.08,$0.00,$0.00,$0.00,$0.00,$18.80,0
5446-OKQURC-P1C,5,Male,38,16,3,Professional,No,Unmarried,1,"$48,000.00",5,0,Own,Domestic,"$17,800",26,No,No,Othe,14,Yes,15,No,No,No,No,No,No,Yes,0,23,$22.40,$112.12,$0.00,$0.00,$0.00,$0.00,$22.40,0
5447-EQJKTY-EY1,5,Male,26,12,1,Sales,No,Married,2,"$34,000.00",1,0,Own,Domestic,"$9,900",45,No,Yes,Disc,9,No,22,Yes,Yes,Yes,Yes,Yes,Yes,Yes,0,19,$27.40,$100.92,$188.80,$628.88,$181.00,$761.34,$397.20,1
5447-HHWIWJ-DQG,2,Female,48,19,10,Service,No,Married,2,"$130,000.00",2,1,NoCar,N/A,$0,18,Yes,Yes,AMEX,30,Yes,15,No,No,No,No,No,Yes,Yes,1,71,$203.00,"$2,810.04",$0.00,$0.00,$0.00,$0.00,$203.00,0
5449-PZVMRO-T9S,2,Female,69,18,33,Crafts,Yes,Married,2,"$146,000.00",2,0,Own,Domestic,"$42,900",27,No,Yes,AMEX,40,No,17,No,No,No,Yes,No,No,Yes,0,72,$560.80,"$8,201.88",$0.00,$0.00,$0.00,$0.00,$560.80,1
5452-XSCDBZ-XZE,3,Female,50,15,2,Sales,No,Married,2,"$138,000.00",0,1,Lease,Domestic,"$21,500",16,No,Yes,Disc,27,Yes,19,No,No,No,No,No,No,No,0,45,$76.00,$702.04,$0.00,$0.00,$0.00,$0.00,$76.00,0
5453-WEWTVZ-OZ6,4,Female,49,17,6,Sales,No,Married,4,"$62,000.00",0,1,Own,Domestic,"$16,800",25,Yes,No,AMEX,24,Yes,18,No,Yes,Yes,Yes,Yes,No,Yes,1,51,$27.00,$278.52,$0.00,$0.00,$248.25,"$2,914.80",$275.25,1
5454-ZOHFBJ-M9C,5,Male,37,17,10,Service,No,Unmarried,1,"$78,000.00",0,1,Own,Foreign,"$22,000",18,Yes,Yes,Disc,16,Yes,21,No,Yes,Yes,Yes,Yes,No,Yes,0,39,$67.60,$512.84,$0.00,$0.00,$187.50,"$1,692.60",$255.10,0
5461-DIKJSU-PKA,3,Male,41,11,10,Labor,No,Unmarried,1,"$116,000.00",0,0,Own,Domestic,"$29,000",31,No,Yes,Mast,6,No,22,No,Yes,Yes,Yes,Yes,No,No,0,17,$28.60,$112.16,$0.00,$0.00,$118.75,$432.18,$147.35,0
5462-YVMWHG-3KQ,1,Male,36,17,1,Sales,No,Married,3,"$46,000.00",0,1,Lease,Domestic,"$13,700",27,Yes,Yes,Visa,11,Yes,23,Yes,No,No,No,No,Yes,No,1,14,$24.40,$53.68,$122.20,$317.92,$0.00,$0.00,$146.60,0
5463-AWTLNK-F25,2,Male,47,16,5,Sales,No,Married,2,"$185,000.00",6,1,Own,Domestic,"$85,400",23,No,Yes,Mast,4,No,22,No,Yes,Yes,Yes,Yes,No,Yes,1,31,$26.60,$151.12,$0.00,$0.00,$263.25,"$1,843.08",$289.85,1
5464-GCECCU-MSL,3,Male,18,13,0,Professional,No,Unmarried,3,"$28,000.00",2,1,Own,Foreign,"$7,600",30,No,No,Visa,0,No,23,Yes,No,Yes,No,No,Yes,No,0,8,$19.00,$22.36,$124.60,$156.88,$0.00,$0.00,$143.60,0
5465-RCVVOV-5OE,2,Male,76,22,9,Sales,Yes,Married,2,"$18,000.00",12,0,Lease,Foreign,"$3,200",23,No,No,Disc,31,No,0,Yes,Yes,Yes,No,No,Yes,Yes,0,64,$98.20,"$1,311.00",$133.40,"$1,750.76",$139.00,"$1,991.34",$370.60,1
5468-WESAXW-0QR,2,Female,58,18,0,Sales,No,Unmarried,1,"$145,000.00",0,1,Own,Foreign,"$53,700",21,Yes,No,Visa,5,No,15,Yes,No,Yes,No,Yes,Yes,No,0,10,$14.00,$17.76,$159.40,$274.00,$0.00,$0.00,$173.40,0
5469-SJIFZY-GHZ,3,Male,27,16,0,Sales,No,Unmarried,1,"$58,000.00",0,1,Own,Domestic,"$12,800",31,Yes,Yes,Disc,3,Yes,11,No,No,No,No,No,No,No,1,7,$14.20,$15.20,$0.00,$0.00,$0.00,$0.00,$14.20,0
5471-GBNZIE-DXZ,3,Male,65,13,30,Labor,No,Married,2,"$142,000.00",1,1,Own,Foreign,"$70,400",22,No,No,Visa,24,Yes,22,No,No,No,No,No,Yes,No,0,51,$52.60,$516.88,$0.00,$0.00,$0.00,$0.00,$52.60,0
5472-GUGMBS-ZVK,3,Female,21,12,1,Service,No,Married,2,"$44,000.00",0,1,Own,Domestic,"$11,500",29,No,Yes,Othe,3,Yes,17,No,No,No,No,No,No,No,0,6,$18.20,$21.08,$0.00,$0.00,$0.00,$0.00,$18.20,0
5478-HEYPEE-IYU,2,Male,61,13,16,Service,No,Unmarried,1,"$104,000.00",2,1,Own,Foreign,"$33,100",28,No,No,Visa,27,No,15,No,No,No,Yes,Yes,No,No,1,43,$41.60,$352.84,$0.00,$0.00,$0.00,$0.00,$41.60,0
5483-UPUYLE-9GI,1,Male,56,16,23,Crafts,No,Married,4,"$170,000.00",7,1,Own,Domestic,"$79,400",31,Yes,Yes,Disc,11,Yes,21,No,Yes,Yes,Yes,Yes,Yes,No,1,24,$83.00,$346.28,$0.00,$0.00,$167.75,$923.94,$250.75,0
5485-OAPJJG-DEJ,3,Female,22,17,0,Sales,No,Unmarried,1,"$58,000.00",0,1,Own,Foreign,"$18,000",26,Yes,No,AMEX,4,Yes,21,No,No,No,Yes,No,No,Yes,0,37,$31.40,$236.16,$0.00,$0.00,$0.00,$0.00,$31.40,0
5486-MVLAXH-P6G,3,Female,52,14,12,Sales,No,Married,4,"$134,000.00",2,0,Own,Domestic,"$42,100",31,Yes,Yes,AMEX,22,No,36,No,No,No,No,No,No,Yes,0,50,$39.00,$366.76,$0.00,$0.00,$0.00,$0.00,$39.00,0
5489-JDEHRQ-314,2,Male,62,10,25,Service,No,Married,2,"$168,000.00",3,1,Own,Foreign,"$39,000",27,No,Yes,Disc,40,No,21,No,No,No,No,No,No,Yes,0,72,$252.00,"$3,531.76",$0.00,$0.00,$0.00,$0.00,$252.00,0
5489-URHYKZ-4NO,5,Female,44,12,9,Agriculture,No,Married,3,"$76,000.00",8,0,Own,Foreign,"$19,700",29,No,Yes,AMEX,25,No,13,No,No,No,Yes,Yes,No,Yes,0,58,$43.00,$480.84,$0.00,$0.00,$0.00,$0.00,$43.00,0
5491-LGPCCS-9AV,5,Male,42,12,2,Sales,No,Unmarried,1,"$58,000.00",6,0,NoCar,N/A,$0,29,No,No,Mast,13,Yes,17,No,No,No,No,No,Yes,Yes,0,31,$22.40,$148.24,$0.00,$0.00,$0.00,$0.00,$22.40,0
5494-KGDGKI-6X1,5,Male,34,16,10,Labor,No,Unmarried,2,"$132,000.00",0,1,Own,Domestic,"$57,300",30,Yes,No,Mast,16,No,16,Yes,No,Yes,No,No,No,Yes,0,52,$47.40,$465.32,$140.20,"$1,428.08",$0.00,$0.00,$187.60,0
5495-WRHBTY-Z1I,3,Female,54,9,22,Crafts,No,Unmarried,1,"$182,000.00",1,1,Own,Foreign,"$54,400",36,No,Yes,Mast,25,No,27,No,No,No,No,Yes,No,No,1,41,$49.60,$352.68,$0.00,$0.00,$0.00,$0.00,$49.60,0
5495-XNMJLP-GBP,4,Male,66,16,21,Professional,Yes,Married,2,"$192,000.00",0,1,Own,Foreign,"$44,100",31,No,Yes,Visa,38,No,22,No,No,Yes,Yes,Yes,No,Yes,0,70,$98.20,"$1,486.60",$0.00,$0.00,$0.00,$0.00,$98.20,0
5497-GGHDKQ-WYP,4,Male,43,17,6,Sales,No,Unmarried,7,"$94,000.00",4,1,Own,Domestic,"$23,100",26,No,Yes,Disc,10,No,20,No,Yes,Yes,Yes,Yes,No,No,0,24,$38.40,$166.72,$0.00,$0.00,$239.00,"$1,340.58",$277.40,1
5497-ZKVJGH-Q79,1,Female,25,16,0,Sales,No,Unmarried,1,"$76,000.00",0,1,Own,Domestic,"$13,000",14,Yes,No,Disc,3,Yes,15,Yes,Yes,Yes,Yes,Yes,Yes,No,0,11,$12.40,$39.28,$161.20,$353.96,$150.25,$328.68,$323.85,1
5500-UWXWAH-7JA,4,Female,67,11,3,Sales,Yes,Unmarried,1,"$22,000.00",10,0,Own,Foreign,"$5,000",25,Yes,No,Visa,2,Yes,0,No,No,No,No,No,No,No,0,5,$9.80,$16.44,$0.00,$0.00,$0.00,$0.00,$9.80,0
5501-FTYRRQ-ZIU,2,Female,31,19,0,Sales,No,Married,4,"$50,000.00",2,1,Own,Foreign,"$19,000",22,Yes,Yes,Disc,5,Yes,21,Yes,No,Yes,Yes,No,Yes,No,0,18,$16.60,$70.04,$132.40,$447.24,$0.00,$0.00,$149.00,0
5503-ESRRSB-70Q,5,Male,39,18,3,Sales,No,Unmarried,3,"$170,000.00",1,1,Own,Domestic,"$38,200",25,No,No,AMEX,1,No,19,Yes,Yes,Yes,Yes,Yes,Yes,No,1,1,$16.80,$3.36,$128.60,$25.72,$113.00,$27.12,$258.40,0
5504-BLDWOO-GFH,1,Female,29,16,3,Service,No,Married,4,"$92,000.00",2,0,Own,Foreign,"$28,500",21,No,Yes,AMEX,5,No,28,Yes,Yes,Yes,Yes,Yes,Yes,No,1,20,$26.20,$98.92,$171.80,$703.72,$208.75,$913.38,$406.75,1
5505-CSHNID-HX7,1,Female,60,12,9,Sales,No,Married,2,"$104,000.00",4,1,Own,Domestic,"$24,400",22,No,No,Visa,16,Yes,14,No,No,No,No,No,No,Yes,1,33,$20.00,$150.12,$0.00,$0.00,$0.00,$0.00,$20.00,0
5507-EJEVSW-2QX,1,Male,67,18,21,Labor,No,Married,2,"$110,000.00",4,1,Own,Foreign,"$79,400",26,No,Yes,Visa,37,No,23,No,No,No,Yes,Yes,No,Yes,0,70,$96.80,"$1,285.32",$0.00,$0.00,$0.00,$0.00,$96.80,0
5514-VQRIBQ-67J,3,Female,40,19,5,Crafts,No,Unmarried,1,"$50,000.00",5,0,Own,Foreign,"$10,300",27,Yes,No,Disc,23,Yes,18,No,Yes,Yes,Yes,Yes,Yes,No,0,48,$38.00,$357.88,$0.00,$0.00,$172.00,"$1,858.92",$210.00,0
5516-LPBDAU-154,1,Male,75,19,11,Sales,Yes,Unmarried,1,"$24,000.00",0,1,Lease,Foreign,"$4,500",12,No,Yes,Disc,22,No,21,Yes,Yes,No,No,Yes,Yes,Yes,0,32,$42.60,$259.88,$153.00,"$1,013.36",$101.75,$758.82,$297.35,1
5516-UBUEHQ-O7B,3,Male,63,10,10,Sales,No,Married,2,"$154,000.00",5,1,Own,Domestic,"$40,300",23,Yes,Yes,Mast,35,Yes,20,Yes,No,No,No,No,No,Yes,0,65,$108.20,"$1,427.04",$101.60,"$1,363.24",$0.00,$0.00,$209.80,0
5520-FWQJTG-3CN,4,Male,23,14,2,Service,No,Married,4,"$122,000.00",1,1,Own,Foreign,"$22,000",42,Yes,Yes,Disc,5,Yes,14,No,No,Yes,Yes,Yes,No,No,0,8,$31.40,$47.04,$0.00,$0.00,$0.00,$0.00,$31.40,0
5523-BSOVSA-AOW,4,Male,20,13,0,Professional,No,Unmarried,5,"$36,000.00",2,0,Own,Foreign,"$7,000",32,No,No,AMEX,2,Yes,15,No,Yes,Yes,Yes,Yes,No,No,0,16,$19.60,$63.16,$0.00,$0.00,$171.50,$603.42,$191.10,0
5525-ZLNYDQ-KWB,5,Female,41,17,3,Sales,No,Married,2,"$48,000.00",2,1,NoCar,N/A,$0,16,No,Yes,Visa,23,No,17,Yes,Yes,Yes,No,Yes,No,Yes,1,65,$52.00,$688.32,$180.20,"$2,334.08",$241.50,"$3,720.42",$473.70,1
5526-IVQCPP-ASK,1,Male,31,14,7,Crafts,No,Unmarried,1,"$60,000.00",0,1,Own,Foreign,"$15,300",36,Yes,Yes,Visa,12,Yes,25,No,No,No,No,Yes,No,No,0,37,$32.40,$262.56,$0.00,$0.00,$0.00,$0.00,$32.40,0
5527-BIERFB-V0N,4,Male,56,15,15,Service,No,Unmarried,1,"$102,000.00",1,1,Own,Foreign,"$37,700",23,No,Yes,Mast,38,No,18,Yes,No,No,No,No,Yes,Yes,1,72,$128.40,"$1,962.48",$125.40,"$1,790.68",$0.00,$0.00,$253.80,0
5534-ERJQNY-GGA,5,Female,44,17,4,Professional,No,Married,2,"$176,000.00",0,1,Own,Domestic,"$40,200",23,No,No,Visa,4,No,17,Yes,No,Yes,No,Yes,No,No,1,5,$32.80,$39.76,$116.20,$80.36,$0.00,$0.00,$149.00,0
5534-HASUJQ-Q8D,1,Female,29,16,3,Crafts,No,Unmarried,2,"$118,000.00",1,0,Own,Domestic,"$29,700",31,No,No,Mast,11,No,19,Yes,No,No,Yes,No,Yes,Yes,0,47,$43.40,$399.08,$155.60,"$1,500.84",$0.00,$0.00,$199.00,0
5536-WZBPSX-F6M,2,Male,72,14,18,Service,No,Married,2,"$92,000.00",1,1,NoCar,N/A,$0,35,Yes,Yes,AMEX,29,No,21,No,No,No,Yes,Yes,No,Yes,0,58,$64.00,$686.88,$0.00,$0.00,$0.00,$0.00,$64.00,0
5538-DRGHIE-PF0,1,Male,28,11,1,Sales,No,Married,6,"$34,000.00",1,0,Own,Domestic,"$8,200",23,Yes,Yes,Mast,7,Yes,30,No,No,No,No,No,No,No,1,16,$31.40,$93.04,$0.00,$0.00,$0.00,$0.00,$31.40,0
5538-MQIWAV-SZJ,2,Female,42,17,12,Service,No,Unmarried,2,"$202,000.00",1,1,Own,Foreign,"$81,200",27,No,Yes,Disc,6,Yes,23,Yes,Yes,Yes,No,Yes,Yes,No,0,9,$16.20,$39.92,$164.80,$237.64,$233.25,$513.66,$414.25,1
5540-HQXVZL-NKU,4,Male,55,17,21,Service,No,Unmarried,1,"$181,000.00",5,0,Own,Foreign,"$94,600",22,Yes,Yes,Disc,13,No,15,No,No,No,Yes,Yes,No,No,1,33,$64.00,$457.84,$0.00,$0.00,$0.00,$0.00,$64.00,0
5543-QPYPZM-X87,1,Male,24,12,1,Sales,No,Unmarried,2,"$38,000.00",1,1,Own,Foreign,"$10,400",30,No,Yes,AMEX,4,No,24,Yes,No,No,No,No,Yes,No,0,11,$30.80,$66.04,$101.60,$215.56,$0.00,$0.00,$132.40,0
5547-KHAYAE-2AW,2,Female,74,11,39,Service,Yes,Unmarried,1,"$32,000.00",7,0,Lease,Foreign,"$7,100",30,Yes,No,Visa,40,No,24,No,No,No,No,No,No,Yes,0,72,$224.60,"$3,189.68",$0.00,$0.00,$0.00,$0.00,$224.60,0
5549-BMXRWY-0CZ,3,Female,75,10,30,Professional,No,Unmarried,1,"$107,000.00",2,0,Own,Domestic,"$51,700",31,No,Yes,Visa,36,No,19,No,No,No,No,Yes,No,Yes,0,68,$153.80,"$1,976.84",$0.00,$0.00,$0.00,$0.00,$153.80,0
5550-RHCYLI-I46,1,Male,36,18,1,Sales,No,Unmarried,1,"$94,000.00",2,0,Lease,Domestic,"$28,700",24,No,Yes,Visa,1,No,12,Yes,Yes,Yes,No,No,Yes,No,0,1,$9.00,$1.80,$126.20,$25.24,$91.00,$21.84,$226.20,0
5551-ZSLECX-2BS,5,Female,76,13,12,Professional,No,Unmarried,1,"$62,000.00",1,0,Own,Foreign,"$16,200",21,No,Yes,Mast,40,No,22,No,No,No,No,No,No,Yes,0,71,$107.80,"$1,473.84",$0.00,$0.00,$0.00,$0.00,$107.80,0
5554-NCBAIT-OK4,2,Male,56,17,12,Service,No,Married,5,"$143,000.00",0,1,Own,Domestic,"$77,400",14,No,Yes,Disc,34,No,11,No,Yes,Yes,Yes,No,Yes,Yes,1,69,$300.80,"$4,315.60",$0.00,$0.00,$220.75,"$3,555.78",$521.55,1
5561-RICGZN-AJ6,5,Male,75,13,10,Sales,Yes,Married,2,"$28,000.00",4,1,Lease,Domestic,"$6,600",27,No,No,Visa,27,No,21,No,No,No,Yes,Yes,No,Yes,0,60,$66.60,$775.08,$0.00,$0.00,$0.00,$0.00,$66.60,0
5565-CAGENH-J1W,3,Female,44,9,3,Sales,No,Married,2,"$98,000.00",5,0,Lease,Domestic,"$21,200",24,No,Yes,Visa,26,Yes,15,No,No,No,Yes,Yes,No,No,0,69,$65.80,$906.68,$0.00,$0.00,$0.00,$0.00,$65.80,0
5566-IJVRXG-16H,3,Male,34,16,7,Labor,No,Unmarried,3,"$98,000.00",3,1,Own,Foreign,"$32,400",27,No,No,Disc,16,Yes,21,Yes,No,No,No,No,Yes,No,0,41,$46.00,$350.56,$138.80,"$1,205.04",$0.00,$0.00,$184.80,0
5568-GRGMYX-QD3,5,Female,52,14,10,Service,No,Married,5,"$86,000.00",4,1,Own,Domestic,"$24,500",35,Yes,No,Disc,34,Yes,18,No,No,No,Yes,No,No,Yes,0,70,$199.20,"$2,864.96",$0.00,$0.00,$0.00,$0.00,$199.20,0
5569-YTISZR-M2O,2,Female,31,12,1,Sales,No,Unmarried,1,"$122,000.00",1,0,Own,Foreign,"$30,300",26,No,Yes,Visa,6,Yes,20,No,No,No,Yes,No,No,No,0,26,$33.00,$163.60,$0.00,$0.00,$0.00,$0.00,$33.00,0
5570-UBZQVB-V31,4,Female,71,16,39,Crafts,No,Unmarried,1,"$209,000.00",1,0,Own,Foreign,"$89,700",34,No,No,Mast,39,No,22,Yes,Yes,Yes,Yes,Yes,Yes,Yes,0,72,$159.80,"$2,232.88",$260.40,"$3,770.80",$332.50,"$5,541.66",$752.70,1
5571-TPATNX-85Y,1,Female,58,11,11,Sales,No,Unmarried,1,"$96,000.00",4,1,Own,Domestic,"$15,900",21,Yes,Yes,Mast,14,No,18,No,Yes,Yes,Yes,Yes,No,No,0,31,$13.80,$93.08,$0.00,$0.00,$233.00,"$1,742.52",$246.80,0
5572-AVPLBI-UQ8,3,Female,71,14,4,Sales,Yes,Unmarried,1,"$18,000.00",3,0,NoCar,N/A,$0,19,Yes,Yes,Mast,22,No,0,No,No,No,No,No,No,No,0,59,$49.40,$549.08,$0.00,$0.00,$0.00,$0.00,$49.40,0
5573-QELPWK-DG2,3,Female,56,14,7,Sales,No,Married,2,"$198,000.00",0,1,Own,Foreign,"$52,700",17,No,Yes,Disc,1,No,14,No,No,No,No,No,No,No,0,1,$16.00,$3.20,$0.00,$0.00,$0.00,$0.00,$16.00,0
5575-LQITGQ-Q8M,2,Male,60,13,29,Agriculture,Yes,Married,2,"$76,000.00",2,0,Lease,Foreign,"$15,800",24,Yes,Yes,Visa,26,No,20,No,No,No,No,No,No,No,0,54,$53.00,$579.84,$0.00,$0.00,$0.00,$0.00,$53.00,0
5575-OHSPKK-PQT,3,Male,44,14,18,Service,No,Unmarried,4,"$154,000.00",0,0,Own,Domestic,"$86,400",22,No,Yes,Disc,10,No,19,No,Yes,No,Yes,Yes,No,No,0,25,$18.80,$90.08,$0.00,$0.00,$110.50,$618.96,$129.30,0
5578-LPGUVE-NUC,2,Female,24,19,0,Professional,No,Married,3,"$60,000.00",0,1,Own,Foreign,"$16,700",22,No,Yes,Disc,6,Yes,22,Yes,No,No,No,No,Yes,No,0,17,$17.60,$50.20,$138.00,$390.16,$0.00,$0.00,$155.60,0
5581-COVBAE-ZNK,5,Male,36,18,1,Sales,No,Married,5,"$98,000.00",5,0,Own,Domestic,"$26,200",35,Yes,No,Mast,18,Yes,10,Yes,No,Yes,No,No,Yes,No,0,56,$85.00,$950.32,$145.00,"$1,611.20",$0.00,$0.00,$230.00,0
5585-FNATYG-PGX,2,Male,47,13,11,Professional,No,Married,2,"$106,000.00",0,0,Own,Foreign,"$28,300",22,No,No,Mast,22,Yes,29,No,No,No,Yes,Yes,No,Yes,0,55,$53.60,$616.00,$0.00,$0.00,$0.00,$0.00,$53.60,0
5590-QCTOSS-I2E,1,Male,24,17,0,Crafts,No,Unmarried,1,"$36,000.00",4,1,NoCar,N/A,$0,27,No,Yes,AMEX,4,No,24,Yes,No,No,No,No,Yes,No,1,11,$19.80,$42.64,$88.20,$175.84,$0.00,$0.00,$108.00,0
5593-ZOVUTO-QGA,3,Female,65,17,7,Professional,No,Unmarried,1,"$56,000.00",1,1,Lease,Foreign,"$16,300",22,No,No,Visa,39,Yes,16,No,No,Yes,No,No,No,Yes,0,72,$124.00,"$1,757.64",$0.00,$0.00,$0.00,$0.00,$124.00,0
5599-BCQQRG-DPB,1,Male,29,17,3,Service,No,Married,4,"$26,000.00",0,1,Lease,Foreign,"$5,100",22,No,No,Visa,11,Yes,19,No,No,No,No,No,No,No,0,55,$32.40,$370.04,$0.00,$0.00,$0.00,$0.00,$32.40,0
5599-DUCEPK-HXP,4,Female,77,15,27,Professional,No,Married,2,"$108,000.00",7,1,Own,Domestic,"$51,700",37,Yes,No,Disc,39,Yes,21,No,No,No,No,No,No,Yes,0,72,$218.20,"$3,075.48",$0.00,$0.00,$0.00,$0.00,$218.20,0
5599-QKGOXE-H91,1,Male,18,13,0,Sales,No,Unmarried,2,"$34,000.00",0,0,Own,Domestic,"$8,100",27,No,No,Mast,0,No,25,No,No,No,Yes,No,No,No,0,12,$19.00,$43.36,$0.00,$0.00,$0.00,$0.00,$19.00,0
5602-YCSALJ-QJZ,1,Female,19,14,0,Professional,No,Unmarried,1,"$32,000.00",8,0,Own,Foreign,"$8,600",20,Yes,Yes,Visa,1,Yes,18,Yes,No,No,No,No,Yes,No,0,20,$81.00,$301.76,$130.80,$529.08,$0.00,$0.00,$211.80,0
5604-ONEEFM-03I,4,Male,46,9,2,Sales,No,Married,3,"$46,000.00",4,0,Own,Foreign,"$17,000",30,No,Yes,AMEX,13,Yes,26,No,No,No,Yes,No,No,Yes,1,20,$42.40,$164.80,$0.00,$0.00,$0.00,$0.00,$42.40,0
5606-TKRKFE-DMZ,1,Female,52,17,5,Professional,No,Unmarried,1,"$116,000.00",9,1,Own,Foreign,"$74,900",21,No,Yes,AMEX,32,No,15,Yes,No,No,Yes,Yes,Yes,Yes,0,64,$27.20,$333.48,$181.00,"$2,334.76",$0.00,$0.00,$208.20,0
5608-DVLMSV-KD0,5,Male,46,12,4,Sales,No,Married,2,"$74,000.00",4,1,Own,Domestic,"$13,400",25,No,Yes,Visa,13,No,20,No,No,No,Yes,No,No,No,1,33,$42.00,$273.52,$0.00,$0.00,$0.00,$0.00,$42.00,0
5610-LAHIQK-7Q0,1,Male,21,16,0,Crafts,No,Unmarried,1,"$42,000.00",9,0,Own,Foreign,"$9,100",18,No,Yes,Visa,3,Yes,22,No,No,No,No,Yes,No,Yes,0,37,$34.60,$238.08,$0.00,$0.00,$0.00,$0.00,$34.60,0
5615-OUFXJT-96Q,2,Female,67,8,11,Professional,No,Unmarried,1,"$60,000.00",0,0,Lease,Foreign,"$19,500",23,No,Yes,Mast,9,Yes,23,No,No,No,Yes,Yes,No,No,1,35,$31.40,$187.32,$0.00,$0.00,$0.00,$0.00,$31.40,0
5616-QVURZC-BJ4,5,Female,52,13,20,Professional,No,Married,4,"$248,000.00",2,1,Own,Foreign,"$83,300",22,Yes,No,Disc,34,Yes,12,No,No,No,Yes,Yes,No,Yes,0,72,$322.40,"$4,546.44",$0.00,$0.00,$0.00,$0.00,$322.40,1
5616-SJFXAP-LCO,1,Female,37,12,8,Labor,No,Unmarried,1,"$80,000.00",6,1,Own,Foreign,"$22,900",14,Yes,Yes,Visa,19,No,26,No,No,No,Yes,No,No,Yes,0,70,$91.60,"$1,318.52",$0.00,$0.00,$0.00,$0.00,$91.60,0
5618-IDNTAP-YDC,5,Female,25,11,0,Sales,No,Married,3,"$30,000.00",4,0,Own,Domestic,"$7,000",31,No,No,AMEX,7,Yes,20,No,No,No,Yes,No,No,No,0,50,$31.60,$279.04,$0.00,$0.00,$0.00,$0.00,$31.60,0
5620-QUYLOY-IFH,5,Male,51,19,5,Professional,No,Unmarried,1,"$124,000.00",3,1,Own,Domestic,"$31,100",36,No,Yes,AMEX,18,No,15,Yes,Yes,No,No,No,Yes,No,0,26,$35.80,$164.16,$148.20,$769.08,$139.50,$835.02,$323.50,1
5621-QSZPSF-NF2,4,Female,59,19,8,Professional,No,Unmarried,1,"$94,000.00",7,0,Own,Domestic,"$28,000",17,No,Yes,Disc,16,No,26,Yes,No,No,No,Yes,Yes,No,1,50,$34.20,$357.24,$124.80,"$1,254.68",$0.00,$0.00,$159.00,0
5622-IVRSCE-OF8,3,Female,57,19,0,Sales,No,Married,2,"$52,000.00",0,1,Own,Domestic,"$16,000",21,Yes,No,Disc,17,No,26,Yes,Yes,Yes,No,Yes,Yes,Yes,0,38,$30.80,$241.28,$123.80,$951.88,$125.00,"$1,087.08",$279.60,1
5622-MJXUZI-PZ7,2,Male,27,21,0,Service,No,Married,2,"$46,000.00",5,0,Own,Domestic,"$12,500",33,Yes,Yes,Disc,9,Yes,17,Yes,Yes,Yes,Yes,Yes,No,No,1,36,$34.00,$237.32,$173.00,"$1,221.52",$194.50,"$1,591.26",$401.50,1
5624-MVOTMD-3ZK,4,Male,35,20,8,Crafts,No,Unmarried,1,"$146,000.00",11,1,Own,Foreign,"$32,900",39,No,No,Mast,2,Yes,14,No,No,No,No,No,No,No,0,2,$15.00,$6.04,$0.00,$0.00,$0.00,$0.00,$15.00,0
5626-EIVGBF-YTK,2,Female,50,10,8,Professional,No,Unmarried,2,"$58,000.00",7,0,Own,Foreign,"$15,500",20,Yes,Yes,Mast,9,Yes,18,No,No,No,Yes,Yes,No,Yes,0,30,$20.60,$134.84,$0.00,$0.00,$0.00,$0.00,$20.60,0
5631-UIAMMM-8EN,3,Male,27,20,1,Labor,No,Unmarried,1,"$38,000.00",1,0,Own,Domestic,"$9,300",20,Yes,Yes,Visa,4,Yes,24,Yes,Yes,Yes,No,No,Yes,No,0,10,$18.40,$50.92,$141.00,$277.12,$121.25,$262.80,$280.65,1
5634-ILCZWC-WLW,2,Female,75,11,7,Sales,Yes,Unmarried,1,"$28,000.00",1,1,Lease,Domestic,"$5,300",25,No,Yes,Visa,18,Yes,19,No,No,No,No,No,No,Yes,0,37,$71.00,$489.12,$0.00,$0.00,$0.00,$0.00,$71.00,0
5634-ISKLHN-QQY,5,Male,68,19,11,Professional,No,Unmarried,1,"$108,000.00",4,1,Own,Domestic,"$39,600",29,Yes,Yes,Mast,11,Yes,18,Yes,Yes,Yes,Yes,Yes,Yes,No,0,32,$34.40,$218.44,$274.40,"$1,727.96",$431.50,"$3,176.70",$740.30,1
5635-KWELCP-JW9,3,Female,34,15,7,Crafts,No,Unmarried,2,"$48,000.00",1,1,Own,Foreign,"$9,000",30,Yes,No,Mast,16,No,20,No,Yes,No,No,No,Yes,Yes,0,53,$102.20,"$1,092.04",$0.00,$0.00,$143.50,"$1,832.76",$245.70,0
5636-ABJDFZ-T9S,1,Female,53,9,7,Professional,No,Unmarried,1,"$48,000.00",0,0,Own,Domestic,"$10,700",19,Yes,Yes,Visa,16,No,15,No,No,No,Yes,Yes,No,No,0,36,$40.80,$287.04,$0.00,$0.00,$0.00,$0.00,$40.80,0
5636-UJZIJB-AU6,2,Male,36,16,3,Sales,No,Married,2,"$76,000.00",0,0,Lease,Foreign,"$25,000",24,Yes,No,Disc,2,Yes,24,No,No,No,No,No,No,No,1,4,$25.80,$29.28,$0.00,$0.00,$0.00,$0.00,$25.80,0
5637-LPBUOO-JAH,1,Male,76,13,13,Sales,Yes,Unmarried,1,"$46,000.00",5,1,Own,Domestic,"$10,400",34,No,No,Disc,38,No,24,No,No,No,Yes,Yes,No,Yes,1,72,$184.40,"$2,646.16",$0.00,$0.00,$0.00,$0.00,$184.40,0
5637-ZCIGKO-3IN,5,Female,75,17,11,Sales,Yes,Unmarried,1,"$60,000.00",1,1,Own,Domestic,"$14,500",24,Yes,No,Disc,14,No,28,No,No,No,No,No,No,No,0,36,$28.60,$210.48,$0.00,$0.00,$0.00,$0.00,$28.60,0
5639-SXVHJD-Z1M,5,Male,24,16,1,Service,No,Unmarried,1,"$48,000.00",1,1,Own,Foreign,"$11,300",21,No,No,Othe,4,No,15,Yes,No,Yes,Yes,Yes,No,Yes,0,8,$18.80,$25.20,$138.00,$206.76,$0.00,$0.00,$156.80,0
5640-IMRESH-RVW,2,Female,75,8,42,Labor,Yes,Unmarried,1,"$104,000.00",0,0,Own,Domestic,"$25,400",27,No,Yes,Visa,33,Yes,23,No,No,No,Yes,Yes,No,No,0,69,$56.20,$778.64,$0.00,$0.00,$0.00,$0.00,$56.20,0
5641-KBKLPR-VXN,2,Female,57,12,17,Agriculture,No,Married,2,"$112,000.00",0,1,NoCar,N/A,$0,26,No,Yes,Disc,10,Yes,17,No,No,No,No,No,No,No,1,31,$43.40,$265.56,$0.00,$0.00,$0.00,$0.00,$43.40,0
5641-QCKGRL-8EA,1,Male,78,17,14,Professional,Yes,Married,2,"$30,000.00",5,1,Lease,Foreign,"$9,200",21,No,Yes,Mast,37,No,24,Yes,No,No,No,No,Yes,Yes,0,71,$184.60,"$2,687.08",$121.20,"$1,652.92",$0.00,$0.00,$305.80,1
5641-RWPHPT-ZJX,5,Female,21,16,0,Labor,No,Unmarried,3,"$32,000.00",1,1,Own,Domestic,"$7,600",34,Yes,No,Mast,3,Yes,18,Yes,Yes,Yes,Yes,Yes,Yes,No,0,4,$11.40,$14.12,$162.00,$68.76,$138.50,$119.16,$311.90,1
5642-MQLRCM-B3N,5,Female,19,14,0,Sales,No,Married,4,"$32,000.00",0,1,Own,Foreign,"$7,600",34,No,No,AMEX,2,Yes,24,Yes,Yes,Yes,Yes,Yes,Yes,No,0,3,$12.80,$11.08,$138.20,$60.60,$144.50,$62.22,$295.50,1
5645-BCARMI-G7Z,3,Male,66,16,18,Labor,Yes,Unmarried,1,"$24,000.00",11,0,Lease,Foreign,"$5,800",31,No,Yes,Visa,17,No,25,No,No,Yes,Yes,Yes,No,Yes,0,25,$35.20,$173.76,$0.00,$0.00,$0.00,$0.00,$35.20,0
5645-HXJQGX-G5C,1,Female,21,15,0,Sales,No,Unmarried,3,"$48,000.00",2,1,Own,Domestic,"$13,900",27,Yes,Yes,Visa,3,No,15,No,No,No,No,Yes,No,No,0,4,$14.20,$12.04,$0.00,$0.00,$0.00,$0.00,$14.20,0
5646-BOZIOF-3B6,5,Male,30,21,0,Sales,No,Unmarried,1,"$50,000.00",6,1,Own,Domestic,"$12,200",43,No,Yes,Mast,9,No,16,Yes,Yes,Yes,Yes,Yes,Yes,No,0,26,$20.60,$116.88,$221.00,"$1,049.56",$445.25,"$2,758.68",$686.85,1
5647-SWFORN-UGC,1,Male,39,19,6,Professional,No,Unmarried,1,"$74,000.00",3,0,Own,Domestic,"$13,500",24,No,Yes,AMEX,10,No,19,Yes,Yes,Yes,Yes,Yes,Yes,Yes,0,25,$31.80,$149.04,$169.60,$812.28,$158.75,$912.00,$360.15,1
5649-GIECLS-1ZJ,1,Male,68,13,10,Sales,Yes,Unmarried,1,"$22,000.00",2,1,Own,Foreign,"$4,900",17,No,No,AMEX,10,Yes,25,No,No,No,No,No,No,No,0,23,$57.80,$272.36,$0.00,$0.00,$0.00,$0.00,$57.80,0
5654-CEAWAX-1ZC,4,Male,44,10,8,Professional,No,Married,2,"$62,000.00",3,1,Own,Foreign,"$20,300",25,Yes,Yes,Mast,16,Yes,18,No,No,No,Yes,No,No,Yes,0,29,$25.80,$161.24,$0.00,$0.00,$0.00,$0.00,$25.80,0
5656-JXTEOC-M22,1,Female,23,14,0,Sales,No,Unmarried,1,"$42,000.00",2,1,Own,Foreign,"$10,500",24,No,No,Visa,1,Yes,25,Yes,Yes,Yes,Yes,Yes,Yes,No,0,5,$16.60,$18.16,$134.80,$104.60,$142.25,$105.84,$293.65,1
5656-ZNMXTE-KZR,3,Male,34,16,8,Crafts,No,Unmarried,1,"$46,000.00",4,0,Own,Foreign,"$7,300",21,Yes,No,Visa,5,Yes,20,No,No,No,Yes,Yes,No,No,0,8,$16.20,$25.56,$0.00,$0.00,$0.00,$0.00,$16.20,0
5657-GLVSOB-7JR,1,Female,74,14,8,Sales,Yes,Unmarried,1,"$36,000.00",2,0,Lease,Foreign,"$8,200",15,No,No,Mast,16,No,17,No,Yes,Yes,Yes,Yes,No,No,0,32,$46.20,$252.80,$0.00,$0.00,$161.50,"$1,165.50",$207.70,0
5659-BGLPPR-GXK,5,Female,50,10,6,Sales,No,Unmarried,1,"$140,000.00",7,0,Own,Domestic,"$35,000",27,No,Yes,Mast,13,No,21,No,No,No,No,No,No,No,0,23,$31.80,$127.32,$0.00,$0.00,$0.00,$0.00,$31.80,0
5661-YFIDQE-IP0,2,Female,52,14,12,Service,No,Unmarried,1,"$130,000.00",0,0,Own,Domestic,"$20,400",29,No,No,Disc,4,No,15,No,No,No,No,Yes,No,No,0,7,$13.20,$14.60,$0.00,$0.00,$0.00,$0.00,$13.20,0
5672-DYYCWZ-LID,1,Male,38,15,8,Crafts,No,Unmarried,1,"$42,000.00",0,0,Own,Foreign,"$11,700",25,Yes,Yes,Visa,20,Yes,17,No,No,No,No,No,No,No,0,31,$32.20,$209.52,$0.00,$0.00,$0.00,$0.00,$32.20,0
5676-ZCWWCJ-RWG,2,Male,43,17,4,Sales,No,Unmarried,1,"$48,000.00",7,1,Own,Domestic,"$9,800",20,Yes,Yes,Othe,9,Yes,14,Yes,Yes,Yes,Yes,No,Yes,No,0,15,$26.00,$77.36,$143.80,$408.64,$173.00,$584.58,$342.80,1
5678-CERNAB-YSX,4,Female,76,18,1,Sales,Yes,Married,2,"$30,000.00",2,1,Own,Foreign,"$5,800",23,No,Yes,Disc,22,Yes,23,No,Yes,No,Yes,Yes,Yes,Yes,1,46,$31.00,$289.36,$0.00,$0.00,$161.00,"$1,741.14",$192.00,0
5678-EFOIAI-6JV,3,Male,45,10,4,Sales,No,Unmarried,1,"$54,000.00",0,1,Own,Foreign,"$14,500",26,No,Yes,Mast,23,No,20,No,No,No,Yes,No,No,No,1,38,$26.40,$217.76,$0.00,$0.00,$0.00,$0.00,$26.40,0
5678-OXGIGE-JRB,5,Male,29,20,1,Service,No,Unmarried,1,"$60,000.00",0,1,Lease,Foreign,"$14,700",32,No,No,Mast,12,Yes,23,Yes,Yes,Yes,Yes,Yes,Yes,No,0,32,$22.40,$148.16,$141.40,$873.28,$228.50,"$1,701.06",$392.30,1
5682-HSIFSE-LWF,1,Female,79,12,16,Professional,Yes,Unmarried,1,"$18,000.00",0,0,Lease,Domestic,"$5,700",19,No,No,Visa,14,No,0,No,No,No,No,Yes,No,Yes,1,36,$42.80,$344.80,$0.00,$0.00,$0.00,$0.00,$42.80,0
5684-IVZPXA-X75,4,Male,42,17,4,Sales,No,Married,5,"$142,000.00",1,1,NoCar,N/A,$0,41,No,Yes,Disc,1,No,19,Yes,Yes,No,Yes,Yes,Yes,No,0,5,$9.60,$5.64,$151.80,$127.64,$121.75,$123.84,$283.15,1
5691-HXXWOM-KYJ,4,Male,35,16,8,Crafts,No,Unmarried,1,"$66,000.00",0,1,Own,Domestic,"$17,600",22,No,No,Visa,17,No,21,Yes,Yes,Yes,Yes,Yes,Yes,No,0,46,$28.00,$243.04,$130.20,"$1,225.00",$140.00,"$1,522.74",$298.20,1
5692-XEZLHY-RN9,1,Female,76,16,22,Crafts,Yes,Unmarried,1,"$22,000.00",4,1,Lease,Domestic,"$6,300",18,No,Yes,Visa,37,No,27,No,No,No,No,No,No,Yes,0,71,$91.80,"$1,267.16",$0.00,$0.00,$0.00,$0.00,$91.80,0
5693-OQEJZY-8GB,3,Female,38,20,1,Sales,No,Unmarried,1,"$88,000.00",2,1,Own,Domestic,"$14,900",26,No,No,AMEX,1,Yes,17,Yes,No,No,No,No,Yes,No,1,2,$10.60,$4.16,$78.00,$9.64,$0.00,$0.00,$88.60,0
5696-AMUFSA-EDM,3,Male,61,18,25,Labor,No,Unmarried,1,"$123,000.00",1,1,Own,Domestic,"$39,700",27,No,Yes,Mast,24,Yes,24,Yes,Yes,Yes,Yes,Yes,Yes,Yes,0,42,$59.40,$506.72,$190.80,"$1,520.60",$274.75,"$2,618.46",$524.95,1
5698-AZJRSJ-31J,3,Male,59,18,30,Labor,No,Unmarried,1,"$173,000.00",0,0,Own,Foreign,"$78,700",23,No,Yes,Disc,23,No,19,No,No,No,No,Yes,No,Yes,0,41,$32.60,$247.40,$0.00,$0.00,$0.00,$0.00,$32.60,0
5698-CWVFMT-EWP,4,Female,25,19,0,Sales,No,Married,4,"$46,000.00",1,1,Own,Foreign,"$12,300",31,Yes,No,Visa,7,Yes,30,Yes,Yes,Yes,No,No,Yes,No,0,35,$37.00,$266.48,$161.20,"$1,113.16",$196.50,"$1,583.76",$394.70,1
5702-MPUGBY-GWR,4,Male,58,15,16,Service,No,Unmarried,1,"$149,000.00",0,0,Own,Foreign,"$50,800",32,No,No,Visa,29,No,26,No,No,No,No,No,No,No,0,56,$57.60,$614.96,$0.00,$0.00,$0.00,$0.00,$57.60,0
5705-BNWLDX-3U5,4,Male,73,15,5,Sales,No,Married,2,"$68,000.00",4,1,Own,Foreign,"$10,800",35,No,No,AMEX,16,No,16,Yes,Yes,Yes,Yes,Yes,Yes,Yes,0,34,$46.00,$315.44,$148.60,$993.48,$148.00,"$1,160.52",$342.60,1
5706-PAKUIT-KGH,4,Female,19,13,0,Professional,No,Married,7,"$34,000.00",0,1,Lease,Foreign,"$6,900",23,Yes,Yes,Disc,1,No,14,No,No,No,No,No,Yes,No,0,4,$23.40,$15.96,$0.00,$0.00,$0.00,$0.00,$23.40,0
5707-YGUUKW-16H,4,Female,44,17,7,Professional,No,Married,4,"$124,000.00",6,1,Own,Foreign,"$20,800",26,No,No,Disc,21,No,24,Yes,Yes,Yes,Yes,Yes,Yes,No,0,48,$70.40,$644.44,$191.80,"$1,844.44",$240.00,"$2,579.40",$502.20,1
5707-ZSNWSX-HMG,4,Female,19,14,0,Labor,No,Married,4,"$38,000.00",0,1,Own,Domestic,"$6,600",34,Yes,Yes,Visa,1,Yes,17,Yes,Yes,No,No,No,Yes,Yes,0,21,$48.60,$249.72,$133.80,$499.60,$93.00,$429.06,$275.40,1
5713-ZRRCBM-56K,4,Male,44,20,2,Sales,No,Unmarried,1,"$112,000.00",2,1,Own,Domestic,"$48,900",25,No,No,Disc,13,No,27,No,No,No,Yes,No,No,No,0,29,$23.60,$121.96,$0.00,$0.00,$0.00,$0.00,$23.60,0
5714-IHLOXZ-QKC,3,Female,52,12,6,Sales,No,Unmarried,3,"$82,000.00",10,1,Own,Foreign,"$30,200",26,No,Yes,Visa,1,Yes,30,No,Yes,Yes,Yes,Yes,No,No,1,1,$7.40,$1.48,$0.00,$0.00,$164.00,$39.36,$171.40,0
5716-RSRKLP-5GG,1,Male,25,16,1,Professional,No,Married,4,"$42,000.00",3,0,Own,Domestic,"$10,700",25,No,No,Disc,7,Yes,24,No,No,No,No,No,No,Yes,0,65,$126.80,"$1,655.96",$0.00,$0.00,$0.00,$0.00,$126.80,0
5716-TNGOCC-IXC,3,Male,42,13,18,Labor,No,Married,3,"$156,000.00",1,1,Own,Foreign,"$37,500",19,Yes,Yes,Disc,14,No,20,No,No,Yes,Yes,Yes,Yes,No,0,33,$41.60,$250.60,$0.00,$0.00,$0.00,$0.00,$41.60,0
5723-LIYCPS-RO9,5,Male,24,17,0,Agriculture,No,Married,3,"$44,000.00",2,1,Own,Domestic,"$9,300",23,No,Yes,Mast,6,Yes,22,Yes,Yes,Yes,Yes,Yes,Yes,No,0,14,$19.20,$57.20,$201.60,$549.88,$257.00,$789.60,$477.80,1
5725-ECSRUB-X5V,1,Male,46,16,9,Labor,No,Married,2,"$48,000.00",1,1,Own,Domestic,"$12,100",20,Yes,Yes,Visa,10,Yes,22,No,No,No,Yes,Yes,No,No,0,33,$14.80,$101.96,$0.00,$0.00,$0.00,$0.00,$14.80,0
5727-FTCVVH-2JK,3,Male,78,17,32,Labor,No,Unmarried,1,"$100,000.00",3,1,NoCar,N/A,$0,25,No,Yes,Visa,39,No,23,Yes,Yes,Yes,Yes,Yes,No,Yes,1,72,$221.40,"$3,262.48",$187.80,"$2,582.48",$270.25,"$4,743.84",$679.45,1
5738-ZQPYGB-D1G,5,Female,46,14,4,Sales,No,Married,5,"$56,000.00",2,1,NoCar,N/A,$0,34,No,No,Mast,23,No,12,No,No,No,No,No,Yes,Yes,1,53,$60.00,$646.24,$0.00,$0.00,$0.00,$0.00,$60.00,0
5739-BYRLOH-4E9,4,Female,21,14,1,Crafts,No,Unmarried,1,"$58,000.00",7,0,Lease,Domestic,"$17,500",21,No,No,Mast,2,Yes,16,No,No,No,Yes,Yes,No,No,0,2,$13.80,$7.80,$0.00,$0.00,$0.00,$0.00,$13.80,0
5743-RWLCZY-OZ0,3,Female,72,10,15,Professional,No,Married,2,"$118,000.00",4,0,Own,Foreign,"$24,900",16,No,No,Othe,25,No,31,No,No,No,No,No,No,No,0,52,$66.60,$692.32,$0.00,$0.00,$0.00,$0.00,$66.60,0
5745-RVDSFL-9KO,3,Female,70,16,7,Sales,No,Unmarried,1,"$144,000.00",7,1,Own,Foreign,"$39,300",19,No,No,Disc,10,Yes,23,No,No,No,Yes,Yes,No,Yes,1,21,$23.20,$93.80,$0.00,$0.00,$0.00,$0.00,$23.20,0
5750-CLGDQH-59F,4,Male,51,21,4,Professional,No,Unmarried,1,"$92,000.00",2,1,Own,Foreign,"$14,300",23,No,Yes,Mast,17,No,19,No,No,Yes,Yes,Yes,Yes,No,0,20,$36.00,$126.88,$0.00,$0.00,$0.00,$0.00,$36.00,0
5750-ELAIMA-BKT,1,Male,54,8,20,Service,No,Married,3,"$116,000.00",1,0,NoCar,N/A,$0,20,No,No,Disc,32,No,19,No,No,No,Yes,Yes,No,Yes,0,62,$38.60,$481.60,$0.00,$0.00,$0.00,$0.00,$38.60,0
5751-IXXZFS-3N7,5,Female,67,11,8,Professional,Yes,Unmarried,1,"$20,000.00",1,1,Lease,Foreign,"$4,200",25,No,No,Mast,38,No,18,No,No,No,Yes,No,No,Yes,0,72,$104.40,"$1,495.04",$0.00,$0.00,$0.00,$0.00,$104.40,0
5755-CQBOTL-4WI,1,Female,45,12,10,Sales,No,Unmarried,1,"$76,000.00",0,1,Own,Domestic,"$16,200",19,Yes,Yes,Visa,27,No,21,No,No,No,No,No,No,Yes,0,51,$40.00,$463.00,$0.00,$0.00,$0.00,$0.00,$40.00,0
5757-QFBWHI-1XM,2,Female,62,14,9,Professional,No,Married,3,"$90,000.00",9,0,Own,Foreign,"$19,700",33,No,No,Disc,17,No,16,No,No,No,Yes,No,No,No,0,42,$34.40,$280.64,$0.00,$0.00,$0.00,$0.00,$34.40,0
5761-YOVILE-GCH,4,Male,26,20,0,Service,No,Unmarried,1,"$74,000.00",6,1,Own,Foreign,"$17,900",26,No,Yes,Othe,5,Yes,12,Yes,Yes,Yes,Yes,Yes,Yes,No,0,14,$28.60,$71.88,$224.00,$568.80,$302.50,$981.42,$555.10,1
5763-RNFRHC-F2U,4,Female,33,13,8,Labor,No,Unmarried,2,"$108,000.00",1,1,Own,Foreign,"$24,400",37,Yes,Yes,Mast,7,Yes,16,No,Yes,Yes,Yes,Yes,No,No,0,17,$15.80,$61.84,$0.00,$0.00,$111.50,$442.38,$127.30,0
5763-UPPXZR-KC6,1,Female,51,20,2,Sales,No,Married,2,"$66,000.00",0,0,Own,Foreign,"$16,100",26,No,No,Disc,9,Yes,12,Yes,Yes,Yes,Yes,Yes,Yes,No,0,32,$31.60,$197.16,$175.80,"$1,082.24",$178.50,"$1,367.64",$385.90,1
5764-AJWNOD-ADR,5,Female,36,15,6,Service,No,Married,3,"$120,000.00",4,1,Lease,Domestic,"$25,000",21,Yes,Yes,Mast,18,No,20,No,Yes,Yes,Yes,Yes,No,No,0,45,$67.00,$599.12,$0.00,$0.00,$176.25,"$1,889.16",$243.25,0
5770-HZVHOG-OX6,4,Female,29,18,1,Sales,No,Married,4,"$48,000.00",3,1,Own,Domestic,"$11,300",30,No,Yes,Visa,1,No,19,Yes,Yes,Yes,Yes,Yes,Yes,No,0,1,$11.60,$2.32,$180.00,$36.00,$173.50,$41.64,$365.10,1
5771-VOGVYT-1WW,1,Male,52,10,4,Sales,No,Married,4,"$64,000.00",0,1,Own,Foreign,"$16,600",24,No,No,Visa,35,Yes,19,No,No,No,Yes,Yes,No,Yes,0,67,$55.80,$751.44,$0.00,$0.00,$0.00,$0.00,$55.80,0
5777-YPSDDH-UKG,5,Male,36,15,2,Sales,No,Married,5,"$58,000.00",0,1,Lease,Domestic,"$12,300",29,Yes,Yes,Mast,16,Yes,12,No,No,No,Yes,Yes,No,Yes,0,33,$21.20,$140.52,$0.00,$0.00,$0.00,$0.00,$21.20,0
5783-HBOXFC-5BZ,2,Male,45,20,7,Service,No,Married,5,"$134,000.00",4,1,Own,Domestic,"$61,100",20,Yes,Yes,Mast,7,Yes,27,Yes,Yes,Yes,Yes,Yes,Yes,No,1,16,$30.20,$109.84,$172.80,$503.92,$252.00,$975.18,$455.00,1
5783-UYAGKS-G83,1,Female,67,16,5,Sales,No,Married,2,"$56,000.00",1,1,Own,Domestic,"$12,800",32,No,No,AMEX,35,Yes,23,Yes,Yes,Yes,Yes,Yes,No,Yes,1,64,$68.20,$873.24,$170.80,"$2,111.96",$177.50,"$2,618.46",$416.50,1
5784-DIWCFC-282,4,Male,61,13,32,Labor,No,Married,3,"$180,000.00",15,1,Own,Domestic,"$79,300",25,Yes,Yes,Visa,35,Yes,16,No,No,No,Yes,Yes,No,Yes,0,71,$126.20,"$1,785.12",$0.00,$0.00,$0.00,$0.00,$126.20,0
5786-JJYPPE-HFO,4,Female,47,15,3,Sales,No,Married,5,"$78,000.00",0,1,NoCar,N/A,$0,28,No,No,Othe,2,No,24,No,No,No,No,No,No,No,1,2,$22.60,$5.72,$0.00,$0.00,$0.00,$0.00,$22.60,0
5786-VNUBCH-9UL,5,Female,20,11,2,Agriculture,No,Married,2,"$26,000.00",0,0,Own,Foreign,"$5,800",32,No,No,Visa,3,Yes,25,No,No,No,Yes,Yes,No,No,0,7,$20.20,$24.28,$0.00,$0.00,$0.00,$0.00,$20.20,0
5788-QLVXSO-HER,3,Male,34,18,2,Professional,No,Unmarried,3,"$102,000.00",0,1,NoCar,N/A,$0,23,Yes,Yes,Visa,16,Yes,13,Yes,Yes,Yes,Yes,Yes,No,Yes,1,59,$63.80,$724.12,$142.00,"$1,643.20",$177.25,"$2,641.56",$383.05,1
5796-RGVUFC-6TJ,4,Male,24,17,0,Professional,No,Unmarried,1,"$116,000.00",4,0,Own,Domestic,"$21,200",27,No,Yes,Disc,1,Yes,25,Yes,Yes,Yes,Yes,No,Yes,No,0,2,$9.20,$2.76,$148.60,$24.48,$114.25,$35.52,$272.05,0
5799-EYKREH-NQ6,3,Male,55,10,13,Sales,No,Unmarried,1,"$134,000.00",1,0,Own,Foreign,"$24,700",20,No,Yes,AMEX,3,Yes,19,No,No,No,No,No,No,No,1,7,$20.40,$19.96,$0.00,$0.00,$0.00,$0.00,$20.40,0
5800-ABDDTM-5WD,2,Male,31,15,1,Professional,No,Unmarried,1,"$44,000.00",0,0,Own,Domestic,"$12,000",27,No,No,Disc,1,Yes,16,No,No,No,No,No,No,No,1,1,$8.60,$1.72,$0.00,$0.00,$0.00,$0.00,$8.60,0
5802-HZRLCD-BHF,3,Female,31,11,6,Agriculture,No,Married,2,"$54,000.00",7,0,Lease,Domestic,"$12,400",18,Yes,Yes,Visa,13,Yes,29,No,No,No,Yes,Yes,No,Yes,1,63,$100.20,"$1,333.64",$0.00,$0.00,$0.00,$0.00,$100.20,0
5808-VSIUTU-3S4,1,Female,73,14,20,Professional,No,Unmarried,1,"$144,000.00",0,0,Own,Foreign,"$41,500",20,No,No,Mast,3,Yes,20,No,No,No,No,Yes,Yes,No,0,14,$12.60,$35.60,$0.00,$0.00,$0.00,$0.00,$12.60,0
5810-CAIPNU-TX1,3,Male,32,15,7,Service,No,Married,5,"$80,000.00",3,1,Own,Foreign,"$20,500",33,No,No,AMEX,7,Yes,21,No,No,No,Yes,Yes,Yes,No,0,15,$26.00,$83.00,$0.00,$0.00,$0.00,$0.00,$26.00,0
5811-BKUTYY-F7I,2,Female,58,19,18,Labor,Yes,Unmarried,1,"$30,000.00",4,0,Own,Foreign,"$9,200",20,No,Yes,Mast,19,No,16,No,No,No,No,Yes,No,No,0,42,$66.20,$568.76,$0.00,$0.00,$0.00,$0.00,$66.20,0
5812-QQLGQA-42V,1,Female,19,14,0,Sales,No,Unmarried,1,"$26,000.00",2,0,Own,Domestic,"$8,400",20,Yes,Yes,Othe,1,Yes,19,No,Yes,Yes,Yes,Yes,Yes,No,0,14,$13.20,$45.76,$0.00,$0.00,$127.75,$383.58,$140.95,0
5812-TZBNYC-LJ3,4,Female,66,17,5,Sales,No,Unmarried,1,"$118,000.00",1,1,Own,Foreign,"$29,000",26,No,No,Disc,21,Yes,31,Yes,No,No,Yes,No,No,Yes,0,45,$50.80,$462.88,$100.80,$855.16,$0.00,$0.00,$151.60,0
5813-HYCTEV-4HQ,5,Female,73,14,34,Service,Yes,Unmarried,1,"$52,000.00",5,0,Lease,Foreign,"$7,700",19,No,Yes,Visa,40,Yes,16,No,No,No,No,No,Yes,Yes,0,72,$163.00,"$2,290.04",$0.00,$0.00,$0.00,$0.00,$163.00,0
5816-OPMQHG-U3B,1,Female,31,19,4,Service,No,Unmarried,1,"$112,000.00",1,1,Own,Domestic,"$31,200",27,No,Yes,Disc,6,No,25,Yes,No,No,No,No,Yes,No,0,32,$29.20,$158.48,$90.00,$519.48,$0.00,$0.00,$119.20,0
5818-QGNWFO-WG9,4,Male,33,14,12,Crafts,No,Married,4,"$72,000.00",1,0,Own,Foreign,"$14,800",23,No,Yes,AMEX,9,No,19,No,No,No,No,No,No,No,0,19,$18.00,$64.04,$0.00,$0.00,$0.00,$0.00,$18.00,0
5820-CFGSKO-LH2,3,Male,61,17,15,Professional,Yes,Married,2,"$96,000.00",2,1,Own,Domestic,"$19,100",22,Yes,Yes,AMEX,32,No,24,No,No,No,Yes,Yes,No,Yes,0,61,$49.20,$625.68,$0.00,$0.00,$0.00,$0.00,$49.20,0
5824-ZGVEJI-9BO,3,Male,46,12,4,Sales,No,Unmarried,1,"$84,000.00",0,0,Own,Domestic,"$18,800",37,Yes,No,Visa,21,No,25,Yes,Yes,Yes,Yes,Yes,No,Yes,0,40,$19.00,$137.84,$207.00,"$1,548.44",$245.00,"$2,389.74",$471.00,1
5825-CUYMLG-B8P,4,Female,21,16,0,Professional,No,Unmarried,2,"$46,000.00",0,0,Own,Foreign,"$11,800",15,No,Yes,Othe,4,No,0,No,No,No,No,No,No,No,0,6,$18.00,$29.68,$0.00,$0.00,$0.00,$0.00,$18.00,0
5830-HTVGOL-8HE,3,Female,48,15,24,Agriculture,No,Unmarried,1,"$300,000.00",0,1,Own,Domestic,"$82,700",24,Yes,Yes,Mast,31,Yes,15,No,No,No,No,Yes,Yes,Yes,0,51,$63.20,$667.80,$0.00,$0.00,$0.00,$0.00,$63.20,0
5842-TNPADO-ATA,1,Female,67,11,7,Sales,Yes,Unmarried,1,"$18,000.00",2,0,Lease,Foreign,"$5,900",22,No,Yes,Mast,15,Yes,19,No,No,No,No,No,No,Yes,0,43,$13.00,$133.36,$0.00,$0.00,$0.00,$0.00,$13.00,0
5842-WEUWCF-NNL,1,Female,60,14,9,Professional,No,Unmarried,1,"$162,000.00",6,0,Own,Domestic,"$37,400",21,Yes,Yes,Mast,16,Yes,15,No,No,No,Yes,Yes,No,No,0,30,$26.00,$194.44,$0.00,$0.00,$0.00,$0.00,$26.00,0
5845-VWOATR-A2K,2,Female,65,15,8,Professional,No,Unmarried,1,"$168,000.00",4,1,Own,Domestic,"$29,800",17,Yes,Yes,Disc,18,No,15,No,Yes,Yes,Yes,Yes,No,Yes,0,38,$51.40,$373.84,$0.00,$0.00,$212.25,"$1,880.34",$263.65,0
5846-EHCWED-RQK,2,Male,18,13,0,Sales,No,Unmarried,1,"$46,000.00",0,0,Own,Foreign,"$14,400",37,Yes,Yes,Mast,1,Yes,9,No,No,No,No,No,No,No,0,9,$13.40,$23.80,$0.00,$0.00,$0.00,$0.00,$13.40,0
5846-YCFSNL-6QB,5,Male,66,9,35,Service,Yes,Married,2,"$22,000.00",2,1,Own,Domestic,"$5,700",21,Yes,No,Disc,38,No,23,No,No,No,No,No,Yes,No,1,71,$96.60,"$1,416.80",$0.00,$0.00,$0.00,$0.00,$96.60,0
5847-JFRJIM-RCZ,2,Male,44,10,7,Sales,No,Unmarried,1,"$68,000.00",0,1,Own,Foreign,"$17,200",15,No,Yes,Disc,6,Yes,16,Yes,No,No,Yes,Yes,No,No,0,20,$22.60,$80.80,$93.40,$385.12,$0.00,$0.00,$116.00,0
5848-OBDEYF-QFM,5,Female,26,15,2,Service,No,Married,3,"$48,000.00",6,1,Own,Domestic,"$16,100",17,Yes,No,Disc,8,Yes,18,Yes,No,No,No,No,Yes,No,0,37,$41.00,$266.60,$97.60,$742.16,$0.00,$0.00,$138.60,0
5848-XJWTXD-F1Q,1,Female,25,14,3,Labor,No,Married,5,"$58,000.00",2,1,Own,Domestic,"$18,600",23,No,Yes,Mast,7,Yes,23,Yes,No,Yes,Yes,Yes,Yes,No,0,27,$35.20,$192.24,$164.60,$875.76,$0.00,$0.00,$199.80,0
5851-TVXKLY-M2A,1,Male,18,13,0,Sales,No,Unmarried,1,"$28,000.00",3,1,Lease,Domestic,"$6,200",28,No,Yes,Visa,1,Yes,27,Yes,Yes,Yes,Yes,Yes,Yes,No,0,2,$10.60,$2.80,$161.60,$31.96,$141.25,$26.04,$313.45,1
5854-VYBQTS-I6R,5,Male,48,13,2,Sales,No,Unmarried,1,"$72,000.00",2,1,Own,Foreign,"$14,600",34,No,Yes,Mast,1,Yes,18,No,No,No,No,Yes,No,No,0,3,$10.20,$6.04,$0.00,$0.00,$0.00,$0.00,$10.20,0
5856-KAFSEN-X1R,2,Female,43,19,4,Professional,No,Married,2,"$92,000.00",8,0,Lease,Foreign,"$24,000",23,No,No,Visa,25,No,26,No,No,Yes,No,No,Yes,Yes,0,66,$56.60,$722.32,$0.00,$0.00,$0.00,$0.00,$56.60,0
5860-SICLLL-BPL,5,Female,21,16,0,Professional,No,Married,6,"$30,000.00",0,0,NoCar,N/A,$0,27,Yes,Yes,Visa,3,Yes,15,Yes,Yes,Yes,Yes,Yes,Yes,No,0,9,$31.00,$55.32,$238.40,$439.00,$173.75,$253.92,$443.15,1
5861-QRWWMH-FOW,2,Female,61,21,4,Sales,No,Unmarried,1,"$84,000.00",7,0,Own,Domestic,"$17,500",30,Yes,No,Disc,19,Yes,21,No,No,No,No,No,No,No,0,32,$59.20,$374.52,$0.00,$0.00,$0.00,$0.00,$59.20,0
5862-CMJCTU-0PD,3,Female,27,17,1,Professional,No,Married,2,"$48,000.00",1,1,Own,Foreign,"$8,800",27,No,Yes,Disc,9,No,15,No,No,No,No,No,No,Yes,0,60,$50.40,$553.32,$0.00,$0.00,$0.00,$0.00,$50.40,0
5862-OQXZQL-M8E,3,Male,31,19,3,Service,No,Unmarried,1,"$136,000.00",0,0,NoCar,N/A,$0,37,No,Yes,AMEX,6,No,25,No,No,No,Yes,Yes,No,No,1,22,$32.00,$161.32,$0.00,$0.00,$0.00,$0.00,$32.00,0
5866-YYYZMO-L5B,1,Male,29,10,10,Labor,No,Married,5,"$84,000.00",0,1,Own,Domestic,"$25,700",17,Yes,No,Visa,7,Yes,23,No,No,No,No,Yes,No,No,1,12,$30.40,$56.88,$0.00,$0.00,$0.00,$0.00,$30.40,0
5873-NPPZJK-FJJ,5,Male,65,15,15,Service,Yes,Married,2,"$60,000.00",0,0,Own,Domestic,"$14,400",34,No,Yes,AMEX,29,Yes,18,No,No,No,No,No,Yes,Yes,0,67,$51.60,$685.08,$0.00,$0.00,$0.00,$0.00,$51.60,0
5873-XJOYKH-P65,4,Male,22,17,0,Professional,No,Unmarried,1,"$34,000.00",7,1,Own,Foreign,"$5,400",34,Yes,Yes,Visa,4,Yes,13,Yes,No,Yes,No,Yes,No,No,0,21,$26.40,$107.60,$112.80,$448.20,$0.00,$0.00,$139.20,0
5875-LSAGSD-2V5,5,Female,44,11,10,Professional,No,Married,2,"$144,000.00",0,1,Own,Foreign,"$37,400",25,No,Yes,Visa,26,Yes,14,No,Yes,Yes,Yes,Yes,Yes,Yes,0,55,$40.40,$465.72,$0.00,$0.00,$238.75,"$3,093.30",$279.15,1
5875-ORJAJU-ZSC,5,Female,43,20,3,Sales,No,Unmarried,1,"$118,000.00",4,1,Own,Domestic,"$26,600",21,No,Yes,Disc,2,No,10,Yes,No,No,No,No,Yes,No,1,16,$24.80,$64.92,$106.60,$357.16,$0.00,$0.00,$131.40,0
5878-HFZADI-RWP,5,Male,40,17,4,Sales,No,Married,6,"$50,000.00",0,0,Own,Foreign,"$10,000",32,Yes,No,AMEX,18,Yes,22,No,No,No,No,No,No,No,0,38,$49.80,$388.24,$0.00,$0.00,$0.00,$0.00,$49.80,0
5888-OLUJTN-K3U,2,Female,67,15,17,Professional,No,Married,2,"$80,000.00",0,1,Lease,Foreign,"$24,900",16,Yes,Yes,Visa,13,No,19,No,No,No,No,No,Yes,No,1,18,$25.60,$87.44,$0.00,$0.00,$0.00,$0.00,$25.60,0
5889-BJQZUO-DKF,1,Female,41,20,12,Crafts,No,Unmarried,1,"$162,000.00",7,0,Own,Foreign,"$42,100",21,No,No,Visa,8,No,26,Yes,No,No,No,No,Yes,No,0,28,$29.80,$165.88,$153.20,$802.72,$0.00,$0.00,$183.00,0
5889-DYIIGK-2UR,1,Male,47,16,15,Service,No,Unmarried,1,"$185,000.00",1,1,Own,Domestic,"$97,300",24,No,Yes,Mast,26,No,22,No,Yes,No,Yes,Yes,No,Yes,0,63,$90.80,"$1,106.04",$0.00,$0.00,$150.00,"$2,326.38",$240.80,0
5892-PMOFCP-16B,4,Male,79,10,18,Sales,Yes,Married,2,"$24,000.00",1,0,Lease,Domestic,"$3,800",19,No,No,Visa,12,No,20,No,No,No,No,Yes,No,Yes,0,32,$16.80,$123.36,$0.00,$0.00,$0.00,$0.00,$16.80,0
5894-SACPFW-KMG,1,Male,18,12,0,Service,No,Unmarried,2,"$32,000.00",3,0,Lease,Foreign,"$6,600",36,No,No,Disc,0,Yes,14,No,No,No,Yes,No,No,No,0,8,$14.20,$20.84,$0.00,$0.00,$0.00,$0.00,$14.20,0
5900-ZDZOTK-CHH,1,Female,44,16,3,Sales,No,Unmarried,1,"$84,000.00",0,1,NoCar,N/A,$0,25,No,Yes,Visa,9,No,21,Yes,No,Yes,No,Yes,No,No,1,35,$20.40,$144.44,$122.80,$844.28,$0.00,$0.00,$143.20,0
5901-KJGWAL-MWZ,1,Male,50,17,17,Labor,No,Married,3,"$194,000.00",16,1,Own,Domestic,"$54,400",28,No,Yes,AMEX,25,No,19,Yes,Yes,Yes,Yes,Yes,No,Yes,0,63,$109.00,"$1,385.68",$271.40,"$3,300.24",$380.75,"$5,393.88",$761.15,1
5904-QLUPMU-GY6,2,Female,79,8,29,Sales,Yes,Married,2,"$32,000.00",3,1,NoCar,N/A,$0,30,No,Yes,Visa,36,Yes,30,No,No,No,No,No,No,Yes,0,67,$85.00,"$1,131.32",$0.00,$0.00,$0.00,$0.00,$85.00,0
5906-RQFYWN-0KJ,3,Female,73,14,25,Service,Yes,Unmarried,1,"$56,000.00",2,1,Lease,Foreign,"$16,600",31,Yes,Yes,Mast,32,Yes,18,No,No,No,No,No,No,Yes,0,63,$65.60,$822.12,$0.00,$0.00,$0.00,$0.00,$65.60,0
5907-WLVNJA-C0N,3,Male,35,13,13,Agriculture,No,Unmarried,1,"$92,000.00",0,0,NoCar,N/A,$0,25,No,No,Mast,11,Yes,17,No,No,No,Yes,Yes,No,No,1,21,$37.00,$161.04,$0.00,$0.00,$0.00,$0.00,$37.00,0
5909-FZVEKT-T79,5,Male,68,12,26,Labor,No,Married,2,"$178,000.00",3,1,Own,Foreign,"$58,900",26,Yes,No,Mast,40,No,20,No,Yes,Yes,Yes,Yes,Yes,Yes,0,72,$288.80,"$4,114.92",$0.00,$0.00,$248.00,"$4,160.22",$536.80,1
5909-ZHNVTG-VP7,1,Male,54,17,7,Service,No,Unmarried,1,"$94,000.00",0,1,Own,Foreign,"$26,000",21,No,Yes,Mast,5,No,18,Yes,Yes,No,No,No,Yes,No,1,21,$22.80,$98.60,$124.20,$482.92,$103.50,$439.98,$250.50,0
5910-OHQIDA-6U8,5,Female,59,19,12,Service,No,Unmarried,1,"$338,000.00",4,0,Own,Foreign,"$85,100",46,Yes,No,Disc,27,No,14,Yes,No,Yes,No,Yes,Yes,No,0,56,$84.60,$940.48,$197.80,"$2,113.64",$0.00,$0.00,$282.40,1
5911-WLWIBS-D1N,3,Male,57,12,23,Labor,No,Married,2,"$124,000.00",9,1,Own,Domestic,"$35,000",35,No,Yes,Disc,28,Yes,18,No,No,No,Yes,No,No,No,0,52,$61.20,$661.28,$0.00,$0.00,$0.00,$0.00,$61.20,0
5911-YIEHQT-M14,1,Female,75,16,11,Professional,No,Unmarried,1,"$64,000.00",0,1,Own,Foreign,"$16,900",38,No,No,Mast,27,Yes,29,Yes,Yes,Yes,Yes,Yes,Yes,Yes,0,65,$51.40,$649.48,$191.20,"$2,398.08",$186.75,"$2,865.72",$429.35,1
5912-YTXPVG-BNA,5,Male,56,13,19,Labor,Yes,Married,2,"$108,000.00",2,1,Own,Foreign,"$21,400",23,Yes,No,Disc,39,No,13,No,No,No,No,Yes,No,Yes,1,72,$109.20,"$1,568.64",$0.00,$0.00,$0.00,$0.00,$109.20,0
5913-VZNLLP-INS,5,Female,51,15,7,Sales,No,Married,2,"$66,000.00",1,1,Own,Foreign,"$18,000",22,Yes,No,Mast,32,No,25,No,No,No,No,No,No,Yes,0,66,$73.00,$962.40,$0.00,$0.00,$0.00,$0.00,$73.00,0
5914-EEJBTA-BJL,4,Female,36,12,1,Sales,No,Married,5,"$62,000.00",0,1,NoCar,N/A,$0,22,No,No,Visa,17,No,23,No,No,No,No,No,No,Yes,1,43,$47.80,$401.32,$0.00,$0.00,$0.00,$0.00,$47.80,0
5915-YYWOSP-41U,3,Male,50,15,8,Professional,No,Married,2,"$174,000.00",1,1,Own,Domestic,"$36,100",24,No,Yes,Disc,32,No,20,Yes,No,No,No,No,Yes,Yes,1,67,$153.60,"$2,006.92",$111.60,"$1,412.20",$0.00,$0.00,$265.20,0
5918-ZGSCGB-2VE,1,Male,56,16,12,Professional,No,Married,2,"$132,000.00",1,0,Own,Domestic,"$32,400",22,Yes,Yes,AMEX,9,No,27,Yes,Yes,Yes,No,No,Yes,No,0,34,$54.40,$319.76,$155.20,"$1,069.00",$156.75,"$1,291.50",$366.35,1
5920-UHJBDC-927,3,Female,25,17,0,Sales,No,Married,6,"$48,000.00",2,1,Own,Domestic,"$16,100",28,No,No,Disc,5,Yes,13,No,No,No,No,No,No,No,0,7,$10.80,$10.44,$0.00,$0.00,$0.00,$0.00,$10.80,0
5921-EFSYCL-UKM,2,Male,48,11,13,Professional,No,Unmarried,1,"$117,000.00",2,0,Own,Domestic,"$52,100",27,Yes,Yes,Visa,5,Yes,18,No,No,No,No,No,No,No,0,18,$23.40,$95.64,$0.00,$0.00,$0.00,$0.00,$23.40,0
5923-NVGKUK-HUF,1,Male,23,18,0,Professional,No,Unmarried,1,"$56,000.00",0,0,Own,Foreign,"$13,600",8,No,No,Visa,5,Yes,22,Yes,No,Yes,Yes,Yes,Yes,No,0,23,$24.60,$117.44,$154.40,$702.48,$0.00,$0.00,$179.00,0
5925-OWYQXP-AYO,3,Female,57,17,19,Labor,Yes,Unmarried,1,"$28,000.00",3,1,Own,Foreign,"$8,500",24,No,Yes,Disc,34,No,25,Yes,No,No,Yes,Yes,Yes,Yes,0,58,$126.40,"$1,461.28",$183.40,"$2,047.40",$0.00,$0.00,$309.80,1
5926-ZSEVEY-F73,5,Male,27,13,3,Professional,No,Unmarried,2,"$66,000.00",10,0,Own,Foreign,"$18,400",28,Yes,Yes,Visa,4,No,31,No,No,Yes,Yes,Yes,No,No,0,3,$16.40,$15.64,$0.00,$0.00,$0.00,$0.00,$16.40,0
5927-BCKKNM-RQ2,2,Female,46,17,6,Sales,No,Unmarried,1,"$176,000.00",10,0,Own,Domestic,"$52,600",26,No,No,Disc,7,Yes,28,No,No,No,No,No,Yes,Yes,0,22,$24.20,$90.44,$0.00,$0.00,$0.00,$0.00,$24.20,0
5929-MQKELC-0J1,5,Female,79,11,5,Sales,Yes,Unmarried,1,"$18,000.00",2,1,Lease,Foreign,"$5,400",16,No,No,Mast,25,No,0,No,No,No,Yes,No,No,Yes,0,55,$51.40,$587.28,$0.00,$0.00,$0.00,$0.00,$51.40,0
5930-CFEQCN-XBG,3,Female,69,15,31,Labor,Yes,Married,2,"$96,000.00",3,0,Own,Foreign,"$25,100",30,No,No,Visa,30,No,20,Yes,Yes,Yes,Yes,Yes,Yes,No,1,70,$43.40,$600.76,$205.40,"$2,940.12",$189.75,"$3,047.70",$438.55,1
5933-OFIMTK-21H,1,Male,71,8,31,Professional,No,Married,2,"$146,000.00",2,0,Own,Foreign,"$68,200",26,Yes,Yes,Disc,40,No,26,No,Yes,Yes,Yes,Yes,Yes,Yes,0,72,$122.00,"$1,759.84",$0.00,$0.00,$255.50,"$4,288.14",$377.50,1
5937-XVXXNR-WX8,1,Male,76,14,32,Labor,Yes,Married,2,"$40,000.00",10,1,Lease,Domestic,"$14,200",23,Yes,Yes,AMEX,39,Yes,15,No,No,No,No,No,Yes,Yes,0,72,$196.80,"$2,908.12",$0.00,$0.00,$0.00,$0.00,$196.80,0
5939-IMPNSE-CM5,4,Female,48,18,11,Labor,No,Married,2,"$50,000.00",7,1,Own,Foreign,"$9,200",24,No,Yes,AMEX,28,Yes,17,No,No,No,No,No,No,Yes,1,60,$44.00,$512.12,$0.00,$0.00,$0.00,$0.00,$44.00,0
5940-TXWTVN-2BM,3,Male,34,17,1,Sales,No,Unmarried,1,"$58,000.00",1,1,NoCar,N/A,$0,21,No,Yes,AMEX,1,Yes,30,Yes,Yes,Yes,Yes,Yes,Yes,No,1,1,$8.80,$1.76,$141.00,$28.20,$159.25,$38.22,$309.05,1
5941-FMWIQQ-540,4,Male,18,13,0,Sales,No,Unmarried,2,"$46,000.00",4,1,Own,Domestic,"$13,000",26,Yes,No,Mast,0,No,23,Yes,Yes,Yes,Yes,Yes,Yes,Yes,0,7,$13.60,$23.88,$144.60,$149.56,$114.75,$170.64,$272.95,0
5944-BIJLQS-DKM,1,Female,35,18,6,Labor,No,Unmarried,1,"$160,000.00",0,1,Own,Foreign,"$72,500",28,No,Yes,Disc,2,No,21,Yes,No,No,No,No,No,No,0,4,$17.80,$13.16,$93.20,$50.24,$0.00,$0.00,$111.00,0
5944-TFCYBB-DS4,5,Male,41,9,11,Service,No,Married,4,"$64,000.00",1,1,Lease,Domestic,"$16,900",29,No,No,Mast,23,No,25,Yes,No,No,No,No,Yes,No,0,66,$58.20,$837.60,$136.00,"$1,783.24",$0.00,$0.00,$194.20,0
5946-TXEIJU-A2L,3,Male,65,18,2,Sales,No,Married,2,"$114,000.00",1,1,Own,Foreign,"$20,500",32,Yes,Yes,Disc,23,No,26,No,Yes,No,Yes,Yes,Yes,Yes,1,42,$18.40,$151.24,$0.00,$0.00,$178.00,"$1,772.58",$196.40,0
5948-HWQRTV-36O,2,Female,58,16,15,Sales,No,Married,2,"$129,000.00",7,1,Own,Foreign,"$71,900",28,Yes,No,Disc,11,No,16,No,No,No,No,Yes,No,Yes,0,40,$36.20,$314.32,$0.00,$0.00,$0.00,$0.00,$36.20,0
5950-ABTMRH-4D5,5,Male,32,11,1,Sales,No,Unmarried,1,"$80,000.00",3,1,Own,Foreign,"$17,300",21,Yes,No,Disc,12,Yes,23,No,Yes,No,No,Yes,No,No,0,26,$20.20,$127.12,$0.00,$0.00,$133.75,$753.78,$153.95,0
5950-FEHITD-TVN,3,Female,24,12,2,Professional,No,Married,3,"$38,000.00",0,0,Own,Foreign,"$9,100",27,No,No,Visa,4,No,16,No,No,No,Yes,Yes,No,No,0,27,$39.60,$238.16,$0.00,$0.00,$0.00,$0.00,$39.60,0
5954-CPSFCO-JKU,1,Male,41,9,7,Service,No,Married,4,"$62,000.00",1,0,Own,Domestic,"$13,500",26,Yes,Yes,Disc,12,Yes,22,No,No,No,Yes,Yes,No,No,0,26,$31.40,$166.60,$0.00,$0.00,$0.00,$0.00,$31.40,0
5961-QPJFOP-KXC,1,Female,69,13,11,Professional,No,Unmarried,1,"$124,000.00",3,0,Own,Foreign,"$30,000",28,No,Yes,Disc,24,No,24,No,No,No,Yes,Yes,No,No,0,53,$33.80,$327.60,$0.00,$0.00,$0.00,$0.00,$33.80,0
5962-DYQMXZ-AVV,3,Male,35,10,7,Professional,No,Married,3,"$70,000.00",5,1,Own,Foreign,"$15,100",19,No,No,Visa,15,Yes,15,No,No,No,Yes,Yes,No,Yes,0,39,$51.00,$409.04,$0.00,$0.00,$0.00,$0.00,$51.00,0
5962-FRGYAF-D2F,5,Male,47,17,8,Professional,No,Unmarried,2,"$58,000.00",1,1,Own,Domestic,"$12,900",27,Yes,No,Mast,29,Yes,21,No,Yes,Yes,Yes,Yes,No,Yes,0,69,$77.60,"$1,084.28",$0.00,$0.00,$271.00,"$4,584.12",$348.60,1
5962-VYGGCY-1ZE,1,Male,39,14,3,Professional,No,Unmarried,1,"$38,000.00",15,1,Lease,Foreign,"$11,000",23,Yes,Yes,Disc,2,Yes,30,Yes,No,No,No,No,No,No,0,8,$15.80,$24.68,$103.00,$147.20,$0.00,$0.00,$118.80,0
5963-HLGPAN-XZX,4,Male,54,14,24,Labor,No,Unmarried,1,"$158,000.00",2,0,Own,Domestic,"$36,600",18,No,Yes,AMEX,30,No,15,No,Yes,No,Yes,Yes,No,Yes,0,57,$61.20,$728.40,$0.00,$0.00,$162.75,"$2,125.32",$223.95,0
5964-VSJYZC-ND5,4,Female,34,17,7,Service,No,Unmarried,1,"$111,000.00",0,1,Own,Foreign,"$56,800",41,No,Yes,Disc,8,Yes,19,Yes,Yes,Yes,Yes,No,Yes,No,1,22,$38.60,$142.92,$175.00,$740.08,$164.25,$855.48,$377.85,1
5965-LSSWOB-EBG,5,Female,22,15,0,Sales,No,Unmarried,2,"$34,000.00",1,0,Lease,Domestic,"$11,600",24,No,No,Visa,4,Yes,25,Yes,No,No,No,No,Yes,No,0,31,$69.60,$431.08,$84.60,$526.28,$0.00,$0.00,$154.20,0
5967-QLYOLM-8QN,5,Male,20,15,0,Crafts,No,Unmarried,1,"$38,000.00",5,0,Own,Domestic,"$10,200",25,Yes,No,Visa,2,No,19,No,No,No,No,No,Yes,No,0,30,$27.00,$163.56,$0.00,$0.00,$0.00,$0.00,$27.00,0
5968-KSASKS-80K,3,Female,62,10,33,Crafts,Yes,Unmarried,1,"$54,000.00",5,0,Own,Foreign,"$12,600",31,No,Yes,Mast,10,Yes,29,No,No,No,No,No,No,Yes,0,34,$25.40,$164.40,$0.00,$0.00,$0.00,$0.00,$25.40,0
5968-LOOVKE-R94,2,Female,71,14,6,Sales,Yes,Unmarried,1,"$44,000.00",4,1,Lease,Foreign,"$8,700",23,No,No,Visa,33,No,28,Yes,No,Yes,Yes,Yes,Yes,No,0,65,$80.00,$975.92,$183.40,"$2,252.60",$0.00,$0.00,$263.40,0
5969-ELOXBK-SUZ,2,Female,72,18,8,Sales,No,Married,2,"$164,000.00",5,0,Own,Foreign,"$35,400",25,Yes,Yes,Disc,37,No,17,Yes,Yes,No,No,Yes,Yes,No,0,70,$141.40,"$1,953.72",$221.00,"$3,097.60",$380.75,"$6,247.80",$743.15,1
5969-WEBDHU-09J,2,Female,22,17,0,Sales,No,Unmarried,1,"$44,000.00",4,0,NoCar,N/A,$0,18,Yes,Yes,Disc,4,Yes,16,Yes,Yes,Yes,Yes,Yes,Yes,No,1,15,$19.40,$59.88,$158.80,$433.64,$194.50,$637.62,$372.70,1
5974-PBPYDC-4T6,5,Female,28,9,6,Crafts,No,Married,6,"$44,000.00",9,1,NoCar,N/A,$0,27,Yes,No,Mast,10,Yes,25,No,No,No,No,No,No,No,0,25,$39.40,$204.16,$0.00,$0.00,$0.00,$0.00,$39.40,0
5974-SZRVSI-KIH,5,Female,74,13,18,Sales,No,Married,2,"$70,000.00",7,1,Lease,Domestic,"$17,000",31,No,No,Mast,36,No,21,No,No,No,Yes,No,No,Yes,0,69,$110.00,"$1,588.60",$0.00,$0.00,$0.00,$0.00,$110.00,0
5975-RHTXHI-REN,2,Female,22,17,0,Professional,No,Married,5,"$46,000.00",5,0,Lease,Domestic,"$6,000",21,No,No,Disc,4,Yes,20,No,No,No,Yes,Yes,No,No,0,14,$7.80,$36.20,$0.00,$0.00,$0.00,$0.00,$7.80,0
5975-VQUUAX-M3Y,1,Male,32,21,0,Sales,No,Unmarried,3,"$138,000.00",0,1,Own,Foreign,"$38,300",18,No,No,Mast,2,Yes,17,Yes,No,No,No,No,Yes,No,0,8,$25.60,$40.92,$96.80,$143.72,$0.00,$0.00,$122.40,0
5975-XCLPCP-DXU,3,Male,25,13,0,Sales,No,Married,4,"$48,000.00",0,1,Own,Domestic,"$10,700",33,Yes,No,AMEX,7,Yes,22,No,No,No,Yes,Yes,No,Yes,1,36,$21.20,$144.60,$0.00,$0.00,$0.00,$0.00,$21.20,0
5979-IPCYEZ-AMW,5,Female,64,12,12,Professional,No,Married,2,"$78,000.00",0,1,Own,Foreign,"$20,900",30,Yes,Yes,Mast,21,No,22,No,No,No,No,No,No,Yes,0,59,$67.00,$764.76,$0.00,$0.00,$0.00,$0.00,$67.00,0
5987-AWHRGV-06M,2,Male,30,17,1,Sales,No,Unmarried,1,"$28,000.00",1,0,Lease,Foreign,"$5,100",24,No,Yes,Mast,6,Yes,19,Yes,No,No,No,No,Yes,No,0,17,$16.20,$56.68,$88.40,$265.20,$0.00,$0.00,$104.60,0
5992-STZUEJ-17R,2,Female,61,9,24,Professional,No,Unmarried,1,"$160,000.00",5,1,Own,Foreign,"$26,100",33,No,Yes,Disc,31,No,16,No,Yes,Yes,Yes,Yes,No,No,0,58,$36.00,$376.36,$0.00,$0.00,$222.00,"$2,986.68",$258.00,0
5996-NSVZTW-7VD,4,Female,76,16,19,Service,Yes,Married,2,"$18,000.00",0,0,Own,Domestic,"$3,600",28,No,No,Visa,40,Yes,17,Yes,No,Yes,No,No,Yes,Yes,0,72,$719.40,"$10,437.20",$203.40,"$2,936.44",$0.00,$0.00,$922.80,1
5997-FHOPGR-2YX,3,Female,57,11,9,Professional,No,Unmarried,1,"$108,000.00",2,0,Own,Domestic,"$33,700",30,Yes,Yes,Visa,4,Yes,10,No,No,No,No,No,No,No,0,15,$17.00,$62.64,$0.00,$0.00,$0.00,$0.00,$17.00,0
5997-WEVMLK-EKA,2,Female,32,18,0,Professional,No,Unmarried,1,"$76,000.00",0,0,NoCar,N/A,$0,42,Yes,Yes,AMEX,8,Yes,24,Yes,No,No,No,No,Yes,No,0,24,$24.40,$102.76,$113.20,$497.60,$0.00,$0.00,$137.60,0
5998-OKHKEK-0A3,3,Male,24,19,0,Sales,No,Married,3,"$64,000.00",0,0,Own,Foreign,"$18,400",16,Yes,No,Mast,7,Yes,14,Yes,No,Yes,No,No,Yes,No,0,15,$15.40,$47.84,$120.80,$333.04,$0.00,$0.00,$136.20,0
5999-GKZDYQ-4VL,3,Female,63,20,8,Sales,No,Married,2,"$74,000.00",0,1,Lease,Foreign,"$17,000",15,Yes,No,Visa,27,Yes,24,No,No,Yes,Yes,Yes,No,Yes,0,60,$37.80,$450.20,$0.00,$0.00,$0.00,$0.00,$37.80,0
6003-XWNRZT-MGG,2,Female,33,9,2,Sales,No,Unmarried,1,"$46,000.00",0,1,Own,Foreign,"$7,500",21,No,Yes,Disc,15,No,14,No,No,No,Yes,No,No,No,0,31,$32.00,$199.84,$0.00,$0.00,$0.00,$0.00,$32.00,0
6005-AUAQYW-6VK,4,Female,45,13,12,Professional,No,Unmarried,1,"$140,000.00",5,0,Own,Domestic,"$29,900",18,No,Yes,Mast,27,Yes,21,No,No,Yes,Yes,Yes,No,Yes,1,57,$62.00,$731.92,$0.00,$0.00,$0.00,$0.00,$62.00,0
6008-NXRCHQ-9JK,5,Male,54,12,23,Labor,No,Married,4,"$245,000.00",4,1,Own,Domestic,"$83,700",19,No,No,Mast,35,No,24,No,No,No,Yes,Yes,No,No,0,65,$167.40,"$2,195.76",$0.00,$0.00,$0.00,$0.00,$167.40,0
6009-ZAJEHC-2XP,3,Female,18,13,0,Service,No,Unmarried,1,"$28,000.00",0,1,Own,Foreign,"$6,400",19,No,No,Disc,0,Yes,19,No,No,No,No,No,No,No,0,10,$27.40,$48.20,$0.00,$0.00,$0.00,$0.00,$27.40,0
6013-AOTWOI-QEC,1,Male,44,16,17,Labor,No,Married,2,"$182,000.00",0,0,Own,Foreign,"$43,500",25,No,Yes,Disc,15,No,25,Yes,No,No,No,No,Yes,No,1,37,$34.60,$231.80,$137.60,"$1,072.60",$0.00,$0.00,$172.20,0
6015-ASUOWY-VXJ,2,Male,22,17,0,Professional,No,Unmarried,1,"$46,000.00",9,0,NoCar,N/A,$0,20,Yes,No,Visa,5,Yes,19,Yes,No,No,No,No,No,No,0,8,$24.60,$44.96,$108.20,$179.76,$0.00,$0.00,$132.80,0
6021-TJISRB-006,1,Male,70,9,31,Crafts,Yes,Unmarried,1,"$34,000.00",2,0,Lease,Foreign,"$7,400",29,No,No,Visa,33,Yes,22,No,No,No,No,No,No,Yes,1,64,$99.00,"$1,344.04",$0.00,$0.00,$0.00,$0.00,$99.00,0
6023-TINSQC-7T4,3,Female,60,19,22,Labor,No,Married,2,"$101,000.00",2,0,Own,Domestic,"$39,700",30,Yes,Yes,AMEX,12,Yes,17,Yes,Yes,Yes,No,Yes,Yes,No,0,14,$40.40,$97.24,$156.20,$395.84,$113.25,$326.10,$309.85,1
6029-IREOHQ-FAO,2,Male,76,13,10,Professional,No,Married,2,"$106,000.00",0,0,Own,Domestic,"$24,900",19,Yes,No,Mast,33,No,21,No,No,No,No,No,No,Yes,0,67,$89.40,"$1,175.12",$0.00,$0.00,$0.00,$0.00,$89.40,0
6030-WPRQNM-02C,3,Male,71,14,1,Sales,No,Married,2,"$68,000.00",1,1,Own,Foreign,"$19,900",19,No,Yes,Mast,16,No,18,No,No,No,No,No,No,Yes,1,55,$88.20,$929.20,$0.00,$0.00,$0.00,$0.00,$88.20,0
6035-BJITZI-CTD,5,Female,25,13,0,Sales,No,Married,4,"$64,000.00",0,1,Own,Foreign,"$17,300",32,Yes,Yes,Visa,2,Yes,21,No,No,No,No,No,No,No,0,5,$14.20,$19.52,$0.00,$0.00,$0.00,$0.00,$14.20,0
6036-DCOPOQ-ZGH,5,Female,65,9,10,Service,No,Unmarried,1,"$60,000.00",9,0,Own,Domestic,"$15,600",17,No,No,Mast,13,Yes,10,No,No,No,Yes,Yes,No,No,0,26,$16.20,$86.72,$0.00,$0.00,$0.00,$0.00,$16.20,0
6042-KSWNFY-WWY,2,Male,42,11,11,Professional,No,Married,5,"$194,000.00",0,1,NoCar,N/A,$0,33,Yes,Yes,Visa,15,No,31,No,No,No,Yes,Yes,No,No,0,44,$68.60,$609.40,$0.00,$0.00,$0.00,$0.00,$68.60,0
6045-MIXCAM-NFP,2,Male,53,18,3,Sales,No,Married,4,"$70,000.00",0,1,NoCar,N/A,$0,27,Yes,Yes,AMEX,34,Yes,28,No,No,Yes,Yes,Yes,No,No,0,69,$125.40,"$1,672.84",$0.00,$0.00,$0.00,$0.00,$125.40,0
6045-NANPEA-YAD,5,Male,33,19,1,Sales,No,Married,2,"$102,000.00",0,1,Own,Foreign,"$44,200",25,No,Yes,Disc,15,Yes,18,Yes,Yes,Yes,Yes,Yes,Yes,Yes,1,49,$46.60,$460.40,$189.80,"$1,752.12",$303.00,"$3,583.98",$539.40,1
6047-XWUGAX-UG6,4,Male,76,13,5,Sales,Yes,Married,2,"$18,000.00",2,0,Lease,Foreign,"$3,800",18,Yes,Yes,Visa,18,Yes,0,No,No,Yes,Yes,Yes,Yes,No,0,36,$26.80,$182.60,$0.00,$0.00,$0.00,$0.00,$26.80,0
6049-GTRGBC-A8O,1,Female,71,16,10,Professional,No,Unmarried,1,"$108,000.00",9,0,Own,Foreign,"$23,500",19,Yes,Yes,Disc,32,Yes,15,No,No,No,No,No,No,Yes,0,66,$85.60,"$1,245.08",$0.00,$0.00,$0.00,$0.00,$85.60,0
6051-HRWOID-SC0,3,Female,64,10,4,Sales,No,Unmarried,1,"$60,000.00",0,1,Lease,Domestic,"$10,000",15,No,No,Visa,12,No,25,No,No,No,No,Yes,No,Yes,1,25,$24.20,$133.00,$0.00,$0.00,$0.00,$0.00,$24.20,0
6053-IPKVND-VMM,2,Male,25,13,4,Service,No,Married,7,"$34,000.00",2,1,Own,Foreign,"$7,200",26,No,Yes,Disc,1,Yes,23,No,No,No,No,Yes,No,No,0,6,$16.40,$19.48,$0.00,$0.00,$0.00,$0.00,$16.40,0
6055-WFKEYT-97B,4,Male,44,17,13,Labor,No,Unmarried,1,"$116,000.00",0,0,Own,Foreign,"$32,500",29,No,No,Visa,7,Yes,20,Yes,No,No,No,No,No,Yes,1,18,$23.60,$88.40,$106.60,$371.24,$0.00,$0.00,$130.20,0
6056-MCOLES-8Q3,5,Female,58,9,29,Crafts,No,Unmarried,1,"$158,000.00",3,0,NoCar,N/A,$0,27,No,No,Visa,18,No,21,No,No,No,Yes,Yes,No,Yes,0,53,$56.00,$566.60,$0.00,$0.00,$0.00,$0.00,$56.00,0
6058-JLIBCE-5X5,4,Male,67,11,13,Professional,No,Unmarried,1,"$104,000.00",6,0,Own,Foreign,"$24,600",27,No,No,Mast,15,Yes,28,No,No,No,No,No,No,No,1,25,$38.20,$177.96,$0.00,$0.00,$0.00,$0.00,$38.20,0
6059-AUMTKD-Q9A,1,Male,68,15,10,Professional,Yes,Married,3,"$24,000.00",1,1,Lease,Foreign,"$7,000",22,No,No,Mast,27,No,24,Yes,No,No,No,No,No,No,0,52,$56.00,$621.56,$117.60,"$1,160.12",$0.00,$0.00,$173.60,0
6060-LKJICZ-JEM,2,Male,18,13,0,Sales,No,Unmarried,1,"$24,000.00",0,1,Own,Foreign,"$5,700",21,No,No,Visa,0,Yes,19,No,No,No,No,Yes,No,Yes,0,10,$25.80,$44.24,$0.00,$0.00,$0.00,$0.00,$25.80,0
6061-UNBRFN-IJ4,4,Female,52,14,20,Service,No,Unmarried,1,"$158,000.00",3,1,Own,Domestic,"$66,000",30,No,Yes,Disc,13,No,30,No,No,No,No,No,No,Yes,0,35,$31.80,$238.92,$0.00,$0.00,$0.00,$0.00,$31.80,0
6067-IYSKHZ-6JM,1,Male,75,16,17,Professional,Yes,Married,2,"$26,000.00",2,1,Lease,Domestic,"$5,600",29,No,No,AMEX,23,No,22,No,Yes,Yes,Yes,Yes,Yes,No,0,46,$48.80,$448.76,$0.00,$0.00,$187.75,"$2,080.80",$236.55,0
6069-XDEXMK-X0N,4,Male,55,11,7,Sales,No,Married,2,"$94,000.00",3,1,NoCar,N/A,$0,26,No,No,AMEX,36,Yes,21,No,No,No,No,No,No,Yes,1,66,$80.00,"$1,034.24",$0.00,$0.00,$0.00,$0.00,$80.00,0
6071-QWGJLB-WHD,4,Female,41,13,10,Agriculture,No,Married,3,"$162,000.00",9,1,Own,Foreign,"$44,400",22,No,No,Disc,23,Yes,19,No,No,No,Yes,Yes,No,Yes,0,55,$103.20,"$1,126.76",$0.00,$0.00,$0.00,$0.00,$103.20,0
6073-UCPPIA-S1J,2,Male,40,18,9,Professional,No,Unmarried,1,"$122,000.00",1,1,Own,Domestic,"$26,400",27,No,Yes,Mast,13,No,12,No,No,No,Yes,No,No,Yes,0,39,$35.20,$280.76,$0.00,$0.00,$0.00,$0.00,$35.20,0
6077-HDSBQL-V95,5,Female,18,13,0,Service,No,Married,4,"$36,000.00",8,1,Own,Domestic,"$10,600",34,No,Yes,Disc,0,No,23,No,No,No,No,No,No,No,0,7,$27.20,$46.68,$0.00,$0.00,$0.00,$0.00,$27.20,0
6078-VFGDQF-Y3K,2,Male,56,15,2,Sales,No,Married,5,"$76,000.00",5,0,NoCar,N/A,$0,25,No,No,Disc,8,No,21,No,No,No,Yes,Yes,No,No,0,13,$22.80,$55.16,$0.00,$0.00,$0.00,$0.00,$22.80,0
6079-FVDGCV-EYX,4,Male,22,12,2,Professional,No,Married,5,"$30,000.00",0,0,NoCar,N/A,$0,25,No,No,Disc,4,No,24,No,No,No,Yes,Yes,Yes,No,0,14,$15.60,$45.40,$0.00,$0.00,$0.00,$0.00,$15.60,0
6082-ZTDRNG-W1I,4,Male,33,17,7,Labor,No,Married,2,"$80,000.00",3,1,NoCar,N/A,$0,30,Yes,No,Mast,15,No,21,No,No,No,Yes,Yes,No,No,0,51,$51.00,$548.08,$0.00,$0.00,$0.00,$0.00,$51.00,0
6086-QLXKZB-P8C,1,Male,19,14,0,Professional,No,Unmarried,3,"$42,000.00",1,1,Lease,Foreign,"$11,900",24,No,Yes,Mast,1,Yes,17,No,No,No,No,Yes,No,No,0,15,$18.00,$58.24,$0.00,$0.00,$0.00,$0.00,$18.00,0
6088-SCRRWD-QAY,4,Male,76,15,9,Sales,Yes,Unmarried,1,"$18,000.00",0,0,Lease,Foreign,"$4,600",20,Yes,No,Mast,27,No,0,No,No,No,No,No,Yes,Yes,0,53,$58.00,$606.92,$0.00,$0.00,$0.00,$0.00,$58.00,0
6088-TDDVGT-XO0,4,Male,70,16,33,Crafts,Yes,Unmarried,1,"$118,000.00",10,0,Own,Domestic,"$20,100",22,No,No,Visa,29,Yes,23,No,No,No,Yes,Yes,No,Yes,0,60,$38.80,$444.16,$0.00,$0.00,$0.00,$0.00,$38.80,0
6091-GSCHJX-JVD,2,Male,49,12,2,Sales,No,Unmarried,1,"$38,000.00",9,1,Own,Domestic,"$11,200",31,Yes,Yes,Visa,27,No,22,No,No,No,Yes,Yes,No,Yes,1,66,$73.00,$963.04,$0.00,$0.00,$0.00,$0.00,$73.00,0
6091-HEBKSI-QCG,2,Female,19,14,0,Sales,No,Married,3,"$82,000.00",0,0,Own,Domestic,"$20,500",15,No,No,AMEX,1,Yes,20,No,No,No,No,No,Yes,No,0,12,$21.80,$43.32,$0.00,$0.00,$0.00,$0.00,$21.80,0
6091-WODCWE-LT4,1,Male,65,18,6,Sales,No,Married,2,"$100,000.00",7,1,Own,Foreign,"$20,000",24,No,Yes,Disc,4,No,13,Yes,No,Yes,No,No,Yes,No,0,16,$22.00,$74.72,$116.80,$382.92,$0.00,$0.00,$138.80,0
6094-EPZMXC-DXH,2,Female,19,14,0,Sales,No,Unmarried,3,"$26,000.00",0,1,Own,Domestic,"$5,800",22,Yes,No,AMEX,2,Yes,0,No,No,No,Yes,No,No,No,1,2,$14.40,$5.12,$0.00,$0.00,$0.00,$0.00,$14.40,0
6094-IJGBOJ-7L6,2,Female,42,12,13,Labor,No,Unmarried,1,"$184,000.00",6,1,Own,Domestic,"$53,900",21,Yes,Yes,Mast,2,Yes,12,No,Yes,Yes,Yes,Yes,No,No,1,11,$15.00,$24.24,$0.00,$0.00,$96.00,$219.72,$111.00,0
6099-XKIMSD-LAH,1,Female,45,16,18,Crafts,No,Married,2,"$141,000.00",7,1,Own,Foreign,"$87,200",25,Yes,Yes,Disc,17,No,18,No,No,No,Yes,No,No,No,0,53,$38.20,$403.04,$0.00,$0.00,$0.00,$0.00,$38.20,0
6100-RHTRZH-W99,1,Female,52,10,12,Service,No,Unmarried,1,"$134,000.00",0,0,Own,Domestic,"$53,500",19,Yes,Yes,Disc,22,Yes,21,No,No,No,No,No,No,Yes,0,43,$29.80,$255.04,$0.00,$0.00,$0.00,$0.00,$29.80,0
6102-ISZDCT-ZAA,5,Female,55,16,20,Labor,Yes,Married,2,"$30,000.00",0,1,Lease,Foreign,"$6,500",26,Yes,No,Disc,33,Yes,27,No,No,No,No,No,No,Yes,0,70,$86.00,"$1,196.76",$0.00,$0.00,$0.00,$0.00,$86.00,0
6103-QUWYSH-L52,2,Male,55,17,19,Crafts,No,Unmarried,1,"$146,000.00",3,0,Own,Domestic,"$50,600",28,No,No,AMEX,28,No,17,Yes,Yes,Yes,Yes,Yes,No,Yes,0,59,$66.20,$704.20,$153.60,"$1,796.84",$164.00,"$2,405.88",$383.80,1
6110-EIIBEV-A7D,4,Male,28,16,1,Sales,No,Married,3,"$44,000.00",7,1,Lease,Domestic,"$9,500",20,No,No,AMEX,4,No,23,No,No,No,No,No,No,No,1,11,$25.60,$46.40,$0.00,$0.00,$0.00,$0.00,$25.60,0
6113-JHHYBW-XSD,1,Male,45,19,12,Service,No,Unmarried,1,"$72,000.00",5,1,Own,Domestic,"$16,600",15,No,Yes,Disc,17,Yes,17,Yes,Yes,Yes,Yes,Yes,Yes,Yes,0,37,$21.00,$157.96,$214.00,"$1,535.04",$216.00,"$1,911.06",$451.00,1
6113-SFPNVL-6VV,2,Male,65,11,18,Professional,No,Unmarried,1,"$156,000.00",8,1,Own,Domestic,"$44,300",29,Yes,No,Disc,8,No,19,No,No,No,No,Yes,No,No,0,9,$27.60,$56.84,$0.00,$0.00,$0.00,$0.00,$27.60,0
6115-KSXRSH-38S,2,Male,20,13,0,Service,No,Unmarried,1,"$34,000.00",1,0,Own,Domestic,"$8,500",22,No,Yes,Visa,1,Yes,0,No,No,No,Yes,No,No,No,0,2,$9.40,$2.52,$0.00,$0.00,$0.00,$0.00,$9.40,0
6119-EFZLRD-HDT,5,Male,72,11,20,Service,Yes,Unmarried,1,"$34,000.00",4,1,Own,Domestic,"$10,000",38,Yes,No,Mast,39,No,13,No,No,Yes,Yes,Yes,No,Yes,0,71,$136.00,"$1,885.92",$0.00,$0.00,$0.00,$0.00,$136.00,0
6120-ZYMAZH-14N,1,Male,64,15,15,Professional,No,Unmarried,2,"$94,000.00",10,1,Own,Domestic,"$24,600",23,Yes,Yes,Mast,13,No,16,No,No,No,No,No,No,No,0,33,$21.40,$132.28,$0.00,$0.00,$0.00,$0.00,$21.40,0
6127-NZFYZA-1CA,2,Male,62,14,31,Crafts,Yes,Married,2,"$22,000.00",3,0,Lease,Foreign,"$5,500",23,Yes,Yes,Visa,40,Yes,20,No,No,No,No,No,No,Yes,0,72,$314.40,"$4,582.36",$0.00,$0.00,$0.00,$0.00,$314.40,1
6127-OEEXCT-QVG,3,Male,63,19,18,Labor,Yes,Married,3,"$42,000.00",0,0,Own,Domestic,"$6,300",26,Yes,Yes,AMEX,24,Yes,17,No,No,No,No,No,Yes,Yes,0,49,$41.20,$410.52,$0.00,$0.00,$0.00,$0.00,$41.20,0
6133-XTQTRF-L11,4,Male,24,14,1,Sales,No,Unmarried,1,"$50,000.00",0,1,Own,Foreign,"$13,000",19,No,Yes,Disc,4,No,25,No,No,No,No,No,No,No,0,16,$10.80,$35.52,$0.00,$0.00,$0.00,$0.00,$10.80,0
6138-KGKPGZ-7D4,3,Female,51,11,3,Sales,No,Unmarried,1,"$82,000.00",2,1,Own,Foreign,"$26,400",33,No,No,Disc,11,Yes,19,Yes,No,Yes,No,No,Yes,No,0,34,$33.80,$265.96,$130.80,$824.00,$0.00,$0.00,$164.60,0
6138-XXDNLX-Q1U,4,Female,35,13,6,Crafts,No,Married,4,"$76,000.00",5,0,Own,Domestic,"$19,600",29,No,No,Visa,17,No,19,No,No,No,No,No,No,Yes,0,59,$51.60,$602.92,$0.00,$0.00,$0.00,$0.00,$51.60,0
6143-ZQRFPU-VAW,4,Female,77,12,17,Professional,Yes,Unmarried,1,"$42,000.00",12,1,Own,Domestic,"$6,400",33,No,No,Mast,37,No,20,No,No,No,No,No,No,Yes,0,70,$57.00,$803.24,$0.00,$0.00,$0.00,$0.00,$57.00,0
6144-ILITLP-IL6,4,Female,46,15,11,Labor,No,Married,3,"$176,000.00",0,1,Own,Foreign,"$46,100",25,Yes,Yes,Mast,9,No,19,No,No,No,Yes,Yes,No,No,0,28,$49.20,$257.32,$0.00,$0.00,$0.00,$0.00,$49.20,0
6146-FNDKDE-YFC,5,Female,49,18,10,Service,No,Unmarried,1,"$145,000.00",3,1,Own,Domestic,"$98,800",32,No,Yes,Disc,14,Yes,22,Yes,Yes,No,Yes,Yes,No,No,0,33,$53.80,$335.08,$153.60,"$1,004.00",$216.00,"$1,745.22",$423.40,1
6148-FYPQON-ZB9,3,Male,25,14,1,Professional,No,Unmarried,1,"$50,000.00",3,1,Own,Domestic,"$12,000",26,No,No,Mast,3,Yes,23,No,Yes,No,Yes,Yes,No,No,1,7,$16.40,$28.48,$0.00,$0.00,$104.25,$142.80,$120.65,0
6152-KPRGTZ-ZVJ,5,Male,18,11,1,Service,No,Unmarried,1,"$34,000.00",7,0,Own,Domestic,"$11,700",32,Yes,Yes,Visa,0,Yes,15,No,No,No,No,No,No,Yes,0,7,$18.60,$24.04,$0.00,$0.00,$0.00,$0.00,$18.60,0
6152-MPJNCG-H83,1,Female,39,15,5,Professional,No,Married,4,"$70,000.00",2,1,Own,Foreign,"$18,600",27,No,No,AMEX,21,Yes,18,No,No,No,No,No,Yes,Yes,0,45,$37.00,$358.00,$0.00,$0.00,$0.00,$0.00,$37.00,0
6154-XRTGDH-Q90,5,Male,67,13,15,Sales,No,Married,2,"$184,000.00",1,1,Own,Domestic,"$25,500",25,Yes,Yes,Disc,24,No,20,No,No,No,Yes,No,No,Yes,0,59,$41.60,$487.84,$0.00,$0.00,$0.00,$0.00,$41.60,0
6155-VWYTRC-LQP,2,Male,44,11,4,Sales,No,Married,2,"$72,000.00",3,1,Own,Domestic,"$9,700",15,Yes,No,Visa,24,Yes,22,No,No,No,No,Yes,Yes,Yes,0,54,$35.60,$406.64,$0.00,$0.00,$0.00,$0.00,$35.60,0
6157-FSTMHB-Z8Y,2,Female,36,14,5,Sales,No,Unmarried,1,"$34,000.00",8,1,Own,Domestic,"$7,100",18,No,No,Disc,7,Yes,25,No,No,No,No,Yes,No,No,1,18,$16.40,$47.40,$0.00,$0.00,$0.00,$0.00,$16.40,0
6158-MAYKTG-TE4,1,Male,18,13,0,Labor,No,Married,6,"$26,000.00",1,0,NoCar,N/A,$0,23,No,Yes,AMEX,0,Yes,26,No,No,No,No,No,No,No,0,7,$23.20,$21.96,$0.00,$0.00,$0.00,$0.00,$23.20,0
6161-ZTZUQY-5K1,4,Female,72,18,11,Sales,Yes,Unmarried,1,"$20,000.00",1,0,Lease,Domestic,"$4,100",27,Yes,Yes,Visa,25,No,19,Yes,No,No,No,No,Yes,No,0,49,$30.60,$276.24,$122.00,"$1,167.68",$0.00,$0.00,$152.60,0
6163-GILGEU-DY5,3,Male,77,16,26,Labor,Yes,Unmarried,1,"$26,000.00",2,1,Own,Foreign,"$6,400",37,No,Yes,Disc,31,No,22,No,No,No,No,No,No,Yes,0,63,$122.00,"$1,532.24",$0.00,$0.00,$0.00,$0.00,$122.00,0
6164-ZUOJYL-DDM,5,Female,33,14,2,Sales,No,Unmarried,1,"$56,000.00",0,1,Own,Foreign,"$11,500",35,Yes,No,Visa,3,Yes,25,No,No,No,No,No,No,No,1,15,$15.20,$53.80,$0.00,$0.00,$0.00,$0.00,$15.20,0
6170-RWXBEX-2CR,3,Male,24,18,0,Sales,No,Married,4,"$58,000.00",0,0,Lease,Domestic,"$12,000",29,Yes,Yes,Disc,6,No,17,No,No,No,No,No,No,No,0,9,$36.20,$58.16,$0.00,$0.00,$0.00,$0.00,$36.20,0
6175-CLPXTL-KC5,4,Male,21,16,0,Crafts,No,Unmarried,3,"$42,000.00",1,1,NoCar,N/A,$0,35,No,No,AMEX,3,No,15,No,No,No,No,No,No,No,0,27,$30.20,$147.44,$0.00,$0.00,$0.00,$0.00,$30.20,0
6177-YTJFDA-1WI,4,Male,41,14,16,Labor,No,Unmarried,1,"$118,000.00",2,1,Own,Foreign,"$33,600",29,No,No,Visa,17,No,19,Yes,Yes,No,No,Yes,No,No,0,54,$24.80,$264.48,$146.60,"$1,459.80",$107.50,"$1,383.42",$278.90,1
6179-RTXOGR-VGR,3,Male,22,9,0,Sales,No,Unmarried,1,"$28,000.00",0,1,Lease,Foreign,"$6,400",21,No,Yes,Mast,3,No,19,No,No,Yes,Yes,No,No,No,0,8,$15.80,$22.72,$0.00,$0.00,$0.00,$0.00,$15.80,0
6181-TXHMYM-ZM5,1,Female,66,13,22,Service,Yes,Unmarried,2,"$36,000.00",7,1,NoCar,N/A,$0,22,No,No,Visa,32,No,18,No,No,Yes,Yes,Yes,No,Yes,1,66,$69.80,$870.92,$0.00,$0.00,$0.00,$0.00,$69.80,0
6190-YQUYJH-0R0,1,Female,25,13,3,Service,No,Unmarried,1,"$28,000.00",1,1,Lease,Domestic,"$6,900",23,No,No,Disc,7,Yes,26,No,No,No,No,No,No,No,0,9,$27.40,$39.68,$0.00,$0.00,$0.00,$0.00,$27.40,0
6191-AHKBEP-ZF6,4,Female,28,12,1,Professional,No,Married,7,"$54,000.00",2,0,Own,Foreign,"$18,500",30,Yes,Yes,Mast,10,No,27,Yes,Yes,Yes,Yes,Yes,No,Yes,0,38,$25.00,$191.36,$140.40,"$1,061.40",$144.75,"$1,326.48",$310.15,1
6191-MCZORB-TXX,5,Male,39,13,4,Sales,No,Married,4,"$106,000.00",5,0,Own,Domestic,"$27,400",25,No,No,Visa,21,Yes,27,No,No,No,No,Yes,No,Yes,0,31,$53.80,$326.44,$0.00,$0.00,$0.00,$0.00,$53.80,0
6192-FFWPIK-4XF,4,Female,36,15,5,Professional,No,Unmarried,1,"$58,000.00",0,0,Own,Foreign,"$9,800",22,No,Yes,Mast,14,No,22,No,Yes,Yes,Yes,Yes,No,Yes,0,32,$39.80,$267.24,$0.00,$0.00,$146.50,"$1,033.74",$186.30,0
6194-VNSVNZ-AEU,2,Female,77,10,20,Professional,No,Unmarried,1,"$80,000.00",0,1,Own,Domestic,"$19,300",26,No,No,Disc,27,No,28,No,No,No,No,Yes,No,Yes,0,57,$72.20,$832.56,$0.00,$0.00,$0.00,$0.00,$72.20,0
6198-DVIUDS-IK0,2,Female,23,17,0,Professional,No,Married,4,"$70,000.00",0,1,Own,Foreign,"$16,700",25,No,Yes,Visa,5,Yes,22,Yes,Yes,Yes,Yes,No,Yes,No,1,9,$13.20,$32.28,$208.20,$321.08,$189.00,$329.52,$410.40,1
6203-JLXPIJ-YQZ,5,Male,45,10,15,Labor,No,Married,5,"$88,000.00",1,1,Own,Foreign,"$30,900",39,Yes,No,Mast,27,Yes,13,No,No,No,No,No,No,No,0,62,$64.60,$813.48,$0.00,$0.00,$0.00,$0.00,$64.60,0
6208-WAHHPB-HU3,2,Male,51,16,6,Sales,No,Married,2,"$104,000.00",6,1,Own,Domestic,"$16,100",27,No,No,Mast,33,Yes,22,No,Yes,Yes,Yes,Yes,No,Yes,0,72,$141.80,"$2,024.92",$0.00,$0.00,$210.00,"$3,515.22",$351.80,1
6210-DHPOYZ-UQ7,4,Female,64,15,7,Sales,No,Unmarried,1,"$70,000.00",2,1,Own,Foreign,"$15,900",23,Yes,Yes,Mast,30,No,29,No,Yes,Yes,Yes,Yes,No,Yes,0,59,$149.60,"$1,730.92",$0.00,$0.00,$231.75,"$3,198.72",$381.35,1
6211-VQQMXY-VEY,4,Female,39,20,7,Service,No,Married,4,"$116,000.00",1,0,Own,Foreign,"$28,500",29,No,No,Visa,21,Yes,23,Yes,Yes,Yes,Yes,Yes,Yes,Yes,0,61,$40.20,$506.28,$185.20,"$2,305.08",$231.00,"$3,381.90",$456.40,1
6213-OTUVBZ-HEG,5,Male,36,18,5,Labor,No,Married,4,"$60,000.00",3,1,Lease,Foreign,"$9,500",18,Yes,No,AMEX,18,No,21,Yes,Yes,Yes,Yes,Yes,Yes,No,0,35,$41.60,$300.24,$152.20,$989.60,$245.50,"$1,966.92",$439.30,1
6214-XCMWPF-KII,3,Female,61,13,11,Professional,No,Unmarried,4,"$180,000.00",5,1,Own,Domestic,"$68,100",37,No,No,Mast,27,No,29,No,No,No,No,No,No,Yes,0,60,$49.60,$616.72,$0.00,$0.00,$0.00,$0.00,$49.60,0
6220-DNXMOB-3CJ,3,Female,75,16,8,Professional,No,Unmarried,1,"$56,000.00",3,0,Own,Foreign,"$12,300",26,No,Yes,Mast,4,Yes,18,Yes,No,No,No,No,Yes,No,1,5,$18.40,$13.72,$92.40,$67.44,$0.00,$0.00,$110.80,0
6225-IYEVGJ-SK3,4,Female,37,12,15,Labor,No,Unmarried,1,"$112,000.00",0,1,Lease,Foreign,"$32,500",28,No,No,Mast,19,Yes,20,No,No,No,Yes,Yes,No,Yes,0,71,$107.20,"$1,502.72",$0.00,$0.00,$0.00,$0.00,$107.20,0
6227-BPYCTY-MBT,4,Male,69,14,14,Sales,Yes,Unmarried,1,"$40,000.00",9,0,Own,Foreign,"$9,100",45,No,Yes,Disc,9,Yes,14,No,Yes,Yes,Yes,Yes,No,Yes,0,39,$29.00,$249.32,$0.00,$0.00,$139.75,"$1,288.74",$168.75,0
6229-LSKDEG-Y8X,3,Male,23,15,2,Service,No,Unmarried,1,"$62,000.00",0,0,Own,Foreign,"$19,400",28,No,Yes,AMEX,5,No,22,No,No,No,No,Yes,No,No,1,19,$29.00,$87.20,$0.00,$0.00,$0.00,$0.00,$29.00,0
6230-KFNEMJ-5BT,2,Male,19,13,0,Professional,No,Unmarried,3,"$40,000.00",3,0,Own,Foreign,"$7,400",39,No,No,Othe,2,Yes,16,Yes,No,Yes,Yes,No,Yes,No,0,4,$9.80,$11.40,$102.20,$58.68,$0.00,$0.00,$112.00,0
6231-FDXDHF-BI1,2,Female,66,9,25,Labor,Yes,Unmarried,1,"$20,000.00",5,1,Lease,Foreign,"$4,200",32,No,No,Othe,38,Yes,15,No,No,Yes,Yes,No,No,Yes,0,72,$80.80,"$1,178.12",$0.00,$0.00,$0.00,$0.00,$80.80,0
6231-NXTZXD-SOE,5,Female,60,15,12,Sales,No,Married,2,"$138,000.00",1,1,Own,Domestic,"$33,400",16,No,Yes,AMEX,36,No,13,Yes,No,No,No,Yes,Yes,No,0,67,$78.00,"$1,104.76",$167.60,"$2,135.56",$0.00,$0.00,$245.60,0
6231-VXDDMW-GJC,4,Male,59,14,7,Sales,No,Married,2,"$72,000.00",1,1,Own,Foreign,"$7,800",27,Yes,Yes,AMEX,8,No,19,No,No,No,No,No,No,No,0,21,$18.40,$86.80,$0.00,$0.00,$0.00,$0.00,$18.40,0
6233-HYDJPL-VLO,1,Female,47,12,9,Sales,No,Married,4,"$90,000.00",1,1,Lease,Foreign,"$30,900",28,No,Yes,Disc,25,Yes,19,Yes,No,No,No,No,Yes,Yes,0,56,$41.80,$450.24,$101.20,"$1,088.00",$0.00,$0.00,$143.00,0
6237-HYIFSZ-7BK,3,Male,18,13,0,Crafts,No,Married,5,"$26,000.00",5,1,NoCar,N/A,$0,28,No,Yes,AMEX,0,Yes,22,No,Yes,Yes,Yes,Yes,No,Yes,0,2,$71.00,$30.52,$0.00,$0.00,$188.75,$64.74,$259.75,0
6237-IDDHKI-H17,4,Male,49,17,5,Sales,No,Married,3,"$120,000.00",0,1,Own,Domestic,"$36,800",26,No,No,Disc,16,Yes,20,No,No,No,Yes,No,No,Yes,1,43,$72.80,$605.84,$0.00,$0.00,$0.00,$0.00,$72.80,0
6239-BRHQWQ-UQW,2,Female,33,20,5,Agriculture,No,Unmarried,1,"$154,000.00",1,1,Own,Foreign,"$94,800",24,No,Yes,Disc,6,Yes,19,Yes,Yes,Yes,Yes,Yes,Yes,No,1,12,$16.80,$20.88,$191.60,$437.56,$258.50,$695.52,$466.90,1
6240-MKSGHD-SNK,5,Male,74,12,35,Labor,Yes,Married,2,"$78,000.00",3,0,Own,Domestic,"$17,000",26,No,No,Mast,39,No,18,No,No,No,Yes,No,No,Yes,1,72,$245.80,"$3,476.00",$0.00,$0.00,$0.00,$0.00,$245.80,0
6242-AANTSC-5QW,1,Male,25,20,0,Professional,No,Unmarried,3,"$104,000.00",1,1,Lease,Foreign,"$24,300",16,Yes,Yes,Disc,1,No,18,Yes,No,No,No,No,Yes,No,1,4,$7.80,$11.36,$119.60,$86.08,$0.00,$0.00,$127.40,0
6243-SQPFJQ-NNQ,4,Female,57,11,30,Crafts,No,Unmarried,1,"$166,000.00",5,1,Own,Foreign,"$69,600",20,No,No,Othe,34,No,18,No,No,No,No,No,No,Yes,0,65,$102.80,"$1,341.64",$0.00,$0.00,$0.00,$0.00,$102.80,0
6246-GQGGGZ-BIB,2,Female,64,20,7,Sales,No,Married,2,"$144,000.00",6,0,NoCar,N/A,$0,32,No,Yes,Disc,17,Yes,16,No,Yes,Yes,Yes,Yes,No,No,0,33,$29.40,$227.04,$0.00,$0.00,$135.75,"$1,159.68",$165.15,0
6246-OOCHWY-D9H,4,Female,42,19,4,Sales,No,Unmarried,1,"$112,000.00",0,0,Own,Foreign,"$23,900",20,No,No,Disc,13,No,17,No,No,No,Yes,Yes,Yes,No,1,30,$18.00,$104.00,$0.00,$0.00,$0.00,$0.00,$18.00,0
6246-RCBEYK-ZRG,2,Female,30,14,1,Sales,No,Unmarried,1,"$60,000.00",2,1,Lease,Domestic,"$15,800",26,Yes,Yes,Mast,7,Yes,23,No,No,No,Yes,Yes,No,No,0,13,$18.20,$43.72,$0.00,$0.00,$0.00,$0.00,$18.20,0
6246-WBWHHS-GFB,4,Female,34,15,3,Sales,No,Unmarried,2,"$92,000.00",2,1,Own,Domestic,"$17,500",28,No,Yes,AMEX,14,Yes,20,No,No,No,Yes,Yes,No,No,0,31,$43.20,$283.56,$0.00,$0.00,$0.00,$0.00,$43.20,0
6249-XKBUFA-6KS,2,Male,63,12,19,Sales,Yes,Married,2,"$22,000.00",1,0,Lease,Domestic,"$4,200",28,Yes,Yes,Mast,5,No,0,No,No,No,No,No,No,No,0,39,$18.20,$107.88,$0.00,$0.00,$0.00,$0.00,$18.20,0
6250-LFTFQQ-LVV,3,Female,23,15,0,Sales,No,Married,6,"$28,000.00",1,1,Own,Foreign,"$6,400",36,No,No,Othe,2,Yes,13,No,No,No,No,No,Yes,No,1,3,$5.20,$2.44,$0.00,$0.00,$0.00,$0.00,$5.20,0
6252-CJKGDC-H6U,2,Male,26,12,2,Professional,No,Unmarried,1,"$36,000.00",1,1,Own,Domestic,"$8,500",24,No,No,Visa,8,Yes,12,Yes,No,No,Yes,No,Yes,Yes,0,51,$41.80,$450.00,$131.20,"$1,312.80",$0.00,$0.00,$173.00,0
6254-NPBPLQ-MN9,3,Male,41,11,9,Professional,No,Married,3,"$70,000.00",0,1,Lease,Domestic,"$24,000",20,No,No,Mast,23,Yes,22,No,Yes,Yes,Yes,Yes,Yes,Yes,1,66,$75.60,"$1,008.56",$0.00,$0.00,$186.75,"$3,105.60",$262.35,0
6254-ORDXSZ-8K4,5,Male,24,17,0,Sales,No,Unmarried,1,"$56,000.00",2,1,Lease,Domestic,"$13,100",23,Yes,No,Disc,6,Yes,12,No,Yes,Yes,Yes,No,Yes,Yes,0,29,$40.20,$262.60,$0.00,$0.00,$136.00,$913.62,$176.20,0
6254-RFUQRE-7QK,1,Male,43,12,13,Service,No,Unmarried,1,"$62,000.00",5,1,Own,Foreign,"$16,100",26,No,Yes,Disc,12,No,17,No,No,No,No,Yes,No,No,0,39,$15.60,$114.36,$0.00,$0.00,$0.00,$0.00,$15.60,0
6254-UBKFEY-KK7,2,Male,35,11,8,Crafts,No,Married,3,"$66,000.00",0,1,Own,Foreign,"$14,200",19,No,No,Visa,4,No,19,No,Yes,No,Yes,Yes,No,No,1,6,$14.80,$10.72,$0.00,$0.00,$96.00,$101.40,$110.80,0
6260-QQNXVJ-8B8,5,Male,32,18,2,Sales,No,Married,4,"$74,000.00",1,1,Own,Domestic,"$22,400",26,No,Yes,AMEX,14,No,25,No,No,No,No,No,Yes,No,0,22,$37.00,$159.76,$0.00,$0.00,$0.00,$0.00,$37.00,0
6264-AVAVJD-F9M,3,Male,43,14,13,Crafts,No,Married,6,"$100,000.00",0,1,Own,Foreign,"$14,000",31,No,No,Mast,10,Yes,14,No,No,No,Yes,Yes,No,No,0,22,$29.60,$122.92,$0.00,$0.00,$0.00,$0.00,$29.60,0
6265-TRTEVP-RH1,2,Female,30,16,4,Service,No,Married,5,"$50,000.00",0,1,Own,Domestic,"$12,400",26,No,No,Mast,1,No,22,Yes,No,No,No,No,Yes,No,0,5,$20.60,$16.68,$85.20,$76.84,$0.00,$0.00,$105.80,0
6266-JGJIFD-CV3,2,Male,26,17,1,Labor,No,Unmarried,2,"$66,000.00",0,1,Own,Foreign,"$18,800",15,No,Yes,Visa,2,Yes,22,Yes,Yes,Yes,No,No,Yes,No,0,4,$17.80,$8.76,$140.60,$74.56,$184.00,$121.02,$342.40,1
6266-RLDNCR-J7Y,4,Female,69,14,32,Labor,Yes,Unmarried,1,"$166,000.00",0,1,NoCar,N/A,$0,30,No,No,Visa,16,No,17,Yes,No,No,No,No,Yes,No,0,41,$43.80,$371.88,$124.80,$952.08,$0.00,$0.00,$168.60,0
6266-RPFUST-N4B,3,Female,54,19,6,Sales,No,Married,3,"$118,000.00",1,1,Own,Domestic,"$33,500",34,No,Yes,Disc,22,No,16,Yes,Yes,No,No,No,Yes,No,0,33,$25.60,$166.80,$111.20,$675.36,$89.00,$671.58,$225.80,0
6269-CNSEKH-JCD,1,Male,63,15,7,Sales,Yes,Unmarried,1,"$36,000.00",2,1,Own,Foreign,"$9,100",27,No,No,Mast,6,Yes,18,No,No,No,Yes,Yes,No,No,0,14,$23.80,$65.52,$0.00,$0.00,$0.00,$0.00,$23.80,0
6271-UTJWZZ-W2J,3,Female,77,21,7,Sales,Yes,Unmarried,1,"$26,000.00",1,1,NoCar,N/A,$0,23,Yes,No,AMEX,22,No,21,Yes,No,No,No,No,Yes,No,1,47,$45.40,$416.80,$117.40,"$1,036.08",$0.00,$0.00,$162.80,0
6272-XHEHQD-H5E,5,Female,32,15,5,Service,No,Unmarried,2,"$60,000.00",1,0,Own,Foreign,"$19,400",34,Yes,Yes,AMEX,2,Yes,13,Yes,Yes,Yes,Yes,Yes,Yes,No,0,2,$10.60,$4.24,$111.00,$34.56,$92.75,$25.02,$214.35,0
6273-OWSFIY-CD1,3,Female,42,11,13,Professional,No,Unmarried,1,"$86,000.00",2,0,Own,Foreign,"$17,800",21,Yes,Yes,Visa,3,Yes,20,No,No,No,No,No,No,No,1,3,$10.60,$4.92,$0.00,$0.00,$0.00,$0.00,$10.60,0
6274-WKNKWX-AKM,2,Female,75,9,32,Labor,Yes,Married,2,"$70,000.00",0,0,Own,Domestic,"$13,000",20,No,Yes,Othe,32,No,12,No,No,No,Yes,Yes,No,Yes,0,64,$56.40,$769.48,$0.00,$0.00,$0.00,$0.00,$56.40,0
6276-FTSUTE-KD3,3,Female,29,16,2,Service,No,Unmarried,5,"$132,000.00",6,1,Own,Foreign,"$38,800",17,Yes,No,Mast,11,Yes,25,Yes,Yes,Yes,No,Yes,Yes,Yes,1,27,$26.60,$164.08,$214.60,"$1,143.68",$200.25,"$1,245.60",$441.45,1
6280-AVXEUM-SFZ,4,Female,28,19,1,Professional,No,Unmarried,2,"$76,000.00",9,0,Own,Foreign,"$17,100",21,No,No,Disc,2,No,13,Yes,Yes,Yes,Yes,Yes,Yes,No,0,5,$13.60,$17.12,$213.20,$165.36,$258.50,$272.16,$485.30,1
6280-AWEJDI-TNU,4,Male,67,13,8,Sales,No,Married,2,"$92,000.00",2,1,NoCar,N/A,$0,32,No,Yes,AMEX,39,Yes,22,No,Yes,Yes,Yes,Yes,No,Yes,1,71,$67.20,$943.40,$0.00,$0.00,$189.75,"$3,086.64",$256.95,0
6281-YXHVKP-VKM,3,Female,60,17,22,Labor,Yes,Married,2,"$40,000.00",0,1,Own,Foreign,"$9,500",22,Yes,Yes,AMEX,26,No,25,Yes,No,No,No,No,No,Yes,1,58,$72.40,$819.16,$96.00,"$1,188.84",$0.00,$0.00,$168.40,0
6282-LMTRRV-TTL,3,Male,26,12,5,Crafts,No,Married,3,"$58,000.00",0,1,Own,Domestic,"$11,400",27,Yes,Yes,Mast,2,Yes,0,No,No,No,No,No,Yes,No,0,4,$25.20,$23.08,$0.00,$0.00,$0.00,$0.00,$25.20,0
6284-TQRXAR-KJP,4,Male,78,7,12,Sales,Yes,Unmarried,1,"$32,000.00",2,0,Own,Domestic,"$5,500",31,Yes,Yes,Visa,14,Yes,22,No,No,No,Yes,Yes,No,No,1,27,$69.00,$401.08,$0.00,$0.00,$0.00,$0.00,$69.00,0
6287-SGPLGC-693,1,Male,23,18,0,Sales,No,Unmarried,2,"$168,000.00",0,0,Own,Foreign,"$35,700",21,Yes,Yes,Visa,3,No,19,Yes,No,No,No,No,Yes,No,1,10,$23.20,$51.52,$86.00,$163.60,$0.00,$0.00,$109.20,0
6288-ATESMS-YXJ,3,Female,47,17,5,Sales,No,Married,4,"$88,000.00",3,1,NoCar,N/A,$0,27,Yes,Yes,Visa,23,No,18,Yes,Yes,Yes,Yes,Yes,Yes,Yes,0,47,$66.20,$583.56,$228.60,"$2,136.36",$290.25,"$3,234.00",$585.05,1
6288-TNYHFD-YG4,1,Male,65,19,6,Sales,Yes,Unmarried,1,"$18,000.00",0,0,NoCar,N/A,$0,19,No,Yes,Visa,9,No,0,Yes,No,Yes,No,No,Yes,No,0,20,$14.40,$38.60,$98.20,$372.12,$0.00,$0.00,$112.60,0
6289-YVKMBB-CXK,4,Female,27,11,3,Service,No,Married,4,"$42,000.00",6,1,Own,Domestic,"$11,100",22,Yes,No,Visa,1,Yes,16,No,No,No,No,No,No,No,0,1,$12.80,$2.56,$0.00,$0.00,$0.00,$0.00,$12.80,0
6292-NRQEAR-DJ2,1,Female,44,14,15,Labor,No,Married,2,"$160,000.00",2,1,Own,Foreign,"$33,500",27,Yes,Yes,Mast,11,No,6,Yes,Yes,Yes,Yes,Yes,Yes,Yes,0,33,$46.40,$322.88,$170.80,"$1,098.04",$157.75,"$1,177.62",$374.95,1
6293-NYPJDV-O0P,5,Male,77,14,31,Crafts,Yes,Unmarried,1,"$38,000.00",1,0,Lease,Domestic,"$10,700",28,No,No,Visa,28,No,23,No,No,No,No,No,No,Yes,0,50,$49.20,$515.72,$0.00,$0.00,$0.00,$0.00,$49.20,0
6297-YLBVQR-CWT,3,Female,24,11,2,Professional,No,Married,4,"$34,000.00",0,0,NoCar,N/A,$0,32,No,Yes,Mast,6,No,0,No,No,No,Yes,No,No,Yes,0,13,$19.80,$50.60,$0.00,$0.00,$0.00,$0.00,$19.80,0
6299-IMFAQU-EAQ,5,Female,27,16,1,Sales,No,Unmarried,1,"$42,000.00",0,0,Own,Foreign,"$11,600",26,No,No,Visa,6,No,20,Yes,Yes,No,No,No,Yes,No,0,21,$7.80,$43.20,$113.20,$428.60,$112.00,$525.90,$233.00,0
6301-JHWLOH-5VB,4,Female,34,11,8,Professional,No,Married,5,"$128,000.00",0,1,Lease,Foreign,"$33,000",21,No,Yes,Visa,12,Yes,25,No,No,No,Yes,Yes,No,Yes,0,28,$35.20,$223.16,$0.00,$0.00,$0.00,$0.00,$35.20,0
6305-ZYYSKB-Q3G,5,Male,32,18,1,Sales,No,Unmarried,1,"$70,000.00",0,1,NoCar,N/A,$0,17,No,No,AMEX,7,No,15,Yes,Yes,Yes,Yes,Yes,Yes,Yes,1,15,$23.00,$55.12,$193.00,$564.00,$192.25,$685.68,$408.25,1
6308-REILUL-K6N,3,Male,54,22,11,Professional,No,Married,2,"$642,000.00",2,1,Own,Foreign,"$86,300",25,No,Yes,Disc,21,No,18,Yes,Yes,Yes,Yes,Yes,Yes,No,0,46,$36.60,$351.04,$335.60,"$3,108.88",$521.25,"$5,523.78",$893.45,1
6309-HRNBPZ-565,4,Female,55,15,10,Sales,No,Unmarried,1,"$98,000.00",0,1,NoCar,N/A,$0,37,No,No,AMEX,20,No,15,No,No,Yes,Yes,Yes,No,No,0,52,$28.80,$298.44,$0.00,$0.00,$0.00,$0.00,$28.80,0
6310-RDCRWA-S03,4,Male,35,18,5,Service,No,Unmarried,1,"$100,000.00",0,0,NoCar,N/A,$0,20,Yes,Yes,Visa,8,Yes,21,Yes,Yes,Yes,Yes,Yes,No,No,0,30,$50.40,$300.76,$166.60,$961.40,$145.75,$949.62,$362.75,1
6311-CWVIVQ-NWL,4,Male,32,16,4,Professional,No,Unmarried,1,"$122,000.00",0,1,Own,Foreign,"$72,200",20,No,Yes,Disc,14,No,21,Yes,No,No,No,Yes,Yes,No,0,41,$34.60,$273.20,$141.40,"$1,096.00",$0.00,$0.00,$176.00,0
6312-ESUBSO-2JB,3,Male,48,16,14,Labor,No,Married,2,"$172,000.00",13,1,Own,Domestic,"$37,100",19,Yes,Yes,Disc,30,No,22,No,No,No,Yes,No,No,Yes,1,65,$85.40,"$1,102.48",$0.00,$0.00,$0.00,$0.00,$85.40,0
6314-VIYBHY-P71,5,Male,20,15,0,Professional,No,Unmarried,4,"$50,000.00",7,0,Own,Domestic,"$18,500",38,Yes,Yes,Mast,2,Yes,18,Yes,Yes,Yes,Yes,Yes,Yes,No,1,9,$21.40,$35.16,$203.00,$357.16,$190.25,$327.60,$414.65,1
6318-BGRJVF-P5F,4,Male,23,9,2,Professional,No,Married,3,"$30,000.00",1,0,Own,Domestic,"$10,300",23,No,No,Mast,5,No,18,No,No,No,No,No,No,Yes,0,49,$40.80,$404.24,$0.00,$0.00,$0.00,$0.00,$40.80,0
6318-GJXIZZ-26J,5,Female,73,20,13,Professional,No,Unmarried,1,"$154,000.00",9,1,NoCar,N/A,$0,32,No,Yes,Mast,22,Yes,14,Yes,Yes,Yes,Yes,Yes,Yes,No,0,49,$42.00,$420.76,$225.00,"$2,209.32",$239.00,"$2,800.02",$506.00,1
6319-CCXCLW-7UL,5,Male,44,14,6,Sales,No,Unmarried,1,"$64,000.00",0,0,Own,Domestic,"$13,000",21,Yes,No,AMEX,10,Yes,29,Yes,Yes,Yes,Yes,Yes,No,No,0,22,$52.80,$216.16,$153.00,$654.64,$213.75,"$1,107.42",$419.55,1
6320-XCYEGF-4VT,2,Male,29,13,6,Labor,No,Unmarried,1,"$48,000.00",5,0,NoCar,N/A,$0,23,Yes,No,Disc,4,No,21,No,No,No,No,No,No,No,0,7,$22.40,$35.80,$0.00,$0.00,$0.00,$0.00,$22.40,0
6321-DYNLMT-HZO,2,Female,26,13,5,Labor,No,Married,5,"$42,000.00",0,1,Own,Foreign,"$18,500",28,No,No,Disc,4,Yes,16,Yes,Yes,Yes,Yes,Yes,Yes,No,1,15,$14.20,$38.92,$185.80,$598.64,$172.25,$515.52,$372.25,1
6322-BPCXEI-Q4D,1,Female,46,16,4,Sales,No,Unmarried,1,"$112,000.00",1,0,Own,Domestic,"$28,400",27,Yes,No,AMEX,9,No,19,No,No,No,No,No,No,No,0,30,$35.00,$215.16,$0.00,$0.00,$0.00,$0.00,$35.00,0
6322-DUQEUQ-8TQ,4,Female,24,16,1,Professional,No,Unmarried,1,"$28,000.00",0,0,Lease,Domestic,"$7,100",33,No,Yes,Mast,7,Yes,19,Yes,Yes,Yes,Yes,Yes,Yes,No,0,19,$28.20,$103.28,$169.60,$581.80,$140.00,$679.08,$337.80,1
6323-UYGGYL-ST1,2,Female,38,21,5,Professional,No,Unmarried,1,"$74,000.00",13,0,Own,Foreign,"$20,100",37,No,Yes,AMEX,7,Yes,26,Yes,Yes,Yes,Yes,Yes,Yes,Yes,1,16,$47.80,$146.40,$184.20,$513.76,$187.50,$640.44,$419.50,1
6326-NLSAHF-9WY,4,Male,33,20,1,Sales,No,Married,3,"$110,000.00",2,1,Own,Foreign,"$17,200",25,No,No,Disc,15,Yes,22,Yes,Yes,Yes,No,No,Yes,Yes,0,62,$41.80,$531.48,$193.20,"$2,349.12",$292.50,"$4,396.74",$527.50,1
6332-JQECZD-WLF,3,Male,79,11,37,Labor,Yes,Unmarried,1,"$34,000.00",0,0,NoCar,N/A,$0,32,Yes,Yes,Othe,36,Yes,20,No,No,No,Yes,Yes,No,Yes,0,68,$46.80,$621.08,$0.00,$0.00,$0.00,$0.00,$46.80,0
6334-TMKRLS-3XA,2,Female,49,14,14,Professional,No,Unmarried,1,"$181,000.00",7,1,Own,Domestic,"$87,600",23,No,No,Visa,26,No,17,Yes,Yes,Yes,Yes,Yes,Yes,Yes,0,62,$89.80,"$1,129.60",$204.80,"$2,507.36",$273.50,"$4,106.10",$568.10,1
6337-DWJYHK-QJE,5,Male,67,20,12,Professional,No,Unmarried,1,"$130,000.00",4,1,Own,Domestic,"$89,400",33,Yes,No,AMEX,9,Yes,18,Yes,Yes,Yes,Yes,Yes,Yes,Yes,0,37,$32.00,$231.80,$177.00,"$1,227.80",$232.50,"$1,895.22",$441.50,1
6337-NZXFWD-N86,5,Male,34,19,1,Sales,No,Married,5,"$72,000.00",0,1,Own,Domestic,"$28,900",25,No,No,Disc,15,No,20,No,Yes,Yes,Yes,Yes,No,No,1,30,$29.60,$147.12,$0.00,$0.00,$177.00,"$1,206.06",$206.60,0
6340-RNSKSA-Q6S,2,Male,42,11,7,Professional,No,Unmarried,1,"$80,000.00",3,0,Own,Foreign,"$19,500",20,No,No,Disc,14,Yes,29,No,No,No,Yes,Yes,No,Yes,0,35,$32.00,$212.92,$0.00,$0.00,$0.00,$0.00,$32.00,0
6343-MDDJHT-XZJ,5,Female,74,9,26,Professional,No,Unmarried,1,"$124,000.00",4,1,Own,Domestic,"$33,300",19,No,No,Disc,40,No,14,No,No,No,Yes,No,No,Yes,1,72,$155.60,"$2,219.96",$0.00,$0.00,$0.00,$0.00,$155.60,0
6347-XUDTDH-69I,3,Female,20,15,0,Crafts,No,Married,5,"$36,000.00",3,1,Own,Foreign,"$10,300",34,No,Yes,AMEX,2,No,12,No,Yes,Yes,Yes,No,Yes,No,0,22,$19.60,$78.36,$0.00,$0.00,$146.00,$745.56,$165.60,0
6352-DYVEHV-71L,2,Female,19,14,0,Sales,No,Married,4,"$54,000.00",0,1,Own,Domestic,"$13,400",31,No,Yes,AMEX,1,Yes,19,No,No,No,Yes,Yes,No,Yes,0,8,$17.80,$27.36,$0.00,$0.00,$0.00,$0.00,$17.80,0
6353-PVDNLB-5LI,2,Male,31,14,8,Crafts,No,Unmarried,3,"$136,000.00",3,0,Own,Foreign,"$55,800",27,Yes,Yes,Visa,8,Yes,29,No,No,No,Yes,Yes,No,No,0,24,$18.80,$76.64,$0.00,$0.00,$0.00,$0.00,$18.80,0
6354-FYYPEI-BS2,4,Male,43,11,8,Sales,No,Unmarried,2,"$96,000.00",3,0,NoCar,N/A,$0,20,Yes,Yes,AMEX,12,Yes,25,No,No,No,No,No,No,No,0,26,$34.00,$172.96,$0.00,$0.00,$0.00,$0.00,$34.00,0
6354-YEDPOQ-U8E,1,Male,77,12,29,Service,Yes,Unmarried,2,"$46,000.00",3,0,Own,Domestic,"$9,800",41,No,Yes,Visa,37,No,21,No,No,No,Yes,No,No,Yes,0,67,$95.80,"$1,363.04",$0.00,$0.00,$0.00,$0.00,$95.80,0
6360-RUGDRG-8HY,3,Male,28,12,9,Agriculture,No,Married,4,"$90,000.00",0,1,Own,Domestic,"$21,100",36,No,Yes,Disc,10,Yes,19,Yes,Yes,Yes,Yes,Yes,Yes,Yes,0,26,$26.20,$160.68,$228.00,"$1,055.80",$319.00,"$1,928.88",$573.20,1
6363-BTCPXJ-NEO,1,Female,20,15,0,Service,No,Married,4,"$56,000.00",3,1,Own,Foreign,"$12,100",25,No,No,Visa,2,Yes,30,Yes,Yes,Yes,Yes,Yes,Yes,No,0,15,$23.80,$64.72,$191.40,$510.24,$255.25,$805.56,$470.45,1
6363-ZSGCGS-QUP,3,Male,73,17,20,Professional,Yes,Unmarried,1,"$24,000.00",6,1,Lease,Domestic,"$4,900",27,No,Yes,Mast,36,No,28,Yes,No,No,No,No,Yes,Yes,1,66,$88.60,"$1,166.32",$110.60,"$1,436.24",$0.00,$0.00,$199.20,0
6364-UDOXSK-CLL,5,Female,69,16,16,Sales,No,Unmarried,1,"$106,000.00",9,1,Own,Foreign,"$38,900",23,Yes,Yes,AMEX,37,No,19,No,No,No,No,No,No,No,0,69,$74.80,"$1,000.92",$0.00,$0.00,$0.00,$0.00,$74.80,0
6365-JARJTJ-XO1,2,Male,71,12,4,Sales,Yes,Married,2,"$24,000.00",2,0,Lease,Domestic,"$4,600",22,No,Yes,Othe,2,Yes,22,No,No,No,Yes,Yes,No,No,0,6,$19.80,$25.96,$0.00,$0.00,$0.00,$0.00,$19.80,0
6365-JCPDNI-TYU,1,Male,63,19,12,Service,Yes,Married,2,"$20,000.00",2,1,Lease,Domestic,"$4,400",26,No,Yes,Disc,20,Yes,12,No,No,No,No,No,No,Yes,0,50,$52.40,$548.48,$0.00,$0.00,$0.00,$0.00,$52.40,0
6367-XMSGVL-AZZ,4,Male,26,14,1,Sales,No,Unmarried,3,"$64,000.00",1,1,NoCar,N/A,$0,26,No,No,Visa,5,No,23,Yes,No,No,No,No,No,No,0,24,$48.00,$226.48,$126.40,$567.72,$0.00,$0.00,$174.40,0
6372-AYKPRL-Q4B,4,Male,43,16,0,Sales,No,Unmarried,1,"$162,000.00",1,0,Own,Domestic,"$45,800",20,No,Yes,Visa,1,No,14,No,Yes,Yes,Yes,Yes,Yes,No,1,3,$12.20,$5.76,$0.00,$0.00,$147.25,$71.16,$159.45,0
6378-WSYINQ-NNO,4,Female,30,15,3,Service,No,Unmarried,2,"$60,000.00",4,1,Lease,Domestic,"$10,800",21,No,Yes,Visa,8,Yes,23,No,No,No,No,No,No,No,0,13,$15.20,$41.64,$0.00,$0.00,$0.00,$0.00,$15.20,0
6380-IRBJLO-AZU,4,Male,41,18,10,Professional,No,Unmarried,1,"$119,000.00",0,1,Own,Domestic,"$64,600",20,Yes,Yes,AMEX,15,No,22,Yes,No,No,No,No,No,No,0,26,$35.00,$175.40,$105.00,$455.84,$0.00,$0.00,$140.00,0
6384-IIWVWA-KQ4,1,Female,18,13,0,Crafts,No,Unmarried,3,"$30,000.00",0,1,Own,Foreign,"$6,300",17,No,No,Visa,1,Yes,0,No,No,No,No,No,No,No,1,1,$10.40,$2.08,$0.00,$0.00,$0.00,$0.00,$10.40,0
6385-FTTNJU-7GQ,5,Female,63,15,3,Sales,No,Unmarried,2,"$104,000.00",1,1,Own,Foreign,"$22,100",27,No,Yes,AMEX,3,Yes,21,No,No,No,No,No,Yes,No,0,13,$17.20,$60.44,$0.00,$0.00,$0.00,$0.00,$17.20,0
6385-ZZAJYG-PJY,3,Female,56,15,10,Professional,No,Married,2,"$160,000.00",0,1,Own,Foreign,"$57,700",29,No,Yes,Visa,29,Yes,18,Yes,No,No,No,No,No,No,0,61,$35.20,$445.28,$93.40,"$1,102.20",$0.00,$0.00,$128.60,0
6395-GZWGYI-BGW,3,Male,33,19,2,Sales,No,Married,4,"$164,000.00",0,1,Own,Domestic,"$44,500",27,No,No,AMEX,15,Yes,26,Yes,No,No,No,No,Yes,No,0,41,$37.80,$314.72,$95.00,$726.48,$0.00,$0.00,$132.80,0
6395-NQKEME-E6N,2,Female,37,16,3,Professional,No,Married,2,"$128,000.00",1,1,Own,Domestic,"$41,700",23,No,No,Othe,5,Yes,13,Yes,Yes,Yes,Yes,Yes,No,No,0,18,$33.80,$121.56,$172.40,$538.24,$114.75,$435.66,$320.95,1
6397-YQAAVP-R3B,2,Female,54,10,2,Sales,No,Married,5,"$64,000.00",7,1,Own,Foreign,"$18,400",16,Yes,Yes,Visa,3,Yes,15,No,Yes,Yes,Yes,Yes,No,No,1,12,$17.60,$38.52,$0.00,$0.00,$138.50,$374.76,$156.10,0
6400-ESWXJX-IHO,4,Male,20,15,0,Sales,No,Unmarried,1,"$56,000.00",1,0,Own,Foreign,"$12,200",19,Yes,Yes,AMEX,1,Yes,8,No,No,No,No,No,No,No,0,2,$12.40,$2.84,$0.00,$0.00,$0.00,$0.00,$12.40,0
6400-XUMGLZ-W9J,5,Male,72,7,7,Sales,Yes,Unmarried,1,"$18,000.00",1,0,NoCar,N/A,$0,17,No,No,Mast,9,No,23,No,No,No,No,Yes,No,No,0,37,$18.80,$130.96,$0.00,$0.00,$0.00,$0.00,$18.80,0
6402-LYZTIX-01O,4,Female,25,20,0,Sales,No,Married,3,"$76,000.00",6,1,Own,Foreign,"$11,000",27,No,Yes,Disc,7,No,15,Yes,Yes,Yes,No,No,Yes,No,1,20,$31.60,$138.88,$178.80,$738.88,$195.75,$830.58,$406.15,1
6402-TZDQTH-6IH,3,Female,26,20,0,Labor,No,Married,5,"$36,000.00",9,0,Own,Foreign,"$6,600",28,No,Yes,Visa,8,No,21,Yes,No,No,No,No,Yes,Yes,1,47,$30.00,$265.24,$139.60,"$1,283.76",$0.00,$0.00,$169.60,0
6406-UPYVGC-PGO,2,Male,24,19,0,Sales,No,Unmarried,1,"$54,000.00",7,1,Own,Domestic,"$13,500",26,Yes,Yes,AMEX,7,Yes,19,Yes,No,No,No,No,Yes,No,0,29,$44.80,$247.88,$105.00,$606.76,$0.00,$0.00,$149.80,0
6408-JSHAET-T6V,5,Female,35,20,1,Sales,No,Married,5,"$103,000.00",1,1,NoCar,N/A,$0,28,No,Yes,Disc,17,No,20,Yes,Yes,Yes,Yes,No,Yes,No,1,44,$55.20,$486.40,$198.60,"$1,768.56",$203.50,"$2,048.28",$457.30,1
6410-JGRRMS-KND,3,Male,68,13,31,Service,Yes,Married,2,"$64,000.00",8,1,Own,Foreign,"$19,800",28,Yes,Yes,Disc,37,No,19,No,No,Yes,Yes,Yes,No,Yes,0,72,$104.80,"$1,501.92",$0.00,$0.00,$0.00,$0.00,$104.80,0
6411-IKEHAU-GXD,2,Male,31,14,0,Sales,No,Married,3,"$76,000.00",0,0,Own,Domestic,"$16,600",24,No,Yes,Mast,13,Yes,25,No,No,Yes,Yes,Yes,No,No,0,33,$41.40,$291.36,$0.00,$0.00,$0.00,$0.00,$41.40,0
6411-UBAAYJ-XDJ,1,Male,52,17,8,Professional,No,Unmarried,1,"$54,000.00",4,1,NoCar,N/A,$0,24,Yes,No,Disc,35,Yes,21,No,No,No,Yes,Yes,No,Yes,0,65,$48.00,$653.72,$0.00,$0.00,$0.00,$0.00,$48.00,0
6412-ALYEFT-RQ6,5,Male,18,13,0,Sales,No,Unmarried,5,"$30,000.00",1,0,Own,Foreign,"$6,100",28,Yes,No,Visa,0,Yes,11,No,No,No,Yes,No,No,No,0,0,$29.40,#NULL!,$0.00,$0.00,$0.00,$0.00,$29.40,0
6414-FQBWNG-XFE,4,Female,30,12,2,Sales,No,Married,4,"$112,000.00",6,1,Own,Domestic,"$27,900",29,No,Yes,Visa,2,No,18,No,No,Yes,Yes,Yes,No,No,1,15,$14.60,$38.56,$0.00,$0.00,$0.00,$0.00,$14.60,0
6414-OPCQXX-WBW,3,Female,47,14,14,Crafts,No,Unmarried,1,"$158,000.00",3,0,Own,Domestic,"$33,200",26,No,No,Disc,29,No,25,No,No,Yes,Yes,Yes,No,Yes,0,52,$78.00,$858.52,$0.00,$0.00,$0.00,$0.00,$78.00,0
6416-GRZFIU-NYI,2,Male,62,15,3,Professional,No,Married,2,"$86,000.00",14,1,Lease,Foreign,"$15,500",27,No,Yes,Disc,7,No,24,No,No,No,No,Yes,No,No,1,21,$14.20,$56.92,$0.00,$0.00,$0.00,$0.00,$14.20,0
6424-HHPNRP-MXW,2,Female,42,15,13,Agriculture,No,Married,2,"$88,000.00",4,1,Own,Foreign,"$21,000",20,No,No,Disc,22,No,13,No,No,No,Yes,No,No,Yes,0,48,$53.80,$521.28,$0.00,$0.00,$0.00,$0.00,$53.80,0
6426-FSNNEX-5R9,2,Female,33,15,6,Labor,No,Married,3,"$60,000.00",0,1,Own,Foreign,"$15,800",15,No,Yes,Visa,5,Yes,16,No,No,No,No,No,No,No,0,13,$13.40,$36.60,$0.00,$0.00,$0.00,$0.00,$13.40,0
6428-RXOYFV-DHO,1,Female,53,19,17,Professional,No,Married,2,"$192,000.00",1,1,Own,Foreign,"$91,400",27,No,No,AMEX,31,Yes,16,No,Yes,Yes,Yes,Yes,Yes,No,0,62,$77.20,$970.80,$0.00,$0.00,$206.00,"$3,005.58",$283.20,1
6429-GMGFFW-Y6O,4,Female,47,16,11,Labor,No,Married,3,"$78,000.00",8,1,Own,Foreign,"$21,400",24,Yes,No,Mast,29,Yes,29,No,No,Yes,Yes,No,No,Yes,0,66,$44.00,$577.96,$0.00,$0.00,$0.00,$0.00,$44.00,0
6431-FGVIYD-FCN,4,Male,79,17,3,Sales,Yes,Married,2,"$30,000.00",4,1,Lease,Domestic,"$7,500",25,No,No,Disc,38,Yes,23,Yes,No,No,No,No,No,Yes,0,71,$123.80,"$1,650.56",$149.40,"$2,108.40",$0.00,$0.00,$273.20,0
6433-SDEDZO-V8L,3,Male,48,14,13,Labor,No,Unmarried,2,"$176,000.00",6,1,Own,Foreign,"$52,600",30,No,No,Disc,25,Yes,20,No,No,No,No,No,No,No,1,44,$31.00,$259.48,$0.00,$0.00,$0.00,$0.00,$31.00,0
6437-XQJPHO-LCJ,4,Female,19,14,0,Service,No,Married,3,"$42,000.00",5,0,Lease,Foreign,"$9,900",31,No,Yes,Mast,1,Yes,16,No,No,Yes,No,No,Yes,No,0,9,$20.00,$29.48,$0.00,$0.00,$0.00,$0.00,$20.00,0
6438-PYHIPB-1TD,2,Male,47,12,1,Sales,No,Unmarried,1,"$48,000.00",1,1,Lease,Domestic,"$13,600",18,No,No,AMEX,15,No,16,Yes,No,No,No,Yes,Yes,Yes,0,39,$52.80,$408.60,$162.20,"$1,302.76",$0.00,$0.00,$215.00,0
6440-RTNNBD-S7T,5,Female,39,17,2,Sales,No,Married,2,"$96,000.00",7,1,Own,Foreign,"$19,600",30,Yes,No,AMEX,7,No,19,No,No,Yes,Yes,Yes,No,No,1,11,$21.20,$33.84,$0.00,$0.00,$0.00,$0.00,$21.20,0
6441-FJUWZQ-7G8,3,Male,37,11,2,Professional,No,Unmarried,1,"$58,000.00",0,0,NoCar,N/A,$0,29,No,No,Othe,12,Yes,21,Yes,Yes,Yes,Yes,Yes,Yes,Yes,0,39,$52.40,$403.56,$174.00,"$1,331.16",$157.50,"$1,439.04",$383.90,1
6441-JFGQBP-OUD,2,Female,34,20,2,Professional,No,Unmarried,1,"$60,000.00",7,0,Own,Foreign,"$15,900",31,No,Yes,AMEX,10,No,16,Yes,No,No,Yes,No,Yes,No,0,23,$29.00,$123.60,$112.40,$510.00,$0.00,$0.00,$141.40,0
6442-NNEOBK-8M9,1,Female,62,17,5,Sales,No,Married,2,"$132,000.00",0,0,Own,Foreign,"$24,300",13,No,Yes,Disc,10,No,14,No,Yes,Yes,No,Yes,Yes,No,0,34,$41.20,$258.00,$0.00,$0.00,$121.25,$907.86,$162.45,0
6442-NPCZOY-JX5,4,Female,55,11,17,Crafts,No,Married,2,"$156,000.00",6,1,Own,Foreign,"$45,200",20,No,Yes,AMEX,16,No,27,No,No,No,Yes,Yes,No,No,0,53,$52.40,$547.52,$0.00,$0.00,$0.00,$0.00,$52.40,0
6442-YZYPRX-2C0,2,Male,69,16,9,Sales,No,Unmarried,1,"$76,000.00",11,1,Own,Domestic,"$17,500",17,Yes,Yes,Disc,32,No,20,No,No,No,No,No,No,Yes,0,59,$98.80,"$1,091.68",$0.00,$0.00,$0.00,$0.00,$98.80,0
6446-TPSGXP-7M9,3,Female,54,14,12,Professional,No,Unmarried,1,"$180,000.00",2,0,Own,Foreign,"$36,400",31,No,Yes,Visa,8,No,17,No,Yes,Yes,Yes,Yes,Yes,No,0,12,$37.40,$102.36,$0.00,$0.00,$196.50,$548.28,$233.90,0
6447-RZSOGA-5TJ,5,Female,33,19,1,Sales,No,Married,6,"$96,000.00",4,1,Lease,Domestic,"$19,100",28,No,No,Disc,15,No,14,No,No,No,Yes,No,No,No,0,54,$30.80,$362.52,$0.00,$0.00,$0.00,$0.00,$30.80,0
6448-ZAIFUT-RS7,4,Male,69,12,27,Labor,Yes,Married,2,"$174,000.00",1,0,Lease,Foreign,"$34,800",23,Yes,Yes,Mast,37,No,23,No,No,No,No,Yes,No,Yes,0,68,$90.40,"$1,198.16",$0.00,$0.00,$0.00,$0.00,$90.40,0
6450-MFJLRE-BU5,3,Male,31,18,1,Sales,No,Unmarried,1,"$44,000.00",11,1,Own,Domestic,"$10,600",24,Yes,Yes,Visa,5,Yes,11,No,No,No,Yes,Yes,No,No,0,20,$24.80,$96.12,$0.00,$0.00,$0.00,$0.00,$24.80,0
6451-KTKDGF-O8E,5,Female,23,18,0,Professional,No,Unmarried,2,"$32,000.00",0,0,Lease,Domestic,"$6,600",23,No,Yes,AMEX,1,No,22,Yes,No,Yes,No,No,Yes,No,0,4,$34.60,$20.80,$130.20,$95.40,$0.00,$0.00,$164.80,0
6454-DJXEDN-YR3,5,Female,43,22,4,Professional,No,Unmarried,1,"$70,000.00",4,1,Own,Domestic,"$18,200",27,Yes,Yes,Mast,18,Yes,18,Yes,No,No,No,No,Yes,No,1,37,$37.80,$278.08,$177.20,"$1,278.72",$0.00,$0.00,$215.00,0
6454-NBLVJA-4OZ,3,Male,65,17,20,Crafts,Yes,Married,3,"$28,000.00",7,0,Lease,Domestic,"$5,500",33,No,No,Visa,19,No,16,No,No,No,No,No,No,Yes,0,50,$94.40,$914.40,$0.00,$0.00,$0.00,$0.00,$94.40,0
6454-TVHUWZ-YHM,2,Female,53,15,6,Sales,No,Unmarried,1,"$96,000.00",0,1,Lease,Foreign,"$23,700",30,No,No,Mast,1,No,17,Yes,Yes,No,No,Yes,No,No,0,8,$18.00,$26.80,$123.20,$149.20,$81.75,$172.26,$222.95,0
6455-AFPJKM-U2Q,4,Male,62,16,6,Professional,No,Married,2,"$110,000.00",0,0,Own,Domestic,"$23,100",15,No,Yes,Visa,31,No,20,Yes,Yes,Yes,Yes,Yes,Yes,Yes,0,70,$93.20,"$1,271.84",$202.80,"$2,738.16",$254.00,"$4,283.28",$550.00,1
6460-XYMZQS-PTJ,1,Male,55,12,29,Crafts,No,Unmarried,1,"$198,000.00",2,1,NoCar,N/A,$0,30,No,Yes,AMEX,28,No,21,No,No,No,Yes,Yes,No,Yes,0,64,$98.80,"$1,220.64",$0.00,$0.00,$0.00,$0.00,$98.80,0
6461-FEHGND-IL1,4,Female,66,13,26,Crafts,No,Unmarried,1,"$98,000.00",0,0,Own,Domestic,"$22,900",22,No,Yes,Visa,30,No,22,No,Yes,Yes,Yes,Yes,No,Yes,0,61,$115.20,"$1,294.28",$0.00,$0.00,$287.00,"$4,185.72",$402.20,1
6461-NDNJRF-B65,1,Female,62,13,18,Service,No,Unmarried,1,"$110,000.00",0,0,Own,Foreign,"$27,000",20,Yes,Yes,AMEX,32,Yes,17,No,No,No,Yes,Yes,No,Yes,0,66,$98.20,"$1,244.72",$0.00,$0.00,$0.00,$0.00,$98.20,0
6464-LWDKAY-TIZ,1,Female,79,10,39,Labor,Yes,Unmarried,1,"$114,000.00",0,1,Own,Foreign,"$46,200",21,No,No,Mast,25,No,14,No,No,No,No,Yes,No,Yes,0,57,$40.00,$440.04,$0.00,$0.00,$0.00,$0.00,$40.00,0
6466-KBIQXI-MFL,4,Male,48,20,3,Sales,No,Unmarried,3,"$92,000.00",5,1,Own,Domestic,"$25,600",29,Yes,No,AMEX,23,Yes,18,No,No,No,No,No,Yes,Yes,0,47,$24.20,$193.00,$0.00,$0.00,$0.00,$0.00,$24.20,0
6474-ZYMQZI-6PV,5,Female,73,15,7,Professional,No,Married,3,"$88,000.00",2,0,Own,Domestic,"$18,100",26,No,No,Mast,31,Yes,24,Yes,No,No,No,No,Yes,Yes,1,56,$105.20,"$1,192.20",$144.20,"$1,673.32",$0.00,$0.00,$249.40,0
6480-TJXYUM-FHY,3,Female,65,17,7,Sales,Yes,Married,4,"$26,000.00",0,1,Own,Foreign,"$6,300",31,Yes,No,Othe,14,No,29,No,No,No,No,No,No,Yes,0,39,$42.80,$334.32,$0.00,$0.00,$0.00,$0.00,$42.80,0
6482-JDGOIS-PBG,5,Female,41,14,13,Service,No,Married,5,"$130,000.00",0,1,Own,Domestic,"$28,300",29,No,Yes,AMEX,11,No,19,No,No,No,No,Yes,No,No,0,33,$33.00,$199.96,$0.00,$0.00,$0.00,$0.00,$33.00,0
6484-NGVRGQ-ENP,1,Male,54,14,16,Professional,No,Married,2,"$126,000.00",7,1,Lease,Foreign,"$28,300",40,Yes,Yes,Mast,25,Yes,23,No,No,No,No,No,No,No,0,50,$21.60,$198.04,$0.00,$0.00,$0.00,$0.00,$21.60,0
6487-DTWMQO-RNG,1,Female,35,20,2,Professional,No,Married,3,"$92,000.00",3,0,Own,Foreign,"$26,300",21,No,No,AMEX,4,No,21,Yes,Yes,Yes,Yes,Yes,No,No,0,14,$18.40,$45.52,$142.60,$341.72,$155.50,$484.20,$316.50,1
6487-QVKCTD-070,1,Female,65,16,6,Sales,No,Married,2,"$120,000.00",2,1,Own,Foreign,"$41,900",23,Yes,No,Visa,31,Yes,19,No,No,No,No,No,Yes,Yes,0,62,$55.80,$732.12,$0.00,$0.00,$0.00,$0.00,$55.80,0
6489-LCSMYS-9G1,5,Male,31,16,4,Service,No,Married,6,"$62,000.00",9,1,NoCar,N/A,$0,27,No,No,Visa,13,Yes,31,Yes,No,No,No,No,No,Yes,0,68,$86.20,"$1,236.52",$122.00,"$1,628.08",$0.00,$0.00,$208.20,0
6490-SQKMBR-9UZ,5,Male,66,9,15,Sales,No,Unmarried,2,"$136,000.00",5,1,Own,Foreign,"$25,300",22,No,No,Mast,18,No,23,No,No,No,No,No,No,No,0,26,$30.60,$140.84,$0.00,$0.00,$0.00,$0.00,$30.60,0
6491-TTIEVV-E60,4,Female,48,14,7,Professional,No,Married,5,"$48,000.00",4,0,Own,Domestic,"$12,100",23,No,No,Othe,2,No,22,No,No,No,No,No,No,No,1,7,$15.60,$26.48,$0.00,$0.00,$0.00,$0.00,$15.60,0
6494-CQGCHF-TXS,5,Female,48,21,9,Service,No,Married,2,"$72,000.00",3,1,Own,Domestic,"$23,600",34,No,Yes,Disc,30,No,16,Yes,Yes,Yes,Yes,Yes,Yes,Yes,0,71,$80.60,"$1,185.88",$220.80,"$3,121.64",$229.00,"$3,869.40",$530.40,1
6495-JTWSUN-4IL,4,Male,65,16,23,Service,Yes,Married,2,"$36,000.00",2,0,Lease,Domestic,"$11,400",32,Yes,No,Mast,33,No,20,No,No,Yes,Yes,Yes,No,Yes,1,70,$66.60,$963.64,$0.00,$0.00,$0.00,$0.00,$66.60,0
6495-YYHFOG-2ZD,3,Female,61,18,25,Labor,No,Married,2,"$274,000.00",0,0,Own,Foreign,"$87,400",20,No,Yes,Disc,31,No,24,No,Yes,Yes,Yes,Yes,Yes,Yes,0,61,$84.80,"$1,017.32",$0.00,$0.00,$158.75,"$2,182.44",$243.55,0
6496-EZZCAJ-YFO,5,Female,27,15,0,Sales,No,Unmarried,1,"$76,000.00",0,1,Own,Foreign,"$21,000",29,No,Yes,Disc,2,No,25,Yes,No,Yes,Yes,No,Yes,No,0,4,$17.40,$13.88,$125.40,$64.64,$0.00,$0.00,$142.80,0
6496-YKBPWT-QSZ,4,Female,69,13,25,Service,No,Unmarried,1,"$192,000.00",3,1,Own,Foreign,"$40,800",28,Yes,Yes,Disc,33,Yes,19,No,No,No,No,No,No,Yes,0,63,$125.60,"$1,526.92",$0.00,$0.00,$0.00,$0.00,$125.60,0
6497-QFPFGG-UW3,2,Female,28,14,4,Labor,No,Married,3,"$72,000.00",1,1,Own,Foreign,"$17,500",27,No,No,Othe,11,No,22,Yes,No,Yes,No,No,Yes,No,0,18,$26.40,$108.44,$117.00,$397.40,$0.00,$0.00,$143.40,0
6499-DNTMBW-LNS,4,Female,42,11,15,Labor,No,Unmarried,1,"$110,000.00",7,0,Own,Foreign,"$27,700",27,No,Yes,Othe,15,Yes,19,No,No,No,Yes,No,No,No,0,30,$31.60,$190.80,$0.00,$0.00,$0.00,$0.00,$31.60,0
6502-NQEZTU-8FU,2,Female,42,17,9,Professional,No,Married,4,"$138,000.00",3,1,Own,Domestic,"$28,100",30,Yes,Yes,Mast,24,Yes,24,Yes,Yes,Yes,Yes,Yes,No,Yes,0,54,$44.40,$502.36,$228.40,"$2,423.04",$265.25,"$3,375.48",$538.05,1
6502-SRXLSL-ZSM,3,Male,48,14,20,Labor,No,Married,2,"$134,000.00",10,0,Own,Domestic,"$60,900",21,No,Yes,Disc,30,No,19,No,Yes,No,Yes,Yes,No,Yes,1,65,$136.00,"$1,692.24",$0.00,$0.00,$184.25,"$3,011.64",$320.25,1
6504-BASSJM-G5A,2,Female,53,13,16,Professional,No,Unmarried,1,"$172,000.00",9,1,Own,Foreign,"$46,600",21,No,Yes,Disc,34,No,19,No,No,No,No,No,No,Yes,0,68,$68.20,$950.48,$0.00,$0.00,$0.00,$0.00,$68.20,0
6505-GAEHYO-NRP,4,Male,71,12,36,Service,No,Married,2,"$124,000.00",12,1,Own,Foreign,"$67,900",23,Yes,No,Visa,40,No,17,No,No,Yes,Yes,Yes,No,Yes,0,72,$308.20,"$4,540.96",$0.00,$0.00,$0.00,$0.00,$308.20,1
6507-FJIIUT-R85,4,Female,69,13,15,Professional,No,Married,2,"$100,000.00",0,1,Own,Foreign,"$61,900",26,No,Yes,Visa,39,Yes,20,No,Yes,No,Yes,Yes,No,Yes,0,72,$178.80,"$2,572.24",$0.00,$0.00,$253.75,"$4,169.88",$432.55,1
6509-SLEQAG-75C,3,Male,70,14,18,Professional,No,Married,2,"$174,000.00",2,0,Own,Foreign,"$21,500",36,No,Yes,AMEX,26,No,21,No,No,No,No,No,No,Yes,0,49,$28.00,$260.56,$0.00,$0.00,$0.00,$0.00,$28.00,0
6510-WXCIOY-VTZ,2,Male,45,11,10,Professional,No,Unmarried,1,"$80,000.00",2,1,Own,Domestic,"$18,800",25,Yes,No,Visa,7,Yes,20,No,No,No,No,No,No,No,1,18,$23.60,$86.80,$0.00,$0.00,$0.00,$0.00,$23.60,0
6513-MAGRLJ-DEW,3,Female,41,15,1,Sales,No,Unmarried,2,"$50,000.00",0,0,Own,Foreign,"$17,200",22,Yes,Yes,Mast,1,No,18,No,No,No,No,No,Yes,No,0,1,$5.60,$1.12,$0.00,$0.00,$0.00,$0.00,$5.60,0
6513-UJNIWN-O11,5,Male,68,14,10,Professional,No,Married,4,"$138,000.00",5,1,NoCar,N/A,$0,32,No,Yes,Mast,33,Yes,20,Yes,Yes,Yes,Yes,Yes,No,Yes,0,63,$77.20,$983.08,$143.20,"$1,754.24",$164.75,"$2,517.72",$385.15,1
6514-SXICCV-327,4,Male,45,10,11,Service,No,Married,2,"$102,000.00",10,1,Own,Domestic,"$31,100",34,Yes,No,Mast,20,Yes,25,No,No,No,No,Yes,No,Yes,0,51,$35.80,$350.00,$0.00,$0.00,$0.00,$0.00,$35.80,0
6515-UIBHZP-L71,2,Female,35,10,6,Professional,No,Unmarried,1,"$52,000.00",0,0,Lease,Domestic,"$17,400",30,No,No,Visa,3,No,21,No,Yes,No,Yes,Yes,No,No,0,5,$14.00,$8.76,$0.00,$0.00,$90.75,$86.88,$104.75,0
6517-NLNRJI-AFM,2,Male,72,14,22,Sales,No,Unmarried,1,"$137,000.00",3,0,Own,Foreign,"$71,100",27,Yes,Yes,Mast,35,No,23,No,No,No,No,No,No,Yes,0,67,$144.60,"$1,934.44",$0.00,$0.00,$0.00,$0.00,$144.60,0
6517-YLQZRM-5CF,1,Male,28,11,9,Labor,No,Unmarried,3,"$74,000.00",2,1,Own,Domestic,"$19,200",31,No,Yes,Mast,10,Yes,29,No,No,No,No,No,No,No,0,36,$23.40,$187.68,$0.00,$0.00,$0.00,$0.00,$23.40,0
6519-AFCJLQ-H0F,4,Female,35,14,6,Service,No,Married,5,"$120,000.00",14,1,Lease,Domestic,"$23,600",35,Yes,Yes,Mast,14,No,19,No,No,No,No,No,No,No,0,40,$42.80,$333.76,$0.00,$0.00,$0.00,$0.00,$42.80,0
6522-HZJXBL-K1X,4,Female,33,15,3,Professional,No,Unmarried,2,"$70,000.00",0,1,Own,Domestic,"$13,500",16,No,No,Mast,15,No,20,No,No,No,No,No,No,No,0,54,$83.60,$911.32,$0.00,$0.00,$0.00,$0.00,$83.60,0
6522-YSNEBU-22G,1,Male,29,17,0,Professional,No,Unmarried,1,"$96,000.00",6,1,Own,Domestic,"$26,900",21,No,No,Disc,4,Yes,25,No,Yes,Yes,No,No,Yes,No,1,9,$14.00,$18.80,$0.00,$0.00,$89.50,$157.32,$103.50,0
6523-OLMZNN-4BW,5,Male,34,17,6,Professional,No,Married,5,"$62,000.00",0,1,Own,Domestic,"$13,900",18,No,No,Mast,16,No,19,Yes,Yes,Yes,No,No,Yes,Yes,0,54,$56.80,$596.36,$149.00,"$1,611.00",$149.25,"$1,914.30",$355.05,1
6525-VSQAVF-QM0,4,Female,32,20,3,Labor,No,Unmarried,2,"$227,000.00",3,1,Own,Foreign,"$86,000",18,No,Yes,Disc,14,Yes,21,No,Yes,Yes,Yes,Yes,Yes,No,0,56,$53.00,$610.16,$0.00,$0.00,$282.50,"$3,681.66",$335.50,1
6529-QAKUNP-XYF,1,Female,24,16,0,Professional,No,Unmarried,1,"$60,000.00",2,1,Own,Domestic,"$12,800",19,No,No,Mast,6,Yes,27,Yes,No,No,No,No,No,No,1,35,$36.80,$264.04,$158.00,"$1,045.40",$0.00,$0.00,$194.80,0
6531-KXPPVV-UYG,1,Male,68,13,9,Professional,No,Married,2,"$94,000.00",0,0,Own,Foreign,"$26,000",27,No,No,Disc,35,No,17,No,No,No,No,No,No,Yes,0,66,$159.60,"$2,179.52",$0.00,$0.00,$0.00,$0.00,$159.60,0
6533-EOSNEV-48X,5,Male,42,17,4,Sales,No,Married,6,"$58,000.00",3,1,Own,Domestic,"$12,100",29,No,Yes,AMEX,3,Yes,20,Yes,No,No,Yes,No,Yes,No,0,7,$14.60,$25.64,$135.60,$161.08,$0.00,$0.00,$150.20,0
6534-ZARVNK-OUP,5,Female,44,10,19,Labor,No,Married,4,"$160,000.00",3,1,Own,Domestic,"$40,600",42,No,Yes,Visa,26,Yes,21,Yes,No,No,No,No,No,Yes,0,66,$63.60,$843.96,$111.80,"$1,433.04",$0.00,$0.00,$175.40,0
6537-NLPTEG-ME9,3,Male,54,16,6,Professional,No,Married,2,"$110,000.00",0,1,Own,Domestic,"$28,500",13,No,Yes,AMEX,22,No,20,No,No,No,No,Yes,Yes,Yes,0,50,$79.60,$753.48,$0.00,$0.00,$0.00,$0.00,$79.60,0
6540-LWVQAW-ZAE,2,Male,40,20,7,Agriculture,No,Married,5,"$88,000.00",0,1,Own,Foreign,"$27,800",22,No,No,Visa,10,Yes,28,No,No,No,No,No,Yes,No,0,39,$28.00,$210.04,$0.00,$0.00,$0.00,$0.00,$28.00,0
6540-UOHSML-F43,2,Male,21,16,0,Sales,No,Unmarried,1,"$28,000.00",0,0,Own,Domestic,"$7,000",38,No,No,Mast,4,No,19,No,No,No,No,No,Yes,No,0,4,$13.00,$7.96,$0.00,$0.00,$0.00,$0.00,$13.00,0
6543-FOJEQC-NLV,4,Male,69,18,8,Sales,Yes,Unmarried,1,"$58,000.00",0,1,Own,Domestic,"$17,200",35,Yes,No,Disc,4,No,16,Yes,Yes,Yes,Yes,Yes,No,No,1,16,$33.80,$122.88,$154.00,$480.84,$245.50,$904.80,$433.30,1
6543-LLFVMV-WXX,3,Male,18,9,0,Sales,No,Unmarried,2,"$36,000.00",0,0,Own,Foreign,"$9,600",22,Yes,No,Mast,1,Yes,28,No,No,No,Yes,Yes,No,No,1,4,$14.80,$14.92,$0.00,$0.00,$0.00,$0.00,$14.80,0
6553-IAQEZM-EDF,1,Female,33,14,4,Professional,No,Married,2,"$70,000.00",3,1,Own,Domestic,"$18,800",16,No,Yes,Disc,15,No,18,Yes,Yes,Yes,Yes,Yes,No,Yes,0,67,$115.60,"$1,578.64",$225.80,"$3,015.68",$325.75,"$5,094.36",$667.15,1
6554-RDYCWO-4ZC,3,Female,21,14,0,Crafts,No,Unmarried,4,"$34,000.00",1,1,Own,Foreign,"$7,300",23,Yes,Yes,Mast,3,No,15,No,No,No,No,No,No,Yes,0,44,$30.80,$274.40,$0.00,$0.00,$0.00,$0.00,$30.80,0
6556-SRCBGZ-J26,1,Female,66,16,4,Sales,Yes,Married,2,"$20,000.00",0,0,Lease,Foreign,"$6,300",29,No,Yes,Disc,21,Yes,27,No,No,No,No,No,Yes,Yes,0,46,$26.00,$234.64,$0.00,$0.00,$0.00,$0.00,$26.00,0
6560-WECAVX-ZP2,1,Male,55,11,7,Professional,No,Married,2,"$58,000.00",0,0,Own,Domestic,"$19,100",22,Yes,Yes,Visa,26,No,20,No,No,No,Yes,No,No,Yes,0,56,$63.20,$693.40,$0.00,$0.00,$0.00,$0.00,$63.20,0
6561-EOIILF-QKR,1,Female,66,15,11,Crafts,Yes,Unmarried,1,"$34,000.00",0,0,Lease,Domestic,"$6,600",24,Yes,No,Disc,36,No,21,Yes,Yes,Yes,No,No,Yes,Yes,1,68,$67.00,$928.88,$171.20,"$2,345.92",$228.25,"$3,664.38",$466.45,1
6563-MRELVK-DKY,4,Male,26,19,0,Professional,No,Unmarried,2,"$90,000.00",2,1,NoCar,N/A,$0,22,No,Yes,AMEX,8,No,20,Yes,No,Yes,No,No,Yes,No,1,27,$20.40,$114.36,$146.20,$753.76,$0.00,$0.00,$166.60,0
6564-EJYZIH-F9K,3,Female,20,13,0,Sales,No,Unmarried,1,"$50,000.00",4,0,Own,Foreign,"$12,500",22,No,No,Visa,2,Yes,12,Yes,Yes,Yes,Yes,Yes,No,No,0,9,$11.40,$25.60,$145.00,$253.00,$176.75,$320.34,$333.15,1
6565-ZMNCTL-BRB,3,Male,30,14,5,Service,No,Married,2,"$90,000.00",10,0,Own,Domestic,"$18,000",32,No,Yes,AMEX,13,No,25,No,No,No,No,No,No,No,0,41,$25.00,$211.04,$0.00,$0.00,$0.00,$0.00,$25.00,0
6566-CLPHVI-URQ,3,Male,38,9,12,Professional,No,Married,3,"$98,000.00",6,0,Own,Domestic,"$24,600",26,No,No,Disc,20,Yes,23,No,No,Yes,Yes,Yes,No,Yes,0,60,$61.00,$685.48,$0.00,$0.00,$0.00,$0.00,$61.00,0
6571-NXPQFV-EMJ,4,Female,57,17,8,Sales,No,Unmarried,1,"$107,000.00",0,1,Own,Foreign,"$56,800",19,No,Yes,Disc,32,No,21,No,No,No,No,Yes,No,Yes,0,45,$100.40,$874.76,$0.00,$0.00,$0.00,$0.00,$100.40,0
6572-WBWIQP-FTE,3,Female,57,13,17,Labor,Yes,Married,2,"$58,000.00",4,1,Own,Domestic,"$15,400",26,Yes,Yes,Visa,4,No,21,No,No,No,No,No,Yes,No,0,11,$20.20,$45.72,$0.00,$0.00,$0.00,$0.00,$20.20,0
6573-TUUUVJ-YMX,5,Male,58,22,2,Sales,No,Married,3,"$70,000.00",2,0,Own,Domestic,"$17,600",19,No,No,Mast,6,No,14,Yes,Yes,No,No,No,Yes,No,0,6,$21.40,$31.48,$126.00,$139.24,$131.00,$181.68,$278.40,1
6573-XMZZJW-DXC,2,Female,52,13,4,Sales,No,Unmarried,3,"$114,000.00",6,1,Own,Foreign,"$26,800",34,No,No,Disc,16,No,18,No,No,Yes,Yes,Yes,No,Yes,0,29,$53.00,$352.96,$0.00,$0.00,$0.00,$0.00,$53.00,0
6575-TEJOHP-MYD,3,Male,64,21,13,Service,Yes,Unmarried,1,"$84,000.00",2,0,Own,Domestic,"$21,900",31,No,Yes,AMEX,22,No,27,Yes,No,Yes,No,No,Yes,No,0,37,$23.80,$220.56,$143.80,"$1,016.32",$0.00,$0.00,$167.60,0
6575-XVGPCL-E9X,5,Female,44,16,9,Professional,No,Unmarried,1,"$68,000.00",6,0,Own,Domestic,"$19,400",32,No,Yes,Mast,14,No,16,Yes,Yes,Yes,Yes,No,Yes,No,0,23,$36.00,$181.08,$151.40,$585.36,$131.75,$691.56,$319.15,1
6578-HPNLCY-52E,4,Male,33,15,7,Service,No,Married,3,"$130,000.00",0,0,Own,Foreign,"$20,200",32,No,No,AMEX,15,No,29,No,No,No,Yes,Yes,No,Yes,0,45,$24.00,$244.40,$0.00,$0.00,$0.00,$0.00,$24.00,0
6584-OXUOQX-XLL,3,Female,46,16,9,Professional,No,Unmarried,1,"$60,000.00",12,1,Lease,Domestic,"$12,100",24,No,No,Othe,7,Yes,25,Yes,No,No,Yes,No,No,Yes,0,28,$31.20,$156.68,$132.20,$618.16,$0.00,$0.00,$163.40,0
6585-JUWMXV-8BJ,1,Female,25,18,0,Sales,No,Married,5,"$26,000.00",0,0,Lease,Domestic,"$4,300",24,No,No,Disc,7,Yes,22,No,No,No,No,No,Yes,Yes,0,43,$41.00,$365.84,$0.00,$0.00,$0.00,$0.00,$41.00,0
6586-WQYXJE-7E1,5,Male,22,17,0,Agriculture,No,Unmarried,1,"$56,000.00",0,1,Own,Domestic,"$16,700",23,No,Yes,Disc,4,Yes,11,Yes,Yes,Yes,Yes,Yes,No,No,0,27,$58.00,$376.84,$166.00,$880.52,$139.25,$942.66,$363.25,1
6587-FJKMPM-6X5,5,Male,55,11,22,Crafts,No,Unmarried,1,"$129,000.00",9,1,Own,Foreign,"$84,700",32,No,No,Mast,37,No,20,No,No,No,No,Yes,No,Yes,0,69,$96.00,"$1,353.12",$0.00,$0.00,$0.00,$0.00,$96.00,0
6589-BNHOLP-H2T,5,Female,75,17,17,Sales,Yes,Unmarried,1,"$36,000.00",11,1,Own,Foreign,"$7,500",33,No,Yes,Mast,34,Yes,23,Yes,Yes,Yes,No,Yes,Yes,Yes,0,71,$79.20,"$1,097.12",$168.80,"$2,376.76",$167.00,"$2,791.74",$415.00,1
6590-SDFAWO-HEY,1,Female,59,19,5,Sales,No,Unmarried,1,"$88,000.00",3,0,Own,Foreign,"$32,300",19,No,Yes,Disc,3,No,15,No,No,Yes,No,Yes,No,No,0,8,$12.20,$17.68,$0.00,$0.00,$0.00,$0.00,$12.20,0
6592-EUPEXN-QJ7,1,Female,35,12,5,Sales,No,Married,4,"$42,000.00",0,0,Own,Domestic,"$8,500",31,Yes,Yes,Othe,17,No,20,No,Yes,Yes,Yes,Yes,No,Yes,0,66,$77.80,$962.36,$0.00,$0.00,$179.25,"$2,890.08",$257.05,0
6592-GQOCBM-JTY,2,Female,78,17,7,Sales,Yes,Unmarried,1,"$28,000.00",0,0,Lease,Domestic,"$6,300",26,Yes,No,Mast,4,Yes,22,Yes,No,No,No,No,Yes,No,0,12,$12.00,$37.68,$84.60,$193.24,$0.00,$0.00,$96.60,0
6592-QBSENI-6Y4,1,Female,59,8,4,Sales,No,Married,4,"$60,000.00",1,0,NoCar,N/A,$0,15,Yes,No,Visa,2,No,29,No,No,No,Yes,Yes,No,No,1,3,$22.00,$15.48,$0.00,$0.00,$0.00,$0.00,$22.00,0
6595-UUXFVE-G7U,4,Male,25,17,0,Professional,No,Unmarried,1,"$100,000.00",11,1,Own,Domestic,"$32,000",33,Yes,No,Visa,2,Yes,16,Yes,Yes,Yes,No,No,Yes,No,0,3,$15.00,$4.64,$132.80,$43.88,$120.25,$42.66,$268.05,0
6598-HACLSM-TYA,2,Female,20,10,2,Labor,No,Unmarried,2,"$36,000.00",0,0,Lease,Foreign,"$11,600",25,No,No,Mast,2,Yes,29,No,No,No,No,No,Yes,No,0,15,$41.60,$136.20,$0.00,$0.00,$0.00,$0.00,$41.60,0
6600-BPDMLW-1FO,1,Female,30,11,6,Crafts,No,Unmarried,1,"$58,000.00",0,0,Own,Foreign,"$12,300",31,No,Yes,Visa,8,No,22,No,No,No,No,No,No,No,0,10,$12.40,$21.28,$0.00,$0.00,$0.00,$0.00,$12.40,0
6604-BOFYIN-ONY,1,Female,28,10,6,Labor,No,Married,3,"$78,000.00",0,0,Own,Domestic,"$17,400",22,No,No,Visa,4,No,19,No,No,Yes,Yes,Yes,No,No,1,6,$12.40,$16.68,$0.00,$0.00,$0.00,$0.00,$12.40,0
6604-OFIMTB-7TA,1,Female,48,12,14,Labor,No,Unmarried,1,"$72,000.00",0,1,Own,Foreign,"$23,300",23,No,No,Mast,14,Yes,16,No,No,No,Yes,Yes,No,No,0,33,$46.20,$340.92,$0.00,$0.00,$0.00,$0.00,$46.20,0
6605-HMUAQX-UP2,4,Female,20,15,0,Professional,No,Unmarried,1,"$34,000.00",0,0,Lease,Foreign,"$9,400",21,No,No,Mast,2,Yes,27,No,No,No,No,No,Yes,No,1,19,$30.40,$97.28,$0.00,$0.00,$0.00,$0.00,$30.40,0
6606-HDHYPQ-ALO,3,Female,29,15,0,Sales,No,Married,2,"$52,000.00",8,1,Lease,Domestic,"$16,500",20,Yes,No,Disc,11,No,16,No,No,No,No,Yes,No,Yes,0,60,$49.60,$576.12,$0.00,$0.00,$0.00,$0.00,$49.60,0
6613-IIXGXL-LHF,4,Male,70,15,11,Professional,No,Married,2,"$54,000.00",0,0,Own,Foreign,"$14,500",18,No,No,Mast,17,No,21,No,No,No,Yes,No,No,No,1,42,$49.80,$397.64,$0.00,$0.00,$0.00,$0.00,$49.80,0
6618-IFTTDL-V8P,4,Male,43,20,2,Sales,No,Unmarried,1,"$84,000.00",8,0,Own,Domestic,"$25,000",18,No,No,Disc,2,Yes,19,Yes,Yes,Yes,Yes,Yes,Yes,No,1,10,$20.40,$41.68,$193.80,$364.04,$158.00,$340.20,$372.20,1
6618-NDOUFC-UPO,4,Male,52,17,7,Sales,No,Unmarried,1,"$76,000.00",0,1,Own,Foreign,"$26,100",21,No,No,Disc,32,Yes,21,No,No,No,Yes,Yes,No,Yes,0,67,$36.60,$478.04,$0.00,$0.00,$0.00,$0.00,$36.60,0
6618-VGSOMI-SMZ,2,Female,30,15,4,Professional,No,Unmarried,1,"$98,000.00",2,0,Own,Foreign,"$24,100",25,Yes,No,Disc,7,Yes,14,No,No,No,No,No,Yes,No,1,15,$11.00,$38.16,$0.00,$0.00,$0.00,$0.00,$11.00,0
6618-VYIFIC-4GS,5,Male,59,14,27,Labor,Yes,Married,4,"$112,000.00",0,1,Own,Domestic,"$29,500",30,No,Yes,AMEX,35,No,20,No,No,No,No,Yes,No,Yes,1,67,$93.00,"$1,230.56",$0.00,$0.00,$0.00,$0.00,$93.00,0
6624-JSIUUG-1QI,3,Male,64,21,13,Sales,No,Married,3,"$126,000.00",5,0,Own,Domestic,"$51,200",29,Yes,Yes,Visa,16,No,15,No,No,No,No,Yes,No,No,0,38,$26.40,$187.84,$0.00,$0.00,$0.00,$0.00,$26.40,0
6624-JYEJEC-28C,3,Female,28,17,3,Crafts,No,Unmarried,1,"$38,000.00",0,0,Own,Foreign,"$9,600",20,Yes,Yes,Visa,3,Yes,0,No,No,No,No,No,No,No,0,7,$16.00,$23.72,$0.00,$0.00,$0.00,$0.00,$16.00,0
6628-IPPLBH-OTD,5,Male,36,15,9,Crafts,No,Unmarried,1,"$116,000.00",5,0,Own,Domestic,"$50,700",21,Yes,Yes,Disc,17,No,20,Yes,Yes,Yes,Yes,Yes,No,No,1,33,$27.80,$212.20,$150.60,$888.92,$226.50,"$1,748.40",$404.90,1
6628-YRFILT-9TG,3,Male,42,6,16,Service,No,Married,2,"$90,000.00",2,1,NoCar,N/A,$0,27,No,Yes,Mast,24,No,13,No,No,No,No,No,No,Yes,1,64,$84.00,"$1,078.60",$0.00,$0.00,$0.00,$0.00,$84.00,0
6630-IULPMY-KWK,3,Female,56,17,12,Professional,No,Married,2,"$186,000.00",0,1,Own,Domestic,"$54,200",29,No,Yes,AMEX,32,No,19,Yes,No,No,No,No,No,Yes,0,60,$54.60,$693.08,$92.60,"$1,100.20",$0.00,$0.00,$147.20,0
6634-HQYWLH-6M4,4,Female,71,12,12,Crafts,No,Married,2,"$50,000.00",1,0,Lease,Domestic,"$9,900",28,No,No,Mast,28,No,26,No,No,No,No,Yes,No,Yes,0,64,$38.80,$499.12,$0.00,$0.00,$0.00,$0.00,$38.80,0
6634-NBCERS-KHL,4,Male,69,15,27,Agriculture,Yes,Married,3,"$36,000.00",2,0,Lease,Domestic,"$6,200",17,No,Yes,AMEX,40,No,15,Yes,No,Yes,No,No,No,Yes,0,72,$122.20,"$1,782.56",$175.60,"$2,481.40",$0.00,$0.00,$297.80,1
6638-EFQZPZ-LEF,4,Male,67,16,32,Service,Yes,Married,4,"$110,000.00",1,1,Own,Domestic,"$23,400",26,No,No,Mast,38,Yes,20,No,No,No,Yes,Yes,No,Yes,0,72,$149.40,"$2,231.56",$0.00,$0.00,$0.00,$0.00,$149.40,0
6641-UWDGEB-YPP,5,Female,58,20,6,Sales,No,Unmarried,1,"$149,000.00",1,0,Own,Foreign,"$84,800",27,No,No,Disc,10,No,17,No,No,No,No,No,No,No,0,24,$16.00,$88.68,$0.00,$0.00,$0.00,$0.00,$16.00,0
6641-UYKMJY-7Y6,5,Male,28,13,1,Sales,No,Married,4,"$56,000.00",2,1,Own,Domestic,"$16,800",32,No,Yes,Disc,10,Yes,17,No,No,No,No,No,No,No,0,39,$138.00,"$1,072.16",$0.00,$0.00,$0.00,$0.00,$138.00,0
6642-GBKNSR-E5T,3,Female,71,15,14,Sales,Yes,Unmarried,1,"$48,000.00",2,0,Own,Domestic,"$11,700",26,Yes,No,Visa,19,No,18,No,No,No,No,No,No,No,0,41,$44.20,$384.84,$0.00,$0.00,$0.00,$0.00,$44.20,0
6644-LTNAQB-HD3,2,Male,37,16,10,Labor,No,Unmarried,1,"$70,000.00",2,0,Lease,Foreign,"$14,100",29,Yes,Yes,Mast,1,Yes,20,No,No,No,Yes,Yes,No,No,0,2,$34.20,$12.40,$0.00,$0.00,$0.00,$0.00,$34.20,0
6646-FMTSUO-50Q,5,Male,66,19,16,Sales,No,Unmarried,1,"$160,000.00",9,1,Own,Domestic,"$99,200",34,No,No,Disc,31,No,28,No,Yes,No,Yes,Yes,Yes,Yes,0,64,$128.40,"$1,625.08",$0.00,$0.00,$188.25,"$2,738.58",$316.65,1
6650-HLORKG-TOD,4,Female,44,16,15,Service,No,Married,2,"$128,000.00",8,1,Own,Foreign,"$37,800",28,No,No,Mast,26,Yes,25,Yes,No,No,Yes,Yes,Yes,Yes,1,64,$72.20,$906.60,$181.80,"$2,212.12",$0.00,$0.00,$254.00,0
6652-PBVZCG-KQ4,1,Male,79,11,6,Sales,Yes,Married,2,"$26,000.00",1,0,Lease,Foreign,"$5,800",20,No,No,AMEX,13,No,20,No,No,No,Yes,Yes,No,No,0,48,$43.40,$445.88,$0.00,$0.00,$0.00,$0.00,$43.40,0
6653-HWCEVB-MHU,4,Female,41,11,10,Professional,No,Married,4,"$80,000.00",6,0,Lease,Domestic,"$15,100",31,No,No,Visa,13,Yes,15,No,No,No,No,No,No,No,0,19,$17.40,$63.12,$0.00,$0.00,$0.00,$0.00,$17.40,0
6654-BRBWDP-IS8,1,Female,43,16,4,Professional,No,Married,6,"$102,000.00",0,1,Own,Domestic,"$25,300",17,No,No,AMEX,25,No,14,No,No,No,No,No,No,Yes,0,61,$48.60,$649.36,$0.00,$0.00,$0.00,$0.00,$48.60,0
6658-YMWEDL-9CS,4,Male,42,18,3,Professional,No,Married,2,"$80,000.00",3,1,Own,Foreign,"$22,000",39,No,Yes,Mast,17,No,21,No,No,Yes,Yes,No,Yes,No,0,14,$39.60,$129.76,$0.00,$0.00,$0.00,$0.00,$39.60,0
6659-PCCIGW-S64,2,Male,22,15,1,Crafts,No,Unmarried,1,"$40,000.00",0,0,Lease,Foreign,"$8,500",30,Yes,Yes,AMEX,4,Yes,31,Yes,No,No,Yes,Yes,No,No,0,36,$37.20,$248.64,$107.00,$697.24,$0.00,$0.00,$144.20,0
6663-JLIULF-CGK,4,Female,40,12,3,Sales,No,Married,2,"$60,000.00",4,1,Own,Domestic,"$16,200",46,No,Yes,Mast,20,No,21,No,No,No,Yes,Yes,No,No,0,37,$30.80,$258.68,$0.00,$0.00,$0.00,$0.00,$30.80,0
6663-QJYWSZ-HBU,1,Female,29,12,3,Professional,No,Unmarried,1,"$78,000.00",2,0,Own,Domestic,"$16,800",31,No,No,Mast,5,Yes,19,No,No,Yes,No,Yes,Yes,No,0,18,$13.60,$52.00,$0.00,$0.00,$0.00,$0.00,$13.60,0
6663-QLONPG-BER,5,Male,51,13,17,Crafts,No,Married,2,"$190,000.00",10,0,Own,Domestic,"$52,900",27,No,Yes,Visa,20,No,18,No,No,No,No,No,No,No,0,39,$64.20,$577.16,$0.00,$0.00,$0.00,$0.00,$64.20,0
6664-DBKIDC-ZBB,1,Female,62,14,36,Crafts,No,Unmarried,1,"$283,000.00",8,1,Own,Foreign,"$90,300",18,Yes,Yes,Disc,35,No,17,No,No,No,Yes,Yes,No,Yes,0,69,$68.60,$909.88,$0.00,$0.00,$0.00,$0.00,$68.60,0
6665-LFQNEK-0QZ,5,Female,53,9,28,Labor,No,Married,4,"$130,000.00",7,1,Own,Foreign,"$89,500",26,No,No,Disc,34,Yes,16,No,No,No,Yes,Yes,No,No,1,65,$136.20,"$1,775.36",$0.00,$0.00,$0.00,$0.00,$136.20,0
6670-CAOOLM-DC3,2,Female,30,17,4,Labor,No,Unmarried,1,"$80,000.00",0,0,Own,Domestic,"$19,100",31,Yes,No,Disc,12,Yes,27,Yes,No,No,No,No,Yes,Yes,0,43,$39.20,$327.48,$137.00,"$1,122.96",$0.00,$0.00,$176.20,0
6670-RHMWYQ-KNJ,4,Female,75,19,7,Sales,Yes,Unmarried,1,"$22,000.00",7,1,Own,Foreign,"$6,300",19,Yes,No,AMEX,33,No,13,No,No,No,No,Yes,No,Yes,1,68,$57.20,$775.48,$0.00,$0.00,$0.00,$0.00,$57.20,0
6672-TXBPJN-IDF,2,Male,33,8,8,Agriculture,No,Unmarried,1,"$50,000.00",3,0,Own,Foreign,"$12,400",26,Yes,Yes,Mast,15,No,12,No,No,No,Yes,Yes,No,Yes,0,45,$49.00,$427.36,$0.00,$0.00,$0.00,$0.00,$49.00,0
6673-BVWDVE-INK,2,Male,62,15,10,Sales,No,Unmarried,1,"$180,000.00",0,0,Own,Domestic,"$26,900",24,Yes,Yes,Disc,19,No,24,No,No,No,No,Yes,No,Yes,1,35,$11.00,$67.84,$0.00,$0.00,$0.00,$0.00,$11.00,0
6673-CXXSZY-LRG,1,Male,22,17,0,Sales,No,Married,5,"$50,000.00",8,0,Own,Domestic,"$13,400",32,No,Yes,AMEX,4,Yes,25,Yes,Yes,Yes,Yes,Yes,Yes,No,0,26,$44.20,$203.36,$212.60,"$1,102.88",$191.00,"$1,120.44",$447.80,1
6675-IONUEJ-H9C,2,Female,72,14,4,Sales,No,Unmarried,1,"$54,000.00",3,1,NoCar,N/A,$0,18,Yes,Yes,Disc,10,Yes,25,No,No,No,Yes,No,No,Yes,0,27,$39.40,$222.28,$0.00,$0.00,$0.00,$0.00,$39.40,0
6675-RWNUWQ-VRZ,3,Male,33,12,10,Labor,No,Married,2,"$62,000.00",1,0,Own,Domestic,"$18,700",24,No,Yes,Disc,8,Yes,29,No,No,No,Yes,Yes,No,No,0,14,$24.40,$66.64,$0.00,$0.00,$0.00,$0.00,$24.40,0
6677-HFMVVT-AM5,5,Female,48,17,7,Agriculture,No,Married,4,"$188,000.00",5,1,Own,Domestic,"$28,600",28,Yes,Yes,Disc,18,No,14,No,No,Yes,Yes,Yes,No,No,0,38,$55.60,$448.04,$0.00,$0.00,$0.00,$0.00,$55.60,0
6681-ANQGYY-RWO,4,Female,28,13,6,Agriculture,No,Unmarried,1,"$58,000.00",8,0,Own,Domestic,"$7,100",25,No,No,AMEX,7,Yes,14,No,No,No,No,No,No,No,0,17,$18.40,$46.12,$0.00,$0.00,$0.00,$0.00,$18.40,0
6681-BBHXAH-UTM,2,Female,63,13,32,Labor,Yes,Married,3,"$110,000.00",1,1,Own,Domestic,"$32,700",24,Yes,No,Mast,40,Yes,17,No,No,No,No,No,No,Yes,0,72,$169.20,"$2,296.84",$0.00,$0.00,$0.00,$0.00,$169.20,0
6682-DJOWUB-QAO,1,Male,57,15,16,Professional,No,Unmarried,1,"$105,000.00",2,1,Own,Domestic,"$56,200",14,No,Yes,Disc,12,Yes,21,No,No,No,No,No,No,Yes,0,35,$31.80,$202.48,$0.00,$0.00,$0.00,$0.00,$31.80,0
6682-WREGJX-Z99,2,Female,20,15,0,Labor,No,Unmarried,1,"$48,000.00",0,1,Own,Domestic,"$10,500",21,No,No,Disc,2,Yes,24,Yes,Yes,No,No,No,Yes,No,0,6,$18.60,$24.68,$157.00,$174.24,$113.75,$155.34,$289.35,1
6685-BIRGEH-EDC,3,Female,43,20,1,Sales,No,Married,5,"$46,000.00",1,1,Lease,Domestic,"$6,400",26,Yes,No,AMEX,17,No,23,Yes,No,Yes,No,No,Yes,No,0,40,$30.20,$263.96,$156.60,"$1,193.72",$0.00,$0.00,$186.80,0
6687-OXMVWH-SDV,3,Female,27,18,2,Crafts,No,Unmarried,2,"$116,000.00",12,1,Own,Foreign,"$31,800",23,Yes,No,Visa,9,No,21,No,No,No,Yes,No,No,No,1,27,$45.20,$266.44,$0.00,$0.00,$0.00,$0.00,$45.20,0
6694-YEXWSZ-BAM,5,Female,30,15,0,Sales,No,Unmarried,1,"$58,000.00",1,1,Own,Foreign,"$14,400",32,No,Yes,Visa,9,Yes,22,Yes,No,No,No,Yes,No,No,1,26,$12.00,$66.00,$136.00,$640.68,$0.00,$0.00,$148.00,0
6695-ZNEGRG-VXI,3,Female,56,13,1,Sales,No,Married,2,"$40,000.00",4,0,Own,Domestic,"$9,600",22,No,No,Mast,11,No,17,Yes,No,No,No,No,Yes,No,0,27,$17.60,$79.28,$102.40,$535.88,$0.00,$0.00,$120.00,0
6697-TBWQER-JLA,2,Male,50,19,14,Crafts,No,Unmarried,2,"$120,000.00",5,1,Own,Domestic,"$25,700",18,Yes,Yes,Disc,26,No,14,Yes,Yes,Yes,Yes,Yes,Yes,Yes,0,61,$44.60,$543.92,$226.40,"$2,711.72",$334.25,"$4,884.00",$605.25,1
6700-XXBTLR-PPV,3,Male,22,17,0,Sales,No,Unmarried,1,"$70,000.00",0,0,Lease,Foreign,"$15,500",28,No,No,Disc,4,No,16,Yes,Yes,Yes,Yes,No,Yes,No,0,6,$12.00,$20.24,$158.00,$136.16,$136.50,$165.72,$306.50,1
6700-YQAMUY-AMS,5,Female,20,15,0,Sales,No,Married,5,"$56,000.00",1,1,Own,Domestic,"$13,000",29,No,Yes,AMEX,2,Yes,21,No,No,No,Yes,Yes,No,No,0,14,$21.60,$43.96,$0.00,$0.00,$0.00,$0.00,$21.60,0
6702-MJNIGH-KYH,2,Male,61,18,20,Labor,Yes,Unmarried,1,"$64,000.00",0,0,NoCar,N/A,$0,16,No,Yes,Visa,8,No,12,No,Yes,No,Yes,Yes,No,No,1,5,$17.40,$18.60,$0.00,$0.00,$112.50,$127.02,$129.90,0
6704-LTYDYF-H8I,5,Female,69,19,10,Sales,No,Married,2,"$162,000.00",0,1,Own,Domestic,"$48,100",22,No,Yes,Disc,34,No,22,No,No,No,No,Yes,No,Yes,0,68,$65.20,$879.44,$0.00,$0.00,$0.00,$0.00,$65.20,0
6704-NIJWSN-VQ2,1,Female,28,20,0,Professional,No,Unmarried,1,"$122,000.00",3,1,Own,Domestic,"$27,900",21,No,No,AMEX,1,Yes,22,No,No,No,No,Yes,No,No,1,2,$9.60,$3.40,$0.00,$0.00,$0.00,$0.00,$9.60,0
6704-WXZEXU-VPY,3,Male,39,19,11,Labor,No,Married,3,"$133,000.00",11,0,Own,Foreign,"$65,800",22,Yes,Yes,Disc,21,Yes,16,No,No,No,Yes,Yes,No,Yes,0,68,$58.20,$800.72,$0.00,$0.00,$0.00,$0.00,$58.20,0
6708-QEPPOG-Y7C,2,Female,59,18,9,Sales,No,Married,3,"$122,000.00",0,1,Own,Foreign,"$28,400",25,Yes,Yes,Visa,27,Yes,33,Yes,Yes,Yes,Yes,Yes,Yes,No,0,59,$60.40,$702.16,$277.80,"$3,256.92",$444.75,"$6,295.68",$782.95,1
6713-UVLATG-1XY,4,Female,74,17,28,Service,Yes,Unmarried,1,"$76,000.00",7,1,Own,Domestic,"$20,400",21,No,No,Mast,8,Yes,29,No,Yes,Yes,Yes,Yes,Yes,No,0,15,$34.40,$105.80,$0.00,$0.00,$188.75,$607.38,$223.15,0
6715-JQGZKD-H93,1,Male,59,9,17,Professional,No,Married,2,"$148,000.00",7,1,Own,Foreign,"$30,000",23,No,No,Mast,28,Yes,23,No,No,No,No,No,No,Yes,1,54,$64.80,$659.20,$0.00,$0.00,$0.00,$0.00,$64.80,0
6720-GHEOEK-J4I,5,Male,58,9,4,Sales,No,Unmarried,1,"$64,000.00",0,0,Own,Domestic,"$12,300",25,No,No,Mast,8,Yes,18,No,No,No,Yes,No,No,No,1,11,$28.40,$47.96,$0.00,$0.00,$0.00,$0.00,$28.40,0
6722-XLYUTK-TM4,5,Male,19,11,1,Professional,No,Married,4,"$38,000.00",7,0,Lease,Foreign,"$10,000",37,Yes,Yes,Mast,1,Yes,16,No,No,No,Yes,No,No,No,0,13,$42.80,$113.32,$0.00,$0.00,$0.00,$0.00,$42.80,0
6723-PDFCAS-H16,2,Female,27,11,1,Sales,No,Unmarried,2,"$42,000.00",1,1,Lease,Domestic,"$8,000",35,No,Yes,Visa,3,No,24,No,No,Yes,No,No,No,No,0,12,$13.00,$31.48,$0.00,$0.00,$0.00,$0.00,$13.00,0
6725-PUIEGJ-LR7,1,Male,78,21,28,Labor,Yes,Unmarried,1,"$50,000.00",9,0,Own,Domestic,"$13,800",22,No,No,Visa,40,Yes,21,Yes,Yes,Yes,Yes,Yes,Yes,Yes,0,72,$107.20,"$1,577.96",$286.00,"$4,139.56",$453.00,"$7,735.14",$846.20,1
6725-WVDKTL-Y9J,3,Female,37,13,4,Sales,No,Unmarried,1,"$66,000.00",1,0,NoCar,N/A,$0,32,No,No,Visa,7,Yes,18,No,No,No,No,No,No,No,0,25,$20.40,$105.48,$0.00,$0.00,$0.00,$0.00,$20.40,0
6730-HNVDWC-0WE,3,Male,51,8,15,Service,No,Unmarried,1,"$104,000.00",0,0,Own,Domestic,"$33,300",21,No,No,Visa,12,Yes,21,No,No,No,Yes,Yes,No,No,0,43,$21.20,$165.00,$0.00,$0.00,$0.00,$0.00,$21.20,0
6730-IXOWRR-TS8,4,Male,29,20,1,Crafts,No,Married,2,"$68,000.00",2,1,NoCar,N/A,$0,28,Yes,No,AMEX,9,Yes,23,Yes,Yes,Yes,No,No,Yes,No,1,26,$24.20,$136.92,$137.00,$664.64,$89.00,$535.62,$250.20,0
6730-KNNEUW-G3R,4,Male,35,11,6,Professional,No,Unmarried,1,"$64,000.00",0,1,Own,Domestic,"$17,300",26,No,No,Mast,17,Yes,16,No,No,No,No,No,Yes,No,0,65,$92.80,"$1,190.20",$0.00,$0.00,$0.00,$0.00,$92.80,0
6731-UKEQRV-6ZB,4,Female,44,11,15,Labor,No,Married,4,"$134,000.00",7,0,Own,Foreign,"$39,800",32,No,Yes,Visa,26,No,17,No,No,No,No,No,No,Yes,0,68,$84.60,"$1,174.32",$0.00,$0.00,$0.00,$0.00,$84.60,0
6738-QPDWSF-94T,5,Female,43,17,8,Service,No,Married,5,"$115,000.00",1,1,Own,Foreign,"$50,800",16,Yes,Yes,Disc,9,Yes,16,No,Yes,Yes,Yes,Yes,Yes,No,0,20,$45.80,$171.32,$0.00,$0.00,$153.75,$750.72,$199.55,0
6744-ZOSEGA-0BJ,2,Female,42,13,4,Sales,No,Married,3,"$76,000.00",7,1,Own,Domestic,"$20,000",23,No,No,Disc,24,No,25,Yes,Yes,No,Yes,No,Yes,Yes,0,69,$45.20,$630.20,$173.40,"$2,375.88",$150.00,"$2,604.48",$368.60,1
6745-DRHAFX-2OY,1,Male,77,19,37,Agriculture,Yes,Unmarried,1,"$64,000.00",0,1,NoCar,N/A,$0,22,No,No,Mast,30,Yes,18,Yes,No,No,No,No,Yes,No,1,61,$48.20,$612.28,$128.80,"$1,475.40",$0.00,$0.00,$177.00,0
6745-XOSOPD-7QB,3,Male,35,16,7,Service,No,Unmarried,4,"$38,000.00",0,1,NoCar,N/A,$0,32,No,No,Visa,17,Yes,22,No,No,No,Yes,Yes,No,No,0,34,$29.00,$222.92,$0.00,$0.00,$0.00,$0.00,$29.00,0
6746-BBGJAG-EV5,2,Female,53,8,23,Labor,No,Unmarried,2,"$182,000.00",7,1,NoCar,N/A,$0,17,Yes,Yes,Disc,16,No,28,No,No,No,No,Yes,No,Yes,0,32,$71.40,$474.32,$0.00,$0.00,$0.00,$0.00,$71.40,0
6747-SBGRCB-IFD,4,Male,44,16,10,Crafts,No,Married,5,"$48,000.00",0,1,NoCar,N/A,$0,23,No,No,Mast,3,Yes,21,Yes,No,No,No,No,Yes,No,0,2,$11.60,$3.64,$113.20,$32.40,$0.00,$0.00,$124.80,0
6748-SBHSWH-5YE,1,Female,45,18,17,Labor,No,Unmarried,4,"$140,000.00",6,1,Own,Foreign,"$77,200",24,No,Yes,AMEX,21,No,26,Yes,Yes,Yes,Yes,Yes,Yes,Yes,0,47,$38.60,$385.32,$317.80,"$2,869.00",$395.25,"$4,379.94",$751.65,1
6748-SPDOSP-5FK,5,Male,63,15,8,Sales,No,Unmarried,1,"$94,000.00",7,1,Own,Foreign,"$21,000",31,No,Yes,Disc,31,Yes,27,Yes,No,No,No,No,No,No,0,60,$52.80,$636.60,$110.40,"$1,311.76",$0.00,$0.00,$163.20,0
6751-AMYLWD-LCJ,2,Female,65,16,17,Labor,Yes,Unmarried,1,"$40,000.00",2,1,Own,Foreign,"$10,300",31,No,Yes,Mast,31,Yes,19,No,No,Yes,Yes,Yes,No,Yes,1,69,$94.80,"$1,408.84",$0.00,$0.00,$0.00,$0.00,$94.80,0
6758-ULCQSF-EBK,1,Female,43,15,8,Professional,No,Unmarried,1,"$74,000.00",2,0,Own,Foreign,"$26,000",28,No,No,Visa,12,Yes,21,No,No,No,Yes,Yes,No,Yes,0,28,$39.00,$205.48,$0.00,$0.00,$0.00,$0.00,$39.00,0
6759-HAAEZH-4VK,1,Male,28,14,2,Sales,No,Unmarried,1,"$40,000.00",2,0,Own,Domestic,"$8,200",17,No,Yes,Disc,11,Yes,19,No,No,No,Yes,No,No,No,0,33,$19.00,$129.08,$0.00,$0.00,$0.00,$0.00,$19.00,0
6760-JZVHNV-E0D,2,Male,70,8,9,Sales,No,Unmarried,1,"$64,000.00",5,0,Lease,Domestic,"$13,000",22,No,No,Mast,20,No,20,No,No,No,No,No,No,Yes,0,58,$52.60,$563.48,$0.00,$0.00,$0.00,$0.00,$52.60,0
6762-UARYPL-51S,2,Female,36,18,2,Sales,No,Unmarried,1,"$58,000.00",2,1,Lease,Foreign,"$13,100",31,Yes,Yes,Disc,3,Yes,23,Yes,Yes,No,Yes,No,Yes,No,0,4,$12.20,$6.68,$157.60,$108.80,$120.75,$82.98,$290.55,1
6764-PDBVGZ-RPT,3,Female,63,9,19,Professional,No,Married,2,"$136,000.00",10,1,Own,Domestic,"$70,300",24,No,Yes,AMEX,40,No,21,No,No,No,Yes,Yes,No,Yes,0,72,$156.60,"$2,214.96",$0.00,$0.00,$0.00,$0.00,$156.60,0
6764-QTFVPH-1SZ,3,Male,35,14,5,Sales,No,Unmarried,1,"$68,000.00",2,0,Own,Foreign,"$16,000",27,No,No,Mast,6,No,23,No,No,No,No,No,No,No,0,15,$28.80,$106.20,$0.00,$0.00,$0.00,$0.00,$28.80,0
6764-RLBSBF-VL4,1,Female,73,18,18,Sales,Yes,Married,2,"$28,000.00",0,1,Lease,Domestic,"$10,500",27,Yes,Yes,AMEX,27,Yes,18,Yes,No,No,No,Yes,Yes,Yes,0,51,$42.80,$404.52,$139.60,"$1,462.20",$0.00,$0.00,$182.40,0
6765-FEIEKD-M1L,2,Male,69,16,3,Sales,Yes,Married,2,"$22,000.00",0,1,Lease,Foreign,"$5,500",19,Yes,No,Visa,20,No,25,No,No,No,No,No,No,No,0,49,$50.60,$459.68,$0.00,$0.00,$0.00,$0.00,$50.60,0
6766-BKWNTC-8QL,4,Male,72,9,30,Service,Yes,Married,2,"$22,000.00",9,0,Lease,Domestic,"$5,800",19,No,Yes,AMEX,12,No,18,No,No,No,No,No,No,Yes,0,23,$67.20,$336.76,$0.00,$0.00,$0.00,$0.00,$67.20,0
6766-XBOCOZ-7LD,2,Male,67,16,10,Professional,No,Married,2,"$102,000.00",0,1,Lease,Foreign,"$22,200",24,Yes,Yes,AMEX,26,No,25,Yes,Yes,No,No,No,Yes,Yes,0,55,$27.40,$293.32,$146.80,"$1,638.76",$101.00,"$1,364.16",$275.20,1
6768-WVNZXG-9NB,5,Female,21,16,0,Labor,No,Married,3,"$30,000.00",2,1,Lease,Foreign,"$7,300",32,No,Yes,Mast,3,Yes,36,No,No,No,Yes,Yes,No,No,1,30,$38.40,$197.64,$0.00,$0.00,$0.00,$0.00,$38.40,0
6769-JJLIDF-947,3,Male,34,19,5,Crafts,No,Married,4,"$82,000.00",10,1,Own,Foreign,"$18,000",26,No,Yes,Disc,15,No,21,No,Yes,Yes,No,Yes,Yes,Yes,1,29,$30.00,$175.12,$0.00,$0.00,$139.25,$918.84,$169.25,0
6771-VWPLWJ-B4U,2,Female,66,14,15,Professional,No,Unmarried,1,"$86,000.00",7,1,Own,Foreign,"$23,200",19,No,No,Othe,34,No,24,No,No,No,Yes,Yes,No,Yes,1,65,$48.80,$566.84,$0.00,$0.00,$0.00,$0.00,$48.80,0
6771-YPYGMC-EUQ,3,Male,70,12,29,Crafts,Yes,Unmarried,1,"$26,000.00",1,0,Lease,Domestic,"$6,600",18,No,No,Disc,12,No,22,No,No,No,No,No,No,No,0,36,$33.40,$245.32,$0.00,$0.00,$0.00,$0.00,$33.40,0
6772-ZVVRDK-NX4,1,Female,26,14,5,Labor,No,Unmarried,1,"$42,000.00",4,1,Own,Foreign,"$10,500",20,Yes,No,AMEX,9,No,21,No,No,No,No,No,No,No,0,19,$26.20,$86.68,$0.00,$0.00,$0.00,$0.00,$26.20,0
6778-XWOGNL-3IH,4,Male,47,16,19,Crafts,No,Married,4,"$132,000.00",0,1,Own,Domestic,"$57,800",28,No,Yes,AMEX,29,No,21,Yes,Yes,Yes,Yes,Yes,Yes,Yes,1,71,$82.40,"$1,161.52",$209.20,"$3,010.56",$282.25,"$4,629.72",$573.85,1
6786-AYERHK-FTJ,3,Male,53,16,11,Labor,No,Married,2,"$118,000.00",1,1,Own,Domestic,"$28,200",26,Yes,No,Visa,32,No,10,No,No,No,No,No,No,Yes,1,66,$35.40,$455.36,$0.00,$0.00,$0.00,$0.00,$35.40,0
6786-HCPJTU-GSK,1,Male,67,12,35,Crafts,Yes,Unmarried,1,"$38,000.00",3,1,NoCar,N/A,$0,23,No,No,Mast,35,No,17,No,No,No,No,No,No,Yes,1,69,$64.00,$873.92,$0.00,$0.00,$0.00,$0.00,$64.00,0
6791-SPZGQO-4LE,3,Male,56,12,28,Labor,No,Unmarried,1,"$126,000.00",3,1,Lease,Domestic,"$37,800",28,Yes,No,Visa,35,No,20,No,No,No,No,No,No,Yes,0,66,$94.60,"$1,255.96",$0.00,$0.00,$0.00,$0.00,$94.60,0
6792-WLCTTA-IX4,4,Female,31,9,10,Crafts,No,Unmarried,2,"$56,000.00",7,0,Own,Domestic,"$17,300",26,No,Yes,Othe,13,Yes,19,No,No,No,Yes,Yes,No,Yes,1,29,$34.80,$190.72,$0.00,$0.00,$0.00,$0.00,$34.80,0
6793-BYBSHF-6MX,4,Male,77,12,37,Service,Yes,Married,2,"$52,000.00",5,0,Own,Foreign,"$9,700",24,No,No,Disc,39,No,15,No,No,No,No,No,No,Yes,0,72,$165.60,"$2,348.20",$0.00,$0.00,$0.00,$0.00,$165.60,0
6793-RYYHKO-1JV,4,Female,62,17,9,Professional,No,Married,2,"$106,000.00",0,1,Own,Foreign,"$58,900",22,No,Yes,Disc,35,Yes,20,No,No,No,No,No,No,Yes,0,62,$41.80,$503.88,$0.00,$0.00,$0.00,$0.00,$41.80,0
6793-UVTRXF-WR2,1,Female,47,11,17,Agriculture,No,Married,3,"$168,000.00",5,1,Own,Foreign,"$41,100",19,No,Yes,AMEX,29,No,25,No,Yes,No,Yes,Yes,No,Yes,0,72,$152.00,"$2,193.36",$0.00,$0.00,$216.00,"$3,833.10",$368.00,1
6799-BFZWQR-6LX,1,Male,71,9,16,Professional,Yes,Unmarried,1,"$24,000.00",6,1,Own,Domestic,"$5,700",22,No,No,Mast,37,No,20,No,No,No,Yes,Yes,No,Yes,1,71,$190.40,"$2,783.76",$0.00,$0.00,$0.00,$0.00,$190.40,0
6799-OAHDNM-FOU,1,Male,68,13,11,Professional,No,Unmarried,1,"$82,000.00",6,0,Own,Domestic,"$22,800",15,Yes,Yes,AMEX,38,No,22,Yes,No,No,Yes,No,No,Yes,0,72,$136.00,"$1,960.72",$146.00,"$2,041.32",$0.00,$0.00,$282.00,1
6802-YCUCPB-D14,5,Male,54,10,24,Crafts,No,Unmarried,1,"$119,000.00",9,0,Own,Foreign,"$70,000",38,No,Yes,Visa,16,Yes,20,No,No,No,Yes,Yes,No,No,0,24,$19.80,$102.96,$0.00,$0.00,$0.00,$0.00,$19.80,0
6805-CDCHTB-H1R,3,Male,43,13,4,Sales,No,Married,5,"$40,000.00",11,1,Own,Domestic,"$13,700",21,No,No,Mast,25,No,19,No,No,No,No,Yes,No,Yes,0,57,$50.40,$584.56,$0.00,$0.00,$0.00,$0.00,$50.40,0
6810-EIBFWE-V11,4,Male,72,15,27,Service,No,Unmarried,1,"$261,000.00",5,1,Own,Domestic,"$87,400",31,No,No,Mast,40,No,11,Yes,Yes,Yes,No,Yes,Yes,Yes,0,72,$165.00,"$2,441.44",$167.00,"$2,263.52",$216.50,"$3,615.72",$548.50,1
6810-LMHVYX-RF0,1,Female,27,16,0,Sales,No,Married,6,"$60,000.00",0,0,Own,Foreign,"$19,800",30,No,Yes,Visa,6,No,17,No,No,No,Yes,No,No,No,0,12,$19.40,$66.36,$0.00,$0.00,$0.00,$0.00,$19.40,0
6811-GXLFHF-AA2,1,Female,42,11,10,Agriculture,No,Married,5,"$84,000.00",0,1,Own,Domestic,"$22,300",20,No,No,Visa,8,No,18,No,No,No,No,No,No,No,0,17,$19.00,$64.52,$0.00,$0.00,$0.00,$0.00,$19.00,0
6816-RFGSTX-G9K,1,Male,44,16,2,Sales,No,Married,3,"$74,000.00",2,1,NoCar,N/A,$0,19,No,Yes,Visa,17,Yes,20,Yes,Yes,Yes,Yes,Yes,Yes,No,1,36,$38.20,$287.92,$259.60,"$1,811.64",$528.00,"$4,383.18",$825.80,1
6817-VAWTEI-B1W,5,Male,74,8,43,Crafts,Yes,Unmarried,1,"$121,000.00",1,1,Own,Domestic,"$63,000",28,No,No,Mast,40,Yes,18,No,No,No,No,Yes,Yes,Yes,0,72,$277.80,"$3,980.28",$0.00,$0.00,$0.00,$0.00,$277.80,1
6823-GGYTNB-AZF,2,Male,24,12,4,Service,No,Unmarried,1,"$30,000.00",0,0,Own,Foreign,"$6,400",31,No,No,Mast,1,Yes,18,No,No,No,No,No,No,No,1,3,$7.80,$2.52,$0.00,$0.00,$0.00,$0.00,$7.80,0
6825-LNJZNU-LZ6,2,Male,55,19,11,Sales,No,Married,2,"$86,000.00",0,0,Own,Foreign,"$25,100",21,No,Yes,Visa,20,No,23,No,No,No,No,No,Yes,Yes,0,39,$31.60,$240.68,$0.00,$0.00,$0.00,$0.00,$31.60,0
6826-SSALGJ-04J,3,Male,19,14,0,Professional,No,Married,3,"$22,000.00",4,1,NoCar,N/A,$0,36,Yes,Yes,Disc,1,Yes,20,No,No,No,No,No,No,Yes,0,22,$26.60,$119.24,$0.00,$0.00,$0.00,$0.00,$26.60,0
6828-JEJYIH-3EI,2,Female,43,8,8,Professional,No,Unmarried,1,"$88,000.00",8,1,Own,Foreign,"$18,000",27,Yes,Yes,Mast,7,Yes,25,No,No,No,Yes,Yes,No,No,0,29,$21.80,$123.92,$0.00,$0.00,$0.00,$0.00,$21.80,0
6832-RCRBEP-LNU,5,Male,55,12,11,Sales,No,Unmarried,1,"$112,000.00",0,0,Own,Domestic,"$32,600",26,No,Yes,Disc,37,No,28,No,Yes,No,Yes,Yes,No,Yes,0,71,$105.80,"$1,482.04",$0.00,$0.00,$303.50,"$5,547.06",$409.30,1
6834-CTSBPJ-Y08,3,Female,58,11,3,Sales,No,Unmarried,1,"$90,000.00",0,0,Own,Foreign,"$30,300",25,Yes,Yes,AMEX,9,No,28,Yes,No,Yes,No,No,No,No,0,25,$23.60,$126.92,$137.00,$668.44,$0.00,$0.00,$160.60,0
6835-ICMHVZ-Y5G,2,Female,45,12,5,Professional,No,Unmarried,1,"$64,000.00",9,1,Own,Domestic,"$21,100",22,No,Yes,Visa,22,No,19,No,No,No,No,No,No,Yes,0,62,$104.80,"$1,282.00",$0.00,$0.00,$0.00,$0.00,$104.80,0
6837-HQAQES-KML,2,Male,26,20,0,Professional,No,Unmarried,1,"$58,000.00",0,1,Own,Foreign,"$13,900",31,No,Yes,AMEX,1,Yes,22,Yes,Yes,Yes,Yes,No,Yes,No,1,2,$22.20,$10.52,$132.80,$20.36,$120.50,$17.52,$275.50,1
6839-WSKKYK-D4T,2,Female,58,15,11,Service,No,Unmarried,1,"$86,000.00",3,1,Lease,Domestic,"$20,900",24,No,No,Visa,25,No,24,Yes,No,No,No,No,Yes,Yes,0,60,$40.00,$540.88,$163.20,"$1,906.80",$0.00,$0.00,$203.20,0
6840-SVGNVT-HP8,2,Male,75,15,26,Professional,No,Married,3,"$106,000.00",7,1,Own,Foreign,"$45,600",27,Yes,Yes,Disc,39,No,19,No,No,No,Yes,Yes,No,Yes,0,72,$213.40,"$3,096.00",$0.00,$0.00,$0.00,$0.00,$213.40,0
6841-FBQILD-2CH,2,Female,59,18,9,Sales,No,Married,2,"$150,000.00",1,1,Own,Domestic,"$32,000",19,No,Yes,Mast,12,No,25,Yes,Yes,Yes,Yes,No,Yes,No,1,35,$25.80,$158.08,$164.80,"$1,121.76",$172.00,"$1,368.66",$362.60,1
6841-JSSSYV-E8Q,1,Female,78,19,34,Service,Yes,Unmarried,1,"$46,000.00",0,0,Lease,Foreign,"$11,400",24,Yes,No,Visa,39,No,25,Yes,No,No,No,No,Yes,Yes,1,70,$151.20,"$2,127.24",$129.60,"$1,850.92",$0.00,$0.00,$280.80,1
6841-RNTYXJ-FCK,5,Female,69,11,32,Service,No,Unmarried,1,"$134,000.00",5,0,Own,Foreign,"$34,200",24,No,Yes,Othe,38,No,27,No,No,No,No,No,No,Yes,1,71,$111.60,"$1,517.16",$0.00,$0.00,$0.00,$0.00,$111.60,0
6842-NRIXNR-BTX,4,Male,20,13,1,Service,No,Unmarried,2,"$48,000.00",0,1,Own,Foreign,"$10,500",22,No,No,Mast,3,No,15,No,No,No,Yes,Yes,No,No,0,6,$9.40,$4.60,$0.00,$0.00,$0.00,$0.00,$9.40,0
6843-FOJIYT-48V,2,Male,48,11,11,Sales,No,Unmarried,2,"$82,000.00",5,0,Own,Foreign,"$21,200",21,No,Yes,Disc,19,No,19,No,No,Yes,Yes,Yes,No,Yes,1,46,$63.20,$609.12,$0.00,$0.00,$0.00,$0.00,$63.20,0
6843-PTAEZC-KH5,1,Female,69,9,31,Labor,Yes,Unmarried,1,"$26,000.00",0,0,Lease,Foreign,"$5,200",22,Yes,No,Visa,35,Yes,24,No,No,No,No,No,No,Yes,0,67,$82.60,"$1,127.96",$0.00,$0.00,$0.00,$0.00,$82.60,0
6844-VETJBH-XEI,4,Female,47,16,4,Service,No,Married,3,"$100,000.00",3,1,Own,Foreign,"$24,300",29,No,No,Disc,23,No,22,Yes,Yes,Yes,Yes,No,Yes,Yes,0,55,$93.20,"$1,064.96",$161.00,"$1,799.52",$253.00,"$3,247.02",$507.20,1
6846-MRVUDK-L0V,1,Female,36,20,1,Sales,No,Unmarried,2,"$70,000.00",0,1,Own,Foreign,"$17,100",30,No,No,AMEX,1,No,20,No,No,No,No,No,No,No,0,4,$8.20,$12.92,$0.00,$0.00,$0.00,$0.00,$8.20,0
6849-INEROL-JMY,3,Male,38,19,1,Sales,No,Unmarried,1,"$46,000.00",1,0,Own,Domestic,"$15,400",35,No,No,Mast,1,No,27,Yes,Yes,Yes,Yes,No,Yes,No,0,4,$14.80,$7.44,$147.20,$108.24,$158.25,$106.32,$320.25,1
6851-QTAWZP-5BD,1,Female,74,16,2,Sales,Yes,Married,2,"$32,000.00",2,0,Lease,Domestic,"$8,700",15,No,Yes,Disc,9,No,27,No,No,No,No,Yes,No,No,1,17,$27.60,$85.68,$0.00,$0.00,$0.00,$0.00,$27.60,0
6852-NKPDUN-XBN,3,Female,62,12,20,Labor,No,Married,4,"$131,000.00",0,1,Own,Foreign,"$58,500",37,No,Yes,AMEX,20,No,16,Yes,No,Yes,Yes,Yes,No,Yes,0,31,$62.00,$381.44,$212.20,"$1,271.44",$0.00,$0.00,$274.20,0
6853-DEAQOX-JP7,5,Male,54,14,11,Professional,No,Unmarried,1,"$156,000.00",16,0,Lease,Domestic,"$42,600",26,No,No,Disc,4,No,21,Yes,Yes,Yes,Yes,Yes,No,No,0,14,$42.00,$119.88,$145.40,$384.44,$154.50,$491.16,$341.90,1
6854-MXUYYG-73P,3,Male,44,18,3,Sales,No,Married,4,"$166,000.00",2,1,Own,Foreign,"$31,200",18,Yes,No,Visa,19,Yes,23,Yes,No,No,No,No,Yes,Yes,1,48,$140.60,"$1,300.12",$154.20,"$1,429.60",$0.00,$0.00,$294.80,1
6855-LNJYWN-Y65,4,Female,77,15,6,Sales,No,Unmarried,1,"$54,000.00",5,0,Own,Foreign,"$15,000",15,Yes,Yes,Mast,6,No,26,No,No,No,Yes,Yes,No,No,0,15,$42.60,$102.96,$0.00,$0.00,$0.00,$0.00,$42.60,0
6856-FWZOYG-MSF,5,Female,22,14,0,Sales,No,Married,6,"$48,000.00",1,0,Own,Foreign,"$13,500",22,No,Yes,Visa,4,No,20,No,No,No,Yes,Yes,No,Yes,0,56,$137.00,"$1,503.72",$0.00,$0.00,$0.00,$0.00,$137.00,0
6856-KHZATU-IGL,4,Male,57,19,12,Service,No,Married,2,"$170,000.00",8,1,Own,Domestic,"$41,000",27,No,No,Disc,23,No,26,Yes,Yes,Yes,Yes,Yes,Yes,No,1,53,$64.40,$689.60,$220.80,"$2,354.68",$317.75,"$4,083.54",$602.95,1
6859-QHDZGI-0YU,1,Male,41,13,15,Agriculture,No,Unmarried,1,"$88,000.00",0,1,Lease,Foreign,"$21,400",25,No,Yes,Disc,8,Yes,18,No,No,Yes,No,No,Yes,No,0,18,$28.80,$94.32,$0.00,$0.00,$0.00,$0.00,$28.80,0
6868-QULCZX-N11,3,Male,59,11,28,Labor,No,Unmarried,1,"$159,000.00",0,1,Own,Domestic,"$98,500",25,Yes,Yes,Othe,40,No,15,No,No,No,No,No,No,Yes,0,71,$147.00,"$2,092.56",$0.00,$0.00,$0.00,$0.00,$147.00,0
6870-JFDMUK-DWK,3,Male,37,16,7,Labor,No,Married,3,"$104,000.00",4,0,Own,Foreign,"$35,400",27,No,Yes,AMEX,19,No,20,No,Yes,Yes,Yes,Yes,No,No,0,52,$55.20,$590.36,$0.00,$0.00,$239.75,"$3,136.14",$294.95,1
6872-CWSVSS-4W5,1,Female,76,12,16,Professional,No,Unmarried,1,"$156,000.00",12,1,Own,Foreign,"$39,100",20,No,No,Mast,18,No,26,No,No,No,No,No,No,Yes,0,44,$42.80,$380.32,$0.00,$0.00,$0.00,$0.00,$42.80,0
6875-OCAMBG-ZAB,5,Female,19,14,0,Labor,No,Married,5,"$58,000.00",11,1,Own,Domestic,"$17,900",31,No,No,Visa,1,Yes,25,No,No,No,No,No,No,No,0,12,$22.40,$57.52,$0.00,$0.00,$0.00,$0.00,$22.40,0
6877-RTHCJH-M7A,2,Male,29,19,1,Professional,No,Unmarried,3,"$156,000.00",5,0,Own,Foreign,"$68,600",31,Yes,Yes,Mast,11,Yes,26,Yes,Yes,Yes,No,No,Yes,Yes,1,33,$40.60,$259.16,$141.40,$899.88,$147.50,"$1,090.50",$329.50,1
6879-SZBXXQ-ERC,4,Female,58,16,20,Service,No,Unmarried,4,"$409,000.00",4,1,Own,Foreign,"$93,200",24,Yes,Yes,Mast,17,No,28,No,No,No,Yes,Yes,No,No,0,48,$27.20,$265.04,$0.00,$0.00,$0.00,$0.00,$27.20,0
6879-ZGVFLD-N41,5,Female,31,14,3,Sales,No,Married,2,"$136,000.00",1,1,Own,Foreign,"$34,000",29,Yes,No,Mast,12,No,16,No,No,No,No,No,No,Yes,1,44,$22.40,$203.76,$0.00,$0.00,$0.00,$0.00,$22.40,0
6881-SCYJTA-NVZ,4,Female,35,16,7,Professional,No,Married,2,"$46,000.00",4,0,Own,Foreign,"$9,600",21,No,No,Disc,9,Yes,18,Yes,Yes,Yes,Yes,Yes,Yes,No,0,14,$25.60,$63.96,$156.00,$389.92,$133.00,$411.42,$314.60,1
6882-FYTACL-P17,3,Male,35,12,1,Sales,No,Unmarried,1,"$72,000.00",7,1,Own,Domestic,"$16,800",21,No,Yes,Mast,3,Yes,19,No,No,No,No,No,No,No,0,10,$17.00,$37.92,$0.00,$0.00,$0.00,$0.00,$17.00,0
6887-CUYUZU-X95,4,Male,46,8,8,Crafts,No,Unmarried,1,"$74,000.00",0,1,Lease,Domestic,"$16,600",29,No,No,AMEX,9,Yes,18,No,No,No,No,No,No,Yes,1,18,$23.40,$88.92,$0.00,$0.00,$0.00,$0.00,$23.40,0
6891-ARDRVC-EWL,2,Female,65,11,30,Labor,Yes,Unmarried,1,"$64,000.00",4,0,Own,Foreign,"$18,400",25,Yes,Yes,Visa,13,No,18,No,No,No,No,No,No,Yes,0,32,$31.40,$176.56,$0.00,$0.00,$0.00,$0.00,$31.40,0
6891-KEMHFO-JU6,3,Female,47,12,11,Professional,No,Married,2,"$118,000.00",0,1,Own,Foreign,"$24,600",21,No,Yes,Mast,5,Yes,16,Yes,No,No,No,Yes,No,No,0,5,$10.40,$11.24,$104.80,$81.68,$0.00,$0.00,$115.20,0
6896-NCSSOZ-ASJ,2,Male,74,16,13,Professional,Yes,Married,2,"$32,000.00",8,1,Lease,Foreign,"$7,500",34,No,Yes,Visa,34,No,15,No,No,No,Yes,Yes,No,Yes,0,66,$104.60,"$1,368.40",$0.00,$0.00,$0.00,$0.00,$104.60,0
6897-GFLQSK-KW9,5,Male,18,13,0,Sales,No,Unmarried,3,"$58,000.00",0,0,Own,Domestic,"$17,700",28,Yes,No,Disc,0,No,28,No,No,No,Yes,Yes,No,No,1,6,$21.20,$24.16,$0.00,$0.00,$0.00,$0.00,$21.20,0
6897-GWVNOA-98A,4,Female,28,19,0,Sales,No,Unmarried,4,"$106,000.00",2,0,Own,Domestic,"$19,200",32,Yes,No,AMEX,4,Yes,15,Yes,No,No,No,No,Yes,No,0,9,$29.20,$41.84,$112.20,$174.76,$0.00,$0.00,$141.40,0
6898-URXDIY-ETQ,4,Female,28,8,5,Professional,No,Married,3,"$46,000.00",7,1,Own,Foreign,"$12,600",28,Yes,Yes,Visa,11,Yes,19,No,No,No,No,No,No,No,0,9,$23.20,$59.24,$0.00,$0.00,$0.00,$0.00,$23.20,0
6902-OYOYSM-OFE,3,Female,33,19,5,Service,No,Unmarried,3,"$146,000.00",0,1,Own,Domestic,"$30,800",9,No,No,Mast,12,Yes,21,Yes,Yes,Yes,No,Yes,No,No,0,39,$26.60,$205.40,$132.20,$994.48,$120.75,"$1,099.86",$279.55,1
6907-UNTAVY-RH8,5,Male,52,20,7,Sales,No,Unmarried,1,"$261,000.00",5,1,Own,Foreign,"$98,500",17,No,No,AMEX,35,No,20,Yes,Yes,Yes,Yes,Yes,Yes,Yes,0,67,$77.60,"$1,088.12",$318.00,"$4,111.12",$481.25,"$7,402.62",$876.85,1
6910-DMBDII-S1F,5,Female,27,10,5,Service,No,Married,4,"$60,000.00",2,1,NoCar,N/A,$0,47,No,Yes,AMEX,8,No,20,No,No,No,Yes,Yes,No,Yes,0,19,$54.60,$215.76,$0.00,$0.00,$0.00,$0.00,$54.60,0
6912-AWUQTC-MGN,2,Male,26,10,3,Professional,No,Unmarried,1,"$54,000.00",2,0,Lease,Domestic,"$11,800",17,No,No,Othe,1,Yes,10,No,No,Yes,Yes,Yes,No,No,1,4,$7.60,$5.12,$0.00,$0.00,$0.00,$0.00,$7.60,0
6922-VFSNSE-OIV,2,Male,41,16,11,Labor,No,Unmarried,1,"$80,000.00",2,1,Own,Domestic,"$27,400",28,No,No,Disc,20,Yes,19,Yes,Yes,Yes,Yes,Yes,No,No,1,55,$29.40,$325.32,$185.00,"$2,043.76",$204.75,"$2,696.82",$419.15,1
6924-IUGUYT-882,2,Male,72,16,12,Professional,Yes,Unmarried,1,"$32,000.00",4,1,Lease,Domestic,"$8,600",36,No,No,Disc,38,No,23,No,No,No,No,Yes,No,Yes,0,71,$143.00,"$2,021.60",$0.00,$0.00,$0.00,$0.00,$143.00,0
6924-TOWHVQ-BR6,1,Male,73,13,9,Sales,Yes,Unmarried,1,"$20,000.00",0,0,Own,Foreign,"$4,000",23,No,Yes,Mast,24,Yes,17,No,No,No,Yes,No,No,Yes,0,47,$29.00,$272.96,$0.00,$0.00,$0.00,$0.00,$29.00,0
6928-BBWNYG-IMS,5,Female,25,12,0,Sales,No,Married,2,"$40,000.00",0,1,Own,Foreign,"$9,600",35,Yes,No,Disc,2,Yes,17,No,No,No,No,No,Yes,No,0,10,$18.20,$32.00,$0.00,$0.00,$0.00,$0.00,$18.20,0
6930-TVZJTA-1P0,3,Female,57,12,10,Professional,No,Unmarried,1,"$70,000.00",1,0,Own,Domestic,"$18,600",16,Yes,No,Mast,31,No,16,No,No,No,No,No,No,Yes,0,59,$100.20,"$1,199.16",$0.00,$0.00,$0.00,$0.00,$100.20,0
6931-KRBAKK-3OD,3,Female,51,18,13,Agriculture,No,Married,2,"$78,000.00",2,1,NoCar,N/A,$0,19,No,No,Mast,22,No,20,Yes,Yes,Yes,No,No,Yes,Yes,0,57,$123.20,"$1,344.68",$193.60,"$2,130.80",$188.00,"$2,491.56",$504.80,1
6937-BNOFTM-PMT,1,Female,56,17,16,Service,No,Unmarried,1,"$203,000.00",4,1,Own,Foreign,"$86,700",14,Yes,Yes,Disc,19,No,12,Yes,Yes,No,Yes,Yes,Yes,No,0,52,$36.40,$364.04,$144.00,"$1,513.80",$209.00,"$2,510.28",$389.40,1
6937-SCOHRX-FOP,5,Female,23,16,1,Agriculture,No,Unmarried,1,"$28,000.00",2,1,Own,Foreign,"$5,600",22,No,Yes,Disc,1,Yes,0,Yes,No,No,No,No,Yes,No,0,1,$7.00,$1.40,$107.80,$21.56,$0.00,$0.00,$114.80,0
6940-MABAQO-LG9,5,Female,26,15,2,Professional,No,Married,3,"$100,000.00",4,0,NoCar,N/A,$0,33,No,No,Disc,8,No,19,Yes,Yes,Yes,Yes,Yes,Yes,No,1,43,$41.40,$335.08,$159.00,"$1,383.36",$191.50,"$1,891.32",$391.90,1
6942-GLRBUI-DJO,5,Female,42,12,13,Professional,No,Unmarried,1,"$150,000.00",0,1,Own,Foreign,"$38,000",21,Yes,No,Visa,1,No,17,No,No,No,Yes,Yes,No,No,0,2,$8.60,$15.00,$0.00,$0.00,$0.00,$0.00,$8.60,0
6945-WLKWCO-6BQ,4,Male,61,13,5,Sales,No,Married,3,"$76,000.00",0,1,Own,Foreign,"$20,100",23,No,Yes,Visa,23,No,10,Yes,No,No,No,No,No,Yes,0,49,$21.40,$198.40,$124.00,"$1,207.40",$0.00,$0.00,$145.40,0
6945-WYTDMW-S3A,2,Female,71,11,23,Sales,No,Unmarried,1,"$186,000.00",0,0,Own,Domestic,"$48,400",19,Yes,Yes,Visa,37,No,16,No,No,No,Yes,Yes,No,Yes,0,69,$148.40,"$2,087.92",$0.00,$0.00,$0.00,$0.00,$148.40,0
6945-YQLRLR-PF0,3,Female,20,15,0,Labor,No,Married,3,"$46,000.00",7,1,Own,Domestic,"$13,300",19,No,Yes,Visa,2,Yes,17,Yes,No,No,No,No,Yes,Yes,1,13,$17.60,$42.88,$114.20,$271.80,$0.00,$0.00,$131.80,0
6954-YFASVE-VEN,1,Male,41,9,1,Sales,No,Unmarried,1,"$42,000.00",13,0,Own,Domestic,"$15,400",21,Yes,No,Othe,6,Yes,19,No,No,No,No,No,No,No,0,17,$12.20,$41.24,$0.00,$0.00,$0.00,$0.00,$12.20,0
6957-RWZCLU-PDD,4,Male,33,16,5,Service,No,Unmarried,1,"$84,000.00",1,1,Own,Domestic,"$23,300",25,Yes,Yes,AMEX,3,No,26,No,Yes,No,Yes,Yes,Yes,Yes,0,7,$9.40,$11.44,$0.00,$0.00,$84.75,$128.10,$94.15,0
6958-QCZQDR-ECL,4,Male,39,14,1,Sales,No,Unmarried,2,"$74,000.00",0,1,Own,Domestic,"$20,800",27,No,No,AMEX,21,No,15,No,No,Yes,Yes,No,Yes,Yes,0,63,$64.00,$775.16,$0.00,$0.00,$0.00,$0.00,$64.00,0
6959-RUXOVS-23R,5,Male,18,13,0,Sales,No,Unmarried,4,"$34,000.00",0,0,Own,Domestic,"$12,700",32,No,Yes,Visa,0,Yes,15,No,No,No,Yes,Yes,No,Yes,0,3,$45.00,$31.76,$0.00,$0.00,$0.00,$0.00,$45.00,0
6960-IEHYJM-SCB,5,Female,20,15,0,Sales,No,Unmarried,1,"$50,000.00",0,0,Own,Domestic,"$14,700",32,No,No,Disc,2,Yes,33,Yes,Yes,Yes,No,Yes,Yes,No,1,7,$14.60,$23.28,$143.80,$168.44,$154.00,$223.20,$312.40,1
6961-EUBTGU-KQY,5,Male,47,14,16,Service,No,Unmarried,1,"$106,000.00",5,1,Own,Domestic,"$26,500",33,No,Yes,Disc,29,No,17,No,No,Yes,Yes,Yes,No,Yes,1,71,$232.00,"$3,208.36",$0.00,$0.00,$0.00,$0.00,$232.00,0
6962-FWDUBX-87W,5,Female,68,14,26,Labor,Yes,Married,2,"$20,000.00",3,0,Own,Foreign,"$5,000",32,Yes,No,Visa,28,No,19,No,No,No,No,Yes,No,Yes,0,58,$69.40,$774.16,$0.00,$0.00,$0.00,$0.00,$69.40,0
6965-IAQABO-ZF6,2,Female,53,20,5,Sales,No,Unmarried,1,"$134,000.00",5,0,NoCar,N/A,$0,21,No,No,AMEX,11,No,17,Yes,No,No,No,No,Yes,No,0,16,$22.60,$71.24,$98.20,$300.12,$0.00,$0.00,$120.80,0
6966-BEJNEM-J8E,2,Male,29,17,1,Crafts,No,Married,2,"$48,000.00",11,0,Own,Domestic,"$10,700",21,No,Yes,Visa,11,No,18,Yes,Yes,Yes,Yes,Yes,Yes,Yes,1,36,$54.60,$391.16,$140.80,$985.20,$174.25,"$1,545.60",$369.65,1
6969-QLKAFX-RZO,1,Female,69,10,9,Sales,Yes,Unmarried,1,"$18,000.00",3,0,Lease,Domestic,"$2,700",22,No,No,Visa,17,No,0,No,No,No,No,No,No,Yes,1,43,$40.20,$351.48,$0.00,$0.00,$0.00,$0.00,$40.20,0
6971-XJJGUA-FOH,1,Female,72,15,15,Professional,No,Married,2,"$104,000.00",5,0,Own,Foreign,"$34,100",21,Yes,Yes,Disc,36,No,28,No,No,No,No,No,No,Yes,0,68,$58.40,$789.60,$0.00,$0.00,$0.00,$0.00,$58.40,0
6973-VFXJPS-W71,3,Female,46,18,2,Sales,No,Unmarried,3,"$56,000.00",10,1,Lease,Domestic,"$13,700",22,No,Yes,Disc,27,Yes,28,Yes,Yes,No,No,No,Yes,No,0,50,$36.60,$371.76,$140.80,"$1,451.72",$126.25,"$1,439.04",$303.65,1
6977-VVFCPU-OHB,1,Female,27,18,0,Sales,No,Married,6,"$44,000.00",1,1,Own,Foreign,"$9,000",32,No,No,Disc,5,No,16,Yes,No,No,No,No,Yes,No,0,11,$21.60,$47.00,$86.40,$157.52,$0.00,$0.00,$108.00,0
6981-NTUZOL-ALR,4,Female,35,18,2,Sales,No,Married,2,"$72,000.00",2,1,Own,Domestic,"$26,000",36,Yes,Yes,Mast,17,No,20,Yes,No,No,No,No,Yes,Yes,0,59,$61.20,$716.92,$168.20,"$1,978.40",$0.00,$0.00,$229.40,0
6982-UGFDOW-TVK,3,Female,57,15,16,Professional,No,Unmarried,1,"$124,000.00",0,1,Own,Domestic,"$28,200",26,Yes,Yes,Disc,11,No,18,Yes,Yes,Yes,No,No,Yes,No,0,27,$55.80,$288.44,$157.60,$799.04,$190.75,"$1,223.34",$404.15,1
6984-SKSZLL-0VG,2,Female,68,14,34,Crafts,No,Married,2,"$313,000.00",8,1,Own,Foreign,"$87,700",22,Yes,Yes,AMEX,26,Yes,25,No,Yes,Yes,Yes,Yes,No,Yes,0,62,$38.20,$472.88,$0.00,$0.00,$194.75,"$2,778.60",$232.95,0
6985-KGVVOA-OBA,2,Female,20,14,0,Labor,No,Unmarried,1,"$30,000.00",2,0,Own,Domestic,"$7,000",32,No,No,Mast,2,No,19,No,No,No,No,Yes,No,No,0,10,$21.80,$40.44,$0.00,$0.00,$0.00,$0.00,$21.80,0
6989-FAVLSU-F2E,5,Female,76,13,38,Labor,Yes,Unmarried,1,"$40,000.00",1,1,Own,Foreign,"$5,100",31,No,No,Visa,34,No,20,No,No,No,No,No,No,Yes,0,65,$106.60,"$1,345.12",$0.00,$0.00,$0.00,$0.00,$106.60,0
6989-OLIHIB-1LB,1,Female,39,15,3,Professional,No,Married,3,"$128,000.00",5,1,Own,Foreign,"$27,200",25,No,Yes,AMEX,21,No,22,No,No,No,No,No,No,Yes,0,67,$58.80,$829.64,$0.00,$0.00,$0.00,$0.00,$58.80,0
6989-STAIUF-9S5,1,Male,57,12,4,Sales,No,Unmarried,1,"$40,000.00",0,1,Own,Foreign,"$10,500",15,No,No,Disc,14,Yes,13,Yes,Yes,Yes,Yes,Yes,Yes,Yes,1,30,$25.40,$134.80,$154.20,$926.56,$162.25,"$1,091.82",$341.85,1
6989-XMMWMU-ORW,2,Female,65,13,8,Professional,No,Married,4,"$110,000.00",0,1,Own,Domestic,"$31,500",27,Yes,Yes,Visa,18,Yes,13,No,Yes,No,Yes,Yes,No,Yes,0,54,$71.20,$788.00,$0.00,$0.00,$153.00,"$1,923.90",$224.20,0
6991-FJSWKW-ADG,2,Female,58,14,10,Sales,No,Married,2,"$116,000.00",1,1,Own,Domestic,"$24,300",31,No,No,Mast,29,No,24,No,No,No,No,No,No,Yes,0,59,$27.40,$332.36,$0.00,$0.00,$0.00,$0.00,$27.40,0
6991-RPVZNV-2S4,5,Female,33,17,6,Labor,No,Unmarried,2,"$74,000.00",0,1,Own,Foreign,"$16,100",26,No,No,Mast,15,Yes,23,Yes,Yes,Yes,Yes,Yes,Yes,No,0,41,$50.40,$405.84,$159.00,"$1,307.56",$155.75,"$1,532.64",$365.15,1
6997-CRENDL-LN4,2,Female,67,17,14,Service,No,Unmarried,3,"$68,000.00",0,1,Lease,Domestic,"$23,300",31,No,Yes,Mast,29,Yes,26,No,No,No,No,No,Yes,No,0,62,$33.80,$423.96,$0.00,$0.00,$0.00,$0.00,$33.80,0
6997-HXHTRX-8X2,1,Female,58,8,6,Sales,No,Unmarried,2,"$76,000.00",6,0,Own,Foreign,"$23,800",17,No,No,Mast,17,Yes,17,No,No,No,No,No,No,Yes,0,34,$22.20,$160.36,$0.00,$0.00,$0.00,$0.00,$22.20,0
7000-HRUVMG-ISV,4,Male,26,12,6,Labor,No,Married,4,"$52,000.00",3,0,Lease,Domestic,"$15,900",26,No,Yes,Visa,8,Yes,16,Yes,No,No,No,No,Yes,Yes,0,52,$68.80,$726.68,$114.20,"$1,267.36",$0.00,$0.00,$183.00,0
7002-PINHGY-1E8,5,Male,66,19,27,Professional,No,Unmarried,1,"$165,000.00",1,1,Own,Domestic,"$81,500",30,Yes,Yes,Disc,23,No,18,No,Yes,Yes,Yes,Yes,No,Yes,1,49,$35.20,$350.56,$0.00,$0.00,$314.25,"$3,699.78",$349.45,1
7009-RVWJOA-T00,3,Female,49,13,4,Sales,No,Married,2,"$142,000.00",0,0,Lease,Foreign,"$23,500",29,Yes,No,Visa,30,No,33,No,No,No,No,No,No,Yes,1,63,$56.20,$692.08,$0.00,$0.00,$0.00,$0.00,$56.20,0
7010-QEHKRU-RM0,5,Female,75,9,32,Crafts,No,Married,2,"$106,000.00",9,1,Own,Foreign,"$55,800",29,No,No,Mast,23,Yes,19,No,No,No,Yes,Yes,No,Yes,0,61,$46.40,$564.68,$0.00,$0.00,$0.00,$0.00,$46.40,0
7013-GUTZBB-KBW,4,Female,40,19,5,Professional,No,Unmarried,1,"$166,000.00",2,1,Own,Foreign,"$41,300",20,Yes,Yes,AMEX,6,No,17,No,Yes,Yes,Yes,Yes,No,No,0,21,$20.20,$77.76,$0.00,$0.00,$141.75,$681.66,$161.95,0
7013-YDRUVV-BI0,3,Male,79,10,19,Service,Yes,Unmarried,1,"$18,000.00",9,1,Lease,Foreign,"$4,800",12,No,No,Mast,39,Yes,27,No,No,No,No,No,No,Yes,0,72,$158.60,"$2,451.40",$0.00,$0.00,$0.00,$0.00,$158.60,0
7015-TPVPZB-H1J,4,Female,20,12,2,Crafts,No,Unmarried,1,"$40,000.00",0,1,NoCar,N/A,$0,20,No,No,AMEX,2,Yes,17,No,No,No,Yes,Yes,No,No,1,35,$44.20,$283.60,$0.00,$0.00,$0.00,$0.00,$44.20,0
7018-TGIZIP-DH5,4,Female,27,16,0,Sales,No,Married,6,"$46,000.00",3,0,Own,Foreign,"$14,300",23,Yes,Yes,Disc,9,No,19,Yes,No,Yes,No,No,No,Yes,0,32,$30.40,$198.92,$126.00,$797.44,$0.00,$0.00,$156.40,0
7019-CERWDK-URZ,4,Male,57,16,15,Professional,No,Unmarried,3,"$124,000.00",0,0,Own,Domestic,"$76,200",22,No,Yes,Disc,15,Yes,24,Yes,No,No,No,No,No,No,0,37,$57.60,$403.52,$113.20,$816.36,$0.00,$0.00,$170.80,0
7020-NUBEQF-DEC,5,Female,54,12,1,Sales,No,Married,4,"$102,000.00",0,1,Own,Foreign,"$29,500",23,Yes,Yes,Mast,14,No,15,No,No,No,Yes,No,No,No,1,22,$29.60,$123.60,$0.00,$0.00,$0.00,$0.00,$29.60,0
7021-YMULAX-N03,4,Male,73,12,32,Labor,Yes,Married,2,"$78,000.00",7,1,Own,Foreign,"$17,600",29,No,No,Disc,37,No,28,No,No,No,No,Yes,No,Yes,0,69,$63.00,$918.36,$0.00,$0.00,$0.00,$0.00,$63.00,0
7022-TGJLKU-HWG,1,Male,21,16,0,Sales,No,Unmarried,4,"$40,000.00",0,0,Own,Domestic,"$9,700",23,Yes,Yes,AMEX,1,Yes,24,No,Yes,Yes,Yes,Yes,No,No,0,1,$10.20,$2.04,$0.00,$0.00,$153.50,$36.84,$163.70,0
7029-AQGOSU-NID,3,Male,55,12,13,Service,No,Unmarried,1,"$150,000.00",0,1,Own,Foreign,"$34,500",22,Yes,Yes,AMEX,20,No,26,No,No,No,No,No,No,Yes,0,39,$36.60,$287.40,$0.00,$0.00,$0.00,$0.00,$36.60,0
7029-OMXAXD-Y2Q,2,Male,43,11,4,Sales,No,Unmarried,1,"$52,000.00",0,1,Own,Domestic,"$13,600",26,No,Yes,AMEX,3,No,17,Yes,Yes,Yes,Yes,Yes,Yes,No,0,4,$13.40,$9.72,$122.00,$79.20,$73.50,$84.30,$208.90,0
7031-EHIFFQ-YE0,2,Male,72,15,26,Crafts,Yes,Unmarried,1,"$48,000.00",12,0,NoCar,N/A,$0,34,No,No,Visa,17,No,16,No,No,No,No,No,Yes,No,1,21,$49.80,$186.20,$0.00,$0.00,$0.00,$0.00,$49.80,0
7032-SECKLI-CWG,5,Female,54,15,19,Labor,No,Unmarried,1,"$147,000.00",0,1,Own,Domestic,"$69,600",18,No,Yes,Disc,32,Yes,22,No,No,No,Yes,Yes,No,No,0,62,$58.20,$736.08,$0.00,$0.00,$0.00,$0.00,$58.20,0
7033-GDXNFL-KXN,5,Male,32,13,8,Crafts,No,Unmarried,1,"$68,000.00",1,0,Own,Domestic,"$21,300",28,No,No,Disc,13,No,15,No,No,No,Yes,No,No,No,0,29,$22.80,$114.56,$0.00,$0.00,$0.00,$0.00,$22.80,0
7036-OZLXUR-XS6,1,Male,20,14,0,Service,No,Married,5,"$42,000.00",1,1,Own,Domestic,"$8,500",24,No,No,Othe,2,Yes,8,No,Yes,Yes,Yes,Yes,Yes,No,1,30,$39.00,$203.12,$0.00,$0.00,$153.00,"$1,081.26",$192.00,0
7037-HREPGA-23R,5,Female,64,17,3,Sales,No,Married,3,"$52,000.00",0,1,Lease,Domestic,"$14,200",13,No,Yes,AMEX,16,No,16,No,No,No,Yes,Yes,No,Yes,0,42,$32.40,$286.96,$0.00,$0.00,$0.00,$0.00,$32.40,0
7037-LNYNXA-PMX,3,Female,75,10,25,Labor,Yes,Unmarried,1,"$44,000.00",10,1,Lease,Domestic,"$7,400",25,No,No,Mast,39,No,15,No,Yes,No,Yes,Yes,No,Yes,0,71,$153.60,"$2,166.80",$0.00,$0.00,$191.00,"$3,441.18",$344.60,1
7038-BXQTWM-0AS,3,Male,23,18,0,Sales,No,Unmarried,1,"$60,000.00",7,1,Own,Foreign,"$19,800",21,Yes,Yes,Visa,3,Yes,27,Yes,Yes,Yes,Yes,Yes,Yes,No,0,3,$22.20,$11.76,$156.40,$40.16,$268.75,$122.88,$447.35,1
7038-NGLHWM-3AD,4,Male,74,11,28,Agriculture,Yes,Unmarried,1,"$22,000.00",1,1,Lease,Foreign,"$5,600",25,Yes,No,Disc,38,No,16,No,No,No,No,No,No,Yes,0,70,$113.60,"$1,637.32",$0.00,$0.00,$0.00,$0.00,$113.60,0
7038-QTIFHN-Z4B,2,Female,62,15,30,Professional,No,Married,3,"$185,000.00",5,1,Own,Domestic,"$50,200",18,No,Yes,AMEX,36,Yes,18,Yes,Yes,No,Yes,Yes,Yes,Yes,0,70,$156.40,"$2,235.64",$220.80,"$3,003.96",$301.00,"$5,042.88",$678.20,1
7042-XUPZNS-LII,5,Male,65,14,13,Sales,No,Married,3,"$152,000.00",1,1,Own,Foreign,"$48,400",36,No,No,AMEX,24,No,14,No,No,No,No,No,No,No,0,53,$33.60,$362.68,$0.00,$0.00,$0.00,$0.00,$33.60,0
7045-SABHKK-D9L,4,Female,50,13,4,Sales,No,Unmarried,1,"$90,000.00",3,1,Own,Domestic,"$19,500",24,No,Yes,Disc,12,No,17,No,No,No,No,No,No,No,0,34,$15.80,$89.24,$0.00,$0.00,$0.00,$0.00,$15.80,0
7046-KRQDBS-4MQ,4,Male,48,14,20,Labor,No,Unmarried,1,"$160,000.00",1,0,Own,Foreign,"$46,600",23,No,No,Mast,17,Yes,17,No,Yes,Yes,Yes,Yes,Yes,No,0,34,$34.60,$265.64,$0.00,$0.00,$189.25,"$1,494.12",$223.85,0
7048-CWAFDI-L68,2,Male,54,14,8,Professional,No,Unmarried,1,"$124,000.00",5,0,Own,Foreign,"$28,600",19,Yes,Yes,Disc,2,Yes,13,No,No,No,No,No,No,No,1,8,$17.20,$19.24,$0.00,$0.00,$0.00,$0.00,$17.20,0
7052-KBBNSY-Y68,2,Male,30,20,0,Sales,No,Unmarried,4,"$180,000.00",0,1,Own,Foreign,"$25,300",19,No,No,AMEX,12,Yes,20,Yes,Yes,Yes,Yes,Yes,Yes,No,0,34,$61.00,$378.12,$174.80,"$1,155.16",$223.00,"$1,791.72",$458.80,1
7056-HUMCNT-L6F,2,Male,76,14,1,Sales,Yes,Married,2,"$26,000.00",1,0,Own,Domestic,"$5,900",21,Yes,Yes,Visa,19,Yes,17,No,No,No,No,No,No,No,1,55,$32.80,$367.56,$0.00,$0.00,$0.00,$0.00,$32.80,0
7058-RUQVEA-KVU,4,Male,41,14,2,Sales,No,Married,3,"$56,000.00",9,0,Lease,Foreign,"$12,800",24,Yes,No,AMEX,12,No,12,Yes,No,No,No,Yes,No,No,0,22,$28.60,$126.16,$149.00,$673.92,$0.00,$0.00,$177.60,0
7061-NNEUTF-LVY,4,Female,29,15,3,Professional,No,Unmarried,3,"$54,000.00",0,1,Own,Domestic,"$13,000",31,No,Yes,Mast,4,Yes,12,Yes,No,Yes,No,No,Yes,No,0,8,$57.20,$104.40,$124.60,$195.28,$0.00,$0.00,$181.80,0
7066-WHSBBD-JBC,4,Male,18,13,0,Labor,No,Unmarried,3,"$36,000.00",2,0,Own,Domestic,"$8,400",26,No,Yes,Mast,0,Yes,16,No,No,No,Yes,Yes,No,No,0,12,$18.80,$42.52,$0.00,$0.00,$0.00,$0.00,$18.80,0
7067-JPCCIH-NMD,2,Female,46,8,12,Service,No,Married,2,"$88,000.00",8,0,Own,Foreign,"$27,400",21,Yes,No,Mast,6,No,15,No,No,No,Yes,Yes,No,No,0,24,$31.60,$170.28,$0.00,$0.00,$0.00,$0.00,$31.60,0
7069-TRYJEB-868,4,Female,44,13,11,Crafts,No,Unmarried,2,"$60,000.00",6,1,Own,Domestic,"$11,700",27,No,No,AMEX,19,No,16,No,No,Yes,Yes,Yes,No,No,1,32,$24.80,$143.60,$0.00,$0.00,$0.00,$0.00,$24.80,0
7072-FQJEQO-MMD,5,Female,65,17,29,Labor,Yes,Married,3,"$62,000.00",0,1,Own,Foreign,"$16,900",19,Yes,Yes,AMEX,34,No,15,No,No,No,No,No,No,Yes,0,63,$68.80,$858.12,$0.00,$0.00,$0.00,$0.00,$68.80,0
7082-VOUETZ-KG3,3,Male,35,19,5,Sales,No,Unmarried,1,"$68,000.00",1,1,Own,Domestic,"$17,100",17,No,No,Mast,5,Yes,18,No,No,No,Yes,Yes,No,No,0,13,$21.40,$53.04,$0.00,$0.00,$0.00,$0.00,$21.40,0
7084-OCYHDH-LRO,5,Male,35,14,0,Sales,No,Married,5,"$58,000.00",1,1,Own,Foreign,"$13,400",27,Yes,No,Visa,2,No,21,No,No,No,No,No,No,No,0,2,$12.40,$3.88,$0.00,$0.00,$0.00,$0.00,$12.40,0
7088-IYBRBN-0ZO,3,Female,32,16,2,Professional,No,Unmarried,1,"$78,000.00",1,0,Own,Foreign,"$12,700",27,Yes,No,Disc,7,Yes,17,No,Yes,Yes,Yes,Yes,Yes,No,0,14,$23.00,$57.40,$0.00,$0.00,$198.25,$652.80,$221.25,0
7090-MPBKYU-KZO,5,Male,45,16,4,Professional,No,Married,2,"$112,000.00",3,0,Own,Foreign,"$55,400",32,Yes,Yes,Disc,8,No,13,Yes,Yes,Yes,No,No,Yes,No,0,11,$41.20,$97.72,$156.40,$329.00,$125.50,$337.38,$323.10,1
7091-HJWHFE-155,5,Female,70,10,30,Service,No,Married,2,"$148,000.00",15,1,Own,Domestic,"$41,700",23,No,No,Mast,27,Yes,27,No,No,Yes,Yes,Yes,No,Yes,0,61,$67.80,$877.48,$0.00,$0.00,$0.00,$0.00,$67.80,0
7091-MBBXYH-11G,5,Female,38,14,3,Professional,No,Married,2,"$58,000.00",2,1,Own,Foreign,"$9,800",29,No,No,Disc,20,No,21,No,No,No,No,No,Yes,Yes,0,63,$104.40,"$1,228.32",$0.00,$0.00,$0.00,$0.00,$104.40,0
7092-MUFETX-HA1,5,Female,37,18,4,Professional,No,Unmarried,2,"$114,000.00",9,1,Own,Foreign,"$31,600",18,No,No,AMEX,17,Yes,15,Yes,Yes,Yes,Yes,Yes,Yes,No,0,30,$35.60,$231.20,$199.60,"$1,149.88",$267.75,"$1,862.34",$502.95,1
7098-QXPTQT-9JS,1,Female,31,11,7,Professional,No,Unmarried,1,"$46,000.00",0,0,Own,Domestic,"$14,700",15,Yes,Yes,Mast,13,No,17,No,No,No,Yes,Yes,No,Yes,1,58,$73.60,$873.96,$0.00,$0.00,$0.00,$0.00,$73.60,0
7101-VLEOEW-OJ7,5,Male,51,13,3,Sales,No,Married,4,"$44,000.00",0,1,Lease,Domestic,"$12,500",33,No,Yes,Disc,11,Yes,21,No,No,No,No,No,No,No,0,27,$32.00,$200.52,$0.00,$0.00,$0.00,$0.00,$32.00,0
7103-CVHWBY-0LX,2,Female,36,17,6,Labor,No,Unmarried,1,"$92,000.00",3,0,Own,Foreign,"$28,600",18,Yes,Yes,Mast,18,No,19,Yes,Yes,Yes,Yes,No,Yes,No,0,25,$38.20,$216.64,$192.40,$939.24,$249.00,"$1,490.28",$479.60,1
7104-VICSIG-HK4,5,Female,31,17,4,Professional,No,Unmarried,1,"$124,000.00",11,1,Own,Foreign,"$40,400",31,Yes,Yes,Mast,13,No,22,No,Yes,Yes,Yes,Yes,No,Yes,0,46,$29.80,$285.20,$0.00,$0.00,$254.50,"$2,842.08",$284.30,1
7105-ORRHUA-CHB,1,Female,42,15,5,Professional,No,Married,2,"$42,000.00",0,1,Lease,Foreign,"$10,400",32,No,No,Mast,24,Yes,24,Yes,Yes,Yes,No,No,Yes,Yes,0,63,$94.20,"$1,148.44",$147.40,"$1,837.28",$144.25,"$2,253.12",$385.85,1
7106-YJPLZU-KLT,2,Male,21,16,0,Sales,No,Unmarried,6,"$56,000.00",14,1,Own,Domestic,"$11,400",25,No,No,AMEX,3,Yes,20,No,No,No,No,No,Yes,No,0,14,$16.40,$46.56,$0.00,$0.00,$0.00,$0.00,$16.40,0
7108-BNBUDI-H86,1,Female,54,12,9,Professional,No,Unmarried,1,"$66,000.00",10,0,Own,Domestic,"$18,200",19,Yes,Yes,Visa,26,Yes,24,No,No,No,No,No,No,Yes,0,61,$100.00,"$1,172.64",$0.00,$0.00,$0.00,$0.00,$100.00,0
7108-GCYNDW-XU0,4,Female,35,14,4,Professional,No,Unmarried,1,"$80,000.00",0,0,Own,Foreign,"$18,500",32,Yes,Yes,Visa,9,No,10,No,No,No,Yes,Yes,Yes,No,0,18,$42.40,$154.72,$0.00,$0.00,$0.00,$0.00,$42.40,0
7108-MCQSBG-3ZO,2,Female,69,10,39,Service,No,Married,2,"$117,000.00",2,1,Own,Domestic,"$45,000",23,No,Yes,Visa,40,Yes,19,No,No,No,No,No,No,Yes,0,72,$199.60,"$2,958.76",$0.00,$0.00,$0.00,$0.00,$199.60,0
7109-KYTCDT-JKL,3,Male,22,16,0,Sales,No,Unmarried,3,"$76,000.00",6,0,Own,Domestic,"$19,600",28,No,Yes,Mast,4,No,14,Yes,Yes,Yes,No,No,Yes,No,0,42,$23.80,$191.88,$167.40,"$1,402.84",$196.25,"$1,949.22",$387.45,1
7114-IKKEPT-7SD,1,Female,66,15,22,Service,Yes,Unmarried,1,"$64,000.00",0,0,Own,Foreign,"$19,000",42,No,Yes,Visa,21,Yes,17,No,Yes,No,Yes,Yes,Yes,Yes,1,37,$47.00,$351.76,$0.00,$0.00,$112.75,$942.72,$159.75,0
7114-PVNDDF-M7E,5,Female,69,15,5,Sales,Yes,Married,2,"$28,000.00",5,0,NoCar,N/A,$0,32,No,No,Mast,28,No,21,No,No,Yes,Yes,No,Yes,No,0,53,$39.00,$384.72,$0.00,$0.00,$0.00,$0.00,$39.00,0
7116-WXOIFQ-670,4,Male,31,13,7,Labor,No,Unmarried,1,"$74,000.00",0,1,Own,Foreign,"$19,700",21,No,Yes,Visa,13,Yes,18,Yes,No,Yes,Yes,Yes,Yes,No,0,63,$63.80,$842.48,$173.60,"$2,237.64",$0.00,$0.00,$237.40,0
7118-LELZAW-UF5,2,Female,78,16,11,Professional,No,Unmarried,1,"$64,000.00",9,1,Lease,Foreign,"$15,000",35,No,No,AMEX,23,No,16,No,No,No,No,No,No,Yes,0,48,$39.80,$395.00,$0.00,$0.00,$0.00,$0.00,$39.80,0
7118-OKIQZT-P01,4,Male,27,12,1,Sales,No,Married,4,"$44,000.00",0,1,Own,Domestic,"$7,400",24,Yes,No,Disc,7,Yes,20,No,No,No,No,No,No,No,0,19,$17.60,$58.96,$0.00,$0.00,$0.00,$0.00,$17.60,0
7122-CKVHZS-C19,3,Male,26,17,2,Labor,No,Married,5,"$34,000.00",1,1,Own,Foreign,"$8,400",30,Yes,No,Disc,8,Yes,30,No,Yes,Yes,Yes,Yes,No,No,0,20,$45.20,$187.72,$0.00,$0.00,$157.50,$736.68,$202.70,0
7125-STJOJK-BV2,5,Male,40,10,13,Service,No,Unmarried,1,"$118,000.00",3,0,Own,Foreign,"$23,200",17,No,No,Visa,22,No,13,No,No,No,Yes,Yes,No,Yes,0,48,$40.20,$388.00,$0.00,$0.00,$0.00,$0.00,$40.20,0
7126-ILFAMY-PP2,1,Female,30,13,0,Sales,No,Married,4,"$100,000.00",0,0,Own,Foreign,"$24,500",21,No,Yes,Visa,12,Yes,18,No,No,No,No,No,No,No,0,33,$29.80,$227.36,$0.00,$0.00,$0.00,$0.00,$29.80,0
7128-RXYOBT-DWK,4,Female,75,16,5,Sales,Yes,Married,2,"$28,000.00",8,1,Own,Foreign,"$6,300",25,No,No,Mast,40,No,21,Yes,No,No,Yes,Yes,No,Yes,0,72,$142.40,"$2,013.88",$154.00,"$2,187.96",$0.00,$0.00,$296.40,1
7131-DZKXSP-AYH,1,Female,54,12,12,Professional,No,Unmarried,4,"$166,000.00",6,1,Own,Domestic,"$51,200",20,Yes,Yes,Visa,8,Yes,29,No,No,Yes,Yes,Yes,No,No,0,14,$15.60,$41.64,$0.00,$0.00,$0.00,$0.00,$15.60,0
7131-KZAJQV-CVB,2,Female,47,18,18,Crafts,No,Unmarried,2,"$144,000.00",0,1,Own,Foreign,"$82,300",22,No,No,Disc,5,No,18,Yes,No,No,No,No,No,No,1,9,$17.00,$30.60,$109.40,$208.08,$0.00,$0.00,$126.40,0
7132-BPAIKV-7BU,4,Female,39,17,5,Professional,No,Married,2,"$114,000.00",2,1,Own,Foreign,"$42,400",19,No,Yes,Mast,1,Yes,17,Yes,Yes,Yes,Yes,No,Yes,No,0,3,$11.20,$3.40,$150.20,$61.40,$135.75,$63.30,$297.15,1
7132-VYXCMK-4NW,5,Male,26,12,4,Service,No,Unmarried,3,"$82,000.00",8,1,Own,Domestic,"$21,500",46,No,No,Mast,8,Yes,22,No,No,Yes,Yes,Yes,No,Yes,1,44,$27.00,$249.76,$0.00,$0.00,$0.00,$0.00,$27.00,0
7134-QUIEHJ-8CV,2,Female,68,14,14,Professional,No,Unmarried,2,"$110,000.00",3,1,Own,Domestic,"$50,200",30,No,No,AMEX,32,No,19,No,No,No,No,Yes,No,Yes,0,66,$131.00,"$1,720.40",$0.00,$0.00,$0.00,$0.00,$131.00,0
7135-YPABCZ-YSH,4,Female,73,15,28,Crafts,No,Unmarried,1,"$123,000.00",4,0,Own,Domestic,"$46,400",19,Yes,Yes,Disc,12,No,25,Yes,No,No,Yes,No,No,No,0,21,$13.60,$71.16,$79.80,$299.40,$0.00,$0.00,$93.40,0
7137-LHCYAA-FC8,5,Female,42,13,16,Agriculture,No,Married,3,"$152,000.00",4,1,Own,Foreign,"$38,300",31,No,Yes,Mast,18,No,19,No,Yes,No,No,No,No,No,1,42,$71.60,$630.00,$0.00,$0.00,$139.75,"$1,289.70",$211.35,0
7139-ECRLZI-XGU,3,Female,34,19,6,Service,No,Unmarried,1,"$80,000.00",0,1,Own,Domestic,"$21,200",34,No,No,Mast,16,Yes,22,Yes,No,No,No,No,Yes,Yes,0,51,$73.60,$747.84,$115.20,"$1,132.88",$0.00,$0.00,$188.80,0
7141-HNJHVQ-3VB,5,Female,55,10,14,Crafts,No,Married,2,"$84,000.00",0,1,Own,Domestic,"$24,500",18,Yes,No,Visa,15,Yes,17,No,No,Yes,Yes,Yes,No,No,0,36,$29.60,$213.96,$0.00,$0.00,$0.00,$0.00,$29.60,0
7141-RFLBFZ-1W2,2,Male,19,11,0,Professional,No,Unmarried,1,"$36,000.00",2,0,Own,Domestic,"$6,300",25,Yes,No,Disc,1,Yes,14,No,No,No,No,Yes,No,No,0,19,$24.20,$88.56,$0.00,$0.00,$0.00,$0.00,$24.20,0
7143-JRRAQA-EZ5,3,Female,23,13,0,Sales,No,Married,2,"$52,000.00",1,0,Own,Foreign,"$9,700",27,No,Yes,Visa,1,No,13,No,No,No,Yes,No,No,No,1,2,$4.20,$2.76,$0.00,$0.00,$0.00,$0.00,$4.20,0
7144-MLLCEU-EE2,5,Female,39,18,2,Professional,No,Married,3,"$112,000.00",2,1,Own,Foreign,"$36,900",38,No,Yes,Disc,11,No,12,Yes,Yes,Yes,No,Yes,Yes,Yes,0,35,$19.40,$127.96,$163.80,"$1,125.24",$174.50,"$1,528.98",$357.70,1
7145-ELAGFW-31W,4,Female,69,12,23,Professional,No,Unmarried,1,"$111,000.00",0,0,Own,Domestic,"$64,500",18,No,Yes,Visa,10,No,15,No,No,No,Yes,Yes,No,No,0,47,$31.60,$305.84,$0.00,$0.00,$0.00,$0.00,$31.60,0
7146-UJLAMO-UJH,2,Male,61,15,13,Sales,No,Married,2,"$58,000.00",1,1,NoCar,N/A,$0,27,No,No,Disc,35,No,20,No,No,No,No,No,No,Yes,0,68,$78.40,"$1,106.24",$0.00,$0.00,$0.00,$0.00,$78.40,0
7147-LQCKDM-EOP,2,Male,57,12,7,Sales,No,Unmarried,1,"$50,000.00",7,0,Lease,Domestic,"$9,900",27,No,No,Visa,10,No,22,No,No,No,No,No,No,No,0,24,$16.80,$72.20,$0.00,$0.00,$0.00,$0.00,$16.80,0
7149-OVUCFO-IVL,1,Male,71,12,38,Crafts,Yes,Unmarried,1,"$24,000.00",3,1,Lease,Foreign,"$3,500",25,No,Yes,Mast,40,No,19,No,No,No,No,No,No,Yes,0,72,$188.80,"$2,729.88",$0.00,$0.00,$0.00,$0.00,$188.80,0
7150-DZQCQB-HXX,5,Female,72,15,11,Professional,No,Married,2,"$86,000.00",2,0,Own,Foreign,"$22,800",31,Yes,No,Mast,27,No,22,No,No,No,Yes,Yes,No,Yes,1,59,$35.60,$425.68,$0.00,$0.00,$0.00,$0.00,$35.60,0
7150-GEPRGZ-002,4,Female,60,13,11,Professional,No,Unmarried,3,"$120,000.00",0,0,Own,Foreign,"$20,100",21,Yes,Yes,Mast,22,No,23,No,No,Yes,Yes,Yes,No,Yes,0,46,$30.40,$273.92,$0.00,$0.00,$0.00,$0.00,$30.40,0
7150-QPLWBN-PAR,3,Male,64,14,11,Sales,No,Married,5,"$100,000.00",0,1,Own,Domestic,"$24,700",21,Yes,Yes,Othe,11,No,14,No,No,No,Yes,No,No,Yes,0,29,$41.20,$256.32,$0.00,$0.00,$0.00,$0.00,$41.20,0
7150-VIJPXR-SP5,4,Male,18,13,0,Agriculture,No,Married,5,"$38,000.00",0,1,Own,Foreign,"$8,200",30,No,Yes,Mast,0,No,20,Yes,Yes,No,No,Yes,No,No,1,9,$26.40,$48.84,$138.20,$177.12,$70.00,$118.20,$234.60,0
7151-RSJDRN-G6T,1,Male,58,10,12,Professional,No,Married,5,"$142,000.00",1,1,Own,Domestic,"$29,700",35,No,Yes,Visa,34,Yes,19,No,No,No,No,No,No,Yes,0,66,$101.00,"$1,396.68",$0.00,$0.00,$0.00,$0.00,$101.00,0
7153-LSYSBU-BBY,3,Female,55,18,16,Labor,No,Unmarried,1,"$182,000.00",4,1,Own,Domestic,"$27,300",30,Yes,Yes,AMEX,30,No,20,No,Yes,Yes,Yes,Yes,Yes,Yes,0,63,$117.00,"$1,540.04",$0.00,$0.00,$439.25,"$6,620.34",$556.25,1
7157-SIJCJP-JSV,1,Female,62,8,28,Service,No,Married,2,"$111,000.00",3,1,Own,Foreign,"$59,700",23,No,No,Visa,26,No,22,No,No,No,Yes,Yes,No,Yes,0,57,$78.20,$853.24,$0.00,$0.00,$0.00,$0.00,$78.20,0
7157-ZSGQGF-P1D,3,Male,18,13,0,Sales,No,Unmarried,1,"$40,000.00",6,1,Lease,Domestic,"$13,500",33,Yes,No,Visa,0,Yes,25,Yes,Yes,Yes,Yes,Yes,Yes,No,0,1,$24.80,$4.96,$168.40,$33.68,$191.75,$46.02,$384.95,1
7159-CXDKXU-ZVL,4,Male,68,17,18,Sales,Yes,Married,2,"$38,000.00",7,1,Own,Foreign,"$8,900",22,No,No,Visa,37,No,22,No,No,No,No,No,No,Yes,0,70,$135.40,"$1,944.52",$0.00,$0.00,$0.00,$0.00,$135.40,0
7162-PRYMIF-T6Q,5,Male,64,9,17,Professional,Yes,Unmarried,1,"$36,000.00",5,0,NoCar,N/A,$0,25,No,No,Mast,35,No,29,No,No,No,No,No,No,Yes,0,63,$38.00,$449.92,$0.00,$0.00,$0.00,$0.00,$38.00,0
7164-HJCLUK-29N,3,Female,69,8,16,Professional,No,Married,2,"$156,000.00",2,0,NoCar,N/A,$0,23,No,Yes,Disc,40,No,16,No,No,Yes,Yes,Yes,No,Yes,1,72,$186.80,"$2,793.52",$0.00,$0.00,$0.00,$0.00,$186.80,0
7165-XBBEDL-H2Y,5,Male,61,17,15,Professional,Yes,Married,2,"$20,000.00",2,1,Own,Domestic,"$5,600",38,Yes,Yes,Disc,29,No,26,No,No,No,No,No,Yes,Yes,0,61,$81.40,"$1,013.84",$0.00,$0.00,$0.00,$0.00,$81.40,0
7167-GGLBZF-G13,4,Female,68,8,16,Professional,No,Unmarried,1,"$112,000.00",1,1,NoCar,N/A,$0,24,Yes,No,Visa,14,Yes,28,No,No,No,Yes,Yes,No,No,1,27,$45.40,$266.28,$0.00,$0.00,$0.00,$0.00,$45.40,0
7167-PVPMXU-NB7,4,Male,48,10,21,Labor,No,Unmarried,1,"$140,000.00",2,0,Own,Domestic,"$61,300",20,Yes,Yes,Mast,21,No,23,No,Yes,No,Yes,Yes,No,Yes,0,43,$42.20,$351.40,$0.00,$0.00,$155.75,"$1,650.84",$197.95,0
7171-GXYUTW-OF0,2,Female,72,12,43,Crafts,Yes,Unmarried,1,"$58,000.00",0,1,Lease,Foreign,"$16,900",27,No,No,Mast,17,No,20,No,No,No,No,No,No,Yes,0,43,$44.40,$341.00,$0.00,$0.00,$0.00,$0.00,$44.40,0
7173-AAMWZS-NR4,4,Female,51,18,5,Sales,No,Married,2,"$54,000.00",7,1,Lease,Domestic,"$9,500",15,Yes,No,AMEX,10,No,29,Yes,No,Yes,No,No,Yes,Yes,0,30,$35.00,$212.92,$141.60,$819.48,$0.00,$0.00,$176.60,0
7176-AYTTTN-E3H,4,Female,72,14,18,Professional,No,Unmarried,4,"$150,000.00",1,1,Own,Foreign,"$32,000",19,No,No,Disc,24,Yes,21,No,No,No,Yes,Yes,No,No,0,38,$67.40,$549.60,$0.00,$0.00,$0.00,$0.00,$67.40,0
7176-OXDQYN-SHQ,3,Male,68,17,13,Professional,Yes,Married,2,"$134,000.00",5,1,Own,Domestic,"$42,300",28,Yes,Yes,Disc,33,Yes,24,Yes,No,No,No,No,No,No,0,65,$122.00,"$1,591.48",$126.60,"$1,686.88",$0.00,$0.00,$248.60,0
7178-QWDZEB-BZQ,4,Female,62,7,5,Sales,No,Married,2,"$64,000.00",7,1,Own,Domestic,"$14,600",34,No,No,Mast,14,No,17,No,No,No,No,No,No,No,0,31,$23.60,$153.28,$0.00,$0.00,$0.00,$0.00,$23.60,0
7178-ZBMHST-CN9,3,Female,68,16,4,Sales,Yes,Unmarried,2,"$36,000.00",5,1,Own,Domestic,"$9,600",30,No,No,Disc,32,No,19,No,No,No,No,No,Yes,Yes,0,60,$87.00,"$1,051.80",$0.00,$0.00,$0.00,$0.00,$87.00,0
7180-SGFDZT-VUS,5,Male,47,11,10,Professional,No,Unmarried,1,"$64,000.00",1,0,Own,Foreign,"$16,300",26,No,Yes,Othe,19,Yes,20,No,No,No,No,No,No,No,1,46,$51.80,$488.96,$0.00,$0.00,$0.00,$0.00,$51.80,0
7185-UHYXBX-9G6,4,Female,32,18,4,Service,No,Married,4,"$144,000.00",7,1,Own,Foreign,"$40,100",28,Yes,Yes,Disc,8,Yes,20,No,No,No,No,No,No,Yes,0,17,$26.60,$128.24,$0.00,$0.00,$0.00,$0.00,$26.60,0
7186-PHLWCA-2NO,2,Female,41,11,8,Professional,No,Unmarried,1,"$148,000.00",0,0,Own,Domestic,"$50,700",26,No,No,Othe,23,No,27,Yes,No,No,No,No,Yes,Yes,0,69,$184.80,"$2,494.36",$101.00,"$1,392.68",$0.00,$0.00,$285.80,1
7186-WTDJGD-F2K,4,Female,27,15,3,Agriculture,No,Unmarried,3,"$40,000.00",3,1,Lease,Domestic,"$12,900",23,No,No,Disc,5,No,20,Yes,Yes,Yes,Yes,Yes,Yes,No,0,6,$16.00,$11.56,$168.80,$188.00,$204.75,$260.34,$389.55,1
7187-UMAGTR-ZXO,2,Female,52,18,17,Service,No,Married,2,"$104,000.00",8,1,Own,Foreign,"$55,500",15,No,No,AMEX,29,Yes,22,No,Yes,Yes,Yes,Yes,No,Yes,0,53,$39.20,$423.76,$0.00,$0.00,$231.50,"$2,774.76",$270.70,0
7196-HOKKVE-77Z,1,Male,30,19,1,Service,No,Married,4,"$46,000.00",6,0,Lease,Domestic,"$10,800",14,No,No,Visa,3,Yes,24,Yes,No,No,No,No,Yes,No,0,5,$9.20,$11.20,$107.80,$88.28,$0.00,$0.00,$117.00,0
7196-SOFWOP-3K6,1,Male,74,19,20,Professional,Yes,Married,2,"$108,000.00",5,1,Own,Foreign,"$39,800",27,No,Yes,Disc,35,No,23,No,No,No,Yes,No,Yes,Yes,1,69,$90.60,"$1,240.08",$0.00,$0.00,$0.00,$0.00,$90.60,0
7199-FSNBCQ-QRJ,1,Female,79,15,9,Sales,Yes,Married,2,"$18,000.00",4,1,Lease,Foreign,"$4,400",22,Yes,Yes,Disc,35,Yes,21,Yes,Yes,No,Yes,Yes,Yes,Yes,0,65,$35.80,$461.16,$158.20,"$1,971.60",$241.25,"$3,630.66",$435.25,1
7199-XZZDDR-G1N,3,Female,79,12,43,Labor,Yes,Unmarried,1,"$196,000.00",1,1,Own,Domestic,"$51,600",23,Yes,Yes,AMEX,25,No,25,No,No,No,No,No,No,Yes,0,65,$93.60,"$1,255.92",$0.00,$0.00,$0.00,$0.00,$93.60,0
7200-SNNTCV-GSN,4,Female,22,12,0,Sales,No,Married,3,"$42,000.00",1,1,Own,Domestic,"$10,100",28,No,No,Disc,4,Yes,20,No,No,No,No,No,No,No,0,32,$41.80,$248.40,$0.00,$0.00,$0.00,$0.00,$41.80,0
7201-MHZOOH-HAG,1,Female,77,15,34,Crafts,Yes,Married,2,"$82,000.00",1,0,Own,Foreign,"$17,700",21,No,Yes,Mast,38,No,17,Yes,Yes,No,Yes,No,No,Yes,1,71,$134.00,"$1,925.60",$204.40,"$2,878.36",$230.75,"$3,866.82",$569.15,1
7201-ZMDCOO-6Z7,4,Female,49,18,10,Labor,No,Married,2,"$174,000.00",0,1,Own,Domestic,"$44,900",27,Yes,No,AMEX,26,Yes,24,Yes,No,No,No,No,Yes,Yes,0,52,$62.80,$566.56,$108.20,"$1,058.72",$0.00,$0.00,$171.00,0
7204-NEFUIP-KZ5,2,Male,31,17,3,Professional,No,Unmarried,1,"$100,000.00",1,1,Own,Domestic,"$30,200",31,Yes,Yes,AMEX,1,No,22,No,No,No,Yes,No,No,No,0,1,$8.80,$1.76,$0.00,$0.00,$0.00,$0.00,$8.80,0
7205-JSLZZU-M95,3,Female,31,18,1,Sales,No,Unmarried,3,"$132,000.00",3,1,Own,Foreign,"$36,700",21,No,Yes,Disc,13,Yes,21,No,No,No,No,No,Yes,No,0,41,$42.40,$354.84,$0.00,$0.00,$0.00,$0.00,$42.40,0
7205-MQEBIR-6EN,3,Female,62,16,13,Crafts,Yes,Married,2,"$56,000.00",0,0,Own,Foreign,"$14,500",37,No,Yes,Disc,4,No,20,No,No,No,Yes,No,No,No,0,5,$18.60,$15.08,$0.00,$0.00,$0.00,$0.00,$18.60,0
7211-LHVAPG-Z41,5,Male,76,16,14,Sales,Yes,Married,2,"$34,000.00",4,1,NoCar,N/A,$0,27,No,No,AMEX,38,No,22,No,No,No,Yes,No,Yes,Yes,0,71,$60.40,$894.96,$0.00,$0.00,$0.00,$0.00,$60.40,0
7211-ORWNNM-T4S,4,Male,53,14,8,Sales,No,Married,2,"$70,000.00",5,0,Own,Domestic,"$14,000",35,Yes,No,Mast,4,No,28,Yes,No,No,Yes,No,No,No,0,10,$20.60,$44.52,$109.20,$198.76,$0.00,$0.00,$129.80,0
7212-ENXCAE-ZGR,3,Male,53,15,4,Sales,No,Unmarried,2,"$94,000.00",0,1,Own,Foreign,"$31,100",34,Yes,No,Mast,8,Yes,22,No,No,No,No,No,No,No,0,11,$22.60,$50.80,$0.00,$0.00,$0.00,$0.00,$22.60,0
7213-WOTHDB-WNU,5,Male,62,16,17,Labor,Yes,Married,2,"$32,000.00",3,1,Own,Domestic,"$7,300",29,Yes,No,Disc,35,No,22,No,No,No,No,No,No,Yes,0,63,$104.80,"$1,295.44",$0.00,$0.00,$0.00,$0.00,$104.80,0
7215-SCKBBO-NO4,1,Male,59,19,4,Sales,No,Unmarried,1,"$78,000.00",0,1,Own,Foreign,"$20,900",28,Yes,No,Disc,10,No,21,No,No,No,No,No,No,No,0,37,$44.80,$293.32,$0.00,$0.00,$0.00,$0.00,$44.80,0
7216-JLLMJJ-D2X,5,Male,72,14,29,Crafts,Yes,Married,2,"$76,000.00",2,1,Own,Domestic,"$19,700",29,No,Yes,Mast,35,Yes,25,Yes,Yes,No,Yes,No,No,Yes,0,71,$95.00,"$1,420.44",$188.40,"$2,641.80",$209.00,"$3,520.20",$492.40,1
7217-UECHSF-PCR,1,Female,48,11,2,Sales,No,Unmarried,2,"$46,000.00",9,1,Own,Domestic,"$9,300",23,No,No,Othe,11,Yes,28,No,Yes,No,Yes,Yes,No,No,0,23,$26.00,$135.84,$0.00,$0.00,$98.50,$465.48,$124.50,0
7221-OCCOZV-GNM,2,Male,34,13,6,Service,No,Unmarried,1,"$134,000.00",2,0,Own,Domestic,"$46,800",25,Yes,No,Visa,16,No,11,No,No,No,No,No,No,Yes,0,70,$134.40,"$1,829.60",$0.00,$0.00,$0.00,$0.00,$134.40,0
7223-WQOPSV-H4H,4,Male,33,14,3,Professional,No,Married,4,"$64,000.00",1,1,Own,Foreign,"$13,700",25,No,No,Disc,15,Yes,25,No,No,No,Yes,Yes,Yes,Yes,0,44,$55.60,$462.84,$0.00,$0.00,$0.00,$0.00,$55.60,0
7224-IUGMTZ-OWE,2,Male,50,20,17,Labor,No,Married,3,"$166,000.00",2,1,Own,Domestic,"$91,600",22,No,Yes,AMEX,32,Yes,23,No,No,No,Yes,Yes,No,Yes,1,72,$125.20,"$1,768.32",$0.00,$0.00,$0.00,$0.00,$125.20,0
7228-EULAST-BP7,4,Male,56,10,31,Labor,No,Married,3,"$141,000.00",7,0,Own,Domestic,"$96,800",19,Yes,Yes,AMEX,38,No,21,No,Yes,Yes,Yes,Yes,No,Yes,0,72,$246.20,"$3,599.92",$0.00,$0.00,$301.25,"$5,116.98",$547.45,1
7229-IMIZDQ-IKB,1,Male,31,13,7,Labor,No,Unmarried,1,"$140,000.00",10,0,Own,Foreign,"$27,600",33,Yes,Yes,AMEX,2,Yes,17,No,No,No,No,Yes,No,No,1,2,$11.40,$3.16,$0.00,$0.00,$0.00,$0.00,$11.40,0
7230-DVRBWH-SZ0,1,Female,31,21,1,Sales,No,Married,4,"$156,000.00",1,1,Own,Domestic,"$64,000",44,No,No,Visa,13,Yes,15,Yes,Yes,Yes,Yes,Yes,Yes,Yes,0,25,$42.20,$211.68,$290.40,"$1,368.56",$551.75,"$3,169.20",$884.35,1
7233-HQDDYC-VK3,4,Male,19,12,0,Sales,No,Unmarried,3,"$50,000.00",7,1,Own,Domestic,"$13,400",26,Yes,Yes,Visa,1,Yes,22,No,No,Yes,No,Yes,No,No,0,18,$20.00,$76.20,$0.00,$0.00,$0.00,$0.00,$20.00,0
7233-WFPRYL-RUO,1,Male,27,16,2,Professional,No,Married,4,"$88,000.00",6,1,Own,Foreign,"$14,800",13,No,Yes,Visa,9,Yes,21,Yes,Yes,No,No,No,Yes,No,0,21,$24.40,$107.40,$129.00,$553.40,$163.25,$784.50,$316.65,1
7235-KGKKXX-B4S,1,Female,32,13,10,Labor,No,Married,2,"$56,000.00",6,1,Own,Domestic,"$10,400",31,No,Yes,Mast,7,Yes,14,No,No,No,No,No,No,No,0,18,$13.40,$51.32,$0.00,$0.00,$0.00,$0.00,$13.40,0
7235-KLPTOU-HYM,2,Male,74,10,27,Labor,Yes,Married,2,"$30,000.00",0,0,Lease,Domestic,"$4,700",24,No,No,Mast,17,No,17,No,No,No,No,No,No,No,0,36,$101.20,$758.00,$0.00,$0.00,$0.00,$0.00,$101.20,0
7244-NTQUTS-IDH,5,Female,70,13,19,Professional,No,Unmarried,1,"$108,000.00",19,0,Own,Domestic,"$29,600",23,Yes,No,Disc,20,Yes,18,No,No,Yes,No,Yes,Yes,Yes,1,46,$40.40,$388.56,$0.00,$0.00,$0.00,$0.00,$40.40,0
7245-IQSJWH-NNJ,1,Female,75,14,29,Labor,Yes,Married,2,"$44,000.00",8,1,Own,Domestic,"$11,800",19,Yes,No,Visa,36,No,18,No,No,Yes,No,Yes,Yes,Yes,1,66,$143.80,"$1,852.36",$0.00,$0.00,$0.00,$0.00,$143.80,0
7245-IUATZR-VLV,5,Male,30,12,1,Sales,No,Married,4,"$36,000.00",0,0,Own,Domestic,"$10,200",21,No,Yes,Visa,12,Yes,21,No,No,No,No,No,No,Yes,0,27,$12.80,$69.04,$0.00,$0.00,$0.00,$0.00,$12.80,0
7246-YXJWWH-EDJ,2,Male,19,14,0,Labor,No,Unmarried,1,"$58,000.00",0,0,Own,Foreign,"$15,500",23,No,No,AMEX,2,Yes,22,No,No,No,No,No,No,Yes,0,3,$26.20,$27.16,$0.00,$0.00,$0.00,$0.00,$26.20,0
7247-KCAQED-KLS,5,Female,71,15,4,Sales,No,Unmarried,1,"$78,000.00",2,0,Own,Foreign,"$21,300",27,Yes,Yes,Mast,36,No,16,No,No,No,No,Yes,Yes,Yes,1,69,$69.40,$964.68,$0.00,$0.00,$0.00,$0.00,$69.40,0
7248-LWGMIO-PYA,5,Female,63,14,15,Professional,No,Unmarried,1,"$170,000.00",0,1,Own,Domestic,"$93,500",25,Yes,No,Visa,19,Yes,16,No,No,Yes,No,No,No,No,1,34,$43.20,$319.76,$0.00,$0.00,$0.00,$0.00,$43.20,0
7253-YCXANE-FJY,4,Male,30,12,3,Professional,No,Married,6,"$72,000.00",1,0,NoCar,N/A,$0,28,Yes,Yes,Disc,6,Yes,31,No,No,No,No,No,No,No,1,9,$27.80,$44.92,$0.00,$0.00,$0.00,$0.00,$27.80,0
7254-GKAZNV-X3I,1,Male,21,15,0,Sales,No,Unmarried,3,"$88,000.00",1,0,Own,Foreign,"$22,000",29,Yes,Yes,Mast,3,No,18,No,No,No,No,No,Yes,No,0,5,$24.00,$34.68,$0.00,$0.00,$0.00,$0.00,$24.00,0
7254-RKOVMQ-G10,5,Male,27,14,3,Professional,No,Unmarried,1,"$84,000.00",9,0,Own,Domestic,"$17,800",19,Yes,Yes,Mast,9,Yes,18,No,No,No,Yes,No,No,Yes,0,40,$21.60,$151.44,$0.00,$0.00,$0.00,$0.00,$21.60,0
7258-EITHCE-LTC,1,Male,49,12,15,Professional,No,Married,2,"$102,000.00",7,0,Own,Domestic,"$22,200",19,Yes,Yes,Disc,9,Yes,18,Yes,No,No,Yes,No,Yes,Yes,0,27,$28.00,$132.00,$132.00,$667.20,$0.00,$0.00,$160.00,0
7263-AEWEKA-SU2,2,Female,28,8,8,Crafts,No,Married,3,"$34,000.00",0,0,Lease,Foreign,"$8,200",40,No,No,Visa,10,No,19,No,No,No,No,Yes,No,Yes,1,9,$33.40,$70.72,$0.00,$0.00,$0.00,$0.00,$33.40,0
7263-RQYCQK-8W2,5,Male,37,9,8,Labor,No,Married,2,"$56,000.00",0,1,Own,Domestic,"$16,300",34,No,Yes,Visa,10,No,23,Yes,Yes,Yes,Yes,Yes,No,No,0,27,$31.80,$170.88,$195.80,"$1,040.36",$172.75,"$1,076.40",$400.35,1
7264-FLNAOJ-A2P,1,Female,21,16,0,Sales,No,Married,4,"$42,000.00",9,1,Own,Domestic,"$8,500",23,Yes,No,Disc,2,No,0,No,No,No,No,Yes,No,Yes,0,14,$42.60,$103.12,$0.00,$0.00,$0.00,$0.00,$42.60,0
7265-CRINJO-ZL5,5,Female,20,10,2,Professional,No,Married,4,"$48,000.00",6,1,Lease,Foreign,"$15,100",30,No,Yes,Visa,2,Yes,14,No,No,No,No,No,No,No,1,17,$30.00,$98.44,$0.00,$0.00,$0.00,$0.00,$30.00,0
7266-EFCNMF-LSF,4,Male,47,14,11,Professional,No,Unmarried,3,"$120,000.00",1,1,Own,Domestic,"$29,600",14,No,Yes,AMEX,5,No,21,No,No,Yes,Yes,Yes,No,No,1,10,$12.00,$22.36,$0.00,$0.00,$0.00,$0.00,$12.00,0
7267-RMHTZA-C3Y,2,Male,76,14,13,Sales,Yes,Unmarried,1,"$30,000.00",1,0,Lease,Domestic,"$5,900",27,Yes,No,AMEX,29,No,12,Yes,No,No,Yes,Yes,No,Yes,0,56,$46.60,$527.52,$138.60,"$1,579.84",$0.00,$0.00,$185.20,0
7268-IWPXCN-LTQ,1,Female,34,11,5,Labor,No,Married,2,"$64,000.00",0,1,Own,Domestic,"$18,500",27,No,Yes,Visa,4,No,18,No,Yes,No,Yes,Yes,No,No,0,10,$20.80,$32.16,$0.00,$0.00,$172.75,$380.10,$193.55,0
7268-KLRUCB-UI3,5,Female,25,17,1,Crafts,No,Married,3,"$74,000.00",2,0,Own,Foreign,"$23,100",33,Yes,No,Disc,2,No,21,Yes,Yes,Yes,No,Yes,Yes,No,0,5,$12.20,$11.16,$134.80,$120.68,$168.25,$177.84,$315.25,1
7268-PIGTZV-ZZY,1,Female,69,12,27,Service,Yes,Married,2,"$36,000.00",8,0,Own,Foreign,"$7,100",21,No,Yes,AMEX,29,Yes,15,No,No,No,No,No,Yes,Yes,0,67,$37.60,$497.52,$0.00,$0.00,$0.00,$0.00,$37.60,0
7270-VFFKKK-IA4,1,Male,47,19,9,Professional,No,Unmarried,1,"$152,000.00",7,0,Own,Foreign,"$50,000",31,No,Yes,AMEX,9,Yes,15,Yes,Yes,Yes,Yes,Yes,Yes,No,1,28,$22.40,$119.56,$230.40,"$1,253.32",$338.25,"$2,275.98",$591.05,1
7273-DIUGIG-ZUR,3,Female,43,13,5,Sales,No,Unmarried,1,"$64,000.00",0,1,Own,Domestic,"$12,900",34,No,No,Othe,19,Yes,18,Yes,Yes,Yes,No,Yes,Yes,Yes,0,46,$20.40,$200.64,$149.80,"$1,257.76",$136.00,"$1,450.74",$306.20,1
7274-HQGJWO-OPF,3,Female,48,21,2,Sales,No,Married,5,"$165,000.00",9,1,Own,Domestic,"$89,100",34,No,No,Mast,1,No,23,Yes,No,No,No,No,Yes,No,1,4,$20.40,$16.32,$102.40,$63.16,$0.00,$0.00,$122.80,0
7275-NTATAS-Q5B,4,Female,57,11,23,Service,No,Unmarried,1,"$150,000.00",0,0,Own,Foreign,"$39,900",24,No,No,Disc,25,Yes,21,No,No,No,No,No,No,Yes,1,59,$40.20,$494.72,$0.00,$0.00,$0.00,$0.00,$40.20,0
7278-QUBMVF-B89,1,Male,36,18,5,Professional,No,Unmarried,2,"$126,000.00",6,0,Own,Domestic,"$29,300",30,Yes,No,Disc,12,Yes,15,Yes,Yes,Yes,No,No,Yes,No,0,43,$41.20,$374.60,$163.00,"$1,343.52",$154.25,"$1,530.12",$358.45,1
7281-VJURIT-SRK,1,Male,51,11,17,Service,No,Married,5,"$72,000.00",8,0,NoCar,N/A,$0,20,No,No,Visa,33,No,18,No,No,No,Yes,No,No,Yes,0,66,$85.80,"$1,065.80",$0.00,$0.00,$0.00,$0.00,$85.80,0
7284-DCWJJM-V71,2,Male,22,10,3,Labor,No,Married,6,"$40,000.00",9,1,Own,Foreign,"$10,300",25,No,Yes,Disc,4,Yes,19,No,No,No,No,No,No,Yes,0,29,$41.60,$233.88,$0.00,$0.00,$0.00,$0.00,$41.60,0
7284-IDVWBG-1CD,1,Male,56,17,4,Sales,No,Married,6,"$64,000.00",0,1,Own,Domestic,"$15,100",25,No,Yes,Mast,14,No,27,No,No,Yes,Yes,Yes,Yes,No,0,32,$28.60,$224.68,$0.00,$0.00,$0.00,$0.00,$28.60,0
7285-CIPXYQ-3C6,2,Female,18,9,0,Sales,No,Unmarried,1,"$32,000.00",5,0,Lease,Domestic,"$6,300",32,Yes,No,Mast,0,No,23,No,No,No,Yes,No,No,No,1,5,$15.20,$15.16,$0.00,$0.00,$0.00,$0.00,$15.20,0
7285-QIPKCQ-GAJ,3,Male,29,20,2,Labor,No,Married,6,"$137,000.00",0,1,Own,Domestic,"$76,700",19,No,Yes,AMEX,4,No,17,Yes,Yes,Yes,Yes,Yes,Yes,No,0,7,$19.20,$23.40,$205.60,$273.80,$310.00,$439.08,$534.80,1
7287-HYPLCA-0YV,3,Male,27,12,1,Professional,No,Unmarried,1,"$90,000.00",0,1,Own,Foreign,"$24,600",29,Yes,No,Disc,6,Yes,23,No,Yes,No,Yes,Yes,No,Yes,0,11,$31.00,$68.92,$0.00,$0.00,$144.00,$353.76,$175.00,0
7287-UOJGBQ-DRW,3,Female,44,21,6,Crafts,No,Married,5,"$106,000.00",3,1,Own,Foreign,"$53,900",21,No,Yes,AMEX,23,No,9,Yes,No,Yes,No,No,Yes,Yes,0,35,$70.80,$505.60,$210.00,"$1,437.44",$0.00,$0.00,$280.80,1
7288-ISEIRM-HQC,1,Male,32,13,7,Crafts,No,Unmarried,1,"$66,000.00",11,0,Own,Domestic,"$10,600",27,Yes,No,Disc,9,Yes,17,No,No,No,Yes,Yes,No,No,1,28,$21.20,$119.84,$0.00,$0.00,$0.00,$0.00,$21.20,0
7288-UZFLES-A7U,3,Male,72,17,20,Professional,Yes,Married,2,"$36,000.00",0,0,Own,Foreign,"$10,200",28,Yes,Yes,Disc,40,No,21,Yes,No,No,No,No,Yes,Yes,0,72,$108.20,"$1,631.00",$155.60,"$2,273.04",$0.00,$0.00,$263.80,0
7291-GKVRNH-DFX,2,Male,46,14,9,Service,No,Married,3,"$86,000.00",4,0,NoCar,N/A,$0,25,No,Yes,Visa,27,Yes,19,No,Yes,Yes,Yes,Yes,No,No,0,38,$84.80,$646.68,$0.00,$0.00,$175.50,"$1,575.12",$260.30,0
7297-WXDMAN-VFX,2,Female,54,10,8,Sales,No,Unmarried,1,"$48,000.00",2,1,Own,Domestic,"$15,400",21,No,Yes,Visa,16,No,20,No,No,No,Yes,No,No,Yes,0,52,$54.40,$546.76,$0.00,$0.00,$0.00,$0.00,$54.40,0
7303-IBFWXW-95W,5,Female,69,13,35,Agriculture,Yes,Married,2,"$60,000.00",0,1,Own,Foreign,"$13,000",29,Yes,Yes,Mast,40,No,22,No,No,No,Yes,No,No,Yes,0,72,$136.20,"$1,925.36",$0.00,$0.00,$0.00,$0.00,$136.20,0
7305-JUWEIE-ODI,5,Female,33,9,3,Sales,No,Married,4,"$54,000.00",3,0,Own,Foreign,"$11,800",24,No,No,Disc,7,Yes,20,No,No,No,Yes,Yes,No,No,0,15,$25.00,$84.60,$0.00,$0.00,$0.00,$0.00,$25.00,0
7305-NXHYEK-ON9,5,Female,37,19,4,Professional,No,Unmarried,4,"$168,000.00",0,1,Lease,Foreign,"$39,900",24,No,Yes,Disc,13,Yes,25,Yes,Yes,Yes,Yes,Yes,Yes,No,0,25,$25.20,$140.24,$169.60,$786.76,$219.75,"$1,273.20",$414.55,1
7309-OBFGCQ-B8M,5,Female,78,14,34,Service,Yes,Married,2,"$136,000.00",0,0,NoCar,N/A,$0,46,No,No,Mast,39,No,17,No,No,No,No,No,No,Yes,0,72,$209.00,"$3,024.12",$0.00,$0.00,$0.00,$0.00,$209.00,0
7311-MYHRLP-TH2,3,Female,70,18,24,Service,No,Unmarried,1,"$345,000.00",2,0,Own,Foreign,"$90,700",15,No,Yes,AMEX,17,No,29,Yes,No,No,No,Yes,No,No,1,28,$34.00,$170.60,$110.80,$617.36,$0.00,$0.00,$144.80,0
7315-BIXCYX-3JD,5,Female,44,13,2,Sales,No,Unmarried,1,"$86,000.00",1,1,Lease,Foreign,"$18,200",33,No,Yes,Visa,3,Yes,23,No,No,No,No,Yes,No,No,0,5,$29.40,$31.36,$0.00,$0.00,$0.00,$0.00,$29.40,0
7317-IHWXXF-42H,1,Female,20,8,1,Labor,No,Married,3,"$34,000.00",11,0,Own,Domestic,"$9,200",19,No,Yes,Mast,2,Yes,20,No,No,No,No,No,No,No,0,8,$12.20,$28.12,$0.00,$0.00,$0.00,$0.00,$12.20,0
7318-XXEVRW-XE9,4,Female,20,14,0,Labor,No,Married,4,"$46,000.00",8,1,Own,Domestic,"$14,900",25,No,No,Disc,2,Yes,24,Yes,Yes,Yes,Yes,Yes,No,No,1,34,$42.40,$272.12,$176.60,"$1,149.12",$158.25,"$1,394.70",$377.25,1
7321-QQOGGJ-OSE,4,Female,45,13,1,Sales,No,Married,2,"$62,000.00",2,1,Own,Domestic,"$20,700",24,No,No,Othe,3,No,20,Yes,No,No,No,No,Yes,No,0,3,$9.80,$5.04,$78.80,$38.56,$0.00,$0.00,$88.60,0
7323-INVHNA-K5B,3,Female,78,14,14,Sales,Yes,Unmarried,1,"$24,000.00",2,0,NoCar,N/A,$0,26,Yes,No,Mast,20,No,16,No,No,No,No,No,No,No,0,33,$44.60,$263.56,$0.00,$0.00,$0.00,$0.00,$44.60,0
7323-ZGUDKZ-KQ1,2,Female,37,11,4,Sales,No,Married,3,"$62,000.00",6,1,Own,Domestic,"$17,000",31,No,No,AMEX,19,No,17,No,No,No,No,Yes,No,Yes,0,64,$114.60,"$1,447.04",$0.00,$0.00,$0.00,$0.00,$114.60,0
7325-MQSIAL-PMN,3,Female,32,17,4,Labor,No,Married,2,"$54,000.00",2,0,Own,Domestic,"$13,100",27,No,No,Mast,14,Yes,23,No,No,No,No,Yes,No,Yes,1,51,$57.40,$579.80,$0.00,$0.00,$0.00,$0.00,$57.40,0
7325-TXSREJ-9GJ,3,Male,39,21,1,Sales,No,Unmarried,1,"$60,000.00",1,0,Own,Domestic,"$13,900",28,No,No,Mast,13,Yes,24,Yes,No,Yes,No,No,Yes,No,0,20,$31.60,$117.44,$160.60,$611.60,$0.00,$0.00,$192.20,0
7328-JGISFG-9S6,3,Male,69,15,28,Service,Yes,Unmarried,1,"$78,000.00",1,1,Own,Domestic,"$15,000",18,Yes,Yes,AMEX,9,No,19,Yes,No,No,Yes,Yes,No,Yes,0,27,$34.80,$166.20,$126.00,$689.96,$0.00,$0.00,$160.80,0
7336-WDTOCJ-6YM,3,Male,59,12,31,Labor,No,Married,2,"$169,000.00",1,1,NoCar,N/A,$0,20,Yes,No,Mast,38,Yes,27,No,Yes,Yes,Yes,Yes,No,Yes,0,70,$96.80,"$1,357.72",$0.00,$0.00,$134.25,"$2,126.88",$231.05,0
7336-YMICSH-AEW,3,Female,21,16,0,Sales,No,Unmarried,1,"$88,000.00",6,1,Own,Foreign,"$22,400",19,No,Yes,Mast,1,No,19,Yes,No,Yes,No,No,Yes,No,0,1,$11.80,$2.36,$88.40,$17.68,$0.00,$0.00,$100.20,0
7337-ZWFTEQ-OMH,5,Male,56,14,20,Crafts,No,Married,2,"$98,000.00",7,0,Lease,Domestic,"$28,000",34,No,Yes,Visa,33,No,21,No,No,No,No,No,No,Yes,0,64,$35.40,$469.96,$0.00,$0.00,$0.00,$0.00,$35.40,0
7338-XSQMNF-6EV,2,Male,45,13,15,Crafts,No,Married,3,"$114,000.00",5,1,Lease,Domestic,"$30,400",22,No,Yes,Disc,21,No,20,Yes,No,No,No,Yes,No,No,0,34,$30.40,$211.76,$140.20,$877.56,$0.00,$0.00,$170.60,0
7341-DQCJNA-50P,1,Male,58,17,14,Professional,No,Married,2,"$226,000.00",0,1,Own,Domestic,"$94,100",28,Yes,Yes,AMEX,28,No,15,Yes,Yes,Yes,No,Yes,Yes,Yes,0,63,$145.20,"$1,728.44",$165.40,"$1,958.36",$193.50,"$2,863.50",$504.10,1
7346-VFBTML-LRE,2,Male,46,15,2,Sales,No,Unmarried,1,"$74,000.00",0,1,Own,Domestic,"$19,700",38,No,No,Mast,18,Yes,21,Yes,Yes,Yes,Yes,Yes,Yes,No,0,44,$37.40,$362.36,$249.60,"$2,118.32",$345.00,"$3,683.70",$632.00,1
7347-SHDIAQ-70Y,5,Male,69,19,20,Professional,No,Married,2,"$124,000.00",7,1,Own,Domestic,"$40,800",37,Yes,Yes,AMEX,40,No,7,Yes,No,No,No,No,Yes,Yes,0,72,$306.80,"$4,240.36",$168.20,"$2,407.92",$0.00,$0.00,$475.00,1
7355-PBEBVW-5BG,5,Male,29,15,3,Agriculture,No,Married,5,"$30,000.00",3,1,Own,Domestic,"$6,200",21,No,No,Disc,6,Yes,19,Yes,No,No,No,No,No,No,0,8,$12.00,$12.52,$91.00,$163.72,$0.00,$0.00,$103.00,0
7355-UODSBR-6W5,4,Female,40,21,3,Sales,No,Married,2,"$176,000.00",0,1,Own,Foreign,"$38,800",25,No,Yes,Visa,22,No,20,Yes,Yes,Yes,Yes,Yes,Yes,No,0,43,$41.60,$372.80,$192.80,"$1,667.20",$267.75,"$2,677.80",$502.15,1
7356-SBPGQV-W7S,3,Female,68,19,25,Crafts,Yes,Married,3,"$22,000.00",9,0,Lease,Domestic,"$7,400",31,Yes,Yes,Visa,40,No,24,Yes,Yes,Yes,Yes,Yes,No,Yes,0,72,$315.20,"$4,511.56",$226.00,"$3,066.64",$347.25,"$5,811.78",$888.45,1
7357-DKWNYI-60W,2,Male,49,17,4,Sales,No,Married,2,"$152,000.00",6,0,Own,Foreign,"$37,300",21,No,No,AMEX,15,No,17,Yes,Yes,Yes,Yes,Yes,Yes,No,0,44,$38.60,$314.80,$217.00,"$1,909.08",$404.00,"$4,259.40",$659.60,1
7358-HOLJDC-BXP,3,Male,67,9,18,Labor,No,Unmarried,1,"$80,000.00",6,1,Own,Foreign,"$25,300",28,No,No,Mast,24,Yes,22,No,No,No,No,No,No,No,0,50,$66.60,$677.76,$0.00,$0.00,$0.00,$0.00,$66.60,0
7361-YKRBYT-WHL,1,Male,70,14,27,Service,Yes,Married,2,"$74,000.00",2,1,Own,Foreign,"$22,100",28,No,Yes,AMEX,28,No,23,No,No,No,No,No,No,No,0,59,$58.40,$711.68,$0.00,$0.00,$0.00,$0.00,$58.40,0
7363-AHQMKJ-F8M,2,Female,76,18,19,Service,No,Unmarried,1,"$54,000.00",6,0,Lease,Domestic,"$14,200",17,No,Yes,Disc,20,No,24,Yes,No,No,No,Yes,No,Yes,1,45,$55.00,$497.84,$132.80,"$1,229.76",$0.00,$0.00,$187.80,0
7365-GKFKRZ-SUF,2,Male,45,15,4,Sales,No,Married,2,"$136,000.00",2,1,Own,Foreign,"$41,600",23,Yes,Yes,Disc,13,No,23,Yes,Yes,Yes,Yes,Yes,No,No,1,22,$29.60,$134.44,$173.60,$781.48,$209.50,"$1,007.34",$412.70,1
7369-VRGOME-7Q0,4,Female,56,16,9,Professional,No,Married,2,"$142,000.00",6,1,Own,Foreign,"$69,700",39,Yes,Yes,Mast,17,Yes,20,No,No,No,Yes,Yes,No,No,0,31,$53.20,$327.84,$0.00,$0.00,$0.00,$0.00,$53.20,0
7374-FODUTL-VSI,2,Female,62,17,4,Sales,No,Unmarried,1,"$120,000.00",0,0,Own,Foreign,"$23,400",29,Yes,Yes,Mast,12,Yes,23,Yes,Yes,Yes,Yes,Yes,No,Yes,0,28,$34.20,$184.24,$185.80,"$1,005.08",$200.50,"$1,322.22",$420.50,1
7374-ZDEGRQ-AQ3,5,Female,27,10,8,Labor,No,Married,2,"$50,000.00",4,1,Lease,Foreign,"$11,200",11,No,No,Mast,4,Yes,17,No,No,No,No,No,No,No,1,18,$30.40,$108.56,$0.00,$0.00,$0.00,$0.00,$30.40,0
7380-VHAHLJ-W91,4,Female,38,14,11,Labor,No,Married,3,"$184,000.00",9,0,Own,Domestic,"$41,900",32,No,Yes,Visa,17,No,30,Yes,Yes,Yes,Yes,Yes,No,No,0,40,$48.60,$372.68,$251.80,"$1,930.32",$316.75,"$3,038.04",$617.15,1
7381-ETAGPW-XZZ,1,Male,46,20,8,Professional,No,Married,3,"$131,000.00",1,1,Own,Foreign,"$67,600",16,No,Yes,Visa,11,No,11,Yes,Yes,Yes,No,Yes,No,No,0,27,$19.20,$112.32,$151.20,$786.92,$217.25,"$1,260.78",$387.65,1
7391-SMKEOI-SZ1,3,Male,34,19,6,Professional,No,Married,2,"$142,000.00",7,0,Own,Foreign,"$83,000",31,No,No,Disc,4,Yes,17,Yes,No,No,No,No,No,No,1,9,$16.40,$36.16,$125.20,$209.72,$0.00,$0.00,$141.60,0
7391-UCUHDJ-1N5,1,Male,21,8,4,Labor,No,Married,6,"$36,000.00",0,1,Own,Foreign,"$9,200",21,Yes,Yes,Visa,3,No,20,No,No,No,Yes,Yes,No,Yes,0,41,$61.40,$495.60,$0.00,$0.00,$0.00,$0.00,$61.40,0
7394-ROWTJA-IX3,3,Female,42,20,1,Sales,No,Unmarried,1,"$192,000.00",1,1,Own,Domestic,"$54,100",31,No,No,Disc,6,No,26,Yes,Yes,Yes,Yes,Yes,Yes,No,0,8,$22.00,$33.32,$175.60,$283.88,$197.25,$345.30,$394.85,1
7394-YZKDOV-NQB,2,Female,56,13,5,Sales,No,Married,2,"$56,000.00",8,0,Lease,Foreign,"$10,200",28,No,No,Othe,21,Yes,15,No,No,No,No,No,No,No,0,49,$87.00,$879.72,$0.00,$0.00,$0.00,$0.00,$87.00,0
7396-MAQYNI-C6V,4,Male,24,9,1,Sales,No,Married,2,"$36,000.00",2,1,Own,Foreign,"$6,300",21,No,Yes,Mast,7,Yes,27,No,No,No,Yes,Yes,No,No,1,17,$28.00,$94.84,$0.00,$0.00,$0.00,$0.00,$28.00,0
7397-UGDYFH-3S0,4,Female,59,18,3,Sales,No,Unmarried,3,"$118,000.00",0,0,NoCar,N/A,$0,23,Yes,No,AMEX,15,No,21,Yes,No,No,No,No,Yes,No,0,36,$28.00,$195.04,$129.40,$930.60,$0.00,$0.00,$157.40,0
7405-OIJWSJ-4IB,1,Male,29,13,6,Crafts,No,Married,2,"$42,000.00",0,0,NoCar,N/A,$0,29,No,Yes,AMEX,6,Yes,26,No,No,No,Yes,Yes,No,No,0,16,$33.20,$103.00,$0.00,$0.00,$0.00,$0.00,$33.20,0
7406-DHAGWP-Q8N,4,Female,24,8,1,Sales,No,Married,4,"$34,000.00",1,1,Own,Domestic,"$10,500",16,Yes,No,Othe,7,No,20,Yes,No,Yes,Yes,Yes,No,Yes,0,16,$18.40,$62.64,$154.00,$456.24,$0.00,$0.00,$172.40,0
7406-EQOEFH-RKP,4,Male,37,14,10,Labor,No,Married,4,"$170,000.00",6,1,Own,Foreign,"$43,700",20,Yes,Yes,Visa,2,No,28,No,No,No,No,No,No,No,0,3,$16.20,$5.12,$0.00,$0.00,$0.00,$0.00,$16.20,0
7407-AJDWBY-KEJ,2,Female,38,14,13,Labor,No,Unmarried,4,"$186,000.00",2,1,Own,Foreign,"$45,900",22,No,Yes,Mast,13,No,19,No,No,No,Yes,Yes,No,No,1,21,$48.40,$214.84,$0.00,$0.00,$0.00,$0.00,$48.40,0
7407-GMEPAH-G5Y,1,Female,77,19,24,Professional,No,Unmarried,1,"$159,000.00",3,0,Own,Domestic,"$68,600",25,No,Yes,AMEX,35,Yes,21,Yes,No,Yes,Yes,Yes,Yes,No,0,64,$85.80,"$1,129.76",$148.40,"$1,965.20",$0.00,$0.00,$234.20,0
7411-AIDLYW-Q06,1,Female,64,9,11,Professional,No,Unmarried,1,"$104,000.00",8,0,Own,Foreign,"$31,200",16,Yes,Yes,AMEX,36,No,25,No,No,No,No,No,No,Yes,0,68,$99.00,"$1,324.96",$0.00,$0.00,$0.00,$0.00,$99.00,0
7414-PZJWWB-D1D,2,Male,73,18,25,Crafts,Yes,Unmarried,1,"$18,000.00",6,0,Lease,Domestic,"$5,100",21,No,No,Disc,25,Yes,0,Yes,No,No,No,No,Yes,Yes,0,50,$58.40,$612.84,$90.60,$915.80,$0.00,$0.00,$149.00,0
7415-IIKLBO-8VO,2,Male,66,21,5,Sales,Yes,Married,2,"$70,000.00",12,1,Own,Domestic,"$21,400",34,Yes,Yes,AMEX,34,No,28,Yes,Yes,Yes,Yes,Yes,Yes,Yes,0,71,$96.20,"$1,338.44",$376.40,"$5,220.24",$931.25,"$15,430.38","$1,403.85",1
7415-UXYHFW-BER,5,Male,44,14,8,Professional,No,Married,2,"$70,000.00",2,1,Own,Domestic,"$11,900",33,No,Yes,Mast,26,Yes,22,No,No,No,Yes,Yes,No,No,1,54,$45.60,$489.52,$0.00,$0.00,$0.00,$0.00,$45.60,0
7416-FVVGCM-GKF,2,Male,51,19,9,Crafts,No,Unmarried,1,"$136,000.00",1,0,Own,Domestic,"$35,300",11,Yes,Yes,AMEX,23,No,24,No,No,No,No,No,Yes,Yes,1,43,$36.00,$306.40,$0.00,$0.00,$0.00,$0.00,$36.00,0
7418-ZQMEHT-29A,2,Male,55,16,3,Sales,No,Unmarried,2,"$112,000.00",0,1,Own,Domestic,"$27,700",24,Yes,Yes,AMEX,26,Yes,13,No,No,No,No,No,No,No,0,44,$35.60,$302.24,$0.00,$0.00,$0.00,$0.00,$35.60,0
7422-CULYVD-6HH,2,Female,75,11,24,Labor,Yes,Unmarried,1,"$96,000.00",5,1,NoCar,N/A,$0,22,Yes,No,Mast,33,Yes,18,No,No,No,No,No,No,No,0,63,$55.00,$714.56,$0.00,$0.00,$0.00,$0.00,$55.00,0
7423-DAORSB-OAF,2,Female,79,14,17,Professional,Yes,Married,2,"$28,000.00",7,1,Lease,Domestic,"$4,500",16,No,Yes,Mast,29,No,19,Yes,No,No,No,No,No,Yes,0,46,$53.00,$553.12,$155.40,"$1,384.12",$0.00,$0.00,$208.40,0
7426-RJRFFK-CYX,2,Male,69,6,19,Professional,No,Married,2,"$118,000.00",5,1,Own,Domestic,"$31,600",14,Yes,Yes,Othe,35,No,23,No,No,No,No,Yes,No,Yes,0,69,$91.80,"$1,229.96",$0.00,$0.00,$0.00,$0.00,$91.80,0
7427-GBEXPI-I8A,2,Male,54,10,8,Sales,No,Unmarried,1,"$66,000.00",0,1,Own,Domestic,"$15,400",24,No,No,Visa,11,No,25,No,No,No,No,Yes,No,Yes,0,29,$35.40,$222.20,$0.00,$0.00,$0.00,$0.00,$35.40,0
7432-QKQFJJ-K72,2,Female,52,14,10,Professional,No,Unmarried,1,"$154,000.00",2,0,Own,Domestic,"$25,600",32,No,No,Othe,3,No,19,No,No,No,No,No,No,No,0,15,$15.20,$35.84,$0.00,$0.00,$0.00,$0.00,$15.20,0
7432-WDHWTX-FI7,1,Male,35,21,3,Crafts,No,Unmarried,1,"$74,000.00",1,1,Own,Domestic,"$18,600",21,Yes,Yes,Disc,9,Yes,16,No,No,No,Yes,Yes,No,Yes,0,32,$33.40,$217.80,$0.00,$0.00,$0.00,$0.00,$33.40,0
7433-QYEXKJ-T6I,3,Female,57,12,5,Sales,No,Unmarried,1,"$70,000.00",2,1,Own,Domestic,"$20,200",36,No,No,Mast,11,No,15,Yes,No,No,No,No,Yes,No,0,25,$57.60,$264.60,$94.40,$445.84,$0.00,$0.00,$152.00,0
7434-XKONYL-EBW,5,Male,68,9,9,Professional,No,Married,2,"$72,000.00",5,0,Own,Domestic,"$13,400",25,Yes,No,Mast,30,Yes,19,No,No,No,Yes,Yes,No,Yes,1,66,$77.40,"$1,054.80",$0.00,$0.00,$0.00,$0.00,$77.40,0
7436-MAIBQW-H3L,2,Male,65,12,34,Agriculture,No,Unmarried,1,"$171,000.00",0,0,Own,Foreign,"$88,200",25,No,No,Visa,38,No,21,No,No,No,No,No,No,Yes,0,72,$153.20,"$2,174.76",$0.00,$0.00,$0.00,$0.00,$153.20,0
7437-HQDRCA-GOC,3,Female,43,15,14,Crafts,No,Married,3,"$120,000.00",5,1,NoCar,N/A,$0,24,Yes,No,Visa,25,Yes,21,No,No,No,No,No,Yes,Yes,1,64,$70.20,$902.60,$0.00,$0.00,$0.00,$0.00,$70.20,0
7439-VFDUNB-ZRG,1,Male,18,13,0,Sales,No,Married,5,"$28,000.00",1,0,Own,Foreign,"$7,400",26,No,Yes,Visa,1,Yes,0,No,No,No,Yes,No,No,No,1,1,$12.40,$2.48,$0.00,$0.00,$0.00,$0.00,$12.40,0
7440-XHITVM-BUH,1,Male,45,12,10,Service,No,Married,2,"$54,000.00",0,0,Lease,Domestic,"$9,900",16,No,Yes,Visa,6,No,16,Yes,No,Yes,Yes,Yes,No,Yes,0,24,$38.00,$192.32,$124.60,$562.68,$0.00,$0.00,$162.60,0
7441-RFDNVF-7SP,3,Male,64,15,11,Professional,No,Married,2,"$124,000.00",0,1,Own,Domestic,"$31,900",25,Yes,Yes,AMEX,39,No,16,Yes,No,No,No,No,No,Yes,0,72,$294.20,"$4,132.96",$178.20,"$2,607.88",$0.00,$0.00,$472.40,1
7442-JTPBTI-5SZ,4,Female,64,11,5,Sales,No,Married,2,"$36,000.00",5,0,Own,Foreign,"$9,200",23,No,No,Disc,3,Yes,23,No,Yes,No,Yes,Yes,No,No,1,9,$17.80,$22.68,$0.00,$0.00,$73.50,$143.16,$91.30,0
7442-PTTPUB-IR1,3,Male,74,16,17,Professional,No,Married,2,"$102,000.00",8,0,Own,Foreign,"$15,400",35,No,No,Visa,38,Yes,22,No,No,No,Yes,No,No,Yes,0,70,$175.20,"$2,396.72",$0.00,$0.00,$0.00,$0.00,$175.20,0
7442-RTTHFP-HCF,1,Male,32,20,1,Sales,No,Unmarried,1,"$118,000.00",0,1,Own,Foreign,"$19,300",27,No,No,Disc,9,No,23,No,No,No,No,No,No,No,0,18,$17.60,$65.28,$0.00,$0.00,$0.00,$0.00,$17.60,0
7444-WJWKGZ-67A,1,Female,61,14,11,Service,Yes,Unmarried,1,"$22,000.00",8,0,Lease,Foreign,"$5,100",23,Yes,No,AMEX,11,No,19,Yes,No,No,No,No,Yes,No,1,37,$21.40,$143.60,$129.40,$908.68,$0.00,$0.00,$150.80,0
7445-PDSUIT-GQ9,5,Female,30,20,0,Sales,No,Married,6,"$92,000.00",8,1,Lease,Domestic,"$22,300",27,No,No,Visa,3,No,26,Yes,Yes,Yes,No,Yes,Yes,No,0,14,$30.80,$85.92,$162.40,$393.20,$193.75,$607.14,$386.95,1
7447-YOOHFG-BER,1,Male,77,17,15,Professional,Yes,Unmarried,1,"$42,000.00",7,0,NoCar,N/A,$0,17,Yes,Yes,Visa,23,No,24,Yes,No,No,No,No,Yes,Yes,0,61,$36.40,$465.48,$96.80,"$1,131.84",$0.00,$0.00,$133.20,0
7448-PLNMET-VCI,2,Male,73,11,7,Sales,Yes,Married,2,"$18,000.00",12,1,Own,Foreign,"$4,600",23,Yes,No,Disc,39,No,20,No,No,No,No,No,No,Yes,0,72,$108.20,"$1,546.16",$0.00,$0.00,$0.00,$0.00,$108.20,0
7449-JUWOQG-ETO,2,Male,61,11,33,Crafts,No,Married,2,"$143,000.00",7,1,Own,Foreign,"$66,800",23,No,No,Mast,26,No,24,No,No,No,No,Yes,No,Yes,0,47,$55.60,$567.56,$0.00,$0.00,$0.00,$0.00,$55.60,0
7451-DHDPCJ-ZXU,2,Female,64,16,22,Agriculture,No,Married,2,"$196,000.00",0,1,Own,Foreign,"$47,200",26,No,Yes,Disc,25,No,24,Yes,No,No,Yes,Yes,Yes,No,1,60,$72.80,$863.28,$131.80,"$1,578.48",$0.00,$0.00,$204.60,0
7451-NFKJEL-3SY,3,Male,54,13,14,Labor,No,Married,2,"$96,000.00",2,1,Own,Domestic,"$22,200",27,No,Yes,Visa,4,No,20,No,Yes,Yes,Yes,Yes,No,No,0,6,$19.80,$17.36,$0.00,$0.00,$160.75,$196.02,$180.55,0
7452-CGWHDB-OL5,3,Female,46,16,6,Sales,No,Unmarried,1,"$52,000.00",0,1,Own,Foreign,"$12,700",20,Yes,Yes,Mast,11,No,20,No,No,No,Yes,Yes,No,No,0,42,$51.00,$420.68,$0.00,$0.00,$0.00,$0.00,$51.00,0
7452-LHMCQF-Q3J,1,Female,76,11,7,Sales,Yes,Unmarried,1,"$18,000.00",0,1,NoCar,N/A,$0,26,No,No,Visa,26,Yes,23,No,No,No,No,No,No,No,1,39,$37.40,$263.48,$0.00,$0.00,$0.00,$0.00,$37.40,0
7452-QFUORC-C03,4,Male,69,14,14,Professional,No,Unmarried,1,"$116,000.00",5,0,Own,Foreign,"$33,900",20,No,Yes,Mast,21,No,22,No,No,No,No,No,No,Yes,1,28,$31.80,$179.16,$0.00,$0.00,$0.00,$0.00,$31.80,0
7452-ZTELNL-FA6,4,Female,25,18,0,Professional,No,Unmarried,3,"$66,000.00",3,1,Lease,Foreign,"$12,500",26,No,No,Disc,3,Yes,19,Yes,Yes,Yes,Yes,Yes,Yes,No,0,8,$22.40,$45.80,$205.40,$303.68,$202.00,$376.14,$429.80,1
7453-BBIDYS-8MG,2,Male,52,19,3,Sales,No,Married,3,"$128,000.00",3,0,NoCar,N/A,$0,26,Yes,No,AMEX,30,No,16,No,No,No,No,No,No,Yes,0,52,$70.60,$646.56,$0.00,$0.00,$0.00,$0.00,$70.60,0
7456-OTIDGE-MQC,5,Male,25,19,0,Professional,No,Married,4,"$30,000.00",0,1,Lease,Domestic,"$6,200",31,No,No,Visa,5,No,20,Yes,No,No,No,No,No,No,1,8,$16.40,$28.12,$96.40,$151.96,$0.00,$0.00,$112.80,0
7456-PTKLMX-BTI,1,Female,71,19,7,Sales,Yes,Unmarried,1,"$28,000.00",0,0,Own,Foreign,"$5,600",24,Yes,Yes,Visa,9,No,23,No,Yes,Yes,Yes,Yes,Yes,No,0,31,$26.00,$161.00,$0.00,$0.00,$143.50,"$1,092.54",$169.50,0
7457-CZVQBP-9TG,3,Female,64,9,33,Service,No,Unmarried,1,"$184,000.00",6,1,Own,Foreign,"$90,500",32,No,No,Mast,27,No,29,No,No,No,No,Yes,No,No,0,56,$42.20,$455.64,$0.00,$0.00,$0.00,$0.00,$42.20,0
7463-ZDKBCV-UC8,1,Female,63,15,17,Professional,No,Married,5,"$132,000.00",0,0,Own,Domestic,"$31,800",26,No,No,Disc,25,Yes,22,No,No,No,Yes,No,No,Yes,1,47,$58.40,$515.28,$0.00,$0.00,$0.00,$0.00,$58.40,0
7466-PZRWAI-NDJ,5,Male,27,12,2,Professional,No,Married,3,"$48,000.00",7,1,Own,Foreign,"$10,800",24,Yes,No,Disc,9,Yes,24,No,No,No,No,No,No,Yes,0,46,$64.80,$589.92,$0.00,$0.00,$0.00,$0.00,$64.80,0
7467-XDQZVE-59X,1,Female,40,14,13,Labor,No,Married,2,"$140,000.00",1,1,Own,Domestic,"$26,500",23,Yes,No,Visa,8,No,16,No,No,No,No,No,No,No,0,18,$14.60,$47.72,$0.00,$0.00,$0.00,$0.00,$14.60,0
7469-POWPXJ-I4T,4,Female,33,20,5,Labor,No,Unmarried,1,"$110,000.00",6,1,Own,Foreign,"$28,100",27,Yes,No,Visa,3,Yes,21,No,No,Yes,No,No,Yes,No,0,3,$15.80,$11.40,$0.00,$0.00,$0.00,$0.00,$15.80,0
7472-APJCOH-8H7,3,Female,30,15,5,Professional,No,Unmarried,1,"$92,000.00",1,0,Own,Domestic,"$19,900",26,No,No,Visa,12,No,22,No,No,No,No,No,No,No,1,36,$31.20,$242.24,$0.00,$0.00,$0.00,$0.00,$31.20,0
7473-LQKOUN-TBO,1,Female,37,17,5,Crafts,No,Unmarried,1,"$46,000.00",2,1,Lease,Foreign,"$7,600",18,Yes,Yes,Visa,19,No,21,No,Yes,Yes,Yes,Yes,Yes,No,0,57,$62.40,$702.92,$0.00,$0.00,$236.00,"$3,259.50",$298.40,1
7476-JNHWIW-QIV,3,Female,52,11,10,Sales,No,Unmarried,1,"$104,000.00",0,1,NoCar,N/A,$0,34,No,No,AMEX,25,Yes,22,No,No,Yes,Yes,Yes,Yes,Yes,0,58,$84.40,$965.84,$0.00,$0.00,$0.00,$0.00,$84.40,0
7476-RVSABK-G1C,2,Female,22,13,0,Sales,No,Unmarried,2,"$32,000.00",0,1,Own,Foreign,"$7,100",27,No,No,Mast,3,No,10,No,No,No,No,No,Yes,No,0,8,$23.40,$42.60,$0.00,$0.00,$0.00,$0.00,$23.40,0
7479-ZIKHKI-FQF,5,Female,46,17,11,Agriculture,No,Unmarried,2,"$101,000.00",0,1,Own,Foreign,"$36,700",24,No,Yes,AMEX,9,No,17,Yes,No,No,Yes,Yes,Yes,Yes,0,18,$28.20,$106.56,$116.80,$406.56,$0.00,$0.00,$145.00,0
7484-MQBQNQ-CLR,4,Male,32,15,8,Service,No,Married,4,"$64,000.00",3,1,Lease,Domestic,"$19,000",27,Yes,No,Othe,6,Yes,23,No,No,No,No,No,No,No,0,10,$24.60,$36.48,$0.00,$0.00,$0.00,$0.00,$24.60,0
7486-BUSGEZ-YN6,5,Male,70,7,14,Professional,Yes,Married,2,"$24,000.00",0,0,NoCar,N/A,$0,17,Yes,No,AMEX,13,Yes,26,No,No,No,No,Yes,No,No,0,37,$53.80,$399.32,$0.00,$0.00,$0.00,$0.00,$53.80,0
7486-NNVANT-C8P,3,Male,50,8,20,Professional,No,Married,3,"$196,000.00",0,0,Own,Foreign,"$48,700",15,Yes,No,Disc,32,Yes,22,No,No,No,Yes,Yes,No,Yes,0,60,$126.60,"$1,537.92",$0.00,$0.00,$0.00,$0.00,$126.60,0
7488-XUYVKZ-JPS,4,Female,24,12,4,Crafts,No,Married,5,"$42,000.00",2,0,Own,Foreign,"$10,500",29,No,No,Visa,6,No,17,Yes,Yes,Yes,Yes,No,Yes,No,0,19,$25.80,$89.96,$114.20,$407.96,$116.50,$528.18,$256.50,0
7489-NVNDCG-XEZ,4,Female,40,14,10,Professional,No,Married,2,"$124,000.00",1,1,NoCar,N/A,$0,23,No,No,Visa,22,Yes,26,Yes,Yes,Yes,Yes,Yes,Yes,No,0,51,$74.20,$750.24,$204.80,"$1,969.56",$188.25,"$2,201.88",$467.25,1
7495-PRHWVG-ZVM,2,Female,79,12,39,Service,Yes,Married,2,"$112,000.00",2,0,Own,Domestic,"$31,600",23,No,Yes,Disc,35,No,25,No,No,Yes,Yes,Yes,No,Yes,0,71,$237.20,"$3,524.60",$0.00,$0.00,$0.00,$0.00,$237.20,0
7497-UQMUDN-ISJ,3,Male,48,14,11,Labor,No,Married,2,"$180,000.00",1,1,Own,Foreign,"$58,100",15,Yes,No,Mast,30,Yes,26,No,No,No,Yes,Yes,No,Yes,0,72,$115.60,"$1,554.60",$0.00,$0.00,$0.00,$0.00,$115.60,0
7498-EEYJYN-NHZ,1,Male,41,13,6,Sales,No,Married,3,"$76,000.00",3,1,Own,Domestic,"$18,800",33,No,No,Visa,23,Yes,16,Yes,Yes,No,Yes,Yes,No,Yes,0,69,$50.40,$653.00,$177.40,"$2,486.04",$246.75,"$4,079.76",$474.55,1
7499-JIRMYX-EU7,3,Male,70,12,25,Labor,Yes,Unmarried,1,"$40,000.00",2,1,Lease,Foreign,"$10,500",35,No,Yes,Othe,17,No,18,No,No,No,No,No,No,Yes,0,41,$30.80,$248.72,$0.00,$0.00,$0.00,$0.00,$30.80,0
7501-NGFSKU-N0A,3,Female,36,15,0,Sales,No,Married,3,"$54,000.00",0,1,NoCar,N/A,$0,28,Yes,No,AMEX,18,No,14,No,No,No,No,Yes,No,No,0,52,$67.00,$638.16,$0.00,$0.00,$0.00,$0.00,$67.00,0
7503-HIJTOD-MW4,1,Female,49,18,17,Labor,No,Unmarried,1,"$143,000.00",2,1,Own,Domestic,"$78,900",30,Yes,No,Disc,30,Yes,20,No,No,No,No,No,No,No,0,62,$67.20,$824.16,$0.00,$0.00,$0.00,$0.00,$67.20,0
7504-VTGYIL-2K7,5,Male,64,15,28,Crafts,No,Married,2,"$180,000.00",1,1,Own,Domestic,"$87,600",36,No,Yes,AMEX,40,Yes,20,Yes,Yes,Yes,Yes,Yes,Yes,Yes,1,71,$111.40,"$1,638.08",$172.80,"$2,407.36",$210.75,"$3,544.98",$494.95,1
7505-PONTBL-4FA,2,Female,18,13,0,Professional,No,Married,6,"$82,000.00",6,0,Own,Foreign,"$12,900",36,No,Yes,Visa,0,Yes,25,Yes,No,No,No,No,No,Yes,0,7,$50.60,$67.04,$127.80,$143.32,$0.00,$0.00,$178.40,0
7506-LQFTMT-B7L,2,Female,72,17,19,Agriculture,No,Married,2,"$134,000.00",1,1,Own,Foreign,"$42,800",26,No,No,Disc,29,No,26,Yes,No,No,No,No,No,Yes,1,50,$57.80,$547.84,$105.20,"$1,078.80",$0.00,$0.00,$163.00,0
7510-GBZSHE-YEY,3,Male,36,19,7,Professional,No,Married,6,"$94,000.00",1,1,Own,Foreign,"$20,300",24,No,No,AMEX,2,Yes,20,Yes,Yes,Yes,Yes,Yes,Yes,No,0,6,$18.40,$27.88,$162.20,$147.24,$189.75,$229.74,$370.35,1
7512-DILXWV-6YD,5,Male,43,17,3,Sales,No,Unmarried,1,"$127,000.00",0,1,Own,Foreign,"$42,000",27,Yes,Yes,Mast,8,No,11,No,Yes,Yes,Yes,Yes,No,No,0,21,$39.60,$177.32,$0.00,$0.00,$136.00,$574.56,$175.60,0
7513-RQIHWF-O12,3,Female,21,16,0,Agriculture,No,Married,6,"$40,000.00",0,1,Own,Foreign,"$7,500",26,No,No,Mast,3,No,19,No,No,No,No,Yes,No,No,0,26,$51.80,$270.48,$0.00,$0.00,$0.00,$0.00,$51.80,0
7514-EULFIQ-VLP,5,Male,36,22,6,Labor,No,Married,4,"$110,000.00",3,1,Own,Domestic,"$17,200",35,Yes,No,Visa,18,No,14,Yes,Yes,Yes,Yes,Yes,Yes,No,1,47,$25.60,$226.04,$199.40,"$1,982.88",$290.00,"$3,163.02",$515.00,1
7515-AFJDMR-B0B,1,Female,23,9,6,Labor,No,Married,5,"$42,000.00",0,0,Lease,Domestic,"$7,300",30,No,Yes,Othe,5,Yes,7,No,No,No,Yes,No,No,No,1,36,$33.60,$232.96,$0.00,$0.00,$0.00,$0.00,$33.60,0
7515-KLVMTG-N7Z,4,Male,31,17,4,Service,No,Unmarried,2,"$113,000.00",8,1,Own,Foreign,"$76,000",20,Yes,Yes,Mast,3,Yes,14,No,No,Yes,Yes,Yes,No,No,0,9,$21.00,$45.04,$0.00,$0.00,$0.00,$0.00,$21.00,0
7517-LAKWWD-7IQ,2,Female,70,19,10,Sales,Yes,Married,2,"$26,000.00",0,0,Lease,Domestic,"$8,700",20,No,No,Disc,19,No,23,No,No,Yes,No,No,Yes,No,1,37,$32.20,$250.20,$0.00,$0.00,$0.00,$0.00,$32.20,0
7517-WZGPUQ-AFB,1,Male,60,12,7,Sales,No,Unmarried,1,"$56,000.00",3,1,Own,Domestic,"$15,200",25,No,No,Mast,16,No,15,No,No,No,No,No,No,No,0,24,$32.60,$163.04,$0.00,$0.00,$0.00,$0.00,$32.60,0
7520-CKUHCD-DHF,4,Female,33,16,3,Sales,No,Married,3,"$52,000.00",0,1,Lease,Foreign,"$14,000",37,Yes,No,Disc,7,No,19,Yes,No,No,No,No,Yes,No,0,21,$31.00,$144.40,$99.20,$392.56,$0.00,$0.00,$130.20,0
7521-YFMYFC-J0A,2,Male,61,12,16,Professional,No,Married,4,"$118,000.00",1,1,Own,Foreign,"$40,500",11,No,Yes,Mast,40,No,21,No,No,No,Yes,Yes,No,Yes,0,72,$258.20,"$3,605.68",$0.00,$0.00,$0.00,$0.00,$258.20,0
7524-HPTQJM-SOS,3,Female,47,13,18,Labor,No,Unmarried,1,"$113,000.00",1,0,Own,Foreign,"$70,900",19,Yes,No,AMEX,30,Yes,24,No,No,No,No,No,No,Yes,0,59,$47.00,$565.40,$0.00,$0.00,$0.00,$0.00,$47.00,0
7524-LLKYHT-GPQ,2,Female,30,13,7,Labor,No,Married,2,"$32,000.00",1,1,Lease,Foreign,"$6,100",21,Yes,Yes,Mast,12,Yes,20,No,No,No,No,Yes,No,No,0,35,$39.80,$259.68,$0.00,$0.00,$0.00,$0.00,$39.80,0
7524-OITCVK-NGI,2,Female,19,14,0,Crafts,No,Unmarried,1,"$26,000.00",7,1,Own,Domestic,"$7,600",24,Yes,No,AMEX,2,No,0,No,No,Yes,Yes,Yes,No,No,0,5,$13.40,$14.36,$0.00,$0.00,$0.00,$0.00,$13.40,0
7527-GRDEGA-M5T,1,Male,66,10,14,Professional,No,Married,2,"$176,000.00",5,1,Own,Domestic,"$47,600",15,No,No,AMEX,22,No,18,No,No,No,Yes,Yes,No,No,0,46,$58.40,$519.72,$0.00,$0.00,$0.00,$0.00,$58.40,0
7528-CWKDGJ-S8P,4,Female,52,15,16,Crafts,No,Unmarried,1,"$116,000.00",3,1,Own,Foreign,"$26,900",30,No,Yes,Disc,30,Yes,21,No,No,No,No,Yes,No,Yes,1,61,$88.00,"$1,094.92",$0.00,$0.00,$0.00,$0.00,$88.00,0
7528-JXQJHK-NT4,5,Male,77,17,38,Labor,Yes,Unmarried,1,"$28,000.00",1,1,NoCar,N/A,$0,26,No,No,Visa,10,No,17,Yes,Yes,Yes,Yes,Yes,Yes,No,0,30,$42.40,$202.08,$147.80,$845.88,$154.75,"$1,124.52",$344.95,1
7530-CYAIRM-GFW,2,Female,79,16,5,Sales,Yes,Unmarried,1,"$20,000.00",0,0,Lease,Domestic,"$6,200",21,Yes,Yes,Visa,34,Yes,15,No,No,No,No,No,No,Yes,1,66,$151.20,"$2,004.04",$0.00,$0.00,$0.00,$0.00,$151.20,0
7530-GWOQWV-0TH,3,Male,53,8,14,Service,No,Married,4,"$80,000.00",8,1,Own,Foreign,"$15,500",16,Yes,No,AMEX,27,Yes,22,No,No,No,No,Yes,No,Yes,0,59,$58.40,$731.48,$0.00,$0.00,$0.00,$0.00,$58.40,0
7533-BBKDJM-LP3,2,Female,31,18,2,Professional,No,Unmarried,2,"$104,000.00",0,1,Lease,Foreign,"$24,600",29,Yes,Yes,AMEX,13,No,24,Yes,Yes,No,No,No,Yes,No,1,36,$32.80,$235.04,$129.80,$888.68,$102.00,$859.38,$264.60,0
7535-SELYBB-VVX,2,Male,67,19,23,Agriculture,No,Unmarried,1,"$169,000.00",7,1,Own,Domestic,"$94,400",21,No,Yes,Disc,35,Yes,19,Yes,Yes,Yes,Yes,Yes,No,No,1,64,$75.80,$938.00,$220.00,"$2,788.88",$390.00,"$5,905.02",$685.80,1
7538-FFAWBT-ZCE,2,Female,45,21,14,Labor,No,Unmarried,1,"$215,000.00",5,1,Own,Foreign,"$80,900",27,Yes,No,AMEX,18,No,26,No,Yes,No,Yes,Yes,No,Yes,0,43,$75.80,$652.88,$0.00,$0.00,$171.50,"$1,728.36",$247.30,0
7538-FUPAQE-OT1,5,Female,62,10,25,Labor,No,Married,4,"$131,000.00",4,1,Own,Domestic,"$55,700",23,No,Yes,AMEX,40,No,13,No,No,No,No,No,No,Yes,0,71,$106.00,"$1,464.00",$0.00,$0.00,$0.00,$0.00,$106.00,0
7544-FYKOGJ-QS0,5,Male,71,14,22,Service,Yes,Married,2,"$98,000.00",0,1,Own,Foreign,"$25,400",27,No,Yes,Disc,14,No,19,Yes,Yes,Yes,Yes,Yes,Yes,Yes,1,43,$37.00,$347.84,$238.00,"$1,947.76",$320.00,"$3,183.66",$595.00,1
7549-LQTZLC-8FO,1,Female,35,21,5,Labor,No,Unmarried,1,"$68,000.00",9,0,Own,Domestic,"$15,800",20,No,No,AMEX,3,No,17,Yes,No,Yes,No,No,Yes,No,0,5,$22.20,$31.36,$120.20,$100.76,$0.00,$0.00,$142.40,0
7550-SSESIU-2HP,5,Male,71,19,24,Professional,Yes,Married,2,"$24,000.00",3,1,Lease,Foreign,"$4,900",27,Yes,Yes,Mast,24,No,35,Yes,No,Yes,No,No,Yes,No,0,56,$102.00,"$1,170.00",$141.80,"$1,440.32",$0.00,$0.00,$243.80,0
7553-HAWCLM-JVG,2,Male,31,11,1,Sales,No,Married,5,"$48,000.00",3,1,Own,Foreign,"$13,900",25,Yes,No,Visa,5,No,17,Yes,No,No,No,No,Yes,No,0,18,$45.20,$178.08,$104.80,$329.44,$0.00,$0.00,$150.00,0
7556-RQGMIC-BXZ,1,Female,51,10,10,Professional,No,Unmarried,1,"$62,000.00",0,1,Own,Domestic,"$12,700",30,No,No,Disc,12,No,18,No,No,No,No,No,No,Yes,0,34,$30.00,$222.96,$0.00,$0.00,$0.00,$0.00,$30.00,0
7557-KXMZNV-PU3,2,Female,40,19,4,Professional,No,Unmarried,1,"$62,000.00",3,1,Lease,Domestic,"$14,000",31,No,Yes,AMEX,3,Yes,22,No,No,No,No,No,Yes,No,0,7,$18.00,$19.60,$0.00,$0.00,$0.00,$0.00,$18.00,0
7559-QKGIGO-N2H,5,Female,37,13,6,Professional,No,Married,2,"$54,000.00",1,1,Own,Domestic,"$13,100",26,No,No,Mast,19,Yes,20,No,No,No,Yes,Yes,No,Yes,0,71,$102.60,"$1,465.48",$0.00,$0.00,$0.00,$0.00,$102.60,0
7559-ZYVIKN-UT6,4,Female,55,16,24,Labor,No,Married,2,"$380,000.00",5,1,Own,Domestic,"$80,300",16,No,Yes,Visa,29,Yes,20,Yes,Yes,No,Yes,Yes,Yes,Yes,0,61,$59.20,$764.16,$162.20,"$1,886.96",$283.50,"$4,052.88",$504.90,1
7561-IZQWWU-V05,3,Male,35,14,2,Sales,No,Unmarried,2,"$66,000.00",0,1,Own,Domestic,"$17,900",31,No,No,Visa,4,Yes,16,No,No,No,Yes,Yes,No,No,0,5,$18.80,$34.52,$0.00,$0.00,$0.00,$0.00,$18.80,0
7562-JWQIDV-ZJJ,2,Male,51,17,2,Sales,No,Unmarried,1,"$168,000.00",10,1,Own,Foreign,"$36,000",30,Yes,Yes,Mast,19,Yes,25,Yes,No,No,Yes,No,No,No,0,48,$100.60,$987.48,$137.00,"$1,349.36",$0.00,$0.00,$237.60,0
7564-EDQEAH-U7Y,3,Male,43,16,3,Professional,No,Unmarried,1,"$92,000.00",3,1,Own,Foreign,"$32,000",20,Yes,No,Mast,11,Yes,21,Yes,Yes,Yes,Yes,Yes,Yes,Yes,0,23,$16.80,$70.44,$208.60,$898.40,$297.25,"$1,539.42",$522.65,1
7564-JIJMLK-ZWE,3,Female,24,19,0,Professional,No,Married,3,"$62,000.00",0,0,Own,Foreign,"$19,700",20,No,No,Disc,4,No,22,Yes,No,No,No,No,Yes,No,0,7,$21.20,$32.80,$103.00,$152.00,$0.00,$0.00,$124.20,0
7566-GMUKDS-XU5,5,Male,46,14,2,Sales,No,Unmarried,1,"$66,000.00",0,1,Own,Domestic,"$19,200",19,No,Yes,Visa,16,No,27,No,No,No,No,Yes,No,No,0,43,$65.60,$560.64,$0.00,$0.00,$0.00,$0.00,$65.60,0
7566-MQDVZB-J89,2,Male,51,17,9,Professional,No,Married,2,"$98,000.00",0,1,NoCar,N/A,$0,23,No,Yes,Mast,18,Yes,25,Yes,No,No,No,No,Yes,Yes,0,41,$72.80,$593.08,$114.60,$928.68,$0.00,$0.00,$187.40,0
7570-FPTDKK-0IF,4,Female,52,11,22,Labor,No,Unmarried,1,"$188,000.00",3,0,Own,Domestic,"$56,700",35,No,Yes,Mast,32,Yes,19,No,No,No,No,No,No,Yes,1,68,$63.00,$842.20,$0.00,$0.00,$0.00,$0.00,$63.00,0
7573-GPIFXI-WKA,1,Female,22,15,1,Labor,No,Unmarried,1,"$30,000.00",0,0,Lease,Domestic,"$5,300",23,No,No,Disc,3,Yes,24,No,No,No,Yes,Yes,No,No,0,7,$14.00,$12.40,$0.00,$0.00,$0.00,$0.00,$14.00,0
7574-LRLMQG-HYV,1,Male,33,13,6,Service,No,Unmarried,1,"$58,000.00",1,1,NoCar,N/A,$0,19,Yes,No,Visa,4,Yes,21,No,No,No,Yes,Yes,No,No,0,12,$17.40,$38.72,$0.00,$0.00,$0.00,$0.00,$17.40,0
7576-YDRPDI-5L0,5,Female,69,21,21,Service,Yes,Married,2,"$24,000.00",0,1,Lease,Domestic,"$6,500",29,Yes,No,Visa,38,Yes,15,Yes,Yes,Yes,No,No,Yes,Yes,1,70,$118.00,"$1,614.92",$183.60,"$2,500.68",$198.00,"$3,239.82",$499.60,1
7578-BMICAG-LYR,5,Male,34,17,6,Crafts,No,Unmarried,1,"$123,000.00",8,0,Own,Domestic,"$81,200",25,No,No,Disc,14,No,21,Yes,Yes,Yes,Yes,Yes,No,Yes,0,17,$21.20,$61.36,$155.60,$509.20,$140.00,$497.82,$316.80,1
7578-BQFWYG-6BA,1,Male,18,13,0,Service,No,Unmarried,2,"$30,000.00",0,0,Own,Foreign,"$6,800",23,No,Yes,AMEX,1,Yes,21,No,No,No,No,No,Yes,No,0,3,$10.00,$3.80,$0.00,$0.00,$0.00,$0.00,$10.00,0
7582-NPCYVL-L6S,2,Male,20,15,0,Labor,No,Married,5,"$44,000.00",3,1,NoCar,N/A,$0,29,Yes,Yes,Disc,2,Yes,24,Yes,Yes,No,Yes,Yes,Yes,No,0,29,$32.60,$202.00,$144.00,$845.04,$157.00,"$1,061.64",$333.60,1
7582-VOSYZB-HUQ,5,Male,55,14,11,Service,No,Married,2,"$92,000.00",6,1,Own,Foreign,"$23,400",22,No,Yes,Disc,25,No,19,No,No,No,No,Yes,No,Yes,0,44,$59.60,$495.96,$0.00,$0.00,$0.00,$0.00,$59.60,0
7593-LRPSUY-QKT,1,Male,18,13,0,Sales,No,Married,5,"$30,000.00",0,1,Own,Foreign,"$3,500",29,Yes,Yes,AMEX,0,Yes,16,Yes,Yes,Yes,Yes,Yes,Yes,No,1,7,$26.20,$54.88,$219.20,$241.08,$252.25,$369.36,$497.65,1
7593-NPWRNN-5W9,5,Male,29,21,0,Sales,No,Unmarried,1,"$124,000.00",7,1,Own,Domestic,"$33,000",29,Yes,Yes,Disc,9,Yes,23,Yes,No,Yes,No,Yes,Yes,No,0,20,$28.20,$97.64,$127.00,$448.56,$0.00,$0.00,$155.20,0
7596-YTIMPZ-2SP,1,Male,37,11,4,Sales,No,Married,5,"$48,000.00",3,1,Lease,Domestic,"$13,300",17,No,Yes,Mast,15,Yes,19,No,No,No,Yes,Yes,No,No,0,39,$24.60,$175.68,$0.00,$0.00,$0.00,$0.00,$24.60,0
7601-FNPEPR-XD7,5,Female,40,11,1,Sales,No,Married,3,"$124,000.00",0,1,Own,Domestic,"$35,800",28,No,No,AMEX,12,Yes,18,No,No,No,Yes,Yes,No,Yes,0,29,$34.40,$193.20,$0.00,$0.00,$0.00,$0.00,$34.40,0
7605-ONWIDT-OU0,3,Female,19,14,0,Professional,No,Married,5,"$42,000.00",1,1,NoCar,N/A,$0,34,Yes,Yes,AMEX,1,Yes,18,Yes,Yes,Yes,No,No,Yes,No,0,20,$18.40,$78.04,$144.60,$544.96,$90.50,$413.46,$253.50,0
7605-YXRGNQ-8BL,5,Male,69,13,31,Labor,Yes,Unmarried,1,"$56,000.00",0,1,Own,Foreign,"$19,600",27,No,Yes,Visa,38,No,20,Yes,No,No,No,No,No,No,0,71,$75.00,"$1,004.36",$130.60,"$1,904.32",$0.00,$0.00,$205.60,0
7607-GOQTPA-B4L,2,Female,61,12,35,Labor,No,Unmarried,1,"$129,000.00",1,1,Own,Foreign,"$72,500",23,No,Yes,Disc,36,No,20,No,No,No,Yes,Yes,No,No,1,67,$44.20,$641.96,$0.00,$0.00,$0.00,$0.00,$44.20,0
7607-GRPLIE-C1J,1,Female,27,14,2,Professional,No,Unmarried,5,"$42,000.00",0,1,Lease,Foreign,"$9,600",19,No,Yes,Mast,3,Yes,16,No,No,No,No,Yes,No,No,0,4,$10.20,$13.12,$0.00,$0.00,$0.00,$0.00,$10.20,0
7610-MZWISR-QEB,5,Male,31,16,1,Sales,No,Married,2,"$46,000.00",0,0,Own,Domestic,"$10,000",31,No,Yes,AMEX,13,Yes,16,Yes,Yes,Yes,No,No,Yes,Yes,0,38,$33.80,$257.48,$180.00,"$1,339.56",$121.25,"$1,086.78",$335.05,1
7615-RJZRPM-3IE,4,Female,52,20,16,Crafts,No,Unmarried,1,"$137,000.00",0,1,Own,Domestic,"$66,200",21,No,Yes,Mast,13,Yes,17,No,Yes,Yes,Yes,Yes,Yes,Yes,0,33,$55.20,$391.68,$0.00,$0.00,$103.50,$752.52,$158.70,0
7618-WWRKRN-8S6,3,Female,52,15,6,Professional,No,Unmarried,1,"$165,000.00",2,1,Own,Foreign,"$91,600",31,Yes,Yes,Visa,31,No,13,No,No,No,No,Yes,No,Yes,0,61,$51.20,$617.24,$0.00,$0.00,$0.00,$0.00,$51.20,0
7619-FOJEGG-PCO,3,Male,60,20,5,Sales,No,Unmarried,1,"$68,000.00",0,0,Own,Foreign,"$12,400",33,Yes,Yes,Disc,13,Yes,19,Yes,Yes,Yes,Yes,Yes,No,Yes,0,28,$22.00,$137.00,$173.00,$928.60,$192.50,"$1,260.78",$387.50,1
7620-DHMBRC-42L,4,Female,22,11,0,Professional,No,Married,4,"$52,000.00",2,1,Own,Domestic,"$12,800",31,No,No,Mast,4,Yes,27,No,No,No,No,No,No,No,0,42,$19.40,$168.92,$0.00,$0.00,$0.00,$0.00,$19.40,0
7621-GEJAXT-BJC,3,Female,54,13,16,Professional,No,Unmarried,1,"$148,000.00",0,0,Own,Domestic,"$38,400",15,Yes,No,AMEX,2,Yes,21,No,Yes,Yes,Yes,Yes,No,No,0,3,$12.60,$5.88,$0.00,$0.00,$129.50,$58.02,$142.10,0
7623-HVKOMY-1ZI,3,Male,41,16,8,Professional,No,Unmarried,5,"$90,000.00",0,0,Own,Foreign,"$12,600",16,No,Yes,AMEX,19,No,16,Yes,No,No,No,No,Yes,No,0,45,$43.40,$381.88,$120.60,"$1,050.12",$0.00,$0.00,$164.00,0
7623-YAGIPO-LGB,4,Male,60,14,17,Labor,Yes,Unmarried,1,"$24,000.00",4,0,Own,Domestic,"$5,400",24,Yes,Yes,Mast,22,Yes,17,No,No,No,No,No,Yes,Yes,0,47,$55.60,$525.36,$0.00,$0.00,$0.00,$0.00,$55.60,0
7626-FZMBJH-OQD,5,Male,63,11,25,Crafts,Yes,Married,2,"$18,000.00",6,1,Lease,Foreign,"$4,500",30,No,Yes,AMEX,37,No,0,No,No,No,No,No,No,No,0,67,$84.80,"$1,165.60",$0.00,$0.00,$0.00,$0.00,$84.80,0
7633-YAOPRP-B7B,1,Female,73,19,30,Crafts,No,Unmarried,1,"$259,000.00",2,1,NoCar,N/A,$0,26,Yes,Yes,Disc,38,No,22,Yes,Yes,Yes,Yes,Yes,No,No,0,71,$89.80,"$1,356.48",$185.40,"$2,545.72",$236.75,"$3,855.06",$511.95,1
7634-AVNEXZ-7AG,1,Male,39,12,5,Professional,No,Married,4,"$130,000.00",5,1,Own,Domestic,"$49,200",32,Yes,Yes,Disc,2,No,32,No,No,No,Yes,No,No,No,0,6,$6.00,$8.92,$0.00,$0.00,$0.00,$0.00,$6.00,0
7634-DYMZLJ-1FV,1,Male,42,17,5,Sales,No,Married,2,"$50,000.00",0,0,Own,Domestic,"$15,100",26,No,Yes,Disc,12,Yes,17,Yes,Yes,Yes,Yes,Yes,Yes,No,0,18,$40.40,$137.60,$165.60,$555.28,$152.50,$670.56,$358.50,1
7635-ZQYRQN-MJV,1,Male,41,13,6,Sales,No,Married,6,"$146,000.00",4,1,Own,Foreign,"$45,600",16,Yes,Yes,Visa,16,No,13,No,No,No,No,No,No,No,0,41,$23.40,$207.80,$0.00,$0.00,$0.00,$0.00,$23.40,0
7637-SQZKBF-R5X,1,Female,70,11,23,Labor,Yes,Unmarried,1,"$42,000.00",1,0,Own,Foreign,"$9,800",26,No,Yes,Othe,38,No,15,No,No,No,No,No,No,Yes,0,71,$63.20,$894.04,$0.00,$0.00,$0.00,$0.00,$63.20,0
7640-WGNPOL-XKA,4,Female,24,16,2,Agriculture,No,Married,4,"$58,000.00",0,1,Own,Foreign,"$13,300",22,No,No,Mast,4,Yes,17,Yes,Yes,Yes,Yes,Yes,Yes,No,0,5,$15.20,$14.52,$186.60,$131.52,$188.00,$153.06,$389.80,1
7642-UNIECR-0LW,1,Female,30,15,1,Sales,No,Unmarried,2,"$36,000.00",7,1,Own,Foreign,"$9,800",36,Yes,No,Visa,4,No,20,No,No,No,No,No,No,No,0,19,$23.80,$96.84,$0.00,$0.00,$0.00,$0.00,$23.80,0
7644-GUTBHT-RJH,1,Female,42,9,15,Service,No,Married,3,"$104,000.00",0,1,Own,Foreign,"$30,800",20,No,Yes,Mast,23,No,20,No,No,No,No,No,Yes,Yes,1,51,$32.60,$349.04,$0.00,$0.00,$0.00,$0.00,$32.60,0
7645-GQETHD-W2Y,1,Female,60,18,10,Service,Yes,Married,5,"$18,000.00",4,1,Lease,Foreign,"$3,700",22,Yes,No,Mast,27,No,0,Yes,Yes,Yes,Yes,No,Yes,Yes,0,57,$90.40,"$1,057.40",$168.20,"$1,848.24",$238.75,"$3,296.88",$497.35,1
7647-LDWLYP-AKG,5,Female,35,10,9,Crafts,No,Unmarried,1,"$68,000.00",5,1,Own,Foreign,"$16,300",14,Yes,No,Mast,6,No,18,No,Yes,No,Yes,Yes,No,No,0,27,$22.60,$123.48,$0.00,$0.00,$99.50,$646.26,$122.10,0
7648-KAUMVM-HEU,4,Male,42,15,2,Sales,No,Unmarried,1,"$130,000.00",2,1,Own,Foreign,"$38,500",22,No,No,AMEX,11,Yes,18,No,No,No,Yes,Yes,Yes,No,0,28,$33.80,$196.92,$0.00,$0.00,$0.00,$0.00,$33.80,0
7650-JRHPKQ-VI6,3,Female,21,16,0,Professional,No,Married,3,"$80,000.00",2,1,Own,Foreign,"$18,200",31,Yes,Yes,Othe,3,Yes,19,No,No,Yes,Yes,Yes,No,No,0,23,$19.00,$80.60,$0.00,$0.00,$0.00,$0.00,$19.00,0
7657-WSFUMM-L69,4,Male,35,18,2,Sales,No,Married,4,"$46,000.00",0,1,Own,Domestic,"$10,000",21,No,Yes,Visa,17,No,31,Yes,Yes,Yes,Yes,Yes,Yes,Yes,0,54,$93.00,$973.96,$267.20,"$2,806.80",$265.50,"$3,339.60",$625.70,1
7659-SLZWCO-IW8,2,Male,67,16,7,Professional,No,Married,2,"$78,000.00",0,1,Own,Domestic,"$19,500",25,No,No,Disc,33,No,20,No,No,No,No,No,No,Yes,0,70,$56.80,$834.68,$0.00,$0.00,$0.00,$0.00,$56.80,0
7666-WBLMFQ-66B,2,Male,62,14,24,Service,No,Married,2,"$111,000.00",10,1,Own,Foreign,"$55,100",29,No,No,Visa,40,No,26,No,No,No,Yes,Yes,No,Yes,0,72,$194.00,"$2,871.76",$0.00,$0.00,$0.00,$0.00,$194.00,0
7667-XPSSNP-TPD,5,Male,53,15,21,Service,No,Married,3,"$144,000.00",1,1,Own,Foreign,"$61,800",32,Yes,Yes,AMEX,22,Yes,23,No,No,No,No,Yes,No,Yes,0,58,$37.80,$398.68,$0.00,$0.00,$0.00,$0.00,$37.80,0
7669-EOWVYJ-DTK,1,Male,57,11,5,Professional,No,Unmarried,1,"$82,000.00",9,1,Own,Domestic,"$27,200",24,No,No,AMEX,7,No,29,No,No,No,No,No,No,Yes,0,16,$19.80,$84.04,$0.00,$0.00,$0.00,$0.00,$19.80,0
7670-PQQZMH-YSU,4,Male,30,17,6,Crafts,No,Married,5,"$109,000.00",0,1,Own,Foreign,"$52,000",32,Yes,No,AMEX,11,No,23,Yes,Yes,Yes,Yes,Yes,Yes,Yes,0,28,$30.00,$157.04,$253.40,"$1,376.16",$422.50,"$2,633.82",$705.90,1
7675-HUOAAV-4L0,3,Female,62,14,12,Professional,No,Unmarried,1,"$124,000.00",2,1,Own,Domestic,"$32,400",33,No,No,Visa,31,Yes,21,No,No,No,Yes,Yes,No,Yes,0,60,$90.20,"$1,136.04",$0.00,$0.00,$0.00,$0.00,$90.20,0
7677-IKPCXS-EFR,2,Male,60,14,6,Sales,No,Unmarried,1,"$68,000.00",0,0,NoCar,N/A,$0,30,Yes,Yes,Visa,6,Yes,19,No,Yes,Yes,Yes,Yes,No,Yes,0,14,$21.00,$68.16,$0.00,$0.00,$141.50,$447.66,$162.50,0
7678-OPFNNU-FLB,4,Female,71,15,26,Professional,No,Unmarried,1,"$112,000.00",1,1,NoCar,N/A,$0,21,No,No,Visa,31,No,12,Yes,No,No,Yes,No,No,Yes,0,64,$81.60,"$1,065.08",$113.60,"$1,503.72",$0.00,$0.00,$195.20,0
7678-SNASTP-1LD,2,Male,54,13,5,Sales,No,Unmarried,1,"$90,000.00",2,1,Own,Foreign,"$18,000",20,No,No,Visa,19,Yes,22,No,No,No,No,No,No,Yes,0,44,$38.20,$343.00,$0.00,$0.00,$0.00,$0.00,$38.20,0
7682-YJAJQX-74R,4,Male,22,12,0,Sales,No,Married,8,"$42,000.00",2,1,Own,Domestic,"$11,500",22,Yes,Yes,Visa,4,Yes,20,Yes,No,No,No,No,No,No,0,24,$46.40,$193.92,$120.40,$538.56,$0.00,$0.00,$166.80,0
7688-LVMBGX-9OG,4,Male,43,9,19,Labor,No,Unmarried,1,"$113,000.00",0,1,Own,Foreign,"$67,900",15,Yes,Yes,AMEX,15,Yes,26,No,No,No,No,Yes,No,No,0,30,$26.60,$143.76,$0.00,$0.00,$0.00,$0.00,$26.60,0
7689-PZGVSS-C8Q,5,Female,49,12,6,Sales,No,Unmarried,1,"$72,000.00",9,1,Own,Foreign,"$17,800",27,No,No,Visa,29,No,10,No,No,Yes,No,No,Yes,Yes,0,58,$89.80,"$1,036.00",$0.00,$0.00,$0.00,$0.00,$89.80,0
7689-TDZAHY-IJT,1,Male,72,13,39,Agriculture,Yes,Married,2,"$24,000.00",2,1,Lease,Foreign,"$6,700",27,No,Yes,Disc,40,No,24,No,No,No,No,No,No,Yes,0,72,$299.80,"$4,397.00",$0.00,$0.00,$0.00,$0.00,$299.80,1
7693-OEWKIV-VEO,4,Male,44,18,9,Professional,No,Married,3,"$142,000.00",2,1,Own,Domestic,"$27,400",25,Yes,Yes,Disc,26,No,17,No,Yes,Yes,No,Yes,No,Yes,0,56,$57.00,$589.24,$0.00,$0.00,$199.00,"$2,563.44",$256.00,0
7695-GBMUBY-I2U,5,Male,56,15,14,Service,No,Married,3,"$120,000.00",0,0,Lease,Domestic,"$31,600",32,No,Yes,Visa,39,No,23,No,No,No,No,No,Yes,Yes,0,72,$107.60,"$1,556.00",$0.00,$0.00,$0.00,$0.00,$107.60,0
7695-HAJHZY-KWS,2,Male,32,12,5,Professional,No,Married,4,"$68,000.00",5,1,Own,Foreign,"$20,700",26,Yes,No,AMEX,14,No,23,No,No,No,No,No,Yes,Yes,0,51,$58.40,$552.12,$0.00,$0.00,$0.00,$0.00,$58.40,0
7698-RZOTTO-EC9,2,Male,50,15,17,Crafts,No,Married,2,"$160,000.00",0,1,Own,Foreign,"$43,900",30,Yes,No,AMEX,23,No,20,No,No,No,No,No,No,Yes,1,58,$73.40,$829.28,$0.00,$0.00,$0.00,$0.00,$73.40,0
7700-IKRIUD-7M2,2,Female,24,11,3,Professional,No,Married,2,"$40,000.00",1,1,Lease,Foreign,"$11,800",28,Yes,No,Disc,6,Yes,22,No,No,No,No,No,No,Yes,0,61,$34.40,$404.56,$0.00,$0.00,$0.00,$0.00,$34.40,0
7706-BPFVEW-XE0,3,Male,30,11,6,Service,No,Unmarried,1,"$60,000.00",1,0,Own,Foreign,"$14,900",22,No,No,Visa,8,Yes,25,No,No,No,No,Yes,No,No,1,15,$24.60,$85.16,$0.00,$0.00,$0.00,$0.00,$24.60,0
7708-JKGOBB-U97,3,Male,67,13,36,Crafts,No,Unmarried,1,"$190,000.00",8,1,Own,Foreign,"$44,900",22,No,No,Visa,31,No,21,No,No,No,No,No,No,No,0,68,$97.20,"$1,313.08",$0.00,$0.00,$0.00,$0.00,$97.20,0
7709-ANYDPO-S7H,5,Male,78,8,30,Professional,Yes,Married,2,"$24,000.00",0,1,Lease,Domestic,"$5,100",41,No,No,Visa,38,Yes,24,No,No,No,No,No,No,Yes,1,72,$260.80,"$3,709.28",$0.00,$0.00,$0.00,$0.00,$260.80,0
7709-XCRQNL-QFL,5,Female,52,18,11,Sales,No,Unmarried,1,"$119,000.00",9,1,Own,Foreign,"$50,500",33,Yes,Yes,Disc,34,Yes,22,Yes,Yes,Yes,Yes,Yes,Yes,Yes,0,72,$136.00,"$1,971.48",$168.20,"$2,369.20",$245.00,"$4,101.60",$549.20,1
7711-OLTGIS-BYZ,2,Male,54,17,1,Sales,No,Married,2,"$72,000.00",9,1,Lease,Domestic,"$19,900",21,Yes,Yes,AMEX,10,No,15,Yes,Yes,Yes,Yes,Yes,Yes,No,0,29,$28.80,$204.36,$190.20,"$1,068.36",$230.00,"$1,595.10",$449.00,1
7712-CRYKYM-PWK,2,Female,78,9,13,Service,Yes,Unmarried,1,"$24,000.00",10,1,Lease,Foreign,"$5,200",32,No,Yes,Mast,20,Yes,19,No,No,No,Yes,Yes,No,Yes,0,52,$41.00,$405.92,$0.00,$0.00,$0.00,$0.00,$41.00,0
7712-VPSAMC-J97,2,Female,44,11,8,Service,No,Unmarried,2,"$70,000.00",0,1,Own,Domestic,"$15,600",20,No,No,AMEX,14,Yes,21,No,No,No,Yes,Yes,No,Yes,1,38,$29.60,$247.04,$0.00,$0.00,$0.00,$0.00,$29.60,0
7714-IEQKYN-V8X,4,Female,37,16,3,Sales,No,Married,2,"$92,000.00",13,1,NoCar,N/A,$0,27,No,Yes,Disc,19,Yes,19,No,No,No,Yes,No,No,Yes,0,61,$103.00,"$1,196.96",$0.00,$0.00,$0.00,$0.00,$103.00,0
7715-JQTDUG-FFX,1,Male,46,15,6,Sales,No,Unmarried,1,"$128,000.00",3,1,Own,Foreign,"$35,900",17,Yes,Yes,Visa,7,No,23,Yes,No,No,No,No,No,No,0,15,$27.40,$68.24,$100.80,$278.84,$0.00,$0.00,$128.20,0
7717-SXHYHC-GN8,2,Male,27,17,1,Professional,No,Married,2,"$102,000.00",1,1,Own,Domestic,"$24,900",31,No,No,Visa,6,Yes,23,No,Yes,No,Yes,Yes,No,No,0,11,$25.60,$64.56,$0.00,$0.00,$103.50,$234.42,$129.10,0
7720-YNWDAG-BCS,1,Male,41,19,6,Professional,No,Unmarried,1,"$273,000.00",2,1,Own,Foreign,"$83,600",21,Yes,Yes,Disc,11,Yes,29,No,Yes,No,Yes,Yes,No,Yes,1,35,$26.40,$194.24,$0.00,$0.00,$144.75,"$1,150.14",$171.15,0
7723-BIVPPL-65P,5,Female,35,20,4,Labor,No,Married,5,"$82,000.00",4,1,Own,Foreign,"$13,700",40,No,No,Disc,18,Yes,14,Yes,Yes,Yes,Yes,Yes,Yes,Yes,0,55,$33.20,$352.52,$201.60,"$2,150.84",$263.00,"$3,390.96",$497.80,1
7723-DKUCJS-J2W,3,Female,28,19,3,Agriculture,No,Married,7,"$122,000.00",3,1,Own,Foreign,"$30,000",31,No,Yes,AMEX,9,Yes,19,Yes,No,No,No,No,Yes,Yes,0,13,$23.60,$66.64,$131.60,$338.80,$0.00,$0.00,$155.20,0
7723-RVLIHB-URK,1,Male,65,10,11,Sales,Yes,Married,2,"$62,000.00",2,0,Lease,Domestic,"$19,000",34,No,No,Disc,36,No,26,No,No,No,Yes,Yes,No,Yes,0,65,$93.20,"$1,215.04",$0.00,$0.00,$0.00,$0.00,$93.20,0
7724-HHDWBZ-JJB,2,Female,51,13,23,Labor,No,Unmarried,1,"$173,000.00",0,1,Own,Domestic,"$87,400",30,No,No,Disc,17,No,15,No,No,No,No,Yes,No,Yes,1,55,$54.00,$600.52,$0.00,$0.00,$0.00,$0.00,$54.00,0
7725-HFREYZ-NN2,2,Female,20,15,0,Sales,No,Unmarried,1,"$52,000.00",1,1,Own,Domestic,"$12,100",17,Yes,No,Disc,2,No,27,Yes,Yes,Yes,Yes,No,Yes,No,1,8,$14.20,$15.56,$125.40,$172.72,$166.00,$317.10,$305.60,1
7726-ENYBND-9P5,4,Female,35,14,4,Professional,No,Unmarried,1,"$68,000.00",3,1,Own,Foreign,"$17,800",38,Yes,No,Mast,7,Yes,22,Yes,No,No,No,No,Yes,Yes,0,9,$20.80,$34.12,$87.20,$124.64,$0.00,$0.00,$108.00,0
7727-CBFLVV-MUW,2,Female,73,14,13,Sales,Yes,Married,2,"$28,000.00",6,0,Lease,Domestic,"$7,400",28,No,No,AMEX,19,No,22,No,No,No,Yes,No,No,No,0,50,$40.20,$411.44,$0.00,$0.00,$0.00,$0.00,$40.20,0
7731-TDRNOT-PZX,2,Male,23,15,0,Professional,No,Married,5,"$128,000.00",0,1,Own,Domestic,"$25,300",22,No,No,Visa,5,No,15,No,No,No,Yes,Yes,No,No,0,8,$32.40,$61.72,$0.00,$0.00,$0.00,$0.00,$32.40,0
7734-RQNCWZ-HKY,4,Male,60,8,29,Agriculture,No,Married,2,"$106,000.00",1,1,Own,Domestic,"$29,700",32,Yes,Yes,Mast,26,No,20,No,Yes,Yes,Yes,Yes,No,Yes,0,59,$86.80,"$1,004.64",$0.00,$0.00,$203.25,"$2,899.56",$290.05,1
7735-TJYXEW-BG0,5,Female,22,12,0,Professional,No,Married,4,"$42,000.00",0,1,Own,Domestic,"$12,500",24,No,Yes,Visa,2,Yes,18,No,No,No,No,No,No,No,1,3,$11.00,$6.16,$0.00,$0.00,$0.00,$0.00,$11.00,0
7749-WOTQQB-KSG,4,Female,54,12,11,Sales,No,Unmarried,1,"$116,000.00",0,1,Own,Domestic,"$27,200",24,No,No,Disc,4,No,25,No,No,No,No,No,No,No,0,17,$31.60,$98.12,$0.00,$0.00,$0.00,$0.00,$31.60,0
7751-YUBERY-3UE,4,Male,37,18,1,Sales,No,Unmarried,1,"$96,000.00",4,0,Own,Foreign,"$22,800",25,No,Yes,Disc,3,No,22,No,No,Yes,No,No,Yes,No,0,9,$9.80,$13.72,$0.00,$0.00,$0.00,$0.00,$9.80,0
7754-EMTCYS-M1X,1,Female,75,20,10,Professional,No,Unmarried,1,"$136,000.00",0,0,Own,Domestic,"$37,000",23,No,Yes,Disc,14,No,15,Yes,Yes,Yes,No,No,Yes,No,0,21,$44.20,$155.20,$139.00,$614.64,$150.25,$728.58,$333.45,1
7757-MHGZVN-WAK,3,Male,51,18,14,Agriculture,No,Married,5,"$151,000.00",6,1,Own,Foreign,"$71,700",29,Yes,Yes,Visa,25,Yes,29,No,No,No,Yes,Yes,No,Yes,1,49,$35.80,$349.56,$0.00,$0.00,$0.00,$0.00,$35.80,0
7758-VYSIUX-GBM,2,Female,59,13,6,Sales,No,Unmarried,1,"$52,000.00",8,1,Own,Domestic,"$14,000",22,No,No,Visa,15,No,18,Yes,No,Yes,No,Yes,No,Yes,0,33,$32.00,$221.48,$100.20,$632.84,$0.00,$0.00,$132.20,0
7760-ONDKKV-RTH,4,Male,69,17,15,Professional,Yes,Married,2,"$32,000.00",0,0,Lease,Foreign,"$7,600",16,Yes,No,AMEX,30,No,20,Yes,Yes,Yes,Yes,Yes,Yes,Yes,0,67,$88.60,"$1,169.24",$212.20,"$2,813.72",$327.25,"$5,133.84",$628.05,1
7762-WUBJBR-97R,4,Female,27,20,1,Labor,No,Married,5,"$124,000.00",5,1,Own,Foreign,"$40,900",22,No,No,Visa,9,No,22,Yes,Yes,Yes,No,No,Yes,Yes,1,29,$25.80,$160.48,$163.40,$922.24,$229.00,"$1,578.96",$418.20,1
7765-EPLSBP-3Y8,1,Male,63,18,19,Professional,No,Married,2,"$182,000.00",3,0,Own,Domestic,"$61,000",19,Yes,Yes,AMEX,35,No,13,Yes,Yes,Yes,Yes,No,Yes,No,0,64,$141.60,"$1,861.56",$219.80,"$2,784.84",$239.00,"$3,529.38",$600.40,1
7765-YLXIJG-P8K,4,Female,40,11,3,Sales,No,Unmarried,1,"$72,000.00",2,0,Own,Domestic,"$20,000",35,No,No,Disc,4,Yes,20,Yes,No,No,No,No,No,No,0,17,$13.20,$36.64,$81.60,$266.76,$0.00,$0.00,$94.80,0
7768-UEEPLX-WRF,4,Male,23,15,2,Labor,No,Unmarried,1,"$36,000.00",0,1,Own,Foreign,"$7,900",23,Yes,Yes,Mast,5,No,16,Yes,Yes,Yes,Yes,Yes,Yes,Yes,0,66,$75.00,$994.00,$265.60,"$3,348.20",$393.50,"$6,141.36",$734.10,1
7772-UISXUF-OP9,5,Male,26,14,3,Service,No,Married,5,"$32,000.00",0,1,Own,Foreign,"$4,200",25,No,No,Disc,8,Yes,18,Yes,No,No,No,No,No,No,0,41,$28.20,$216.24,$122.00,$971.56,$0.00,$0.00,$150.20,0
7774-GNFZTN-SJR,5,Male,67,9,16,Professional,Yes,Unmarried,1,"$40,000.00",7,1,Lease,Domestic,"$12,500",25,No,Yes,Mast,31,Yes,16,No,No,No,No,Yes,No,Yes,0,60,$92.20,"$1,084.96",$0.00,$0.00,$0.00,$0.00,$92.20,0
7778-DNOBGG-D5L,4,Female,55,11,6,Sales,No,Married,2,"$86,000.00",1,0,Own,Foreign,"$28,000",24,No,No,AMEX,12,No,19,No,No,No,No,No,No,No,0,37,$38.20,$291.52,$0.00,$0.00,$0.00,$0.00,$38.20,0
7781-CDOKMV-OE3,5,Female,57,16,11,Professional,No,Unmarried,1,"$144,000.00",2,1,Own,Domestic,"$34,400",23,Yes,Yes,Disc,35,No,19,Yes,Yes,Yes,Yes,Yes,No,Yes,0,69,$194.80,"$2,657.32",$197.80,"$2,632.12",$183.50,"$2,996.64",$576.10,1
7782-XUTHGA-WLW,4,Male,72,13,22,Service,Yes,Unmarried,1,"$28,000.00",0,0,Lease,Foreign,"$4,900",35,No,Yes,Visa,18,Yes,22,No,No,No,No,No,No,Yes,0,45,$62.20,$517.60,$0.00,$0.00,$0.00,$0.00,$62.20,0
7792-SNDSZU-QQ2,4,Female,33,10,9,Labor,No,Unmarried,1,"$46,000.00",1,1,Own,Foreign,"$8,600",23,No,No,Visa,6,Yes,23,No,No,No,No,No,No,No,1,10,$25.00,$56.68,$0.00,$0.00,$0.00,$0.00,$25.00,0
7798-IUVKYF-HKM,4,Male,57,13,6,Sales,No,Unmarried,1,"$90,000.00",4,0,Own,Domestic,"$23,400",46,Yes,Yes,Mast,12,No,16,No,No,No,No,No,No,No,0,26,$39.80,$198.72,$0.00,$0.00,$0.00,$0.00,$39.80,0
7801-KYODKI-XH7,2,Male,26,16,3,Labor,No,Married,5,"$58,000.00",2,1,Own,Foreign,"$14,900",20,No,Yes,Mast,5,Yes,17,No,No,No,Yes,Yes,No,No,0,19,$21.40,$73.20,$0.00,$0.00,$0.00,$0.00,$21.40,0
7803-BRQTCG-6NW,5,Male,19,14,0,Crafts,No,Unmarried,1,"$40,000.00",2,0,Own,Domestic,"$10,800",33,No,Yes,Visa,1,Yes,15,Yes,Yes,Yes,Yes,Yes,No,No,1,9,$15.20,$30.56,$158.60,$212.84,$197.25,$377.76,$371.05,1
7804-LNTQAT-8AG,2,Male,52,12,6,Professional,No,Unmarried,2,"$76,000.00",0,0,Own,Domestic,"$18,200",15,No,No,Visa,6,Yes,28,No,Yes,Yes,Yes,Yes,No,No,0,18,$24.20,$90.96,$0.00,$0.00,$143.25,$531.78,$167.45,0
7805-VEIMHX-TSR,4,Male,26,18,0,Sales,No,Unmarried,1,"$72,000.00",1,0,Own,Domestic,"$24,900",25,Yes,Yes,Disc,8,No,21,No,No,No,No,No,No,No,0,19,$37.20,$138.00,$0.00,$0.00,$0.00,$0.00,$37.20,0
7808-TFDGYC-QDN,2,Female,19,14,0,Crafts,No,Unmarried,1,"$40,000.00",0,0,Own,Foreign,"$8,100",22,No,Yes,Visa,1,Yes,24,No,No,No,No,No,No,No,0,17,$13.80,$49.12,$0.00,$0.00,$0.00,$0.00,$13.80,0
7810-JPMYAE-3RK,4,Female,26,17,0,Sales,No,Married,6,"$38,000.00",1,1,Own,Domestic,"$7,400",25,No,No,Visa,8,Yes,16,Yes,Yes,Yes,Yes,No,Yes,No,0,49,$30.00,$291.64,$163.40,"$1,555.52",$213.50,"$2,493.12",$406.90,1
7811-JKWPRY-7EP,2,Female,56,15,5,Sales,No,Married,4,"$114,000.00",8,1,Own,Domestic,"$22,200",27,No,No,Mast,15,No,23,No,No,No,No,No,No,Yes,0,45,$33.40,$310.00,$0.00,$0.00,$0.00,$0.00,$33.40,0
7814-CHEXRD-J9D,3,Female,57,12,29,Agriculture,No,Married,4,"$176,000.00",8,0,Own,Domestic,"$33,000",18,No,Yes,Mast,37,Yes,20,No,No,No,No,No,No,Yes,0,68,$127.60,"$1,757.52",$0.00,$0.00,$0.00,$0.00,$127.60,0
7814-WBTNAB-AVE,5,Male,24,9,4,Professional,No,Unmarried,1,"$50,000.00",0,0,Own,Domestic,"$9,400",41,No,No,AMEX,5,No,20,No,No,No,No,No,No,No,1,5,$36.60,$39.08,$0.00,$0.00,$0.00,$0.00,$36.60,0
7819-MKFQJY-7WQ,1,Female,69,14,25,Professional,No,Married,4,"$105,000.00",12,0,Own,Domestic,"$71,800",23,No,Yes,Disc,34,No,19,Yes,No,No,No,No,Yes,Yes,0,67,$171.20,"$2,375.48",$181.00,"$2,464.64",$0.00,$0.00,$352.20,1
7820-COTUJZ-Z9E,3,Female,34,12,7,Professional,No,Unmarried,2,"$82,000.00",2,1,NoCar,N/A,$0,45,No,Yes,Disc,8,Yes,20,No,Yes,Yes,Yes,Yes,Yes,No,1,20,$18.20,$85.44,$0.00,$0.00,$140.25,$651.66,$158.45,0
7820-OFHGFW-M5X,3,Male,53,11,13,Professional,No,Married,2,"$104,000.00",1,1,Own,Foreign,"$29,900",17,No,Yes,Mast,35,Yes,20,No,No,No,Yes,No,No,Yes,0,69,$108.40,"$1,453.96",$0.00,$0.00,$0.00,$0.00,$108.40,0
7820-PLZGTY-X1X,5,Male,55,20,10,Professional,No,Married,3,"$208,000.00",1,1,Own,Foreign,"$77,900",33,No,Yes,Disc,13,No,14,Yes,No,No,No,No,Yes,Yes,0,19,$35.20,$132.20,$118.40,$416.88,$0.00,$0.00,$153.60,0
7820-USVNPG-2E4,1,Male,68,13,14,Professional,No,Unmarried,1,"$176,000.00",0,0,NoCar,N/A,$0,27,No,No,Mast,16,No,32,No,No,No,No,No,No,No,0,21,$24.20,$96.48,$0.00,$0.00,$0.00,$0.00,$24.20,0
7824-CUQZCR-J8J,2,Male,29,9,7,Crafts,No,Unmarried,2,"$40,000.00",0,0,NoCar,N/A,$0,18,Yes,Yes,Mast,8,Yes,21,No,No,No,No,No,No,No,0,22,$23.60,$104.32,$0.00,$0.00,$0.00,$0.00,$23.60,0
7827-HPIBMK-T13,3,Male,77,10,29,Crafts,Yes,Married,2,"$18,000.00",2,0,Lease,Foreign,"$4,800",37,Yes,No,Disc,30,No,19,No,No,No,No,No,No,Yes,0,67,$57.00,$736.24,$0.00,$0.00,$0.00,$0.00,$57.00,0
7830-QYEALP-GO4,1,Female,31,18,5,Crafts,No,Unmarried,1,"$58,000.00",1,1,Lease,Foreign,"$14,400",24,Yes,Yes,Mast,14,Yes,22,No,No,No,No,No,Yes,No,0,19,$14.80,$56.88,$0.00,$0.00,$0.00,$0.00,$14.80,0
7831-EXTRYH-24F,4,Female,44,18,17,Service,No,Married,7,"$68,000.00",5,1,Own,Foreign,"$15,600",12,Yes,Yes,Visa,26,No,20,No,No,Yes,No,Yes,No,Yes,0,60,$44.00,$579.04,$0.00,$0.00,$0.00,$0.00,$44.00,0
7833-BKSOZR-8NC,4,Male,26,15,0,Sales,No,Unmarried,3,"$74,000.00",5,1,Own,Domestic,"$20,600",28,Yes,Yes,Disc,8,No,16,No,No,No,No,Yes,No,Yes,1,67,$56.80,$752.52,$0.00,$0.00,$0.00,$0.00,$56.80,0
7834-WAHXLL-K53,3,Male,66,17,5,Sales,No,Married,2,"$132,000.00",0,1,Own,Domestic,"$40,200",36,Yes,No,Mast,16,No,19,No,Yes,Yes,Yes,Yes,Yes,No,1,48,$28.40,$284.24,$0.00,$0.00,$256.00,"$2,936.04",$284.40,1
7838-FCLJLX-587,4,Female,41,11,3,Sales,No,Unmarried,1,"$62,000.00",7,1,Own,Foreign,"$9,500",30,No,Yes,Mast,3,Yes,21,No,Yes,Yes,Yes,Yes,No,No,0,11,$7.60,$15.72,$0.00,$0.00,$147.00,$349.74,$154.60,0
7839-FMEUUD-1UE,4,Male,40,15,10,Agriculture,No,Married,2,"$58,000.00",6,0,NoCar,N/A,$0,20,No,Yes,AMEX,22,No,27,No,No,No,No,No,No,Yes,0,61,$45.60,$488.96,$0.00,$0.00,$0.00,$0.00,$45.60,0
7839-MRTWJM-9KX,1,Female,62,19,7,Sales,No,Married,2,"$60,000.00",7,1,Own,Domestic,"$11,400",26,No,No,Disc,22,No,15,No,Yes,Yes,Yes,Yes,Yes,No,0,47,$59.20,$573.40,$0.00,$0.00,$286.25,"$3,252.06",$345.45,1
7842-IOOPJQ-LS8,3,Male,26,20,0,Sales,No,Unmarried,1,"$82,000.00",0,1,Own,Domestic,"$24,000",23,No,Yes,Mast,1,No,24,Yes,Yes,Yes,Yes,Yes,Yes,No,0,1,$6.80,$1.36,$168.20,$33.64,$191.00,$45.84,$366.00,1
7843-BGIVYS-A4G,5,Male,64,15,10,Sales,No,Married,2,"$120,000.00",5,0,Own,Domestic,"$29,000",30,No,No,AMEX,6,Yes,20,No,No,No,No,No,No,No,0,11,$22.20,$45.64,$0.00,$0.00,$0.00,$0.00,$22.20,0
7843-FWHVGC-QYE,1,Male,73,15,3,Sales,No,Married,2,"$66,000.00",0,1,Own,Domestic,"$17,500",16,No,No,AMEX,39,No,20,No,No,No,Yes,Yes,No,Yes,0,72,$118.40,"$1,670.96",$0.00,$0.00,$0.00,$0.00,$118.40,0
7843-HDBPSJ-HW8,4,Female,51,16,7,Sales,No,Unmarried,1,"$120,000.00",3,0,Own,Foreign,"$27,900",31,No,No,Mast,18,Yes,12,No,No,Yes,Yes,No,No,No,0,34,$21.20,$150.44,$0.00,$0.00,$0.00,$0.00,$21.20,0
7844-UWFOPS-U1S,3,Male,43,16,17,Labor,No,Married,2,"$184,000.00",0,1,Own,Foreign,"$59,900",23,Yes,Yes,Mast,9,Yes,20,No,No,No,No,No,Yes,No,0,18,$41.00,$134.88,$0.00,$0.00,$0.00,$0.00,$41.00,0
7852-XHVHXE-S8D,3,Male,32,12,2,Sales,No,Unmarried,1,"$86,000.00",0,0,Own,Foreign,"$19,700",25,Yes,No,Visa,2,Yes,24,No,No,No,Yes,Yes,No,No,0,2,$9.20,$2.40,$0.00,$0.00,$0.00,$0.00,$9.20,0
7855-WHDGPJ-P7I,4,Male,35,19,1,Sales,No,Unmarried,1,"$86,000.00",8,1,NoCar,N/A,$0,29,Yes,Yes,Visa,9,No,20,Yes,Yes,No,No,No,Yes,No,0,22,$61.00,$245.12,$132.60,$594.92,$150.25,$747.72,$343.85,1
7856-WYNHPK-95W,4,Female,58,11,10,Professional,No,Unmarried,1,"$84,000.00",5,0,Own,Domestic,"$18,000",30,Yes,No,Mast,7,No,21,No,No,Yes,Yes,Yes,No,Yes,0,19,$16.40,$71.48,$0.00,$0.00,$0.00,$0.00,$16.40,0
7857-TIOMCH-S6E,3,Male,29,18,1,Professional,No,Unmarried,1,"$68,000.00",1,1,Own,Domestic,"$16,800",26,No,No,Visa,9,Yes,14,Yes,Yes,Yes,Yes,Yes,No,Yes,0,23,$35.80,$156.48,$168.00,$719.24,$236.75,"$1,232.34",$440.55,1
7858-HZMYYL-SX0,5,Male,43,8,4,Sales,No,Unmarried,1,"$56,000.00",1,0,Own,Foreign,"$13,700",35,No,No,Mast,7,No,21,No,No,No,Yes,No,No,No,0,20,$24.20,$86.24,$0.00,$0.00,$0.00,$0.00,$24.20,0
7860-CUKYPE-ZLS,2,Male,40,14,11,Service,No,Unmarried,1,"$72,000.00",10,1,Own,Domestic,"$19,000",21,No,Yes,Visa,23,No,26,Yes,Yes,No,No,No,Yes,Yes,0,43,$43.20,$372.52,$155.20,"$1,272.32",$154.50,"$1,561.92",$352.90,1
7863-FCFGEF-Y3F,5,Female,46,17,17,Labor,No,Unmarried,2,"$161,000.00",2,1,Own,Domestic,"$83,300",29,No,No,Visa,5,No,15,Yes,Yes,Yes,Yes,Yes,Yes,No,0,11,$12.80,$31.16,$173.00,$298.88,$126.25,$283.20,$312.05,1
7863-MUCPLT-8PF,5,Female,32,14,3,Sales,No,Unmarried,4,"$60,000.00",3,1,Own,Domestic,"$12,600",24,No,No,Visa,5,Yes,14,Yes,Yes,No,No,Yes,Yes,No,1,23,$23.60,$103.88,$147.20,$642.28,$112.50,$637.08,$283.30,1
7865-BNVTDE-9BH,2,Female,73,10,10,Sales,Yes,Married,2,"$28,000.00",5,1,Own,Foreign,"$6,600",22,No,Yes,Othe,39,No,21,No,No,No,Yes,Yes,No,Yes,0,72,$182.40,"$2,579.72",$0.00,$0.00,$0.00,$0.00,$182.40,0
7865-YMUXWR-V8Y,1,Female,20,15,0,Sales,No,Married,6,"$28,000.00",3,0,Own,Domestic,"$4,800",24,No,No,Disc,2,Yes,16,Yes,Yes,Yes,Yes,Yes,Yes,Yes,0,27,$13.60,$71.56,$143.80,$773.56,$157.25,$897.60,$314.65,1
7867-AAQREG-Y59,2,Female,59,15,11,Professional,No,Unmarried,1,"$160,000.00",5,0,Own,Domestic,"$77,500",30,No,Yes,Mast,17,Yes,16,No,No,No,Yes,Yes,No,Yes,0,46,$50.00,$434.04,$0.00,$0.00,$0.00,$0.00,$50.00,0
7867-PBJCJK-0PN,1,Female,68,10,31,Labor,Yes,Unmarried,1,"$18,000.00",0,0,Lease,Domestic,"$4,200",20,Yes,No,Visa,10,No,0,No,No,No,No,Yes,No,No,0,26,$48.60,$247.08,$0.00,$0.00,$0.00,$0.00,$48.60,0
7868-DWLPFD-4N4,1,Female,55,17,15,Crafts,No,Unmarried,1,"$108,000.00",5,1,Own,Domestic,"$29,200",24,No,Yes,Disc,33,No,21,No,No,No,No,No,Yes,Yes,1,68,$66.80,$985.20,$0.00,$0.00,$0.00,$0.00,$66.80,0
7870-JCNOTH-I06,1,Male,29,11,8,Crafts,No,Unmarried,3,"$44,000.00",2,1,Own,Foreign,"$12,400",30,Yes,No,Mast,11,No,18,No,No,No,No,No,No,No,0,32,$39.60,$303.12,$0.00,$0.00,$0.00,$0.00,$39.60,0
7870-PJERKW-E1C,2,Male,64,18,21,Labor,Yes,Married,4,"$20,000.00",0,1,Lease,Domestic,"$5,900",29,No,No,Visa,33,No,17,No,No,No,No,No,No,Yes,0,57,$46.80,$478.28,$0.00,$0.00,$0.00,$0.00,$46.80,0
7870-VOETWJ-7XW,1,Female,43,20,14,Agriculture,No,Married,2,"$134,000.00",5,1,Own,Domestic,"$67,600",24,Yes,Yes,AMEX,10,No,28,No,Yes,No,Yes,Yes,Yes,No,0,15,$16.80,$31.92,$0.00,$0.00,$137.25,$488.28,$154.05,0
7878-OANAFE-X5M,4,Female,24,12,0,Sales,No,Unmarried,3,"$48,000.00",0,0,Own,Foreign,"$11,700",31,No,No,Visa,4,No,17,No,No,No,No,No,No,No,1,15,$16.20,$40.84,$0.00,$0.00,$0.00,$0.00,$16.20,0
7879-MKRCPN-PS1,5,Female,25,13,2,Service,No,Married,4,"$32,000.00",0,1,Lease,Domestic,"$9,000",28,No,Yes,Disc,7,No,21,No,No,No,No,No,No,Yes,0,33,$11.80,$74.92,$0.00,$0.00,$0.00,$0.00,$11.80,0
7883-KRMORW-X94,1,Male,26,13,1,Sales,No,Unmarried,1,"$36,000.00",1,0,Own,Foreign,"$7,900",22,Yes,Yes,Visa,1,No,18,Yes,No,No,No,No,No,No,0,1,$5.00,$1.00,$68.40,$13.68,$0.00,$0.00,$73.40,0
7883-YMBVQI-EGT,2,Male,19,14,0,Professional,No,Married,4,"$36,000.00",12,1,Own,Domestic,"$8,900",29,No,No,AMEX,1,Yes,12,No,No,No,Yes,Yes,No,No,0,2,$14.80,$3.80,$0.00,$0.00,$0.00,$0.00,$14.80,0
7890-FRRBIX-P09,1,Female,77,10,8,Sales,No,Unmarried,1,"$42,000.00",3,1,Lease,Foreign,"$10,000",25,No,No,Visa,8,No,24,No,No,No,No,No,No,No,1,20,$20.80,$84.84,$0.00,$0.00,$0.00,$0.00,$20.80,0
7890-VEWOXD-P4P,1,Male,56,10,23,Labor,No,Married,2,"$118,000.00",2,1,Lease,Domestic,"$25,900",21,No,Yes,Visa,27,No,15,No,No,No,Yes,Yes,No,No,0,52,$43.60,$429.52,$0.00,$0.00,$0.00,$0.00,$43.60,0
7891-UDFJZG-X7O,1,Female,47,16,14,Service,No,Married,2,"$122,000.00",4,1,Own,Domestic,"$71,500",22,No,No,Disc,15,No,29,Yes,No,Yes,Yes,Yes,No,Yes,0,46,$32.80,$286.60,$149.20,"$1,383.92",$0.00,$0.00,$182.00,0
7892-UAXSLE-01B,4,Female,53,17,5,Sales,No,Married,3,"$132,000.00",1,1,NoCar,N/A,$0,21,Yes,Yes,Mast,23,No,15,Yes,Yes,Yes,No,Yes,Yes,No,0,38,$77.40,$617.52,$139.00,"$1,075.64",$182.75,"$1,671.60",$399.15,1
7894-IUDVPG-NCY,4,Male,61,9,27,Labor,Yes,Unmarried,1,"$22,000.00",5,1,Lease,Foreign,"$5,300",25,Yes,Yes,Mast,35,No,25,No,No,No,No,No,No,Yes,0,69,$151.40,"$2,114.76",$0.00,$0.00,$0.00,$0.00,$151.40,0
7896-BSXTXK-N3B,5,Male,62,10,19,Service,No,Married,3,"$84,000.00",5,1,Own,Domestic,"$22,900",29,Yes,No,Mast,29,No,29,No,No,No,No,No,No,No,1,61,$58.80,$664.16,$0.00,$0.00,$0.00,$0.00,$58.80,0
7896-KFFAVT-76W,4,Male,79,13,32,Crafts,Yes,Unmarried,1,"$24,000.00",8,0,Own,Domestic,"$7,000",27,Yes,No,AMEX,35,No,24,No,No,No,No,No,No,Yes,0,68,$82.20,"$1,128.68",$0.00,$0.00,$0.00,$0.00,$82.20,0
7896-NRGKAL-CX3,3,Female,79,10,34,Labor,Yes,Married,2,"$18,000.00",7,1,Lease,Domestic,"$4,700",21,No,No,Othe,40,No,25,No,No,No,Yes,Yes,No,Yes,1,72,$150.20,"$2,163.76",$0.00,$0.00,$0.00,$0.00,$150.20,0
7896-NZEYTJ-OFW,3,Female,33,11,5,Professional,No,Married,2,"$32,000.00",3,0,Lease,Domestic,"$7,700",24,No,No,Visa,15,Yes,29,No,No,No,No,No,No,No,0,48,$47.20,$451.84,$0.00,$0.00,$0.00,$0.00,$47.20,0
7896-TBMUIU-3MX,1,Female,54,13,19,Service,No,Unmarried,2,"$109,000.00",5,1,Own,Foreign,"$56,500",32,No,Yes,AMEX,34,Yes,19,Yes,No,No,No,No,No,No,0,67,$87.00,"$1,259.76",$105.40,"$1,378.28",$0.00,$0.00,$192.40,0
7898-VVDOKL-C9F,2,Female,42,15,6,Sales,No,Married,5,"$76,000.00",0,1,Own,Domestic,"$17,300",23,Yes,Yes,Mast,16,Yes,18,No,No,No,Yes,Yes,No,Yes,0,45,$27.60,$254.80,$0.00,$0.00,$0.00,$0.00,$27.60,0
7904-IFWZKG-GXM,4,Male,51,21,3,Sales,No,Married,5,"$218,000.00",8,1,Own,Domestic,"$86,200",31,Yes,Yes,Disc,13,No,25,Yes,Yes,Yes,Yes,Yes,Yes,No,0,14,$17.60,$43.96,$217.60,$536.32,$304.25,$942.78,$539.45,1
7905-WKQYSX-260,2,Female,26,14,1,Sales,No,Married,3,"$40,000.00",8,1,Lease,Foreign,"$9,200",23,Yes,Yes,AMEX,1,No,19,Yes,Yes,Yes,Yes,No,Yes,No,0,2,$9.20,$2.08,$216.00,$44.68,$222.00,$64.08,$447.20,1
7905-XHHBUD-Z8U,2,Male,33,11,6,Professional,No,Unmarried,4,"$66,000.00",8,0,NoCar,N/A,$0,29,No,Yes,Mast,10,Yes,15,No,No,No,No,No,No,No,0,33,$33.60,$232.24,$0.00,$0.00,$0.00,$0.00,$33.60,0
7907-CDNSOC-34F,2,Male,75,6,35,Labor,Yes,Unmarried,1,"$32,000.00",0,0,Own,Foreign,"$5,800",32,Yes,Yes,Mast,30,No,18,No,No,No,Yes,No,No,Yes,0,64,$92.00,"$1,158.60",$0.00,$0.00,$0.00,$0.00,$92.00,0
7908-BDWIWI-QTI,5,Female,66,10,6,Professional,Yes,Married,2,"$26,000.00",0,0,Lease,Foreign,"$5,700",30,Yes,Yes,Disc,28,No,20,No,No,No,Yes,No,No,Yes,1,61,$63.80,$803.28,$0.00,$0.00,$0.00,$0.00,$63.80,0
7908-CWREYX-J0E,2,Male,46,10,21,Labor,No,Unmarried,1,"$136,000.00",0,1,Own,Domestic,"$32,700",28,No,Yes,Disc,27,No,22,No,No,No,Yes,Yes,No,No,0,58,$47.80,$487.04,$0.00,$0.00,$0.00,$0.00,$47.80,0
7910-NXGSVR-ADO,5,Male,32,12,2,Sales,No,Unmarried,3,"$42,000.00",7,1,Own,Foreign,"$11,400",38,No,No,Disc,14,No,21,No,No,No,No,No,No,No,0,59,$44.80,$483.36,$0.00,$0.00,$0.00,$0.00,$44.80,0
7910-TEZCWO-7AN,1,Male,25,16,1,Professional,No,Married,3,"$62,000.00",1,1,Lease,Foreign,"$13,500",25,No,No,Disc,3,No,17,No,No,No,Yes,Yes,No,Yes,0,9,$16.40,$28.84,$0.00,$0.00,$0.00,$0.00,$16.40,0
7913-CFJRLH-AX8,2,Male,33,11,4,Professional,No,Unmarried,1,"$60,000.00",3,0,Own,Foreign,"$16,400",25,Yes,Yes,Othe,7,Yes,22,No,No,No,No,No,No,Yes,1,20,$22.80,$82.48,$0.00,$0.00,$0.00,$0.00,$22.80,0
7915-XTMPOV-KMN,1,Female,48,18,5,Sales,No,Married,5,"$92,000.00",0,1,Own,Domestic,"$22,000",20,No,Yes,Visa,6,No,29,No,No,No,Yes,Yes,Yes,No,0,18,$25.80,$96.64,$0.00,$0.00,$0.00,$0.00,$25.80,0
7920-JTYUYJ-YYP,2,Female,73,12,20,Professional,Yes,Married,2,"$52,000.00",5,1,Own,Domestic,"$14,000",22,No,No,Disc,38,No,18,Yes,No,No,No,No,Yes,Yes,0,71,$64.80,$931.20,$142.80,"$1,907.84",$0.00,$0.00,$207.60,0
7922-BXFWLZ-42B,4,Male,29,17,1,Professional,No,Unmarried,1,"$64,000.00",3,0,NoCar,N/A,$0,37,No,Yes,Visa,11,Yes,18,Yes,Yes,Yes,No,No,Yes,Yes,0,41,$50.80,$417.12,$131.80,$988.16,$118.00,"$1,225.56",$300.60,1
7928-HOQJOR-7LX,5,Male,37,9,8,Professional,No,Married,4,"$102,000.00",1,1,Own,Domestic,"$30,200",23,No,No,AMEX,19,Yes,15,No,No,No,No,Yes,No,No,0,45,$30.80,$240.88,$0.00,$0.00,$0.00,$0.00,$30.80,0
7929-CNACHO-4TI,1,Female,49,11,23,Crafts,No,Unmarried,1,"$102,000.00",8,1,Own,Foreign,"$17,500",17,No,Yes,Mast,17,Yes,21,No,No,No,Yes,Yes,No,Yes,0,45,$21.00,$207.16,$0.00,$0.00,$0.00,$0.00,$21.00,0
7930-RHVBUB-KIL,2,Male,32,11,7,Professional,No,Married,4,"$74,000.00",1,1,Own,Foreign,"$16,300",22,No,Yes,Mast,14,No,26,No,Yes,Yes,Yes,Yes,No,Yes,0,58,$48.80,$647.56,$0.00,$0.00,$131.00,"$1,789.20",$179.80,0
7931-BWZGEY-YCU,1,Male,53,11,18,Service,No,Unmarried,1,"$106,000.00",6,0,Own,Domestic,"$25,400",13,No,Yes,Disc,34,No,18,No,No,No,No,No,No,Yes,0,69,$111.80,"$1,581.20",$0.00,$0.00,$0.00,$0.00,$111.80,0
7932-GMZJZV-P12,1,Female,53,14,23,Labor,No,Unmarried,1,"$128,000.00",9,1,Own,Domestic,"$34,800",21,No,Yes,Othe,13,No,22,No,No,No,No,No,No,Yes,0,31,$15.80,$105.72,$0.00,$0.00,$0.00,$0.00,$15.80,0
7934-ZBLADZ-OQR,5,Male,41,15,15,Crafts,No,Married,5,"$114,000.00",4,1,Lease,Domestic,"$38,100",29,No,Yes,Mast,16,Yes,24,No,No,No,Yes,Yes,No,No,0,41,$33.80,$291.36,$0.00,$0.00,$0.00,$0.00,$33.80,0
7936-IYDYFQ-G9K,2,Female,61,13,29,Agriculture,Yes,Married,2,"$58,000.00",0,1,Lease,Domestic,"$15,500",29,No,No,Mast,39,No,14,No,No,No,No,Yes,No,Yes,0,72,$102.00,"$1,378.48",$0.00,$0.00,$0.00,$0.00,$102.00,0
7936-SDSWCJ-GJA,4,Male,46,10,4,Sales,No,Married,4,"$50,000.00",4,1,Own,Foreign,"$11,500",27,No,No,Mast,21,No,17,No,No,No,No,No,No,Yes,0,57,$43.00,$453.04,$0.00,$0.00,$0.00,$0.00,$43.00,0
7937-BKWGKO-3WB,4,Female,20,14,0,Sales,No,Unmarried,4,"$86,000.00",7,1,Own,Foreign,"$23,500",35,No,No,Mast,2,No,9,No,No,No,No,No,No,No,0,16,$19.40,$65.72,$0.00,$0.00,$0.00,$0.00,$19.40,0
7938-IMWPXX-676,3,Male,74,14,1,Sales,Yes,Unmarried,1,"$18,000.00",1,0,Own,Domestic,"$4,600",22,Yes,No,AMEX,16,No,0,No,No,No,No,No,No,Yes,1,27,$27.80,$141.72,$0.00,$0.00,$0.00,$0.00,$27.80,0
7939-ERYSUF-ZB5,5,Female,51,14,18,Labor,No,Married,4,"$148,000.00",2,1,Own,Domestic,"$43,700",33,No,No,Mast,18,Yes,18,No,No,No,No,No,No,Yes,0,36,$67.60,$521.88,$0.00,$0.00,$0.00,$0.00,$67.60,0
7940-UVUDPX-QP3,2,Female,31,15,3,Professional,No,Unmarried,1,"$62,000.00",0,1,Own,Foreign,"$17,500",25,Yes,Yes,Disc,8,Yes,20,Yes,No,No,No,No,No,No,0,8,$15.00,$21.20,$114.00,$183.68,$0.00,$0.00,$129.00,0
7941-KOWOLC-7SZ,2,Male,76,10,11,Sales,Yes,Unmarried,1,"$24,000.00",4,0,Lease,Domestic,"$6,000",19,No,No,Mast,26,Yes,28,No,No,No,No,Yes,No,No,1,57,$24.20,$244.32,$0.00,$0.00,$0.00,$0.00,$24.20,0
7947-EPKTEL-1MC,4,Male,40,10,19,Agriculture,No,Married,6,"$86,000.00",2,1,Own,Foreign,"$29,400",20,No,No,Disc,22,Yes,22,Yes,No,No,Yes,No,No,Yes,0,70,$168.80,"$2,387.64",$181.60,"$2,439.88",$0.00,$0.00,$350.40,1
7949-VXATWD-7FV,1,Male,24,14,2,Agriculture,No,Unmarried,2,"$70,000.00",3,0,NoCar,N/A,$0,22,No,Yes,Disc,2,Yes,16,No,Yes,Yes,Yes,Yes,No,No,0,4,$11.60,$6.24,$0.00,$0.00,$98.00,$82.08,$109.60,0
7951-FEZLEW-P7K,4,Female,30,14,1,Professional,No,Married,5,"$116,000.00",6,1,Own,Domestic,"$28,700",21,No,No,AMEX,6,No,20,No,No,Yes,Yes,No,No,No,0,20,$24.40,$113.00,$0.00,$0.00,$0.00,$0.00,$24.40,0
7952-KDRTJS-54B,4,Male,60,7,9,Sales,No,Married,2,"$56,000.00",1,0,Own,Domestic,"$13,500",24,Yes,No,Othe,36,No,23,Yes,No,No,No,No,No,Yes,0,68,$79.40,"$1,123.40",$100.60,"$1,278.56",$0.00,$0.00,$180.00,0
7952-SQHAIJ-J6T,1,Female,19,14,0,Crafts,No,Unmarried,1,"$42,000.00",0,0,Own,Domestic,"$9,900",24,No,Yes,Visa,1,No,21,No,No,No,No,No,No,No,0,8,$22.40,$26.48,$0.00,$0.00,$0.00,$0.00,$22.40,0
7954-GRFGYD-96L,3,Male,20,15,0,Professional,No,Unmarried,4,"$66,000.00",0,1,Own,Domestic,"$18,400",25,Yes,Yes,Visa,1,Yes,0,No,No,Yes,Yes,No,No,No,0,1,$10.40,$2.08,$0.00,$0.00,$0.00,$0.00,$10.40,0
7954-KMZKXR-UHH,3,Female,52,12,14,Service,No,Married,3,"$162,000.00",4,1,Own,Domestic,"$39,100",24,No,Yes,Mast,34,No,18,No,No,No,Yes,No,No,Yes,0,72,$199.20,"$2,861.08",$0.00,$0.00,$0.00,$0.00,$199.20,0
7957-KEZMAH-KUL,3,Male,56,16,10,Service,No,Married,5,"$94,000.00",1,1,Own,Foreign,"$29,100",28,No,Yes,Disc,21,No,15,No,No,No,Yes,Yes,No,Yes,0,41,$34.60,$278.68,$0.00,$0.00,$0.00,$0.00,$34.60,0
7957-PIKVMU-GZK,5,Female,78,15,4,Professional,No,Unmarried,1,"$76,000.00",3,0,Lease,Domestic,"$22,400",25,No,No,Mast,40,Yes,20,No,No,No,No,No,No,Yes,1,72,$312.00,"$4,495.40",$0.00,$0.00,$0.00,$0.00,$312.00,1
7959-NKQIFR-RRO,3,Male,27,12,1,Sales,No,Married,3,"$42,000.00",0,1,Own,Foreign,"$9,400",18,Yes,No,Mast,9,No,29,No,No,No,No,No,No,No,1,50,$38.20,$386.08,$0.00,$0.00,$0.00,$0.00,$38.20,0
7962-MQXUZL-867,4,Female,42,12,5,Sales,No,Unmarried,3,"$117,000.00",5,1,Own,Foreign,"$40,900",23,Yes,Yes,Othe,7,Yes,29,No,Yes,Yes,Yes,Yes,Yes,No,0,17,$29.00,$77.88,$0.00,$0.00,$147.75,$527.16,$176.75,0
7964-PLQSST-U0V,2,Female,36,15,2,Sales,No,Unmarried,1,"$64,000.00",0,1,Own,Domestic,"$16,300",36,No,Yes,Visa,10,Yes,25,No,No,No,No,No,Yes,No,0,21,$34.80,$158.28,$0.00,$0.00,$0.00,$0.00,$34.80,0
7968-YDYADQ-JZV,2,Male,23,15,1,Professional,No,Unmarried,1,"$56,000.00",9,1,Lease,Domestic,"$16,900",30,Yes,No,Mast,2,Yes,14,Yes,No,Yes,Yes,Yes,No,No,0,3,$13.60,$7.72,$125.60,$32.40,$0.00,$0.00,$139.20,0
7971-YHMWIH-PAT,3,Male,42,11,7,Labor,No,Married,4,"$92,000.00",2,1,Own,Domestic,"$24,000",30,Yes,Yes,AMEX,24,Yes,25,Yes,Yes,Yes,Yes,No,Yes,Yes,0,61,$113.40,"$1,351.36",$183.00,"$2,155.40",$288.50,"$4,313.34",$584.90,1
7973-GHORKA-MFC,4,Female,79,9,34,Labor,Yes,Unmarried,1,"$36,000.00",2,1,Lease,Domestic,"$11,600",27,Yes,Yes,Mast,13,Yes,18,No,No,No,Yes,Yes,No,No,0,52,$54.40,$561.68,$0.00,$0.00,$0.00,$0.00,$54.40,0
7974-YSUMFT-CXO,5,Male,63,19,24,Crafts,Yes,Unmarried,1,"$136,000.00",7,1,Own,Foreign,"$32,300",33,Yes,Yes,Disc,28,Yes,21,Yes,Yes,Yes,Yes,Yes,Yes,Yes,0,61,$60.80,$693.68,$134.40,"$1,604.52",$234.00,"$3,370.74",$429.20,1
7977-ERTGQW-LL3,4,Male,39,15,7,Crafts,No,Married,3,"$66,000.00",0,0,Own,Domestic,"$18,300",27,Yes,Yes,Mast,8,Yes,23,No,No,No,No,No,Yes,No,0,25,$18.40,$97.12,$0.00,$0.00,$0.00,$0.00,$18.40,0
7978-MUVABQ-NSZ,3,Female,60,11,9,Sales,No,Unmarried,1,"$78,000.00",4,0,Own,Domestic,"$16,700",19,Yes,No,Mast,15,Yes,26,No,No,No,No,No,No,No,0,37,$31.60,$216.04,$0.00,$0.00,$0.00,$0.00,$31.60,0
7981-ZGZQNR-WLL,3,Male,30,18,0,Professional,No,Married,4,"$60,000.00",5,1,Own,Foreign,"$15,400",17,No,No,Disc,8,No,26,No,No,Yes,No,No,No,No,0,19,$18.40,$70.64,$0.00,$0.00,$0.00,$0.00,$18.40,0
7983-HKLXGL-UZO,3,Female,66,13,25,Professional,No,Unmarried,1,"$167,000.00",9,1,Own,Foreign,"$65,200",28,Yes,Yes,Visa,22,Yes,24,No,No,No,Yes,No,No,Yes,0,55,$65.00,$703.04,$0.00,$0.00,$0.00,$0.00,$65.00,0
7988-NOJBBA-PW6,2,Female,19,14,0,Professional,No,Married,5,"$48,000.00",0,1,Own,Domestic,"$12,900",28,No,No,AMEX,1,Yes,25,No,No,Yes,Yes,Yes,Yes,No,0,2,$9.20,$5.28,$0.00,$0.00,$0.00,$0.00,$9.20,0
7991-ZUYIPT-RFE,1,Male,22,17,0,Sales,No,Unmarried,1,"$66,000.00",0,1,Own,Domestic,"$19,700",24,No,No,Disc,4,Yes,25,No,No,No,No,No,Yes,Yes,0,13,$16.20,$36.80,$0.00,$0.00,$0.00,$0.00,$16.20,0
7993-ZWHZFC-IOV,2,Female,28,10,3,Sales,No,Unmarried,1,"$80,000.00",2,1,Own,Domestic,"$18,800",17,Yes,Yes,Othe,2,No,23,No,No,No,No,No,No,No,0,4,$9.00,$15.20,$0.00,$0.00,$0.00,$0.00,$9.00,0
7994-NNQEKJ-QCG,2,Male,46,19,3,Sales,No,Unmarried,1,"$140,000.00",4,0,Own,Foreign,"$16,800",22,No,No,Visa,2,Yes,17,Yes,No,No,No,No,Yes,No,0,4,$10.20,$4.28,$99.20,$50.20,$0.00,$0.00,$109.40,0
7995-ANQBMM-GQB,3,Male,45,18,5,Professional,No,Unmarried,1,"$184,000.00",7,0,Own,Foreign,"$40,300",27,No,No,AMEX,9,Yes,18,No,No,Yes,Yes,Yes,No,No,0,15,$7.20,$25.04,$0.00,$0.00,$0.00,$0.00,$7.20,0
8001-YBLPIW-AI5,5,Female,51,15,2,Sales,No,Unmarried,1,"$118,000.00",9,1,Own,Foreign,"$40,700",25,No,Yes,Mast,23,No,22,Yes,Yes,Yes,Yes,Yes,Yes,Yes,0,48,$66.60,$655.00,$177.60,"$1,674.60",$265.00,"$2,964.78",$509.20,1
8002-PCVKPT-6RU,1,Female,50,14,16,Labor,No,Married,4,"$113,000.00",4,0,Own,Foreign,"$58,800",27,No,Yes,Visa,19,Yes,18,Yes,Yes,Yes,Yes,Yes,Yes,No,0,28,$42.60,$211.08,$169.80,$975.36,$185.50,"$1,169.40",$397.90,1
8005-GCRAEK-7S8,1,Male,18,13,0,Sales,No,Unmarried,1,"$26,000.00",0,1,Own,Foreign,"$5,400",21,Yes,No,AMEX,0,Yes,27,No,Yes,Yes,Yes,Yes,No,Yes,1,9,$32.40,$42.00,$0.00,$0.00,$125.25,$262.20,$157.65,0
8005-LGEHLH-CXK,2,Female,73,10,20,Professional,Yes,Married,2,"$32,000.00",8,0,Own,Domestic,"$8,700",26,Yes,No,Visa,39,No,25,No,No,Yes,Yes,Yes,No,Yes,0,70,$70.80,"$1,108.84",$0.00,$0.00,$0.00,$0.00,$70.80,0
8006-BSCFTL-M67,5,Male,59,9,15,Crafts,No,Unmarried,1,"$76,000.00",2,0,Own,Foreign,"$21,700",25,Yes,No,Visa,6,No,15,No,No,No,No,No,No,No,1,21,$33.40,$134.76,$0.00,$0.00,$0.00,$0.00,$33.40,0
8009-ALGRDH-LFA,3,Male,51,14,11,Service,No,Married,4,"$132,000.00",4,0,Own,Domestic,"$36,600",26,No,Yes,AMEX,9,Yes,26,No,No,No,Yes,No,Yes,No,0,15,$15.80,$63.44,$0.00,$0.00,$0.00,$0.00,$15.80,0
8009-NIZABN-CAI,2,Female,43,17,13,Labor,No,Unmarried,1,"$108,000.00",9,1,NoCar,N/A,$0,30,Yes,Yes,Disc,17,No,24,No,No,No,No,No,No,No,1,41,$37.80,$292.76,$0.00,$0.00,$0.00,$0.00,$37.80,0
8011-IQJATY-42A,5,Male,20,12,0,Sales,No,Unmarried,2,"$26,000.00",3,1,Own,Domestic,"$7,800",34,Yes,No,Disc,2,Yes,26,No,No,No,Yes,Yes,No,Yes,0,27,$20.00,$105.28,$0.00,$0.00,$0.00,$0.00,$20.00,0
8013-UVWBWL-O01,1,Female,49,16,11,Professional,No,Unmarried,1,"$88,000.00",6,0,Own,Domestic,"$24,000",29,No,No,Visa,3,No,20,No,No,No,Yes,Yes,No,No,0,7,$29.40,$40.76,$0.00,$0.00,$0.00,$0.00,$29.40,0
8019-ZBQUWM-AIR,5,Female,57,15,21,Service,No,Married,4,"$224,000.00",1,1,Own,Foreign,"$87,100",12,No,Yes,Disc,5,No,19,Yes,No,No,Yes,Yes,No,Yes,1,11,$20.20,$44.72,$143.80,$262.84,$0.00,$0.00,$164.00,0
8020-AQGZRD-10V,5,Female,34,16,3,Sales,No,Unmarried,1,"$116,000.00",4,1,Lease,Domestic,"$35,000",25,Yes,Yes,Visa,3,No,13,Yes,No,No,No,No,Yes,No,0,3,$8.20,$10.00,$107.40,$44.92,$0.00,$0.00,$115.60,0
8022-LOLBNA-45T,5,Male,35,12,12,Labor,No,Married,4,"$112,000.00",4,0,Own,Domestic,"$50,100",24,Yes,Yes,AMEX,3,No,20,No,No,No,No,No,No,No,0,3,$9.60,$6.08,$0.00,$0.00,$0.00,$0.00,$9.60,0
8026-CYWMJI-1O2,5,Female,71,15,2,Sales,No,Unmarried,1,"$98,000.00",0,1,Own,Domestic,"$29,600",19,Yes,Yes,Disc,30,Yes,22,No,No,No,Yes,Yes,No,Yes,0,66,$74.40,$932.32,$0.00,$0.00,$0.00,$0.00,$74.40,0
8027-EXDZBF-OGR,3,Female,41,10,20,Crafts,No,Married,2,"$154,000.00",9,1,Own,Domestic,"$49,300",32,Yes,Yes,Mast,16,Yes,19,No,No,No,No,No,No,No,1,25,$32.20,$157.80,$0.00,$0.00,$0.00,$0.00,$32.20,0
8027-POZEAY-DVO,5,Male,40,20,3,Sales,No,Unmarried,1,"$92,000.00",6,1,Own,Foreign,"$24,000",25,Yes,Yes,Mast,10,No,23,No,Yes,Yes,Yes,Yes,No,Yes,1,25,$59.80,$296.76,$0.00,$0.00,$149.00,$848.76,$208.80,0
8028-XWQEYK-KQQ,5,Male,70,20,28,Crafts,Yes,Married,2,"$24,000.00",0,1,NoCar,N/A,$0,27,No,Yes,AMEX,33,No,15,No,Yes,Yes,Yes,Yes,No,Yes,0,69,$42.80,$666.48,$0.00,$0.00,$207.00,"$3,329.46",$249.80,0
8031-GAIWVT-U3I,4,Male,23,18,0,Professional,No,Unmarried,1,"$158,000.00",2,1,Own,Foreign,"$42,800",21,No,No,Visa,5,Yes,23,No,No,No,Yes,No,Yes,No,1,9,$14.00,$30.36,$0.00,$0.00,$0.00,$0.00,$14.00,0
8031-OKFJSG-BPK,1,Male,36,15,2,Sales,No,Unmarried,1,"$56,000.00",2,0,Own,Domestic,"$13,700",24,No,No,Visa,12,No,14,No,No,Yes,Yes,Yes,No,No,0,26,$27.60,$121.52,$0.00,$0.00,$0.00,$0.00,$27.60,0
8035-AAOARQ-CHX,2,Male,66,20,20,Labor,Yes,Unmarried,2,"$18,000.00",1,0,Lease,Foreign,"$4,200",23,No,No,Mast,25,Yes,0,No,No,No,No,No,No,Yes,1,51,$53.20,$543.40,$0.00,$0.00,$0.00,$0.00,$53.20,0
8036-YWCZIP-OOA,2,Female,24,18,0,Service,No,Unmarried,1,"$46,000.00",13,1,Own,Domestic,"$12,000",28,No,No,AMEX,7,Yes,17,Yes,No,No,No,No,Yes,Yes,1,14,$16.80,$65.24,$131.40,$345.48,$0.00,$0.00,$148.20,0
8037-RESCOY-VJF,3,Female,34,11,2,Sales,No,Unmarried,2,"$42,000.00",2,0,Own,Domestic,"$11,300",26,No,No,Mast,16,No,20,Yes,No,No,No,No,No,Yes,1,63,$102.00,"$1,222.68",$109.60,"$1,382.08",$0.00,$0.00,$211.60,0
8038-AWHKFE-7E5,5,Male,64,14,31,Service,No,Unmarried,1,"$106,000.00",0,1,Own,Foreign,"$49,200",26,No,No,Disc,37,Yes,31,No,No,No,No,Yes,No,Yes,0,68,$221.60,"$2,939.36",$0.00,$0.00,$0.00,$0.00,$221.60,0
8046-SGRUMI-FTE,2,Male,65,11,33,Agriculture,Yes,Unmarried,1,"$72,000.00",1,0,Own,Domestic,"$16,200",32,No,Yes,Disc,28,No,13,No,No,No,No,No,No,Yes,1,63,$51.00,$618.04,$0.00,$0.00,$0.00,$0.00,$51.00,0
8046-XNHBTO-HVJ,2,Female,43,21,2,Sales,No,Married,2,"$138,000.00",2,1,Lease,Foreign,"$30,500",30,No,No,Disc,25,Yes,23,Yes,Yes,Yes,Yes,No,Yes,Yes,0,53,$63.80,$718.08,$216.00,"$2,216.56",$223.75,"$2,798.52",$503.55,1
8051-FTKJQV-NM8,1,Female,69,21,3,Sales,Yes,Married,2,"$28,000.00",0,1,Own,Domestic,"$7,100",24,No,No,Disc,32,Yes,17,No,No,No,No,No,No,Yes,0,68,$82.00,"$1,115.96",$0.00,$0.00,$0.00,$0.00,$82.00,0
8056-NQNZGC-J01,4,Male,45,12,3,Sales,No,Married,4,"$100,000.00",10,0,Own,Domestic,"$28,200",35,Yes,Yes,Disc,5,Yes,21,No,No,No,No,No,No,Yes,1,7,$11.60,$18.20,$0.00,$0.00,$0.00,$0.00,$11.60,0
8056-XUMPFP-8TM,3,Male,63,18,17,Service,No,Unmarried,1,"$104,000.00",10,1,Own,Domestic,"$31,000",30,Yes,No,Visa,24,Yes,22,No,Yes,Yes,Yes,No,Yes,Yes,0,56,$37.00,$438.16,$0.00,$0.00,$273.25,"$3,616.56",$310.25,1
8057-EOYDEN-SAO,5,Male,31,8,4,Sales,No,Unmarried,2,"$46,000.00",1,1,NoCar,N/A,$0,25,No,Yes,Visa,13,Yes,23,No,No,No,Yes,No,No,Yes,1,32,$61.00,$392.52,$0.00,$0.00,$0.00,$0.00,$61.00,0
8057-OHVTWF-R2P,3,Male,59,14,15,Service,No,Married,2,"$153,000.00",0,1,Own,Domestic,"$49,000",16,Yes,Yes,Mast,5,No,21,No,No,No,Yes,Yes,No,No,1,24,$34.80,$173.20,$0.00,$0.00,$0.00,$0.00,$34.80,0
8057-OLFUBF-NJY,2,Female,31,14,1,Sales,No,Married,5,"$80,000.00",7,1,Own,Domestic,"$29,500",26,Yes,Yes,AMEX,6,Yes,15,No,No,No,Yes,Yes,No,Yes,0,24,$18.20,$92.60,$0.00,$0.00,$0.00,$0.00,$18.20,0
8061-KJKIBX-1TI,2,Female,78,16,27,Agriculture,Yes,Unmarried,1,"$52,000.00",1,1,Lease,Domestic,"$13,600",23,Yes,Yes,Visa,40,Yes,17,No,No,No,No,No,No,Yes,1,72,$194.40,"$2,848.84",$0.00,$0.00,$0.00,$0.00,$194.40,0
8061-OGRMYK-KZ8,3,Male,64,12,22,Professional,Yes,Married,2,"$38,000.00",0,0,Own,Foreign,"$8,700",28,No,Yes,Disc,23,Yes,20,No,No,No,Yes,Yes,No,Yes,0,53,$39.40,$430.24,$0.00,$0.00,$0.00,$0.00,$39.40,0
8063-SFPOTJ-5EN,4,Male,26,21,0,Professional,No,Unmarried,1,"$68,000.00",0,1,Own,Domestic,"$16,100",23,Yes,Yes,Disc,8,No,22,Yes,Yes,Yes,No,No,Yes,No,0,7,$16.80,$21.88,$124.60,$151.00,$171.50,$259.98,$312.90,1
8065-JTDURW-OCG,4,Female,74,17,22,Service,No,Unmarried,1,"$142,000.00",0,1,Own,Domestic,"$81,200",26,No,Yes,Disc,36,No,11,Yes,No,Yes,No,No,Yes,Yes,0,70,$215.40,"$3,128.36",$173.60,"$2,455.40",$0.00,$0.00,$389.00,1
8065-VTRXTT-CR6,5,Female,52,11,7,Professional,No,Unmarried,3,"$96,000.00",4,1,Own,Domestic,"$24,600",31,No,No,Visa,11,No,19,No,No,No,Yes,Yes,No,No,0,25,$63.20,$307.64,$0.00,$0.00,$0.00,$0.00,$63.20,0
8067-PDXXLW-P3B,2,Female,63,18,25,Labor,Yes,Married,2,"$42,000.00",15,1,NoCar,N/A,$0,21,Yes,Yes,AMEX,39,No,21,Yes,No,No,No,No,Yes,Yes,0,71,$154.40,"$2,131.88",$124.60,"$1,741.96",$0.00,$0.00,$279.00,1
8070-XEGTXL-LJH,1,Male,35,19,1,Sales,No,Unmarried,1,"$38,000.00",4,0,Own,Domestic,"$13,400",28,No,Yes,Visa,9,Yes,17,No,No,No,No,No,No,No,1,19,$25.40,$77.56,$0.00,$0.00,$0.00,$0.00,$25.40,0
8075-MGAOBZ-HQ2,3,Female,33,14,3,Sales,No,Unmarried,2,"$84,000.00",0,0,Own,Foreign,"$23,400",34,Yes,Yes,Mast,2,Yes,13,No,No,No,Yes,Yes,No,No,0,6,$21.60,$19.64,$0.00,$0.00,$0.00,$0.00,$21.60,0
8085-CCFBNB-75N,5,Male,26,15,2,Labor,No,Unmarried,1,"$56,000.00",0,1,Own,Foreign,"$10,000",35,No,Yes,AMEX,6,No,21,No,No,No,Yes,Yes,No,No,0,20,$66.60,$256.12,$0.00,$0.00,$0.00,$0.00,$66.60,0
8085-OABDDL-CQY,1,Male,36,17,7,Labor,No,Married,4,"$86,000.00",0,1,Own,Domestic,"$17,500",18,Yes,No,AMEX,18,No,18,Yes,No,No,No,No,No,Yes,1,64,$52.60,$665.80,$140.00,"$1,798.84",$0.00,$0.00,$192.60,0
8085-VDLDAZ-Z8F,5,Female,74,18,13,Professional,No,Married,2,"$158,000.00",11,0,Own,Domestic,"$34,800",31,Yes,Yes,AMEX,24,Yes,16,No,No,Yes,Yes,Yes,No,Yes,0,50,$61.00,$620.24,$0.00,$0.00,$0.00,$0.00,$61.00,0
8086-EYIICX-HYF,4,Male,26,14,5,Labor,No,Married,4,"$64,000.00",5,0,Own,Domestic,"$17,600",24,No,No,Disc,8,Yes,21,No,Yes,Yes,No,Yes,No,No,0,23,$27.20,$97.04,$0.00,$0.00,$105.25,$572.34,$132.45,0
8089-LRMYSL-V0D,1,Female,31,16,2,Sales,No,Unmarried,2,"$50,000.00",10,1,Own,Foreign,"$8,400",25,No,Yes,Visa,2,Yes,21,No,Yes,Yes,No,No,No,No,0,3,$11.40,$3.48,$0.00,$0.00,$93.75,$43.44,$105.15,0
8090-AJBTVR-93H,5,Female,38,18,0,Sales,No,Married,3,"$74,000.00",0,0,Own,Foreign,"$21,100",28,No,No,Disc,2,Yes,14,Yes,Yes,Yes,Yes,Yes,Yes,No,0,3,$9.00,$6.64,$182.60,$80.84,$177.25,$82.92,$368.85,1
8090-BKNAEV-UUS,3,Female,43,13,2,Sales,No,Married,7,"$100,000.00",0,0,Own,Foreign,"$19,100",24,Yes,No,Visa,14,Yes,19,Yes,Yes,No,Yes,Yes,Yes,No,0,33,$39.00,$282.12,$173.00,"$1,150.76",$110.75,$838.50,$322.75,1
8091-TRJLHZ-DA0,2,Male,37,20,1,Sales,No,Unmarried,1,"$58,000.00",2,1,Own,Foreign,"$18,500",25,Yes,Yes,Mast,13,No,10,Yes,No,No,No,No,Yes,No,0,33,$26.40,$166.28,$107.00,$677.40,$0.00,$0.00,$133.40,0
8092-HQOERF-AHP,3,Female,22,17,0,Professional,No,Unmarried,3,"$40,000.00",0,0,Lease,Domestic,"$9,800",18,Yes,Yes,Visa,4,Yes,24,No,Yes,No,Yes,Yes,Yes,No,0,23,$49.20,$203.48,$0.00,$0.00,$114.00,$553.98,$163.20,0
8092-VBWJVP-D4B,4,Female,18,11,0,Sales,No,Married,5,"$48,000.00",0,1,NoCar,N/A,$0,22,No,No,Visa,0,Yes,14,Yes,No,No,No,No,No,No,0,11,$31.20,$58.68,$84.40,$166.64,$0.00,$0.00,$115.60,0
8094-POMFKA-KPO,2,Female,36,15,5,Service,No,Unmarried,3,"$38,000.00",9,1,Lease,Foreign,"$8,700",31,No,Yes,AMEX,3,Yes,17,No,No,No,No,No,Yes,No,1,3,$8.40,$3.76,$0.00,$0.00,$0.00,$0.00,$8.40,0
8101-YOBRYX-REF,3,Female,57,15,8,Professional,No,Unmarried,1,"$164,000.00",0,1,Own,Foreign,"$53,200",18,No,No,Mast,9,Yes,12,No,Yes,Yes,Yes,No,No,No,0,18,$23.00,$86.36,$0.00,$0.00,$105.00,$422.04,$128.00,0
8102-BGUZAU-GRZ,2,Female,30,17,2,Professional,No,Married,2,"$54,000.00",10,1,Own,Foreign,"$17,100",32,No,Yes,AMEX,13,Yes,18,No,No,Yes,No,No,Yes,No,0,35,$58.00,$370.40,$0.00,$0.00,$0.00,$0.00,$58.00,0
8108-TVOBQR-T28,2,Male,47,19,6,Sales,No,Married,5,"$111,000.00",0,1,Own,Foreign,"$71,200",26,Yes,Yes,AMEX,20,Yes,24,Yes,Yes,Yes,No,Yes,Yes,No,0,37,$30.00,$247.12,$165.20,"$1,198.72",$179.25,"$1,486.32",$374.45,1
8109-MSHFRU-LDE,4,Female,18,12,0,Professional,No,Married,4,"$30,000.00",0,1,Own,Domestic,"$5,800",38,Yes,Yes,Othe,0,Yes,22,No,No,No,Yes,Yes,No,No,0,10,$22.00,$48.76,$0.00,$0.00,$0.00,$0.00,$22.00,0
8110-CARBLO-P83,1,Male,65,13,12,Sales,No,Unmarried,1,"$74,000.00",1,1,Own,Domestic,"$22,900",17,Yes,Yes,Othe,19,No,33,No,No,Yes,Yes,Yes,Yes,Yes,0,44,$30.00,$257.60,$0.00,$0.00,$0.00,$0.00,$30.00,0
8111-VIZIJE-RQJ,1,Male,60,14,14,Professional,Yes,Married,5,"$20,000.00",0,1,Lease,Domestic,"$3,100",25,No,Yes,AMEX,17,Yes,12,Yes,Yes,Yes,Yes,Yes,Yes,No,0,35,$61.20,$438.08,$187.60,"$1,260.08",$172.25,"$1,523.58",$421.05,1
8115-FDSICU-EKN,3,Male,38,14,1,Sales,No,Married,6,"$56,000.00",0,0,Lease,Domestic,"$13,200",24,Yes,No,Disc,3,Yes,22,Yes,No,Yes,No,No,No,No,0,5,$16.40,$17.92,$125.00,$83.88,$0.00,$0.00,$141.40,0
8117-CRCVST-PFT,4,Male,35,11,6,Sales,No,Unmarried,2,"$74,000.00",5,0,Lease,Foreign,"$13,300",30,No,No,Othe,17,Yes,27,No,No,No,No,No,No,No,0,45,$28.20,$264.56,$0.00,$0.00,$0.00,$0.00,$28.20,0
8119-LXVQIN-XGC,3,Female,25,15,2,Agriculture,No,Unmarried,2,"$44,000.00",6,0,Own,Domestic,"$10,400",30,No,Yes,Mast,7,Yes,17,No,No,No,No,No,No,No,1,35,$30.80,$199.60,$0.00,$0.00,$0.00,$0.00,$30.80,0
8121-NIPRAQ-Q9B,5,Male,24,11,2,Professional,No,Married,6,"$38,000.00",0,0,Lease,Domestic,"$9,100",26,No,No,Disc,3,No,17,No,No,No,No,No,No,No,0,7,$21.80,$17.52,$0.00,$0.00,$0.00,$0.00,$21.80,0
8124-GTCOFL-APB,3,Female,38,16,6,Professional,No,Unmarried,1,"$92,000.00",3,0,NoCar,N/A,$0,21,No,No,Visa,20,No,14,No,No,No,No,No,No,Yes,0,72,$217.60,"$3,110.60",$0.00,$0.00,$0.00,$0.00,$217.60,0
8126-XCYIGQ-7IY,3,Female,59,14,4,Sales,No,Married,2,"$108,000.00",1,1,Own,Domestic,"$22,600",28,No,Yes,Disc,10,No,10,No,No,No,No,No,No,No,0,13,$34.60,$72.04,$0.00,$0.00,$0.00,$0.00,$34.60,0
8126-ZZTAAG-KVJ,4,Male,45,7,11,Service,No,Unmarried,1,"$66,000.00",0,0,Own,Domestic,"$10,100",16,No,No,Othe,4,Yes,21,No,No,No,No,Yes,No,No,0,13,$12.80,$24.76,$0.00,$0.00,$0.00,$0.00,$12.80,0
8127-XWSRLA-YJH,1,Male,56,10,27,Agriculture,No,Married,4,"$157,000.00",1,1,Own,Foreign,"$58,600",24,Yes,No,Disc,21,Yes,25,No,No,No,No,No,No,Yes,0,46,$38.40,$324.16,$0.00,$0.00,$0.00,$0.00,$38.40,0
8129-OUMYHB-J7K,5,Male,32,12,3,Service,No,Married,3,"$30,000.00",0,1,Own,Foreign,"$10,900",31,No,Yes,Mast,14,Yes,22,No,No,No,Yes,Yes,No,Yes,0,36,$70.60,$514.76,$0.00,$0.00,$0.00,$0.00,$70.60,0
8133-AZJKWE-L8A,4,Male,75,19,2,Sales,Yes,Married,2,"$22,000.00",6,0,Lease,Domestic,"$3,300",22,No,Yes,Disc,30,No,19,Yes,No,Yes,No,No,Yes,Yes,0,61,$72.80,$853.16,$164.80,"$1,971.40",$0.00,$0.00,$237.60,0
8133-JPYKOC-BOA,1,Male,52,16,6,Professional,No,Unmarried,3,"$158,000.00",0,1,Own,Foreign,"$40,100",19,No,Yes,Visa,22,No,17,No,Yes,No,Yes,Yes,No,No,1,33,$26.20,$191.04,$0.00,$0.00,$172.50,"$1,239.24",$198.70,0
8138-BMCTXB-B2A,2,Female,37,13,11,Crafts,No,Unmarried,1,"$152,000.00",2,0,Own,Domestic,"$37,100",15,Yes,Yes,Disc,19,Yes,14,No,Yes,Yes,Yes,Yes,Yes,No,0,53,$78.80,$773.28,$0.00,$0.00,$213.00,"$2,799.24",$291.80,1
8138-NYSLTE-OQN,3,Female,51,12,7,Professional,No,Unmarried,3,"$84,000.00",0,0,Own,Domestic,"$19,700",19,Yes,No,Mast,10,No,20,No,No,No,Yes,No,No,Yes,1,24,$27.00,$124.00,$0.00,$0.00,$0.00,$0.00,$27.00,0
8139-CULKGH-ZS9,5,Male,56,18,4,Sales,No,Unmarried,2,"$48,000.00",7,0,Lease,Foreign,"$11,200",27,No,Yes,Visa,15,No,31,No,No,No,No,No,No,No,1,43,$24.40,$195.96,$0.00,$0.00,$0.00,$0.00,$24.40,0
8141-XPAPXY-MOV,2,Female,22,16,0,Sales,No,Married,5,"$48,000.00",2,1,Own,Domestic,"$13,400",33,No,Yes,Othe,4,Yes,14,No,No,No,No,No,Yes,No,0,53,$51.00,$497.96,$0.00,$0.00,$0.00,$0.00,$51.00,0
8144-PZCGOL-4NK,1,Male,66,15,14,Professional,No,Unmarried,1,"$142,000.00",2,1,Own,Foreign,"$41,600",21,Yes,No,Mast,31,No,11,No,No,No,Yes,Yes,Yes,No,0,56,$40.20,$440.08,$0.00,$0.00,$0.00,$0.00,$40.20,0
8145-ISREAD-O9U,5,Male,27,18,0,Sales,No,Married,7,"$66,000.00",7,1,Own,Domestic,"$14,000",27,Yes,Yes,AMEX,6,No,17,No,No,No,Yes,Yes,Yes,No,1,12,$20.20,$44.32,$0.00,$0.00,$0.00,$0.00,$20.20,0
8147-UHXWLY-E0E,1,Female,70,9,14,Sales,Yes,Unmarried,1,"$18,000.00",6,0,Lease,Domestic,"$4,100",26,No,No,AMEX,18,Yes,0,No,No,No,No,No,No,Yes,0,41,$47.80,$416.76,$0.00,$0.00,$0.00,$0.00,$47.80,0
8149-FKTYAV-L1R,3,Female,68,10,23,Crafts,No,Married,2,"$174,000.00",0,0,Lease,Foreign,"$58,100",18,Yes,Yes,Visa,36,No,17,No,No,No,Yes,Yes,No,Yes,1,66,$83.60,"$1,082.32",$0.00,$0.00,$0.00,$0.00,$83.60,0
8152-FELMGR-C69,2,Female,21,16,0,Sales,No,Married,6,"$46,000.00",5,0,Own,Foreign,"$9,000",24,No,No,Othe,3,Yes,18,Yes,No,No,No,No,Yes,Yes,0,32,$22.20,$186.84,$131.00,$815.36,$0.00,$0.00,$153.20,0
8152-VLJKWQ-IFQ,2,Male,31,9,3,Sales,No,Unmarried,2,"$44,000.00",7,1,Own,Foreign,"$15,100",21,No,Yes,Visa,13,No,20,No,No,Yes,Yes,Yes,No,Yes,0,58,$52.40,$563.56,$0.00,$0.00,$0.00,$0.00,$52.40,0
8155-YCUMMM-0EV,4,Male,74,16,15,Professional,No,Unmarried,3,"$106,000.00",0,1,Own,Domestic,"$46,000",17,No,No,AMEX,37,No,19,No,No,No,No,No,No,No,0,69,$114.40,"$1,629.64",$0.00,$0.00,$0.00,$0.00,$114.40,0
8157-GPGMVO-VJW,3,Male,65,13,15,Professional,Yes,Unmarried,1,"$36,000.00",5,0,Lease,Foreign,"$8,100",20,No,No,Disc,26,Yes,18,No,No,No,Yes,Yes,Yes,No,0,64,$46.00,$596.76,$0.00,$0.00,$0.00,$0.00,$46.00,0
8158-SMTQFB-CNO,2,Male,26,16,1,Sales,No,Married,4,"$46,000.00",0,0,Lease,Foreign,"$10,600",32,No,No,Disc,8,Yes,27,No,Yes,Yes,Yes,Yes,No,No,1,21,$12.20,$59.28,$0.00,$0.00,$95.25,$492.96,$107.45,0
8159-YTDDAE-ISG,4,Female,37,9,4,Sales,No,Unmarried,1,"$82,000.00",3,0,Own,Domestic,"$23,200",24,No,No,Mast,5,Yes,19,No,No,No,Yes,No,No,No,1,10,$16.20,$45.20,$0.00,$0.00,$0.00,$0.00,$16.20,0
8161-UIIOWG-KN0,3,Male,79,11,34,Labor,Yes,Unmarried,1,"$20,000.00",1,0,Lease,Domestic,"$6,200",18,No,No,AMEX,37,No,15,No,No,No,No,No,No,Yes,0,68,$85.00,"$1,147.12",$0.00,$0.00,$0.00,$0.00,$85.00,0
8162-CDAFWN-2KO,5,Male,59,15,26,Labor,No,Unmarried,1,"$137,000.00",9,1,Own,Domestic,"$59,500",27,No,Yes,AMEX,29,Yes,18,Yes,Yes,No,Yes,Yes,No,Yes,0,65,$54.40,$680.96,$154.40,"$1,976.44",$183.00,"$2,768.04",$391.80,1
8162-PHLLNH-12V,5,Female,68,15,31,Labor,No,Married,2,"$411,000.00",2,1,Own,Foreign,"$91,300",13,Yes,No,Visa,33,No,11,Yes,No,No,No,No,No,Yes,1,66,$160.40,"$2,090.52",$171.60,"$2,276.60",$0.00,$0.00,$332.00,1
8163-VZDYGX-PE1,3,Female,53,16,19,Labor,No,Unmarried,2,"$103,000.00",0,0,Own,Foreign,"$50,600",25,No,No,Disc,29,No,10,No,No,No,No,No,Yes,Yes,0,62,$78.00,$922.44,$0.00,$0.00,$0.00,$0.00,$78.00,0
8163-YIYWHC-E4Q,1,Female,29,22,0,Sales,No,Married,4,"$62,000.00",10,1,Own,Foreign,"$14,000",24,No,No,Disc,9,Yes,24,Yes,Yes,Yes,Yes,Yes,No,No,0,13,$59.60,$168.48,$165.60,$399.16,$171.50,$504.18,$396.70,1
8166-OXMEKG-ADM,1,Female,21,16,0,Professional,No,Unmarried,1,"$40,000.00",2,1,Lease,Foreign,"$8,300",30,No,No,Visa,3,Yes,20,No,No,No,No,No,No,Yes,0,16,$19.80,$51.60,$0.00,$0.00,$0.00,$0.00,$19.80,0
8166-QNZXOL-U7Z,2,Female,46,12,6,Professional,No,Unmarried,1,"$126,000.00",0,1,Own,Foreign,"$33,400",21,No,Yes,Othe,7,Yes,11,Yes,Yes,Yes,Yes,Yes,Yes,Yes,0,22,$23.20,$114.28,$171.40,$718.40,$174.50,$877.32,$369.10,1
8167-NCGHOE-896,2,Female,34,15,2,Sales,No,Married,3,"$98,000.00",2,1,Own,Domestic,"$28,200",27,No,No,Visa,7,No,20,No,No,Yes,Yes,No,No,Yes,0,17,$21.80,$73.92,$0.00,$0.00,$0.00,$0.00,$21.80,0
8170-YHWTSQ-825,5,Male,75,11,2,Sales,Yes,Unmarried,1,"$20,000.00",1,0,Own,Domestic,"$4,900",24,No,No,Disc,23,No,21,No,No,No,Yes,Yes,No,Yes,0,46,$79.20,$707.80,$0.00,$0.00,$0.00,$0.00,$79.20,0
8171-TBOJEM-5KE,2,Male,29,15,4,Service,No,Unmarried,1,"$54,000.00",0,1,Lease,Domestic,"$15,100",27,No,Yes,Disc,11,No,18,No,Yes,No,Yes,Yes,Yes,Yes,0,42,$49.00,$404.64,$0.00,$0.00,$200.25,"$2,030.70",$249.25,0
8175-UIPWJF-KD4,1,Male,41,20,12,Labor,No,Married,5,"$182,000.00",0,1,NoCar,N/A,$0,18,No,No,Disc,23,No,18,Yes,Yes,Yes,Yes,Yes,Yes,Yes,0,72,$66.60,"$1,002.00",$253.20,"$3,565.48",$492.75,"$8,362.80",$812.55,1
8176-RFURSX-GVJ,1,Female,28,11,7,Service,No,Married,2,"$54,000.00",0,1,Own,Foreign,"$10,600",28,No,Yes,Mast,10,Yes,23,No,Yes,Yes,Yes,Yes,No,Yes,0,39,$24.60,$194.56,$0.00,$0.00,$176.00,"$1,634.88",$200.60,0
8177-UWVWAI-D86,5,Male,28,18,0,Professional,No,Unmarried,4,"$112,000.00",6,0,Own,Domestic,"$27,400",24,No,No,Disc,3,No,21,Yes,Yes,Yes,Yes,No,Yes,No,0,6,$13.00,$24.56,$116.00,$142.68,$102.00,$105.42,$231.00,0
8180-JVQZIH-2FR,1,Male,38,15,2,Sales,No,Unmarried,1,"$130,000.00",6,0,Own,Domestic,"$37,300",25,Yes,Yes,Mast,7,No,26,Yes,No,No,No,No,Yes,No,0,21,$21.80,$94.32,$101.60,$368.56,$0.00,$0.00,$123.40,0
8181-CJGFTK-WMQ,3,Male,21,12,0,Sales,No,Unmarried,1,"$50,000.00",14,1,Own,Domestic,"$11,000",26,No,No,AMEX,3,Yes,25,No,No,No,No,No,No,No,0,9,$26.00,$56.32,$0.00,$0.00,$0.00,$0.00,$26.00,0
8182-OLKIOC-XUO,1,Male,34,18,6,Labor,No,Unmarried,1,"$98,000.00",0,0,Own,Domestic,"$33,200",26,No,No,Disc,9,Yes,11,Yes,Yes,Yes,Yes,Yes,Yes,No,0,31,$29.00,$161.92,$247.40,"$1,469.52",$324.25,"$2,341.32",$600.65,1
8183-NNLPMD-SWS,4,Female,63,18,17,Labor,Yes,Unmarried,2,"$72,000.00",6,0,Own,Domestic,"$20,000",22,No,Yes,AMEX,26,Yes,13,No,No,No,Yes,Yes,No,Yes,0,55,$53.60,$627.36,$0.00,$0.00,$0.00,$0.00,$53.60,0
8185-KPZXTS-TKF,3,Female,22,14,2,Agriculture,No,Married,3,"$50,000.00",3,0,Own,Domestic,"$12,100",22,Yes,Yes,Visa,5,No,23,No,No,No,No,No,No,No,0,6,$16.40,$20.32,$0.00,$0.00,$0.00,$0.00,$16.40,0
8186-AQAHQR-DXH,1,Male,67,13,13,Sales,Yes,Married,2,"$28,000.00",1,0,Lease,Domestic,"$6,300",20,No,No,Visa,13,No,26,Yes,No,No,Yes,No,No,Yes,0,41,$57.80,$521.44,$138.20,"$1,106.40",$0.00,$0.00,$196.00,0
8186-GXXCQK-0HO,1,Female,63,13,12,Sales,No,Unmarried,1,"$66,000.00",4,1,Own,Domestic,"$17,700",28,Yes,Yes,Visa,37,Yes,24,No,No,No,No,No,No,Yes,0,70,$127.00,"$1,790.04",$0.00,$0.00,$0.00,$0.00,$127.00,0
8188-QKPMHI-X11,5,Female,61,17,15,Sales,No,Unmarried,1,"$186,000.00",3,0,Own,Domestic,"$35,100",38,No,Yes,Disc,24,No,17,No,No,No,Yes,Yes,Yes,Yes,1,47,$76.80,$715.40,$0.00,$0.00,$0.00,$0.00,$76.80,0
8192-KGIWOD-9EL,5,Female,31,12,4,Labor,No,Married,5,"$44,000.00",14,1,Lease,Domestic,"$12,000",23,No,No,Visa,14,No,18,No,No,No,No,No,No,No,0,33,$70.20,$439.28,$0.00,$0.00,$0.00,$0.00,$70.20,0
8193-BKLGVR-4BH,1,Female,18,10,2,Agriculture,No,Married,5,"$30,000.00",0,1,Own,Domestic,"$6,300",19,No,Yes,Mast,0,Yes,19,No,No,No,No,Yes,No,Yes,0,8,$49.40,$66.52,$0.00,$0.00,$0.00,$0.00,$49.40,0
8193-NHRZCI-NDA,5,Male,18,13,0,Sales,No,Unmarried,2,"$32,000.00",1,0,Own,Foreign,"$7,300",22,No,Yes,Visa,0,No,16,No,No,No,No,No,No,No,0,3,$18.00,$7.72,$0.00,$0.00,$0.00,$0.00,$18.00,0
8198-IMYPAH-J2T,5,Female,37,16,2,Professional,No,Married,4,"$92,000.00",0,0,Own,Foreign,"$24,800",28,Yes,No,Mast,2,Yes,25,No,No,No,No,No,No,No,0,9,$18.80,$28.24,$0.00,$0.00,$0.00,$0.00,$18.80,0
8199-MEWOYU-VNN,3,Female,32,20,3,Service,No,Married,4,"$162,000.00",10,1,Own,Domestic,"$43,800",13,Yes,No,AMEX,8,No,18,Yes,Yes,Yes,Yes,Yes,Yes,No,0,16,$19.00,$79.64,$165.00,$481.80,$161.00,$564.66,$345.00,1
8199-MOWDXQ-I84,3,Female,58,18,26,Crafts,No,Unmarried,1,"$154,000.00",0,0,Own,Foreign,"$37,500",23,No,Yes,Visa,40,No,18,Yes,Yes,Yes,Yes,Yes,Yes,Yes,1,72,$86.00,"$1,169.80",$345.40,"$4,927.16",$672.25,"$11,821.38","$1,103.65",1
8199-UDDCJG-P7Y,4,Female,61,18,16,Crafts,No,Married,4,"$252,000.00",5,0,Own,Foreign,"$86,900",29,No,Yes,Disc,23,Yes,21,No,Yes,No,Yes,Yes,Yes,Yes,1,49,$49.80,$459.00,$0.00,$0.00,$203.00,"$2,221.62",$252.80,0
8201-AAESBF-GW3,1,Female,25,18,0,Sales,No,Unmarried,1,"$74,000.00",0,1,Own,Domestic,"$21,000",20,Yes,No,Disc,7,Yes,17,No,No,No,No,No,Yes,No,1,11,$15.20,$33.08,$0.00,$0.00,$0.00,$0.00,$15.20,0
8202-EKJFVH-DLL,2,Male,28,9,1,Sales,No,Married,5,"$36,000.00",0,1,Own,Foreign,"$11,800",22,No,No,AMEX,10,Yes,16,No,No,No,No,No,Yes,Yes,1,32,$24.80,$184.12,$0.00,$0.00,$0.00,$0.00,$24.80,0
8211-UVJYND-MHJ,2,Male,74,14,13,Professional,Yes,Married,2,"$20,000.00",0,0,Lease,Foreign,"$6,800",31,Yes,Yes,Disc,14,No,23,No,No,No,No,No,No,No,1,35,$38.80,$247.32,$0.00,$0.00,$0.00,$0.00,$38.80,0
8212-FAMVHR-CVA,2,Male,63,13,6,Sales,No,Married,2,"$78,000.00",5,0,Own,Domestic,"$27,000",36,Yes,Yes,Visa,1,No,20,No,No,No,No,No,No,No,1,2,$10.20,$3.44,$0.00,$0.00,$0.00,$0.00,$10.20,0
8213-ULVBFE-QAM,4,Male,25,13,5,Agriculture,No,Unmarried,2,"$52,000.00",4,0,Own,Domestic,"$15,400",27,No,No,Mast,7,No,15,No,No,No,Yes,Yes,No,No,0,11,$32.20,$85.28,$0.00,$0.00,$0.00,$0.00,$32.20,0
8214-NVCQAC-3HH,2,Male,79,12,39,Crafts,Yes,Married,2,"$94,000.00",0,1,Lease,Foreign,"$19,300",26,No,No,Disc,39,Yes,20,No,Yes,Yes,Yes,Yes,No,Yes,0,71,$76.60,"$1,050.76",$0.00,$0.00,$178.25,"$2,961.36",$254.85,0
8217-GUBABE-40U,5,Male,35,13,10,Agriculture,No,Married,3,"$56,000.00",4,0,Own,Foreign,"$12,500",28,Yes,Yes,Disc,17,No,21,No,No,No,No,No,No,Yes,0,54,$74.00,$762.52,$0.00,$0.00,$0.00,$0.00,$74.00,0
8217-TTOBPD-QXG,4,Female,65,15,27,Labor,Yes,Unmarried,1,"$58,000.00",7,0,Lease,Foreign,"$12,100",33,No,No,Visa,18,No,23,Yes,Yes,No,No,No,Yes,No,1,44,$21.40,$188.72,$162.60,"$1,415.96",$151.75,"$1,534.74",$335.75,1
8220-CFTXTM-GNK,1,Male,40,11,6,Professional,No,Married,4,"$70,000.00",4,1,Own,Foreign,"$19,600",23,No,Yes,Mast,22,No,19,No,No,No,No,No,No,Yes,0,48,$42.60,$380.24,$0.00,$0.00,$0.00,$0.00,$42.60,0
8221-APKTFC-YQB,5,Female,78,12,11,Sales,Yes,Unmarried,1,"$24,000.00",0,0,NoCar,N/A,$0,23,No,No,Visa,25,Yes,24,Yes,No,No,No,No,Yes,No,0,52,$32.60,$319.00,$89.40,$979.28,$0.00,$0.00,$122.00,0
8221-NCSCCQ-3FQ,2,Female,21,16,0,Sales,No,Married,4,"$46,000.00",2,0,Own,Domestic,"$15,600",29,Yes,Yes,Mast,2,Yes,14,No,No,Yes,No,No,No,No,0,5,$18.40,$15.32,$0.00,$0.00,$0.00,$0.00,$18.40,0
8222-FBBPEJ-23W,3,Female,71,12,13,Sales,Yes,Unmarried,1,"$22,000.00",10,1,Lease,Foreign,"$6,900",27,No,Yes,AMEX,21,Yes,23,No,No,No,No,No,No,No,1,53,$61.20,$645.00,$0.00,$0.00,$0.00,$0.00,$61.20,0
8222-XWXKAQ-6HJ,2,Male,18,12,0,Crafts,No,Unmarried,1,"$60,000.00",12,0,NoCar,N/A,$0,15,No,No,Mast,0,Yes,23,Yes,No,No,No,No,Yes,No,0,2,$11.60,$4.16,$100.20,$19.04,$0.00,$0.00,$111.80,0
8226-HNWGCG-CLH,1,Female,74,12,37,Service,No,Unmarried,1,"$255,000.00",2,0,Own,Foreign,"$95,500",28,No,Yes,Disc,40,No,31,No,No,No,No,No,No,Yes,0,72,$152.60,"$2,156.56",$0.00,$0.00,$0.00,$0.00,$152.60,0
8229-CFHJFZ-3CE,3,Male,64,12,2,Sales,No,Married,2,"$44,000.00",0,1,Lease,Domestic,"$12,600",23,Yes,No,AMEX,23,No,20,No,No,No,No,No,No,No,0,43,$37.00,$295.76,$0.00,$0.00,$0.00,$0.00,$37.00,0
8231-SCGVQY-I34,4,Female,31,17,6,Labor,No,Married,5,"$92,000.00",6,1,Lease,Foreign,"$19,700",23,No,No,Visa,13,No,21,No,No,No,No,No,No,Yes,0,55,$98.80,"$1,079.60",$0.00,$0.00,$0.00,$0.00,$98.80,0
8233-AUAYDA-4I0,5,Female,30,17,1,Professional,No,Married,3,"$92,000.00",1,1,Own,Foreign,"$28,400",36,No,No,Othe,12,Yes,11,No,No,No,Yes,Yes,No,Yes,0,36,$38.40,$290.44,$0.00,$0.00,$0.00,$0.00,$38.40,0
8233-GJIRMZ-YYB,1,Female,63,10,2,Sales,Yes,Married,4,"$38,000.00",3,0,Own,Foreign,"$10,900",24,Yes,Yes,Othe,33,Yes,16,No,Yes,No,Yes,Yes,Yes,Yes,0,64,$93.60,"$1,122.40",$0.00,$0.00,$152.00,"$2,283.36",$245.60,0
8239-QTBUOJ-M5V,5,Female,53,17,16,Professional,No,Unmarried,3,"$100,000.00",12,1,Own,Domestic,"$56,400",29,No,No,AMEX,4,No,21,No,No,No,Yes,Yes,No,No,0,5,$21.00,$19.52,$0.00,$0.00,$0.00,$0.00,$21.00,0
8241-AADOML-N1L,5,Male,43,16,6,Sales,No,Unmarried,1,"$86,000.00",2,1,Own,Foreign,"$26,900",27,No,Yes,AMEX,25,Yes,25,Yes,No,No,Yes,Yes,No,Yes,0,59,$42.20,$454.40,$163.80,"$1,859.36",$0.00,$0.00,$206.00,0
8241-PWPONH-62O,2,Female,33,8,4,Sales,No,Married,5,"$38,000.00",6,0,Own,Foreign,"$9,300",28,No,No,Mast,6,No,27,No,No,No,No,No,No,No,1,9,$14.40,$29.60,$0.00,$0.00,$0.00,$0.00,$14.40,0
8243-LXUTAO-4HW,4,Male,43,19,4,Sales,No,Unmarried,1,"$154,000.00",1,1,Own,Foreign,"$50,800",24,No,No,AMEX,15,No,18,No,Yes,Yes,Yes,Yes,Yes,No,0,42,$45.00,$355.20,$0.00,$0.00,$195.25,"$1,929.18",$240.25,0
8244-MIBZXK-K0S,5,Female,39,12,4,Professional,No,Married,3,"$48,000.00",7,1,Own,Domestic,"$11,700",37,No,No,AMEX,21,Yes,24,Yes,Yes,Yes,Yes,Yes,Yes,Yes,0,47,$81.80,$742.00,$151.40,"$1,364.04",$166.00,"$1,807.38",$399.20,1
8248-AIYXAY-LML,5,Male,46,15,3,Sales,No,Unmarried,1,"$84,000.00",0,1,Lease,Foreign,"$17,900",26,Yes,Yes,Othe,5,No,21,Yes,No,No,No,No,No,No,1,23,$19.20,$81.72,$85.40,$363.72,$0.00,$0.00,$104.60,0
8250-GXNUXR-28A,3,Female,67,16,5,Sales,Yes,Unmarried,1,"$40,000.00",0,0,Lease,Domestic,"$9,900",24,Yes,Yes,Disc,26,No,13,Yes,Yes,Yes,Yes,No,Yes,No,1,50,$104.60,$972.12,$134.80,"$1,295.80",$164.25,"$1,812.36",$403.65,1
8253-WARNTP-5BT,1,Female,19,14,0,Sales,No,Unmarried,2,"$48,000.00",1,0,Own,Domestic,"$7,600",29,No,Yes,Mast,1,Yes,15,No,No,No,No,Yes,No,Yes,0,15,$56.60,$187.64,$0.00,$0.00,$0.00,$0.00,$56.60,0
8254-KCYSJJ-H8O,4,Male,66,16,9,Professional,No,Married,2,"$123,000.00",0,1,Own,Foreign,"$63,700",28,Yes,No,Mast,29,Yes,15,Yes,Yes,Yes,Yes,Yes,Yes,Yes,0,54,$51.00,$551.60,$255.60,"$2,746.52",$262.75,"$3,258.36",$569.35,1
8256-HDNYUD-YZL,4,Female,47,20,10,Agriculture,No,Married,4,"$116,000.00",6,0,Own,Foreign,"$27,000",26,No,Yes,Visa,17,Yes,17,Yes,No,Yes,No,No,Yes,Yes,0,54,$37.80,$442.36,$152.20,"$1,698.08",$0.00,$0.00,$190.00,0
8257-ZUSJDX-QFN,1,Male,65,22,20,Agriculture,No,Unmarried,1,"$190,000.00",3,1,Own,Foreign,"$53,200",10,No,Yes,AMEX,29,No,16,No,Yes,Yes,Yes,Yes,No,Yes,0,45,$65.80,$641.16,$0.00,$0.00,$276.00,"$2,958.30",$341.80,1
8258-LKZAHW-Q0J,2,Female,57,10,34,Labor,No,Married,2,"$202,000.00",0,1,NoCar,N/A,$0,23,Yes,No,AMEX,23,No,20,No,No,No,Yes,Yes,No,Yes,0,50,$44.40,$469.32,$0.00,$0.00,$0.00,$0.00,$44.40,0
8259-ZZWTHZ-BZT,5,Male,49,13,13,Labor,No,Married,4,"$146,000.00",0,0,Own,Domestic,"$40,200",31,Yes,Yes,Mast,15,No,29,No,No,No,No,Yes,No,Yes,0,41,$56.80,$482.48,$0.00,$0.00,$0.00,$0.00,$56.80,0
8260-XNGQFH-T8E,4,Female,73,13,33,Crafts,No,Unmarried,1,"$113,000.00",0,1,Own,Foreign,"$60,500",25,No,Yes,Mast,31,Yes,26,No,No,No,Yes,Yes,No,Yes,0,60,$114.40,"$1,387.28",$0.00,$0.00,$0.00,$0.00,$114.40,0
8264-PQHXSH-KA5,1,Female,21,16,0,Sales,No,Married,6,"$100,000.00",1,1,Lease,Foreign,"$35,100",28,Yes,Yes,Disc,1,Yes,24,No,No,No,Yes,Yes,No,No,1,3,$21.40,$10.60,$0.00,$0.00,$0.00,$0.00,$21.40,0
8266-FRTLWJ-0DV,4,Female,28,11,1,Sales,No,Married,4,"$30,000.00",3,1,Own,Domestic,"$7,100",15,Yes,No,Visa,10,Yes,21,No,No,No,No,No,No,Yes,0,65,$51.20,$675.92,$0.00,$0.00,$0.00,$0.00,$51.20,0
8267-MZTNYW-CEQ,5,Female,75,11,6,Professional,Yes,Unmarried,1,"$30,000.00",6,1,Lease,Foreign,"$7,100",16,No,No,AMEX,30,No,24,No,No,No,No,No,No,No,0,62,$78.20,$992.16,$0.00,$0.00,$0.00,$0.00,$78.20,0
8267-UTARFV-TZK,4,Female,61,20,11,Service,No,Married,4,"$124,000.00",2,1,NoCar,N/A,$0,23,No,Yes,AMEX,12,Yes,18,No,No,No,No,Yes,Yes,No,0,30,$22.40,$139.24,$0.00,$0.00,$0.00,$0.00,$22.40,0
8268-VLELYK-IJK,5,Female,47,10,17,Service,No,Unmarried,1,"$136,000.00",0,1,Own,Foreign,"$40,500",26,No,No,Visa,16,No,15,No,No,No,No,No,No,No,0,28,$31.80,$171.12,$0.00,$0.00,$0.00,$0.00,$31.80,0
8278-ZKAUGN-EID,5,Female,74,8,3,Sales,No,Married,2,"$42,000.00",1,0,Own,Domestic,"$7,400",30,Yes,Yes,Othe,18,Yes,22,No,No,No,No,No,No,No,0,38,$30.20,$227.04,$0.00,$0.00,$0.00,$0.00,$30.20,0
8286-HQYYPB-ANL,4,Female,31,15,1,Sales,No,Married,4,"$64,000.00",1,1,Own,Domestic,"$11,800",16,No,No,Visa,13,Yes,14,No,Yes,Yes,Yes,No,Yes,Yes,0,26,$35.40,$174.28,$0.00,$0.00,$171.50,"$1,010.76",$206.90,0
8291-HWWGLV-68E,5,Male,34,9,11,Service,No,Unmarried,1,"$46,000.00",3,1,Own,Domestic,"$8,000",31,No,No,Visa,16,Yes,19,No,No,No,No,Yes,No,No,0,35,$33.80,$220.32,$0.00,$0.00,$0.00,$0.00,$33.80,0
8294-TOQGIK-L5Q,2,Male,18,13,0,Sales,No,Unmarried,2,"$32,000.00",1,0,Lease,Foreign,"$5,200",29,No,Yes,Visa,0,Yes,19,No,No,No,Yes,Yes,No,No,0,2,$34.80,$15.92,$0.00,$0.00,$0.00,$0.00,$34.80,0
8295-DLFLWB-M19,4,Male,58,16,11,Professional,No,Unmarried,1,"$133,000.00",0,0,Own,Domestic,"$57,500",31,Yes,No,Disc,28,No,16,No,No,No,No,No,No,Yes,0,67,$70.80,$926.60,$0.00,$0.00,$0.00,$0.00,$70.80,0
8297-DXUNEJ-3AN,2,Male,45,14,14,Service,No,Married,3,"$112,000.00",3,0,Own,Domestic,"$25,900",25,No,No,AMEX,11,No,13,No,No,No,No,No,Yes,Yes,0,33,$51.60,$349.08,$0.00,$0.00,$0.00,$0.00,$51.60,0
8301-RODDKK-2SL,3,Female,27,18,2,Labor,No,Married,5,"$40,000.00",1,1,Own,Domestic,"$10,200",26,No,Yes,Mast,9,No,20,Yes,No,No,No,No,No,No,0,15,$22.40,$63.72,$128.80,$366.60,$0.00,$0.00,$151.20,0
8303-DNPIXO-QD5,4,Female,58,11,13,Professional,No,Married,2,"$118,000.00",0,1,Own,Domestic,"$35,900",15,Yes,No,Visa,13,Yes,13,No,No,No,Yes,Yes,No,No,0,29,$43.00,$264.44,$0.00,$0.00,$0.00,$0.00,$43.00,0
8303-FMTTXN-4DO,5,Female,73,11,33,Service,Yes,Unmarried,3,"$26,000.00",0,1,Lease,Domestic,"$7,000",26,No,No,Visa,38,Yes,25,No,No,No,No,No,No,Yes,0,72,$176.20,"$2,605.80",$0.00,$0.00,$0.00,$0.00,$176.20,0
8304-OFKZNL-X7O,1,Male,60,19,5,Sales,No,Married,2,"$104,000.00",3,1,NoCar,N/A,$0,27,No,No,AMEX,26,No,24,Yes,No,Yes,Yes,Yes,No,No,0,49,$24.80,$257.28,$201.00,"$1,843.00",$0.00,$0.00,$225.80,0
8305-NFQKBL-UMP,1,Female,58,17,8,Labor,Yes,Unmarried,1,"$32,000.00",9,1,Own,Foreign,"$9,000",21,No,Yes,Mast,39,Yes,19,Yes,No,No,No,No,No,Yes,0,71,$175.80,"$2,480.40",$109.80,"$1,598.36",$0.00,$0.00,$285.60,1
8310-FGTMBP-9R4,1,Male,21,14,1,Service,No,Unmarried,2,"$44,000.00",1,0,Lease,Domestic,"$10,300",24,Yes,Yes,Visa,3,No,19,Yes,No,No,No,No,Yes,Yes,0,24,$14.60,$53.20,$92.40,$401.84,$0.00,$0.00,$107.00,0
8311-ZQBQDO-7GB,4,Female,20,15,0,Labor,No,Married,3,"$70,000.00",0,1,Own,Domestic,"$17,800",21,No,Yes,AMEX,2,No,18,No,No,No,No,No,No,No,0,14,$22.00,$55.28,$0.00,$0.00,$0.00,$0.00,$22.00,0
8313-RWNNFE-E3V,5,Male,23,18,0,Labor,No,Unmarried,1,"$86,000.00",1,0,NoCar,N/A,$0,33,Yes,No,AMEX,5,No,14,Yes,Yes,Yes,Yes,No,Yes,No,0,24,$29.00,$121.28,$129.60,$580.92,$128.25,$669.78,$286.85,1
8318-FEMEWF-RX3,1,Male,73,15,36,Labor,No,Married,2,"$127,000.00",2,1,Own,Domestic,"$65,200",29,No,No,Disc,38,No,19,Yes,Yes,Yes,Yes,Yes,Yes,Yes,0,70,$150.00,"$2,081.36",$220.80,"$2,938.12",$346.00,"$5,757.30",$716.80,1
8318-XAZBYB-86A,5,Female,70,16,28,Service,No,Married,2,"$179,000.00",3,1,Own,Domestic,"$86,900",22,Yes,Yes,Disc,39,Yes,24,No,No,No,Yes,Yes,No,Yes,0,72,$230.80,"$3,310.96",$0.00,$0.00,$0.00,$0.00,$230.80,0
8319-QEUOTE-5VG,4,Female,21,13,0,Sales,No,Unmarried,1,"$30,000.00",5,1,Own,Domestic,"$5,600",38,Yes,Yes,Mast,4,Yes,17,No,No,No,No,No,No,No,0,11,$17.80,$35.56,$0.00,$0.00,$0.00,$0.00,$17.80,0
8319-XZASXD-7S2,4,Male,40,14,1,Sales,No,Married,4,"$88,000.00",8,0,Own,Domestic,"$20,300",22,Yes,No,Disc,22,No,19,Yes,Yes,Yes,No,No,Yes,No,1,53,$74.40,$795.48,$146.00,"$1,461.08",$147.75,"$1,870.02",$368.15,1
8320-RHDUKH-ZP6,5,Male,47,17,3,Sales,No,Unmarried,2,"$68,000.00",0,1,Lease,Foreign,"$16,600",30,No,Yes,AMEX,9,Yes,18,Yes,Yes,Yes,Yes,Yes,Yes,No,1,13,$14.60,$29.32,$178.60,$414.28,$199.00,$547.62,$392.20,1
8320-TNOHJH-48E,2,Male,28,20,0,Professional,No,Unmarried,2,"$110,000.00",0,0,Own,Domestic,"$27,500",26,Yes,No,Visa,1,Yes,12,Yes,Yes,Yes,No,No,Yes,No,0,1,$8.20,$1.64,$170.60,$34.12,$160.50,$38.52,$339.30,1
8321-KZDZZX-H8T,1,Male,25,15,0,Sales,No,Married,4,"$38,000.00",0,1,Own,Domestic,"$9,800",30,Yes,Yes,Mast,1,No,21,No,Yes,Yes,Yes,Yes,No,No,1,3,$24.20,$11.92,$0.00,$0.00,$139.75,$47.34,$163.95,0
8322-XUWDGZ-MFT,1,Male,24,14,1,Sales,No,Married,5,"$92,000.00",9,1,Own,Domestic,"$25,500",34,Yes,No,AMEX,6,No,17,Yes,Yes,Yes,No,No,Yes,No,0,39,$20.20,$156.76,$116.80,$843.08,$168.00,"$1,578.30",$305.00,1
8324-ELSJRI-FZP,2,Female,39,15,2,Sales,No,Unmarried,4,"$46,000.00",0,1,Own,Foreign,"$14,900",29,No,Yes,Othe,7,No,26,No,No,No,No,No,No,No,0,21,$16.80,$75.40,$0.00,$0.00,$0.00,$0.00,$16.80,0
8325-ORNEIY-ZAD,3,Female,44,14,9,Professional,No,Unmarried,2,"$148,000.00",4,1,NoCar,N/A,$0,36,No,No,Mast,6,No,24,No,Yes,No,Yes,Yes,Yes,Yes,0,11,$35.20,$73.64,$0.00,$0.00,$127.75,$327.42,$162.95,0
8325-ZRCRQV-455,1,Female,47,17,6,Professional,No,Married,2,"$108,000.00",2,0,Own,Domestic,"$22,400",32,Yes,Yes,Mast,26,No,17,Yes,Yes,Yes,Yes,No,Yes,Yes,1,53,$69.00,$724.28,$151.80,"$1,600.96",$151.00,"$1,871.10",$371.80,1
8327-GSWQDE-26L,1,Female,41,11,9,Crafts,No,Unmarried,1,"$74,000.00",2,1,Own,Domestic,"$18,700",39,Yes,Yes,Disc,4,No,25,No,No,No,Yes,Yes,No,No,1,11,$9.20,$18.76,$0.00,$0.00,$0.00,$0.00,$9.20,0
8327-RBGUNG-MBN,2,Female,58,11,16,Professional,No,Unmarried,1,"$82,000.00",0,1,Lease,Domestic,"$21,100",24,No,No,Visa,38,Yes,20,No,No,No,Yes,Yes,No,Yes,0,71,$143.60,"$1,971.28",$0.00,$0.00,$0.00,$0.00,$143.60,0
8330-HXKTOD-G48,5,Female,69,17,3,Sales,Yes,Unmarried,1,"$20,000.00",8,0,Lease,Domestic,"$5,400",31,No,Yes,AMEX,6,No,27,No,No,No,Yes,Yes,No,No,0,17,$14.00,$45.04,$0.00,$0.00,$0.00,$0.00,$14.00,0
8332-KYRZRM-FC3,1,Male,23,12,1,Sales,No,Unmarried,1,"$48,000.00",0,0,Own,Domestic,"$13,500",22,No,No,Visa,5,Yes,20,No,No,Yes,Yes,Yes,No,No,1,17,$21.60,$78.04,$0.00,$0.00,$0.00,$0.00,$21.60,0
8334-ESOTTN-G88,2,Male,28,14,5,Agriculture,No,Unmarried,2,"$66,000.00",2,0,Own,Foreign,"$17,800",24,No,No,Visa,6,Yes,22,No,No,No,No,No,No,No,0,6,$20.00,$39.36,$0.00,$0.00,$0.00,$0.00,$20.00,0
8335-ZOKNFJ-H8X,3,Female,35,20,4,Service,No,Unmarried,1,"$154,000.00",4,0,Own,Foreign,"$45,700",21,No,No,AMEX,11,No,16,Yes,Yes,Yes,No,No,Yes,No,0,31,$36.20,$209.52,$129.20,$762.12,$142.00,"$1,050.06",$307.40,1
8336-FKVSKN-ZRS,5,Female,33,9,4,Professional,No,Married,4,"$46,000.00",5,1,Lease,Foreign,"$15,900",31,No,No,Mast,8,Yes,22,No,No,No,No,No,No,No,1,36,$29.80,$205.04,$0.00,$0.00,$0.00,$0.00,$29.80,0
8337-LBJLMF-W2R,1,Male,59,18,11,Professional,No,Unmarried,1,"$106,000.00",1,1,Own,Foreign,"$18,600",17,No,No,Disc,27,Yes,20,No,No,No,Yes,Yes,No,Yes,0,56,$60.40,$699.96,$0.00,$0.00,$0.00,$0.00,$60.40,0
8342-BCCKIG-4AN,3,Male,63,18,6,Sales,No,Unmarried,1,"$180,000.00",0,1,Own,Foreign,"$45,600",17,No,Yes,Disc,30,Yes,17,Yes,No,Yes,Yes,Yes,Yes,Yes,0,60,$79.40,$924.20,$177.60,"$2,065.32",$0.00,$0.00,$257.00,0
8344-XAYROR-07W,1,Female,49,16,4,Sales,No,Unmarried,2,"$88,000.00",2,0,Own,Domestic,"$19,300",31,No,Yes,Disc,3,No,18,No,Yes,No,Yes,Yes,Yes,No,0,12,$23.60,$51.72,$0.00,$0.00,$111.00,$293.46,$134.60,0
8344-YNPUTQ-BS9,5,Female,54,14,11,Service,No,Married,5,"$108,000.00",0,1,Own,Domestic,"$56,700",15,Yes,No,Disc,34,No,20,Yes,Yes,Yes,Yes,Yes,Yes,Yes,1,69,$103.60,"$1,431.48",$193.00,"$2,719.12",$263.00,"$4,432.74",$559.60,1
8346-PSWQNN-C1W,2,Male,31,18,4,Service,No,Unmarried,2,"$112,000.00",5,0,Own,Foreign,"$28,600",27,No,Yes,AMEX,7,No,20,Yes,No,Yes,Yes,No,No,No,0,9,$15.20,$25.12,$112.80,$177.60,$0.00,$0.00,$128.00,0
8346-VQWOHD-RDX,2,Female,26,18,1,Labor,No,Unmarried,1,"$36,000.00",6,1,Lease,Foreign,"$11,700",29,No,No,AMEX,8,No,17,Yes,Yes,Yes,Yes,Yes,No,No,0,16,$26.80,$91.24,$157.40,$475.32,$132.25,$497.22,$316.45,1
8347-DIRIVI-L25,4,Female,45,7,6,Sales,No,Unmarried,1,"$74,000.00",0,0,Own,Foreign,"$23,000",25,No,No,Visa,11,No,10,No,No,No,Yes,Yes,No,No,0,29,$21.80,$129.36,$0.00,$0.00,$0.00,$0.00,$21.80,0
8350-CWQQCH-O07,2,Male,26,19,0,Professional,No,Unmarried,1,"$72,000.00",9,1,Own,Foreign,"$13,400",12,Yes,Yes,AMEX,8,Yes,16,Yes,Yes,No,No,No,Yes,No,0,14,$18.80,$67.40,$119.80,$347.36,$107.25,$306.18,$245.85,0
8351-DELQBQ-BZ6,2,Male,66,19,10,Professional,No,Married,2,"$179,000.00",1,1,NoCar,N/A,$0,21,No,Yes,AMEX,24,No,21,Yes,No,Yes,Yes,Yes,Yes,No,0,60,$59.40,$713.04,$183.60,"$2,227.40",$0.00,$0.00,$243.00,0
8352-CUJWGY-KS0,3,Female,24,18,0,Service,No,Married,2,"$70,000.00",1,1,Own,Foreign,"$13,800",34,No,No,AMEX,5,Yes,15,Yes,No,No,No,No,Yes,No,0,11,$24.00,$56.32,$116.40,$229.72,$0.00,$0.00,$140.40,0
8352-DDCMXT-MW4,5,Female,61,17,6,Sales,No,Married,4,"$135,000.00",1,1,Own,Foreign,"$72,900",14,Yes,Yes,Disc,14,No,13,No,No,No,No,No,No,Yes,0,31,$30.80,$239.32,$0.00,$0.00,$0.00,$0.00,$30.80,0
8353-KMZTWC-UIP,5,Male,78,17,5,Sales,Yes,Married,2,"$26,000.00",0,1,Lease,Foreign,"$6,500",39,Yes,Yes,Mast,36,No,22,Yes,No,No,No,No,Yes,Yes,1,68,$124.60,"$1,650.20",$139.00,"$1,765.52",$0.00,$0.00,$263.60,0
8354-KNMJNR-QEC,1,Female,32,15,1,Professional,No,Married,5,"$78,000.00",1,1,NoCar,N/A,$0,17,No,Yes,Mast,14,Yes,19,Yes,Yes,Yes,No,Yes,Yes,No,0,56,$40.20,$480.16,$136.60,"$1,549.52",$165.50,"$2,136.84",$342.30,1
8355-QECJPC-NPR,3,Female,18,13,0,Sales,No,Married,3,"$34,000.00",6,0,Own,Domestic,"$12,900",27,Yes,Yes,AMEX,0,No,19,Yes,No,No,No,No,Yes,No,0,4,$43.40,$38.00,$117.20,$83.64,$0.00,$0.00,$160.60,0
8355-XJIMQE-DLS,4,Female,23,18,0,Sales,No,Married,5,"$36,000.00",11,1,Own,Foreign,"$9,700",23,No,No,Disc,4,No,24,No,No,No,No,No,No,No,0,7,$15.00,$25.84,$0.00,$0.00,$0.00,$0.00,$15.00,0
8365-TUAPOY-AFJ,4,Female,70,16,29,Labor,Yes,Unmarried,1,"$180,000.00",0,1,Lease,Domestic,"$40,200",24,No,No,AMEX,27,No,14,No,No,No,No,No,No,Yes,0,57,$35.20,$442.16,$0.00,$0.00,$0.00,$0.00,$35.20,0
8366-QJOKTN-CCN,3,Female,56,17,6,Sales,No,Unmarried,1,"$40,000.00",1,1,Lease,Domestic,"$6,200",37,No,No,Visa,27,No,19,No,No,No,No,Yes,Yes,No,0,55,$67.60,$721.20,$0.00,$0.00,$0.00,$0.00,$67.60,0
8369-MBTIPE-9QA,4,Male,23,11,2,Sales,No,Married,3,"$84,000.00",0,0,Own,Domestic,"$22,600",20,Yes,No,Disc,5,No,32,No,No,No,Yes,Yes,No,No,0,26,$32.60,$173.28,$0.00,$0.00,$0.00,$0.00,$32.60,0
8371-YMOQRS-JP1,3,Female,43,9,12,Professional,No,Unmarried,1,"$84,000.00",2,0,Own,Domestic,"$17,900",26,No,Yes,Othe,9,No,21,No,No,No,Yes,No,No,No,0,18,$20.40,$77.80,$0.00,$0.00,$0.00,$0.00,$20.40,0
8372-ZSWGHU-LH8,1,Male,48,19,11,Crafts,No,Married,2,"$192,000.00",0,1,Own,Domestic,"$45,400",27,No,No,Disc,10,No,15,No,No,Yes,Yes,No,Yes,No,1,18,$17.60,$63.92,$0.00,$0.00,$0.00,$0.00,$17.60,0
8373-CDDHIB-T5D,5,Female,50,14,2,Sales,No,Married,2,"$52,000.00",2,1,Own,Domestic,"$13,300",35,Yes,Yes,Mast,24,Yes,17,No,No,No,No,Yes,No,Yes,0,53,$73.40,$802.20,$0.00,$0.00,$0.00,$0.00,$73.40,0
8373-JNKITA-4O5,3,Male,51,11,12,Professional,No,Unmarried,1,"$80,000.00",1,1,Own,Foreign,"$21,000",25,No,Yes,Visa,22,Yes,21,No,No,No,No,No,No,Yes,0,40,$34.20,$299.32,$0.00,$0.00,$0.00,$0.00,$34.20,0
8383-JVJKFW-JBZ,1,Male,37,11,6,Sales,No,Unmarried,1,"$52,000.00",3,0,Own,Foreign,"$9,600",24,Yes,Yes,Visa,19,No,20,No,No,No,No,No,No,Yes,1,60,$47.80,$592.28,$0.00,$0.00,$0.00,$0.00,$47.80,0
8384-RZNBUT-7AZ,2,Female,37,17,3,Professional,No,Unmarried,1,"$40,000.00",10,1,Own,Domestic,"$9,200",18,Yes,No,Disc,5,No,21,No,No,No,Yes,Yes,No,No,0,7,$12.80,$12.04,$0.00,$0.00,$0.00,$0.00,$12.80,0
8386-GDXPAT-AF7,2,Male,55,11,13,Professional,No,Married,3,"$122,000.00",0,1,Own,Domestic,"$33,600",13,Yes,Yes,AMEX,14,Yes,18,No,No,No,Yes,Yes,No,No,1,30,$40.20,$249.88,$0.00,$0.00,$0.00,$0.00,$40.20,0
8386-JTJBGF-K6C,1,Female,62,17,26,Labor,No,Unmarried,1,"$160,000.00",0,1,Lease,Foreign,"$54,200",27,No,No,Disc,7,No,20,Yes,Yes,Yes,No,No,No,No,1,23,$37.80,$147.44,$153.00,$658.40,$153.25,$790.44,$344.05,1
8388-GRBDWT-6P5,1,Female,30,16,0,Sales,No,Unmarried,1,"$38,000.00",9,1,NoCar,N/A,$0,20,No,No,Mast,13,Yes,22,No,Yes,Yes,No,Yes,Yes,No,1,29,$60.00,$340.28,$0.00,$0.00,$177.75,"$1,155.54",$237.75,0
8388-HSESXY-LG4,4,Male,46,13,9,Professional,No,Unmarried,1,"$136,000.00",0,0,Own,Domestic,"$37,700",22,No,Yes,Mast,13,Yes,26,No,No,Yes,Yes,No,No,No,0,29,$24.40,$159.64,$0.00,$0.00,$0.00,$0.00,$24.40,0
8388-XXPVWM-V0N,5,Female,70,20,19,Service,Yes,Unmarried,1,"$42,000.00",0,1,Own,Domestic,"$11,400",16,No,No,Disc,26,Yes,23,No,Yes,Yes,Yes,No,Yes,No,0,41,$23.20,$163.08,$0.00,$0.00,$171.50,"$1,702.98",$194.70,0
8389-PNASXX-NKE,5,Female,35,15,1,Sales,No,Unmarried,1,"$102,000.00",7,1,Own,Foreign,"$33,200",38,Yes,Yes,AMEX,17,No,11,No,No,No,Yes,Yes,No,Yes,0,29,$36.00,$226.72,$0.00,$0.00,$0.00,$0.00,$36.00,0
8390-RSQBFF-Q3F,4,Female,33,19,3,Professional,No,Married,6,"$86,000.00",0,1,Own,Domestic,"$12,000",29,Yes,No,Mast,15,Yes,16,Yes,Yes,Yes,Yes,Yes,Yes,Yes,0,66,$54.40,$753.76,$159.60,"$2,009.48",$153.00,"$2,486.22",$367.00,1
8395-BLTIRZ-TKI,1,Male,69,10,10,Professional,Yes,Married,2,"$18,000.00",1,1,Lease,Domestic,"$4,800",17,No,No,AMEX,13,No,0,No,No,No,Yes,Yes,No,No,0,38,$45.40,$319.96,$0.00,$0.00,$0.00,$0.00,$45.40,0
8396-BZWCUW-L65,2,Male,37,14,2,Sales,No,Married,2,"$54,000.00",4,0,Own,Foreign,"$12,500",40,Yes,Yes,Disc,2,Yes,18,Yes,Yes,No,No,No,Yes,No,1,2,$16.00,$5.24,$124.20,$31.72,$97.00,$31.44,$237.20,0
8396-JZZAGP-FB1,4,Male,59,16,27,Service,No,Unmarried,1,"$143,000.00",1,0,Own,Foreign,"$58,500",23,No,No,Visa,40,Yes,25,No,No,No,No,No,No,Yes,0,72,$88.80,"$1,284.08",$0.00,$0.00,$0.00,$0.00,$88.80,0
8399-DFHIXN-C78,5,Male,31,15,1,Sales,No,Unmarried,1,"$112,000.00",3,1,Lease,Foreign,"$36,400",25,Yes,Yes,AMEX,2,Yes,19,No,Yes,Yes,Yes,No,No,No,0,10,$13.80,$38.04,$0.00,$0.00,$105.75,$231.48,$119.55,0
8402-HZXJJU-CZ7,4,Male,57,17,16,Professional,No,Unmarried,1,"$186,000.00",4,1,Own,Foreign,"$40,400",24,No,Yes,Mast,22,No,30,No,No,Yes,Yes,Yes,No,No,0,51,$32.00,$318.40,$0.00,$0.00,$0.00,$0.00,$32.00,0
8402-SILWTV-4YR,4,Male,58,19,20,Service,No,Married,2,"$1,073,000.00",8,1,Own,Domestic,"$77,600",32,Yes,Yes,Disc,37,Yes,28,No,Yes,No,No,Yes,No,Yes,0,72,$187.60,"$2,714.48",$0.00,$0.00,$224.50,"$3,809.70",$412.10,1
8403-BESKUS-UZZ,4,Female,30,21,0,Sales,No,Married,3,"$70,000.00",8,0,Own,Domestic,"$7,000",21,No,No,Mast,12,No,18,Yes,Yes,Yes,No,No,Yes,No,0,62,$95.20,"$1,173.32",$168.20,"$2,031.92",$247.75,"$3,729.54",$511.15,1
8405-GXTJBV-W7N,4,Female,67,10,35,Service,Yes,Unmarried,1,"$44,000.00",2,1,Own,Domestic,"$9,700",22,No,No,Visa,30,No,14,No,Yes,Yes,Yes,Yes,No,Yes,1,60,$65.20,$798.00,$0.00,$0.00,$203.50,"$2,967.30",$268.70,0
8408-UEGWLN-TI2,5,Male,36,19,1,Sales,No,Married,2,"$54,000.00",4,1,Own,Foreign,"$15,800",35,Yes,Yes,Disc,18,Yes,19,Yes,Yes,Yes,Yes,Yes,Yes,Yes,0,62,$88.80,"$1,120.04",$222.00,"$2,653.40",$206.00,"$2,896.56",$516.80,1
8410-FQPPXE-I4J,2,Female,38,17,8,Professional,No,Married,2,"$112,000.00",0,1,Own,Domestic,"$29,100",23,Yes,No,Mast,20,No,21,No,No,No,No,No,No,Yes,0,44,$44.80,$415.36,$0.00,$0.00,$0.00,$0.00,$44.80,0
8411-UWVCAW-3GO,2,Female,59,9,21,Professional,No,Unmarried,1,"$152,000.00",1,1,Own,Foreign,"$18,400",35,No,No,Visa,38,Yes,25,No,No,No,No,No,No,No,0,71,$225.00,"$3,106.68",$0.00,$0.00,$0.00,$0.00,$225.00,0
8412-NAJJWQ-94G,1,Female,58,13,16,Crafts,No,Unmarried,1,"$198,000.00",7,1,Own,Foreign,"$36,000",20,Yes,No,Mast,40,No,19,No,No,No,No,No,No,Yes,0,72,$196.20,"$2,762.04",$0.00,$0.00,$0.00,$0.00,$196.20,0
8413-FSASIJ-JYM,1,Male,21,13,1,Service,No,Unmarried,1,"$38,000.00",4,1,NoCar,N/A,$0,11,No,Yes,AMEX,3,No,24,Yes,Yes,Yes,Yes,Yes,No,No,1,14,$37.60,$93.44,$143.20,$370.88,$138.50,$434.94,$319.30,1
8413-ZLZZJN-0CC,4,Male,57,17,25,Labor,Yes,Unmarried,1,"$26,000.00",5,1,Own,Domestic,"$6,400",41,Yes,Yes,Disc,39,Yes,19,Yes,No,No,No,Yes,Yes,Yes,1,71,$156.00,"$2,267.84",$159.60,"$2,217.88",$0.00,$0.00,$315.60,1
8415-IWHDZL-B2B,3,Male,36,11,15,Agriculture,No,Married,3,"$54,000.00",0,0,NoCar,N/A,$0,29,No,No,Visa,14,Yes,18,No,No,Yes,Yes,Yes,No,Yes,0,36,$25.80,$194.44,$0.00,$0.00,$0.00,$0.00,$25.80,0
8420-OPDZZQ-PI8,3,Female,72,7,17,Sales,Yes,Married,2,"$30,000.00",13,0,Lease,Domestic,"$7,000",23,No,No,Visa,21,No,24,No,No,No,No,No,No,No,1,45,$27.40,$241.96,$0.00,$0.00,$0.00,$0.00,$27.40,0
8421-DYVXGZ-ZT3,4,Male,45,18,1,Sales,No,Unmarried,1,"$76,000.00",0,1,Own,Domestic,"$15,800",20,No,No,Mast,13,No,22,No,No,No,Yes,Yes,No,Yes,0,25,$27.40,$150.52,$0.00,$0.00,$0.00,$0.00,$27.40,0
8424-YHPPTH-JYP,2,Female,31,20,0,Sales,No,Married,4,"$118,000.00",6,0,Own,Foreign,"$34,200",22,No,Yes,Mast,13,Yes,28,Yes,Yes,Yes,Yes,Yes,Yes,No,1,28,$43.00,$259.44,$264.60,"$1,474.76",$379.25,"$2,505.96",$686.85,1
8426-APYNMT-ZPR,3,Male,70,11,42,Labor,Yes,Married,4,"$30,000.00",4,1,Own,Domestic,"$7,200",16,Yes,No,Mast,37,No,21,No,No,No,No,No,No,Yes,0,67,$80.80,"$1,048.76",$0.00,$0.00,$0.00,$0.00,$80.80,0
8431-XMATPP-4OL,4,Male,24,17,1,Crafts,No,Married,4,"$42,000.00",2,1,Own,Foreign,"$11,700",33,Yes,No,Disc,6,Yes,18,No,No,No,Yes,Yes,No,No,0,15,$11.80,$41.32,$0.00,$0.00,$0.00,$0.00,$11.80,0
8432-WMJZND-A7F,2,Female,44,13,6,Professional,No,Unmarried,2,"$134,000.00",4,0,Own,Domestic,"$33,400",21,No,Yes,Visa,1,No,25,Yes,No,No,No,No,Yes,No,0,6,$17.60,$15.04,$111.00,$130.72,$0.00,$0.00,$128.60,0
8436-MBFTPR-A8H,2,Male,55,17,6,Sales,No,Unmarried,1,"$54,000.00",0,0,Lease,Domestic,"$11,500",16,No,No,Othe,20,Yes,15,No,No,No,No,Yes,No,No,1,47,$23.20,$199.32,$0.00,$0.00,$0.00,$0.00,$23.20,0
8437-CJFCTT-NW8,1,Male,23,18,0,Professional,No,Married,4,"$44,000.00",2,1,Own,Domestic,"$11,500",16,No,No,Mast,1,Yes,26,No,No,No,No,No,No,No,1,5,$16.60,$21.32,$0.00,$0.00,$0.00,$0.00,$16.60,0
8438-AHNURO-0GW,5,Female,23,12,2,Professional,No,Unmarried,1,"$44,000.00",0,1,Own,Domestic,"$7,800",25,Yes,Yes,Mast,6,Yes,20,No,No,No,No,No,No,No,0,13,$20.00,$52.52,$0.00,$0.00,$0.00,$0.00,$20.00,0
8438-ZMTWWO-5I8,1,Male,74,18,29,Labor,Yes,Unmarried,1,"$132,000.00",0,0,Own,Domestic,"$30,700",26,No,No,Disc,18,Yes,14,Yes,Yes,Yes,Yes,Yes,Yes,No,0,40,$43.00,$359.80,$137.40,"$1,062.60",$184.00,"$1,655.10",$364.40,1
8439-MLNLCT-L4Y,5,Female,66,15,17,Professional,No,Unmarried,1,"$128,000.00",7,1,Lease,Foreign,"$27,500",27,No,No,AMEX,37,No,20,No,No,No,No,No,No,No,0,71,$44.60,$616.92,$0.00,$0.00,$0.00,$0.00,$44.60,0
8440-YRNTCE-8D1,4,Female,21,13,0,Sales,No,Unmarried,1,"$34,000.00",4,1,Lease,Foreign,"$8,700",32,No,Yes,Mast,4,Yes,32,No,No,No,No,Yes,No,No,0,5,$11.80,$4.96,$0.00,$0.00,$0.00,$0.00,$11.80,0
8446-TMJWQX-AK5,2,Male,51,12,8,Professional,No,Married,2,"$86,000.00",0,1,Own,Domestic,"$18,600",27,No,No,Visa,31,Yes,23,No,No,No,Yes,Yes,No,Yes,0,64,$139.40,"$1,884.56",$0.00,$0.00,$0.00,$0.00,$139.40,0
8447-RADRWX-LVS,1,Male,44,16,8,Professional,No,Married,4,"$100,000.00",0,1,Own,Domestic,"$20,500",20,Yes,No,AMEX,13,Yes,23,No,No,No,No,No,No,Yes,1,37,$23.00,$147.48,$0.00,$0.00,$0.00,$0.00,$23.00,0
8450-EXSYSZ-18C,2,Female,19,14,0,Professional,No,Married,4,"$42,000.00",2,0,Own,Domestic,"$11,700",14,Yes,No,Visa,1,No,20,No,No,No,Yes,No,Yes,No,0,6,$8.00,$13.08,$0.00,$0.00,$0.00,$0.00,$8.00,0
8451-CKLLGR-V0U,1,Male,78,16,11,Sales,No,Married,2,"$32,000.00",1,0,Own,Foreign,"$9,100",23,No,No,Mast,32,No,20,No,No,No,No,No,No,Yes,0,69,$86.60,"$1,238.84",$0.00,$0.00,$0.00,$0.00,$86.60,0
8452-HAFBNC-BRA,1,Female,32,10,11,Labor,No,Married,5,"$56,000.00",0,1,NoCar,N/A,$0,25,No,No,Mast,2,No,23,No,No,No,No,Yes,No,No,0,5,$14.20,$9.28,$0.00,$0.00,$0.00,$0.00,$14.20,0
8454-PPQHVD-6TF,4,Male,23,18,0,Professional,No,Unmarried,1,"$180,000.00",6,1,Own,Foreign,"$50,400",22,No,Yes,Disc,2,No,24,Yes,Yes,Yes,Yes,Yes,Yes,No,1,6,$17.80,$30.84,$158.20,$170.68,$234.75,$265.20,$410.75,1
8454-WYVBYJ-22N,2,Female,75,15,11,Professional,No,Married,2,"$148,000.00",0,0,Own,Domestic,"$27,700",24,Yes,Yes,Mast,30,Yes,14,Yes,No,No,Yes,Yes,Yes,Yes,1,50,$84.20,$850.00,$156.80,"$1,543.24",$0.00,$0.00,$241.00,0
8458-ZNONLP-7AN,5,Male,23,13,2,Labor,No,Married,5,"$48,000.00",7,1,Own,Foreign,"$8,600",30,No,No,AMEX,5,Yes,20,Yes,Yes,Yes,Yes,Yes,Yes,No,0,58,$48.40,$523.56,$180.40,"$2,126.92",$262.50,"$3,655.26",$491.30,1
8460-OGDRTP-BQT,3,Female,62,13,16,Professional,No,Unmarried,1,"$157,000.00",6,0,NoCar,N/A,$0,24,No,No,Mast,37,Yes,22,No,No,No,No,No,Yes,Yes,0,72,$106.80,"$1,500.08",$0.00,$0.00,$0.00,$0.00,$106.80,0
8461-NKNYYN-7KK,2,Male,66,11,13,Professional,No,Unmarried,1,"$64,000.00",3,0,Lease,Foreign,"$14,900",22,No,Yes,Visa,13,No,23,No,No,No,Yes,Yes,No,Yes,0,17,$30.00,$100.68,$0.00,$0.00,$0.00,$0.00,$30.00,0
8461-SHTZXD-O8R,5,Female,33,13,5,Sales,No,Married,4,"$104,000.00",2,1,Own,Domestic,"$33,800",37,No,No,Disc,15,Yes,28,Yes,Yes,Yes,Yes,Yes,Yes,No,0,43,$57.80,$516.20,$237.20,"$2,028.68",$274.25,"$2,901.54",$569.25,1
8464-JISBRT-SVF,3,Male,78,18,4,Professional,Yes,Married,2,"$18,000.00",7,1,Lease,Domestic,"$3,100",28,Yes,Yes,Visa,39,Yes,0,No,Yes,Yes,Yes,Yes,Yes,Yes,0,71,$186.00,"$2,656.04",$0.00,$0.00,$239.25,"$4,085.70",$425.25,1
8464-XDFEKQ-0KD,2,Female,57,10,9,Sales,No,Unmarried,2,"$136,000.00",4,0,Own,Foreign,"$35,400",24,Yes,Yes,Disc,37,No,16,No,No,No,Yes,Yes,No,Yes,0,69,$58.40,$844.60,$0.00,$0.00,$0.00,$0.00,$58.40,0
8469-HTGXQY-IXQ,1,Male,23,13,1,Professional,No,Married,4,"$52,000.00",2,1,Own,Domestic,"$9,800",19,No,No,Visa,5,Yes,22,Yes,No,No,Yes,Yes,No,No,0,28,$34.00,$182.20,$131.60,$758.48,$0.00,$0.00,$165.60,0
8473-QOGKST-OJ6,4,Male,24,14,1,Professional,No,Unmarried,3,"$58,000.00",1,0,Own,Domestic,"$21,000",26,No,No,Othe,3,Yes,19,No,No,No,No,No,No,No,0,6,$13.80,$16.56,$0.00,$0.00,$0.00,$0.00,$13.80,0
8473-QXSVZA-DJP,4,Male,45,12,5,Professional,No,Unmarried,1,"$94,000.00",4,1,Own,Foreign,"$24,400",24,No,No,Mast,26,Yes,19,No,No,No,No,No,No,Yes,0,56,$93.40,"$1,038.36",$0.00,$0.00,$0.00,$0.00,$93.40,0
8475-BZYGMZ-T83,1,Female,38,15,8,Agriculture,No,Unmarried,1,"$84,000.00",3,1,Own,Domestic,"$26,700",26,No,No,AMEX,20,Yes,14,Yes,Yes,Yes,No,No,Yes,No,1,61,$61.20,$696.44,$131.80,"$1,626.20",$221.75,"$3,170.64",$414.75,1
8477-FURXBL-V98,1,Male,47,15,8,Service,No,Unmarried,1,"$90,000.00",2,1,Own,Foreign,"$25,300",14,No,No,Disc,4,No,17,No,No,No,No,No,No,No,1,7,$16.20,$22.00,$0.00,$0.00,$0.00,$0.00,$16.20,0
8483-SKAAOW-I54,4,Female,53,12,11,Service,No,Unmarried,1,"$102,000.00",0,0,NoCar,N/A,$0,25,No,No,Disc,6,Yes,20,No,No,No,No,No,No,No,0,19,$39.80,$149.52,$0.00,$0.00,$0.00,$0.00,$39.80,0
8484-UVTYOP-GV9,4,Female,20,10,0,Professional,No,Married,6,"$44,000.00",1,0,Own,Foreign,"$12,400",26,No,No,Othe,2,Yes,17,No,Yes,Yes,Yes,Yes,Yes,Yes,0,35,$50.40,$358.48,$0.00,$0.00,$102.75,$863.46,$153.15,0
8485-EOQMEY-W3H,5,Female,61,14,20,Service,No,Unmarried,1,"$122,000.00",5,1,Own,Domestic,"$35,400",27,No,Yes,Visa,22,No,20,No,No,No,No,No,No,No,0,29,$41.40,$203.88,$0.00,$0.00,$0.00,$0.00,$41.40,0
8485-LLUICH-CVV,4,Male,75,17,24,Professional,No,Unmarried,1,"$108,000.00",0,1,Own,Domestic,"$53,600",32,No,No,AMEX,40,No,16,No,No,No,Yes,Yes,No,Yes,0,72,$117.60,"$1,687.40",$0.00,$0.00,$0.00,$0.00,$117.60,0
8485-MQGPZC-SMF,1,Female,21,16,0,Sales,No,Married,3,"$68,000.00",4,1,Own,Foreign,"$19,300",25,No,Yes,AMEX,3,No,27,No,Yes,No,Yes,Yes,Yes,No,1,20,$18.80,$86.44,$0.00,$0.00,$151.25,$711.30,$170.05,0
8486-GACXIF-M31,3,Female,18,13,0,Sales,No,Unmarried,4,"$56,000.00",0,1,Own,Domestic,"$18,800",29,Yes,No,Visa,0,Yes,20,Yes,No,No,Yes,Yes,Yes,No,1,7,$9.20,$12.44,$106.40,$106.60,$0.00,$0.00,$115.60,0
8487-TEPZCO-AVW,5,Male,45,13,3,Professional,No,Unmarried,1,"$84,000.00",2,1,Own,Foreign,"$23,800",35,Yes,Yes,AMEX,11,No,15,No,No,No,No,No,No,No,0,25,$18.20,$89.44,$0.00,$0.00,$0.00,$0.00,$18.20,0
8488-QGZBJH-JPP,4,Male,59,21,5,Sales,No,Unmarried,1,"$300,000.00",2,1,NoCar,N/A,$0,32,Yes,Yes,Visa,29,No,27,Yes,Yes,Yes,Yes,Yes,Yes,No,0,59,$32.00,$353.64,$219.60,"$2,557.24",$235.00,"$3,295.86",$486.60,1
8492-XMDDBH-M71,1,Male,56,13,23,Agriculture,Yes,Unmarried,1,"$148,000.00",0,0,Own,Domestic,"$46,500",22,No,Yes,AMEX,31,No,12,No,No,No,No,No,No,Yes,0,66,$99.00,"$1,337.80",$0.00,$0.00,$0.00,$0.00,$99.00,0
8493-ABKIAG-IAN,2,Male,30,22,2,Crafts,No,Married,4,"$82,000.00",6,1,Own,Domestic,"$18,900",21,No,Yes,Disc,12,Yes,13,Yes,Yes,Yes,No,Yes,Yes,No,1,36,$33.60,$233.92,$129.40,$907.08,$139.00,"$1,205.04",$302.00,1
8494-RXQCFW-OWC,2,Male,49,19,11,Professional,No,Unmarried,2,"$150,000.00",9,1,Own,Domestic,"$69,800",29,No,Yes,AMEX,10,Yes,16,Yes,No,No,No,No,Yes,Yes,0,24,$53.20,$231.48,$122.20,$481.88,$0.00,$0.00,$175.40,0
8498-ANIERZ-SOX,3,Female,76,9,22,Sales,Yes,Married,2,"$26,000.00",5,1,Lease,Domestic,"$4,700",32,Yes,No,Othe,32,Yes,15,No,No,No,No,No,No,Yes,0,68,$73.20,$975.44,$0.00,$0.00,$0.00,$0.00,$73.20,0
8503-CQVXYX-VNQ,2,Female,25,16,2,Agriculture,No,Married,6,"$32,000.00",1,1,Own,Domestic,"$9,900",30,No,No,Disc,7,No,17,No,Yes,No,Yes,Yes,No,No,0,54,$34.60,$392.00,$0.00,$0.00,$167.25,"$2,161.50",$201.85,0
8503-WRYEXZ-O7H,5,Male,26,9,5,Professional,No,Married,2,"$40,000.00",2,1,Lease,Foreign,"$8,300",26,No,No,Disc,8,No,28,No,No,No,Yes,Yes,No,Yes,0,29,$30.20,$175.36,$0.00,$0.00,$0.00,$0.00,$30.20,0
8505-MZQBHT-GH5,1,Male,62,11,14,Sales,No,Married,2,"$96,000.00",4,0,Own,Foreign,"$23,800",29,No,No,Visa,32,No,27,No,No,No,Yes,Yes,No,No,0,64,$75.20,$911.28,$0.00,$0.00,$0.00,$0.00,$75.20,0
8506-AHNZEB-MOF,3,Female,51,22,10,Professional,No,Unmarried,3,"$156,000.00",0,1,Own,Foreign,"$47,800",21,No,No,AMEX,12,No,25,Yes,Yes,Yes,Yes,Yes,Yes,Yes,0,32,$73.40,$443.84,$264.80,"$1,735.44",$302.25,"$2,294.16",$640.45,1
8511-QPHJJZ-0C0,5,Male,67,14,12,Professional,Yes,Married,2,"$40,000.00",12,1,Own,Domestic,"$11,700",40,No,No,AMEX,38,No,27,No,No,No,No,No,No,Yes,1,71,$163.60,"$2,249.24",$0.00,$0.00,$0.00,$0.00,$163.60,0
8512-KZJXAA-A34,5,Male,58,13,13,Service,No,Unmarried,1,"$108,000.00",7,1,Own,Domestic,"$28,000",23,No,Yes,Mast,18,Yes,18,No,No,No,Yes,Yes,No,Yes,0,43,$36.40,$319.28,$0.00,$0.00,$0.00,$0.00,$36.40,0
8512-RRDZYC-GKB,1,Female,67,19,27,Labor,Yes,Unmarried,1,"$60,000.00",6,0,Lease,Domestic,"$15,400",22,No,No,Mast,25,Yes,11,No,No,No,No,No,No,Yes,1,51,$109.40,"$1,058.76",$0.00,$0.00,$0.00,$0.00,$109.40,0
8514-TCRHWV-DPM,3,Male,78,10,28,Crafts,Yes,Unmarried,1,"$34,000.00",0,0,Own,Domestic,"$9,600",25,Yes,No,Visa,8,No,16,No,No,No,No,No,No,No,0,26,$61.40,$302.96,$0.00,$0.00,$0.00,$0.00,$61.40,0
8514-ZEYDWJ-VKF,4,Male,55,14,11,Sales,No,Unmarried,1,"$138,000.00",6,0,Own,Domestic,"$29,100",28,No,No,Mast,10,Yes,19,Yes,No,No,No,No,No,Yes,1,28,$28.60,$165.72,$150.20,$789.28,$0.00,$0.00,$178.80,0
8517-NNIXKJ-YXF,2,Female,25,15,1,Professional,No,Unmarried,2,"$106,000.00",0,0,Lease,Domestic,"$32,400",21,Yes,No,AMEX,3,No,18,No,No,No,No,Yes,Yes,No,0,3,$17.00,$7.68,$0.00,$0.00,$0.00,$0.00,$17.00,0
8519-SBYPFI-WDF,2,Male,77,12,44,Labor,Yes,Married,2,"$22,000.00",2,0,Lease,Foreign,"$7,400",23,No,Yes,AMEX,40,No,21,No,No,No,Yes,Yes,No,Yes,0,72,$89.40,"$1,285.88",$0.00,$0.00,$0.00,$0.00,$89.40,0
8520-MLQCDY-K1Y,2,Male,28,16,0,Professional,No,Unmarried,2,"$34,000.00",0,0,Lease,Foreign,"$7,900",27,Yes,Yes,Mast,10,No,12,No,No,No,Yes,No,No,No,1,17,$27.80,$97.52,$0.00,$0.00,$0.00,$0.00,$27.80,0
8522-GWNYLT-SIR,1,Male,50,19,8,Professional,No,Unmarried,1,"$168,000.00",1,0,Own,Domestic,"$35,700",26,Yes,Yes,Disc,10,No,18,Yes,Yes,No,No,No,Yes,Yes,0,32,$19.00,$119.60,$130.00,$807.20,$127.00,$973.02,$276.00,1
8524-HMQIXY-RZ0,4,Male,63,18,7,Professional,No,Married,2,"$132,000.00",1,1,Lease,Domestic,"$37,400",17,Yes,Yes,Disc,12,No,23,Yes,Yes,Yes,Yes,Yes,Yes,No,0,38,$23.80,$209.44,$218.80,"$1,621.04",$283.00,"$2,543.46",$525.60,1
8528-CEHEGW-O96,1,Female,60,17,13,Service,No,Unmarried,1,"$138,000.00",2,1,Own,Domestic,"$26,000",23,No,Yes,Visa,35,Yes,27,No,No,No,No,No,No,Yes,1,66,$73.60,$994.08,$0.00,$0.00,$0.00,$0.00,$73.60,0
8528-CVLRSJ-SUC,4,Female,61,19,11,Professional,No,Married,2,"$76,000.00",1,1,Own,Foreign,"$17,900",25,No,No,AMEX,28,No,17,No,Yes,Yes,Yes,Yes,No,Yes,0,56,$85.80,$914.88,$0.00,$0.00,$163.75,"$2,143.32",$249.55,0
8528-LRYUTI-DMW,5,Male,57,18,6,Sales,No,Married,2,"$62,000.00",6,1,Own,Domestic,"$18,300",41,Yes,Yes,Disc,12,No,26,Yes,Yes,Yes,No,No,Yes,No,0,27,$29.60,$154.40,$142.80,$773.44,$134.25,$858.42,$306.65,1
8529-HKPALG-13O,1,Female,72,19,14,Professional,No,Unmarried,1,"$116,000.00",0,0,Own,Domestic,"$28,100",27,No,No,Mast,19,No,26,No,Yes,Yes,Yes,Yes,No,No,0,52,$74.20,$756.76,$0.00,$0.00,$158.25,"$1,970.10",$232.45,0
8530-UFAWAZ-9DK,5,Female,49,12,20,Service,No,Married,2,"$108,000.00",2,1,Own,Domestic,"$66,700",33,No,No,Disc,29,No,24,No,No,No,No,No,Yes,Yes,0,61,$69.00,$901.20,$0.00,$0.00,$0.00,$0.00,$69.00,0
8537-DBOZNQ-AH6,1,Female,65,19,25,Labor,Yes,Unmarried,1,"$88,000.00",0,1,Own,Domestic,"$19,600",27,Yes,Yes,AMEX,10,No,18,Yes,No,No,No,No,Yes,No,1,43,$21.60,$172.48,$126.80,"$1,084.80",$0.00,$0.00,$148.40,0
8539-HZXMPS-G7I,5,Male,75,11,27,Professional,Yes,Married,2,"$34,000.00",1,0,Lease,Domestic,"$10,600",42,No,Yes,AMEX,33,Yes,15,No,No,No,No,No,No,Yes,0,67,$47.60,$636.64,$0.00,$0.00,$0.00,$0.00,$47.60,0
8546-NSMOFT-BDJ,4,Female,65,18,24,Agriculture,Yes,Unmarried,1,"$22,000.00",7,0,Lease,Foreign,"$6,200",26,Yes,Yes,AMEX,30,No,16,Yes,No,No,No,No,Yes,No,0,57,$65.00,$744.48,$126.00,"$1,417.44",$0.00,$0.00,$191.00,0
8547-RLCZHH-HZ6,3,Male,49,9,4,Sales,No,Married,3,"$90,000.00",0,1,Own,Foreign,"$28,800",12,Yes,No,Mast,31,No,17,No,No,No,Yes,No,No,Yes,0,69,$109.00,"$1,483.52",$0.00,$0.00,$0.00,$0.00,$109.00,0
8552-PQDROY-KFW,4,Female,47,12,4,Sales,No,Married,4,"$124,000.00",0,1,Own,Domestic,"$24,500",18,No,Yes,Visa,7,No,18,No,No,No,No,No,No,Yes,0,9,$27.20,$43.28,$0.00,$0.00,$0.00,$0.00,$27.20,0
8552-ZQJYEJ-BW1,3,Male,65,15,6,Sales,Yes,Unmarried,1,"$52,000.00",7,1,Own,Domestic,"$15,200",26,Yes,No,Visa,37,Yes,12,Yes,No,No,No,No,No,Yes,0,70,$272.40,"$3,705.60",$143.20,"$1,944.76",$0.00,$0.00,$415.60,1
8554-MORPOB-UFV,2,Male,56,15,21,Professional,No,Married,6,"$164,000.00",0,1,Own,Domestic,"$38,100",19,Yes,Yes,Disc,17,Yes,25,No,No,No,No,Yes,No,No,0,38,$33.60,$251.24,$0.00,$0.00,$0.00,$0.00,$33.60,0
8556-OAMUPP-4YG,4,Male,37,17,12,Agriculture,No,Married,2,"$144,000.00",3,1,Own,Domestic,"$32,800",31,No,Yes,Disc,19,No,23,No,Yes,Yes,No,Yes,Yes,No,0,57,$76.80,$869.68,$0.00,$0.00,$179.25,"$2,417.70",$256.05,0
8558-BHAKRJ-QTS,1,Female,42,11,1,Sales,No,Married,2,"$60,000.00",0,1,Own,Domestic,"$10,100",26,No,No,Visa,18,Yes,17,No,No,No,No,No,No,No,0,46,$41.40,$374.60,$0.00,$0.00,$0.00,$0.00,$41.40,0
8558-CDSHOL-Z77,1,Female,44,20,5,Professional,No,Married,4,"$132,000.00",1,0,Own,Domestic,"$31,000",20,Yes,No,Disc,12,Yes,19,No,Yes,Yes,Yes,Yes,No,No,0,30,$28.20,$168.00,$0.00,$0.00,$86.00,$580.26,$114.20,0
8559-MMOGWQ-LDU,4,Female,48,17,8,Professional,No,Married,2,"$82,000.00",3,0,Own,Domestic,"$20,300",26,No,Yes,AMEX,6,No,18,Yes,No,No,No,No,Yes,No,0,16,$23.00,$85.92,$101.00,$283.88,$0.00,$0.00,$124.00,0
8563-XFYTWE-1CH,3,Female,78,16,9,Professional,Yes,Unmarried,1,"$34,000.00",0,0,Lease,Domestic,"$8,100",26,No,No,Visa,10,Yes,27,No,No,Yes,Yes,Yes,No,No,0,19,$17.40,$68.88,$0.00,$0.00,$0.00,$0.00,$17.40,0
8563-YGTRBK-25I,3,Male,56,18,2,Sales,No,Married,2,"$120,000.00",2,1,Own,Domestic,"$31,900",25,No,Yes,Disc,19,Yes,19,No,No,No,Yes,Yes,No,No,0,48,$56.80,$589.24,$0.00,$0.00,$0.00,$0.00,$56.80,0
8570-VCWJTN-3VL,1,Male,21,11,2,Crafts,No,Married,3,"$30,000.00",1,0,Lease,Domestic,"$4,300",19,No,No,Visa,2,No,23,No,No,No,Yes,Yes,No,No,1,5,$8.00,$6.36,$0.00,$0.00,$0.00,$0.00,$8.00,0
8574-GUQVLV-C04,1,Male,23,15,2,Labor,No,Unmarried,1,"$62,000.00",1,1,Own,Foreign,"$16,100",13,Yes,Yes,Disc,5,No,14,No,No,No,No,No,No,No,0,24,$17.20,$87.32,$0.00,$0.00,$0.00,$0.00,$17.20,0
8577-NBUCVN-AOC,2,Female,41,15,4,Sales,No,Married,2,"$166,000.00",0,1,Own,Domestic,"$38,400",18,Yes,Yes,Disc,15,No,18,Yes,Yes,Yes,Yes,Yes,Yes,Yes,0,50,$31.00,$310.48,$172.60,"$1,654.08",$214.00,"$2,592.00",$417.60,1
8578-TWSGQD-0P1,1,Male,48,18,4,Sales,No,Unmarried,1,"$178,000.00",1,1,Own,Domestic,"$39,200",19,Yes,No,Disc,24,No,23,No,No,No,Yes,Yes,No,Yes,0,52,$106.80,"$1,088.32",$0.00,$0.00,$0.00,$0.00,$106.80,0
8580-NWOECM-8O1,5,Male,53,12,8,Professional,No,Unmarried,1,"$64,000.00",4,1,Own,Foreign,"$14,300",40,No,No,Mast,22,No,20,No,Yes,Yes,Yes,Yes,No,No,1,51,$61.80,$657.56,$0.00,$0.00,$116.75,"$1,431.54",$178.55,0
8581-YRJOEY-YZX,5,Male,64,15,4,Sales,No,Unmarried,1,"$88,000.00",6,1,Lease,Foreign,"$20,100",18,Yes,No,Visa,24,No,25,No,No,No,No,No,No,Yes,0,51,$75.00,$736.64,$0.00,$0.00,$0.00,$0.00,$75.00,0
8583-RQVIST-7VX,4,Female,51,14,11,Sales,No,Unmarried,1,"$70,000.00",0,0,Own,Foreign,"$16,600",22,No,Yes,Mast,12,No,26,No,No,No,Yes,Yes,No,Yes,0,42,$57.60,$503.88,$0.00,$0.00,$0.00,$0.00,$57.60,0
8584-CIKFBN-Q7X,3,Male,50,21,5,Professional,No,Unmarried,1,"$178,000.00",0,1,NoCar,N/A,$0,29,No,Yes,Disc,18,No,20,No,Yes,No,Yes,Yes,No,Yes,0,35,$30.00,$216.20,$0.00,$0.00,$101.25,$871.92,$131.25,0
8584-IRPJWC-YMW,5,Male,18,11,1,Crafts,No,Unmarried,4,"$30,000.00",3,1,NoCar,N/A,$0,33,Yes,No,AMEX,0,No,16,No,No,No,Yes,Yes,No,Yes,0,3,$25.00,$12.40,$0.00,$0.00,$0.00,$0.00,$25.00,0
8584-WFWZMU-7MD,1,Female,64,19,23,Crafts,Yes,Unmarried,1,"$22,000.00",2,0,Lease,Domestic,"$4,900",25,No,No,AMEX,38,Yes,23,Yes,Yes,No,No,No,Yes,Yes,0,71,$96.80,"$1,374.24",$136.60,"$1,931.28",$165.75,"$2,768.28",$399.15,1
8585-ZAIQRV-V3O,4,Male,61,14,5,Sales,No,Married,2,"$56,000.00",0,1,Own,Foreign,"$12,400",13,Yes,Yes,AMEX,2,No,22,Yes,Yes,Yes,Yes,Yes,Yes,No,0,5,$12.40,$11.76,$152.60,$129.88,$183.25,$160.02,$348.25,1
8586-VGOASR-CYX,1,Male,42,16,4,Professional,No,Married,5,"$88,000.00",3,1,Own,Foreign,"$23,000",32,No,No,Disc,20,No,24,Yes,No,No,No,No,Yes,Yes,1,44,$69.40,$604.64,$93.20,$804.28,$0.00,$0.00,$162.60,0
8588-IWKWIY-82E,4,Male,79,15,20,Professional,Yes,Married,2,"$56,000.00",8,0,Lease,Domestic,"$11,100",29,No,No,Disc,27,No,20,No,No,Yes,Yes,No,Yes,Yes,0,60,$57.40,$673.84,$0.00,$0.00,$0.00,$0.00,$57.40,0
8590-ODBHMF-7EP,5,Female,29,19,3,Agriculture,No,Unmarried,1,"$32,000.00",3,0,Lease,Foreign,"$6,100",22,No,Yes,Disc,9,Yes,21,Yes,Yes,Yes,No,No,Yes,No,1,23,$21.20,$104.72,$137.60,$600.28,$140.50,$748.98,$299.30,1
8592-MLJXCD-ZU1,1,Male,47,18,3,Sales,No,Married,2,"$128,000.00",3,0,Own,Foreign,"$39,100",18,Yes,Yes,AMEX,22,No,22,Yes,No,No,No,No,Yes,Yes,0,45,$34.80,$316.08,$151.00,"$1,419.24",$0.00,$0.00,$185.80,0
8593-THQWOR-7NI,5,Female,29,22,0,Professional,No,Unmarried,2,"$92,000.00",2,0,Own,Domestic,"$18,500",27,Yes,Yes,Disc,7,No,18,Yes,No,No,No,No,Yes,No,1,18,$20.80,$55.52,$125.00,$456.28,$0.00,$0.00,$145.80,0
8595-XUTENK-7GV,4,Male,21,16,0,Sales,No,Married,6,"$40,000.00",8,1,Own,Domestic,"$6,600",32,Yes,No,Visa,3,Yes,22,Yes,No,No,No,No,Yes,No,1,16,$16.80,$59.48,$119.80,$336.44,$0.00,$0.00,$136.60,0
8598-USALTF-08H,4,Male,55,20,12,Professional,No,Married,2,"$50,000.00",7,1,Lease,Foreign,"$11,900",24,Yes,Yes,Visa,26,No,12,Yes,Yes,Yes,Yes,No,Yes,No,0,48,$33.60,$339.28,$209.00,"$1,884.24",$277.25,"$3,236.16",$519.85,1
8600-EXZEPZ-Y7N,4,Female,33,13,5,Service,No,Married,2,"$52,000.00",5,1,Own,Foreign,"$14,000",28,No,No,Mast,8,No,27,Yes,Yes,Yes,Yes,No,Yes,No,0,23,$16.60,$66.64,$220.80,$960.56,$270.50,"$1,434.54",$507.90,1
8602-EFMEHA-L7G,2,Male,44,16,15,Service,No,Unmarried,1,"$148,000.00",3,1,Own,Domestic,"$37,900",15,No,Yes,Disc,9,Yes,20,Yes,Yes,Yes,Yes,Yes,Yes,No,1,16,$20.20,$71.44,$166.60,$494.68,$156.50,$603.72,$343.30,1
8604-HXWQZU-3LR,1,Female,19,13,0,Sales,No,Unmarried,1,"$28,000.00",0,0,Own,Domestic,"$6,500",22,Yes,No,Othe,1,Yes,16,Yes,No,Yes,No,Yes,No,No,1,7,$12.60,$19.84,$98.00,$98.24,$0.00,$0.00,$110.60,0
8607-AMZELA-S5B,5,Female,57,18,23,Agriculture,No,Unmarried,1,"$472,000.00",0,1,Own,Domestic,"$88,000",19,Yes,No,Disc,17,No,24,No,No,Yes,Yes,Yes,No,No,0,22,$70.80,$262.96,$0.00,$0.00,$0.00,$0.00,$70.80,0
8607-TZSLGG-CGX,2,Female,74,15,11,Sales,No,Unmarried,1,"$114,000.00",2,1,Own,Domestic,"$29,800",28,No,No,AMEX,14,No,23,Yes,No,No,No,No,Yes,Yes,1,22,$29.20,$129.44,$118.20,$506.80,$0.00,$0.00,$147.40,0
8608-OGABQO-XFZ,5,Male,42,8,2,Sales,No,Unmarried,1,"$44,000.00",3,1,NoCar,N/A,$0,28,Yes,No,AMEX,4,No,17,No,No,No,Yes,Yes,No,No,0,6,$13.40,$10.64,$0.00,$0.00,$0.00,$0.00,$13.40,0
8609-KDLWPI-2KT,3,Male,21,16,0,Labor,No,Unmarried,1,"$40,000.00",1,1,Own,Foreign,"$9,200",23,No,No,Visa,3,Yes,23,No,Yes,Yes,Yes,Yes,Yes,No,0,39,$52.80,$419.72,$0.00,$0.00,$181.00,"$1,553.28",$233.80,0
8612-LRUHOZ-UB7,3,Female,32,12,2,Sales,No,Married,2,"$70,000.00",5,0,Own,Domestic,"$17,400",28,No,No,Mast,4,No,11,No,Yes,No,Yes,Yes,No,No,0,17,$17.20,$56.32,$0.00,$0.00,$112.50,$454.92,$129.70,0
8614-KKHWFJ-HPK,5,Male,57,15,6,Sales,No,Married,2,"$146,000.00",9,0,Own,Foreign,"$40,400",17,No,Yes,Visa,18,No,21,No,No,No,No,No,No,Yes,1,48,$55.20,$577.40,$0.00,$0.00,$0.00,$0.00,$55.20,0
8619-BKBHQZ-3WP,1,Female,27,16,3,Agriculture,No,Unmarried,1,"$76,000.00",0,0,Own,Domestic,"$19,000",21,No,No,Visa,9,Yes,20,No,No,Yes,Yes,No,Yes,Yes,1,28,$21.40,$103.20,$0.00,$0.00,$0.00,$0.00,$21.40,0
8619-SWTYFF-86M,1,Male,76,12,29,Crafts,Yes,Married,2,"$58,000.00",2,1,Own,Domestic,"$12,100",20,Yes,No,Visa,34,No,23,No,No,No,No,No,No,Yes,0,64,$49.00,$673.60,$0.00,$0.00,$0.00,$0.00,$49.00,0
8621-DROOEF-9Q9,4,Female,42,16,5,Professional,No,Married,2,"$184,000.00",3,1,Own,Domestic,"$45,600",26,Yes,No,Disc,17,No,16,Yes,No,No,No,Yes,No,Yes,1,36,$59.40,$455.88,$129.20,$865.00,$0.00,$0.00,$188.60,0
8624-ACFLUI-IAT,2,Female,47,13,4,Sales,No,Married,2,"$58,000.00",5,0,Own,Foreign,"$15,300",15,Yes,No,AMEX,29,No,27,No,No,No,No,No,No,Yes,0,60,$62.40,$731.40,$0.00,$0.00,$0.00,$0.00,$62.40,0
8626-NKWYNG-LN8,2,Female,61,9,26,Crafts,No,Married,2,"$196,000.00",4,1,Own,Domestic,"$45,800",20,No,No,Visa,33,Yes,16,No,Yes,Yes,Yes,Yes,No,Yes,0,65,$69.80,$888.28,$0.00,$0.00,$143.25,"$2,223.42",$213.05,0
8628-ULBCLY-YNT,3,Male,47,15,12,Labor,No,Unmarried,1,"$124,000.00",10,1,Own,Domestic,"$35,800",15,No,Yes,AMEX,29,Yes,23,No,No,No,No,No,No,Yes,0,71,$163.20,"$2,317.60",$0.00,$0.00,$0.00,$0.00,$163.20,0
8629-HYFVOR-FTL,3,Female,61,8,9,Sales,No,Unmarried,1,"$50,000.00",1,1,Lease,Foreign,"$19,900",31,Yes,No,Othe,27,Yes,15,No,No,No,Yes,Yes,No,No,0,54,$53.20,$564.88,$0.00,$0.00,$0.00,$0.00,$53.20,0
8629-LVIHRJ-THE,4,Female,74,13,6,Sales,No,Married,2,"$68,000.00",0,1,Lease,Domestic,"$20,200",28,Yes,No,AMEX,23,Yes,20,Yes,Yes,Yes,Yes,Yes,Yes,Yes,0,54,$73.80,$791.48,$191.40,"$2,060.76",$278.75,"$3,683.76",$543.95,1
8632-GOCPQE-72H,1,Male,65,18,3,Professional,No,Married,2,"$72,000.00",6,0,Own,Domestic,"$18,900",27,Yes,Yes,Disc,14,No,18,No,No,No,No,No,Yes,No,0,34,$30.20,$218.12,$0.00,$0.00,$0.00,$0.00,$30.20,0
8635-SSCGQX-N1I,3,Female,78,18,13,Labor,Yes,Married,2,"$18,000.00",0,1,Own,Foreign,"$4,000",28,No,No,Mast,33,Yes,0,Yes,Yes,Yes,Yes,Yes,Yes,Yes,0,66,$92.40,"$1,168.16",$188.40,"$2,420.24",$224.75,"$3,517.32",$505.55,1
8638-JHITJS-8LX,2,Male,18,13,0,Labor,No,Married,4,"$30,000.00",0,1,Lease,Foreign,"$4,900",27,No,No,Visa,0,Yes,0,No,Yes,Yes,Yes,Yes,Yes,No,0,12,$45.20,$84.52,$0.00,$0.00,$110.00,$249.96,$155.20,0
8638-OGVKLB-VOI,3,Female,53,13,2,Sales,No,Married,2,"$54,000.00",1,0,Own,Foreign,"$10,200",23,No,No,Mast,7,Yes,15,No,Yes,Yes,Yes,Yes,No,No,0,15,$21.00,$67.52,$0.00,$0.00,$185.25,$673.02,$206.25,0
8639-AUPQYM-25S,2,Male,23,13,0,Professional,No,Unmarried,1,"$32,000.00",2,0,NoCar,N/A,$0,28,No,Yes,Mast,5,Yes,21,Yes,No,No,No,No,No,No,0,30,$40.80,$262.40,$107.00,$631.92,$0.00,$0.00,$147.80,0
8639-PHNKZL-7YL,4,Male,75,20,38,Crafts,Yes,Married,2,"$279,000.00",2,1,Own,Domestic,"$84,000",26,No,No,Disc,37,Yes,20,Yes,Yes,Yes,Yes,Yes,Yes,Yes,0,71,$154.00,"$2,154.64",$276.40,"$3,889.64",$456.25,"$7,645.08",$886.65,1
8641-LPLJYF-Z0V,4,Female,46,13,9,Agriculture,No,Unmarried,1,"$90,000.00",0,1,Own,Foreign,"$27,500",23,No,No,Visa,21,Yes,16,No,No,No,No,No,No,Yes,0,50,$50.00,$525.40,$0.00,$0.00,$0.00,$0.00,$50.00,0
8642-OQPPOH-ANY,2,Male,22,17,0,Labor,No,Unmarried,1,"$42,000.00",4,1,Lease,Domestic,"$12,900",23,No,No,AMEX,3,Yes,16,Yes,Yes,Yes,Yes,Yes,Yes,No,1,6,$14.80,$24.40,$170.80,$176.72,$171.00,$203.10,$356.60,1
8645-HGZYYD-40Y,2,Female,63,21,14,Professional,No,Unmarried,1,"$194,000.00",2,0,Own,Foreign,"$46,100",31,No,Yes,AMEX,22,Yes,25,Yes,Yes,Yes,No,No,Yes,No,0,45,$31.20,$274.28,$160.00,"$1,293.72",$153.00,"$1,636.68",$344.20,1
8648-OEELYD-BUO,4,Male,23,15,2,Labor,No,Unmarried,4,"$52,000.00",1,1,Own,Domestic,"$10,300",25,No,No,Mast,5,Yes,19,Yes,No,No,No,No,Yes,No,1,15,$26.40,$83.32,$126.60,$327.12,$0.00,$0.00,$153.00,0
8652-FHVYTV-733,1,Male,61,9,13,Professional,No,Married,2,"$68,000.00",0,1,Own,Foreign,"$18,900",32,No,Yes,Visa,32,No,14,No,No,No,Yes,No,No,Yes,1,56,$110.80,"$1,224.28",$0.00,$0.00,$0.00,$0.00,$110.80,0
8656-WEOZRQ-XWU,2,Female,75,12,27,Service,Yes,Married,2,"$20,000.00",8,1,Lease,Domestic,"$5,400",29,No,No,Disc,40,Yes,12,No,No,No,Yes,Yes,No,Yes,1,72,$92.00,"$1,388.48",$0.00,$0.00,$0.00,$0.00,$92.00,0
8658-GPCWZV-ENZ,4,Female,40,13,3,Professional,No,Unmarried,1,"$72,000.00",7,1,Own,Domestic,"$17,900",28,No,Yes,Visa,21,No,17,No,No,No,No,Yes,No,No,0,45,$32.80,$292.56,$0.00,$0.00,$0.00,$0.00,$32.80,0
8658-HTCCSR-AK4,1,Female,72,21,29,Labor,Yes,Unmarried,1,"$38,000.00",0,0,Own,Domestic,"$10,300",32,No,Yes,Mast,36,No,12,No,Yes,No,Yes,Yes,No,Yes,0,67,$108.00,"$1,438.60",$0.00,$0.00,$185.50,"$2,963.40",$293.50,1
8660-WIUHTN-TO5,2,Male,76,16,34,Crafts,Yes,Unmarried,1,"$40,000.00",1,0,Own,Foreign,"$8,100",22,No,Yes,Visa,20,No,24,No,No,No,No,No,Yes,Yes,0,49,$30.20,$318.96,$0.00,$0.00,$0.00,$0.00,$30.20,0
8662-IXXFSD-7ZL,5,Female,27,14,5,Labor,No,Unmarried,4,"$156,000.00",13,1,Own,Foreign,"$37,700",26,No,No,Disc,10,Yes,24,No,Yes,Yes,Yes,Yes,Yes,Yes,0,26,$27.60,$141.08,$0.00,$0.00,$135.75,$862.26,$163.35,0
8662-KFTSLI-UZC,5,Female,78,21,38,Labor,Yes,Unmarried,1,"$98,000.00",0,0,Own,Foreign,"$20,700",26,No,Yes,Mast,40,No,21,Yes,Yes,Yes,No,No,Yes,Yes,0,72,$201.20,"$2,943.20",$234.40,"$3,395.48",$353.75,"$5,950.26",$789.35,1
8665-ZTJWBH-V5O,3,Male,46,17,14,Labor,No,Unmarried,1,"$150,000.00",4,1,Own,Foreign,"$45,500",31,No,No,Mast,29,Yes,18,No,No,No,Yes,Yes,Yes,Yes,0,60,$54.20,$599.80,$0.00,$0.00,$0.00,$0.00,$54.20,0
8669-KDTDDR-BQT,4,Male,20,12,1,Agriculture,No,Married,5,"$30,000.00",1,1,Lease,Foreign,"$5,600",31,Yes,No,AMEX,2,Yes,22,No,No,No,Yes,Yes,No,No,0,11,$16.40,$43.64,$0.00,$0.00,$0.00,$0.00,$16.40,0
8671-AKJOZO-KLR,4,Male,21,16,0,Crafts,No,Married,6,"$34,000.00",0,1,Lease,Foreign,"$10,100",21,No,No,Mast,3,Yes,19,Yes,Yes,Yes,Yes,Yes,Yes,Yes,0,39,$69.20,$507.24,$217.60,"$1,651.84",$413.00,"$3,768.48",$699.80,1
8671-YOYDNI-GOD,4,Male,23,18,0,Crafts,No,Married,2,"$120,000.00",0,1,Own,Foreign,"$26,500",32,No,Yes,Disc,5,Yes,25,No,No,No,Yes,Yes,No,Yes,0,14,$33.40,$98.88,$0.00,$0.00,$0.00,$0.00,$33.40,0
8677-REKIVF-1JD,3,Female,74,13,23,Service,No,Unmarried,1,"$167,000.00",0,1,NoCar,N/A,$0,14,No,Yes,Disc,37,No,23,No,No,No,Yes,Yes,No,Yes,0,72,$92.20,"$1,354.36",$0.00,$0.00,$0.00,$0.00,$92.20,0
8678-FRWADD-6I9,4,Female,33,14,6,Service,No,Married,5,"$46,000.00",0,0,Own,Domestic,"$12,300",39,No,No,AMEX,14,No,18,No,No,No,Yes,Yes,No,No,0,31,$21.80,$125.96,$0.00,$0.00,$0.00,$0.00,$21.80,0
8678-YSAVQI-BUM,1,Male,32,19,1,Sales,No,Married,2,"$162,000.00",0,1,Own,Foreign,"$39,900",24,Yes,Yes,Disc,5,No,17,Yes,No,No,No,No,Yes,No,1,18,$19.60,$70.92,$116.40,$383.00,$0.00,$0.00,$136.00,0
8678-ZQSKAK-MOQ,1,Female,51,16,4,Professional,No,Married,5,"$74,000.00",0,1,Own,Domestic,"$17,600",18,Yes,No,Visa,6,No,17,No,No,No,Yes,No,No,No,0,27,$25.20,$139.88,$0.00,$0.00,$0.00,$0.00,$25.20,0
8680-CAWJBT-YV6,4,Male,67,13,6,Sales,Yes,Married,3,"$32,000.00",0,1,Own,Foreign,"$7,500",17,Yes,No,Disc,25,No,12,No,No,No,Yes,Yes,No,No,0,61,$89.00,"$1,056.00",$0.00,$0.00,$0.00,$0.00,$89.00,0
8681-HUTWSX-QII,1,Female,79,18,36,Labor,Yes,Unmarried,1,"$34,000.00",2,1,Lease,Foreign,"$9,600",24,Yes,Yes,Mast,40,No,11,No,No,No,No,No,Yes,Yes,0,72,$190.20,"$2,728.88",$0.00,$0.00,$0.00,$0.00,$190.20,0
8681-LQUWES-XE6,5,Female,79,11,13,Professional,Yes,Married,2,"$54,000.00",0,1,Own,Domestic,"$11,400",22,No,Yes,Disc,38,No,23,No,No,No,No,No,No,Yes,0,69,$75.80,"$1,034.52",$0.00,$0.00,$0.00,$0.00,$75.80,0
8682-RMYBPV-VJC,1,Male,49,17,6,Professional,No,Unmarried,1,"$98,000.00",3,1,Lease,Foreign,"$24,300",24,No,Yes,Disc,2,No,25,Yes,No,Yes,Yes,Yes,Yes,No,0,5,$25.20,$20.88,$153.60,$113.44,$0.00,$0.00,$178.80,0
8685-HTXFEY-GTL,1,Male,79,9,30,Agriculture,Yes,Married,2,"$26,000.00",8,0,Lease,Domestic,"$8,500",24,No,Yes,Visa,40,No,22,No,No,No,Yes,Yes,No,Yes,0,72,$316.20,"$4,497.84",$0.00,$0.00,$0.00,$0.00,$316.20,1
8686-ZDJWCL-YL1,5,Female,28,18,1,Professional,No,Unmarried,1,"$90,000.00",2,0,Own,Domestic,"$26,800",27,No,Yes,AMEX,10,Yes,12,Yes,No,No,No,No,Yes,No,0,28,$53.00,$299.24,$116.40,$614.92,$0.00,$0.00,$169.40,0
8687-PKARKB-0I0,3,Male,64,11,14,Professional,No,Married,2,"$116,000.00",9,1,Lease,Foreign,"$20,000",26,No,No,Visa,7,No,19,No,No,No,No,No,No,No,0,12,$17.20,$45.68,$0.00,$0.00,$0.00,$0.00,$17.20,0
8688-HWWSCW-P1A,3,Female,24,17,0,Sales,No,Married,4,"$54,000.00",8,1,Own,Domestic,"$14,700",24,No,Yes,Othe,6,No,21,No,No,No,No,Yes,No,Yes,0,28,$41.60,$225.08,$0.00,$0.00,$0.00,$0.00,$41.60,0
8691-NEWRIL-2QR,4,Male,37,16,6,Professional,No,Married,3,"$76,000.00",1,1,NoCar,N/A,$0,20,Yes,No,Mast,9,Yes,12,Yes,Yes,Yes,Yes,Yes,Yes,Yes,0,25,$23.40,$92.00,$202.80,$994.32,$208.50,"$1,208.40",$434.70,1
8693-AVOSVX-VXT,5,Female,32,14,8,Labor,No,Married,4,"$68,000.00",5,0,Own,Domestic,"$17,700",23,Yes,No,Disc,4,No,18,No,Yes,No,Yes,Yes,No,No,1,11,$27.20,$65.04,$0.00,$0.00,$118.50,$335.64,$145.70,0
8693-GLORSV-LZQ,1,Male,30,12,4,Professional,No,Married,5,"$60,000.00",0,1,Own,Domestic,"$16,500",18,Yes,No,AMEX,6,Yes,22,No,No,No,No,No,No,No,0,22,$15.80,$63.52,$0.00,$0.00,$0.00,$0.00,$15.80,0
8696-AARXBQ-SBQ,5,Female,40,12,5,Sales,No,Unmarried,2,"$58,000.00",0,0,Own,Foreign,"$19,700",24,No,No,Visa,14,No,12,No,Yes,Yes,Yes,Yes,No,No,0,29,$20.60,$131.56,$0.00,$0.00,$128.50,$830.76,$149.10,0
8696-ZFDBUR-ECI,5,Male,53,8,18,Labor,No,Married,2,"$122,000.00",0,1,Own,Foreign,"$35,000",27,No,Yes,Mast,35,No,13,No,No,No,Yes,No,No,Yes,0,66,$138.00,"$1,835.52",$0.00,$0.00,$0.00,$0.00,$138.00,0
8700-OICYFA-DCR,3,Female,35,18,0,Sales,No,Unmarried,1,"$88,000.00",9,0,Own,Domestic,"$19,400",21,No,Yes,Visa,10,No,22,Yes,No,No,No,No,Yes,No,0,24,$28.00,$140.64,$140.40,$613.92,$0.00,$0.00,$168.40,0
8700-OQMSUZ-JN6,5,Female,29,21,0,Sales,No,Married,6,"$36,000.00",2,0,Lease,Domestic,"$8,800",44,No,Yes,Mast,11,Yes,23,No,Yes,Yes,Yes,Yes,Yes,No,0,31,$20.20,$126.84,$0.00,$0.00,$196.00,"$1,475.40",$216.20,0
8700-TZAFBP-L82,1,Female,58,13,10,Sales,No,Unmarried,1,"$70,000.00",1,0,NoCar,N/A,$0,27,No,No,AMEX,15,No,20,No,No,No,No,No,No,Yes,1,32,$14.60,$96.64,$0.00,$0.00,$0.00,$0.00,$14.60,0
8704-ABWOSF-LWO,2,Male,45,20,12,Labor,No,Unmarried,3,"$92,000.00",0,1,Own,Foreign,"$30,600",33,No,No,Disc,28,No,22,Yes,No,No,No,No,Yes,No,0,52,$56.40,$555.92,$147.40,"$1,507.48",$0.00,$0.00,$203.80,0
8709-IEIYSX-9NL,3,Male,31,12,3,Professional,No,Unmarried,3,"$84,000.00",0,0,Own,Domestic,"$20,200",25,No,No,Mast,3,Yes,17,No,No,No,No,No,No,No,0,8,$23.00,$25.28,$0.00,$0.00,$0.00,$0.00,$23.00,0
8711-JOPRPU-AU6,5,Female,32,17,4,Service,No,Unmarried,1,"$52,000.00",0,0,Own,Foreign,"$12,400",19,No,No,Disc,14,Yes,19,No,No,No,No,No,No,No,0,40,$31.00,$244.00,$0.00,$0.00,$0.00,$0.00,$31.00,0
8712-BMUXQO-1OV,3,Female,74,7,11,Sales,Yes,Unmarried,1,"$22,000.00",2,0,Own,Foreign,"$5,400",26,Yes,No,Visa,25,No,16,No,No,No,No,No,No,No,1,41,$37.20,$292.32,$0.00,$0.00,$0.00,$0.00,$37.20,0
8716-VIGELV-5X7,1,Female,35,17,10,Labor,No,Married,4,"$192,000.00",4,1,Own,Domestic,"$48,300",17,No,No,AMEX,17,Yes,17,No,No,No,Yes,Yes,No,Yes,0,64,$75.20,$941.40,$0.00,$0.00,$0.00,$0.00,$75.20,0
8718-DTQJOP-O35,5,Female,69,11,21,Crafts,Yes,Married,4,"$70,000.00",5,0,Own,Domestic,"$17,600",22,No,Yes,Mast,28,No,19,No,No,No,No,Yes,No,Yes,0,65,$59.20,$800.80,$0.00,$0.00,$0.00,$0.00,$59.20,0
8719-HJNFNY-K8Y,2,Female,73,15,7,Sales,Yes,Unmarried,1,"$28,000.00",13,1,Lease,Domestic,"$4,700",28,No,No,AMEX,26,Yes,19,No,No,No,No,No,No,Yes,0,52,$46.80,$450.72,$0.00,$0.00,$0.00,$0.00,$46.80,0
8722-QXBTTE-ZZN,4,Male,43,11,4,Sales,No,Married,2,"$120,000.00",6,0,Own,Foreign,"$36,400",25,No,No,AMEX,11,No,16,No,No,No,No,No,No,Yes,0,30,$27.40,$175.96,$0.00,$0.00,$0.00,$0.00,$27.40,0
8723-NTRQSS-JQZ,4,Male,35,17,2,Sales,No,Unmarried,2,"$44,000.00",5,1,Own,Foreign,"$8,300",31,No,Yes,Disc,3,No,19,Yes,Yes,No,Yes,No,No,No,0,8,$11.00,$11.40,$115.40,$170.72,$110.50,$180.48,$236.90,0
8724-ZFSGUO-JYL,3,Male,68,12,7,Sales,No,Unmarried,1,"$62,000.00",2,0,Lease,Domestic,"$16,500",30,Yes,Yes,Mast,14,No,17,Yes,No,No,No,No,Yes,Yes,0,42,$27.60,$221.20,$110.80,$911.08,$0.00,$0.00,$138.40,0
8727-XEHGFY-33T,2,Male,51,10,3,Sales,No,Married,2,"$70,000.00",0,1,Own,Domestic,"$14,100",27,Yes,No,Visa,14,Yes,16,No,No,No,No,No,No,No,0,41,$28.00,$248.64,$0.00,$0.00,$0.00,$0.00,$28.00,0
8728-EKQQPT-Y6N,2,Female,65,12,29,Service,Yes,Unmarried,1,"$32,000.00",5,0,Own,Domestic,"$9,800",28,Yes,No,AMEX,15,No,25,No,No,No,No,No,Yes,No,0,40,$32.40,$275.92,$0.00,$0.00,$0.00,$0.00,$32.40,0
8731-TFXZCT-ERX,1,Male,41,15,12,Service,No,Unmarried,2,"$136,000.00",1,1,Lease,Foreign,"$44,400",23,Yes,Yes,Mast,3,Yes,15,Yes,Yes,Yes,No,No,Yes,No,1,3,$16.60,$7.32,$139.00,$44.48,$87.50,$72.18,$243.10,0
8733-EDAXNE-8DV,3,Male,47,20,17,Crafts,No,Married,2,"$137,000.00",2,1,Own,Foreign,"$78,100",21,No,Yes,AMEX,29,No,22,Yes,Yes,Yes,No,Yes,Yes,Yes,0,69,$88.20,"$1,178.64",$179.40,"$2,378.40",$182.25,"$2,970.30",$449.85,1
8734-GZXOYQ-8WM,1,Male,79,16,26,Labor,Yes,Unmarried,1,"$38,000.00",6,0,Own,Domestic,"$8,800",25,Yes,Yes,AMEX,39,No,21,No,No,No,Yes,No,No,Yes,0,71,$116.80,"$1,689.44",$0.00,$0.00,$0.00,$0.00,$116.80,0
8735-AQRTUQ-N5C,4,Female,40,21,3,Professional,No,Unmarried,1,"$106,000.00",2,1,Own,Domestic,"$25,800",26,Yes,Yes,Disc,11,Yes,28,Yes,No,No,No,Yes,Yes,Yes,0,23,$26.00,$109.00,$126.80,$504.80,$0.00,$0.00,$152.80,0
8736-BVKWKI-755,5,Female,65,10,34,Labor,No,Unmarried,1,"$221,000.00",7,1,Own,Foreign,"$93,100",27,No,Yes,Mast,35,Yes,21,No,Yes,Yes,Yes,Yes,No,No,0,63,$42.20,$482.24,$0.00,$0.00,$285.75,"$4,261.92",$327.95,1
8742-LWTONK-ER7,5,Male,57,9,11,Sales,No,Married,4,"$108,000.00",1,1,Own,Domestic,"$25,400",27,Yes,Yes,Othe,8,Yes,21,No,No,No,Yes,Yes,No,No,1,27,$14.80,$73.96,$0.00,$0.00,$0.00,$0.00,$14.80,0
8743-OEYNFL-WTY,4,Female,33,10,8,Crafts,No,Married,2,"$50,000.00",7,1,Own,Foreign,"$12,100",24,No,Yes,Disc,15,Yes,20,No,No,No,No,No,No,Yes,0,48,$66.40,$637.68,$0.00,$0.00,$0.00,$0.00,$66.40,0
8745-DMQULS-JO0,2,Male,19,14,0,Sales,No,Married,5,"$46,000.00",0,1,Own,Domestic,"$14,000",42,Yes,No,Visa,1,Yes,16,No,No,No,Yes,Yes,No,Yes,0,18,$64.20,$230.40,$0.00,$0.00,$0.00,$0.00,$64.20,0
8747-UACYSV-BUP,5,Female,69,15,14,Service,No,Unmarried,1,"$146,000.00",12,1,Own,Foreign,"$30,200",29,No,No,AMEX,19,Yes,19,Yes,Yes,Yes,Yes,Yes,Yes,No,0,57,$70.60,$823.48,$190.20,"$2,148.56",$255.25,"$3,284.94",$516.05,1
8748-SLNNYV-3YQ,1,Female,75,19,31,Labor,Yes,Married,5,"$100,000.00",8,1,NoCar,N/A,$0,28,No,Yes,Visa,35,No,14,Yes,Yes,Yes,Yes,Yes,No,Yes,0,71,$93.60,"$1,336.48",$194.00,"$2,608.76",$287.25,"$4,607.22",$574.85,1
8750-FGAPJF-NZS,2,Female,68,14,19,Professional,No,Unmarried,1,"$150,000.00",3,0,Own,Foreign,"$54,700",21,Yes,No,Mast,26,No,22,No,No,No,No,No,No,Yes,0,58,$56.80,$641.44,$0.00,$0.00,$0.00,$0.00,$56.80,0
8751-OQXFAA-J60,2,Male,23,16,0,Service,No,Unmarried,4,"$30,000.00",0,0,Lease,Foreign,"$6,600",18,No,Yes,Visa,5,No,20,No,No,No,No,No,No,Yes,0,24,$28.00,$141.16,$0.00,$0.00,$0.00,$0.00,$28.00,0
8752-HFQFOE-73Z,1,Male,27,9,3,Professional,No,Married,4,"$64,000.00",0,1,Own,Foreign,"$18,700",34,No,Yes,AMEX,9,Yes,24,No,No,No,No,No,No,Yes,1,41,$41.60,$356.48,$0.00,$0.00,$0.00,$0.00,$41.60,0
8752-ILSFDO-GD9,1,Male,62,19,2,Sales,No,Married,2,"$54,000.00",5,1,Own,Foreign,"$11,400",27,No,Yes,Disc,34,Yes,24,Yes,Yes,Yes,Yes,Yes,No,Yes,1,68,$173.40,"$2,429.44",$183.40,"$2,385.00",$280.00,"$4,477.68",$636.80,1
8752-KNMEWM-MGM,3,Male,19,11,0,Sales,No,Married,3,"$46,000.00",0,1,Own,Domestic,"$14,000",18,Yes,No,AMEX,1,Yes,18,No,No,No,Yes,Yes,No,Yes,0,22,$26.80,$136.44,$0.00,$0.00,$0.00,$0.00,$26.80,0
8754-ZYGJGX-J6Z,2,Female,24,19,0,Sales,No,Married,4,"$44,000.00",2,1,Lease,Foreign,"$10,900",25,No,No,AMEX,6,Yes,23,Yes,No,Yes,Yes,No,Yes,Yes,0,50,$51.80,$519.60,$158.40,"$1,445.08",$0.00,$0.00,$210.20,0
8757-CIJMDF-6TD,2,Male,35,20,3,Professional,No,Married,4,"$196,000.00",1,1,Own,Domestic,"$52,400",29,Yes,No,Disc,4,Yes,16,Yes,Yes,Yes,Yes,Yes,Yes,Yes,0,13,$24.60,$66.76,$186.80,$462.88,$190.00,$566.76,$401.40,1
8759-ITPNSL-XL6,5,Male,25,17,0,Professional,No,Unmarried,1,"$38,000.00",2,1,Lease,Domestic,"$6,700",26,Yes,Yes,Visa,7,Yes,21,No,No,No,Yes,Yes,No,No,0,56,$48.80,$559.64,$0.00,$0.00,$0.00,$0.00,$48.80,0
8759-LXAEUZ-V6U,3,Female,30,12,1,Sales,No,Unmarried,2,"$100,000.00",1,1,NoCar,N/A,$0,28,Yes,Yes,Othe,2,No,18,No,No,No,Yes,Yes,Yes,No,0,3,$12.00,$5.36,$0.00,$0.00,$0.00,$0.00,$12.00,0
8762-XYJFZL-3L7,4,Female,19,14,0,Sales,No,Married,6,"$36,000.00",4,0,Own,Domestic,"$9,400",18,Yes,Yes,Mast,1,Yes,28,Yes,No,Yes,No,No,Yes,Yes,0,12,$70.60,$144.88,$132.00,$272.36,$0.00,$0.00,$202.60,0
8763-QYSMSO-QJE,2,Male,49,15,3,Sales,No,Married,4,"$72,000.00",2,1,Own,Domestic,"$15,200",21,No,Yes,Disc,11,No,20,No,Yes,Yes,Yes,Yes,No,No,1,16,$22.60,$74.20,$0.00,$0.00,$181.00,$677.04,$203.60,0
8765-JDCAXZ-S3V,5,Male,51,19,23,Agriculture,No,Married,2,"$143,000.00",0,1,Own,Foreign,"$75,700",20,No,No,Disc,30,No,13,Yes,Yes,No,No,No,Yes,Yes,0,60,$39.60,$474.24,$147.00,"$1,701.20",$172.50,"$2,472.78",$359.10,1
8766-NRLBWY-N4T,3,Female,51,12,8,Professional,No,Unmarried,1,"$72,000.00",1,1,Own,Domestic,"$16,400",27,No,Yes,Disc,23,Yes,17,No,No,Yes,Yes,Yes,No,No,0,54,$79.20,$866.88,$0.00,$0.00,$0.00,$0.00,$79.20,0
8770-OKDLMY-VNG,1,Male,23,15,0,Professional,No,Married,4,"$50,000.00",0,0,Lease,Domestic,"$18,700",27,No,Yes,Mast,5,Yes,23,Yes,No,No,Yes,No,Yes,Yes,0,46,$55.60,$570.00,$139.40,"$1,181.04",$0.00,$0.00,$195.00,0
8771-CZJBYG-23D,2,Male,75,14,40,Crafts,Yes,Married,2,"$134,000.00",1,1,Lease,Domestic,"$61,300",17,Yes,No,Disc,32,No,17,No,No,Yes,Yes,No,No,Yes,0,70,$80.60,"$1,099.12",$0.00,$0.00,$0.00,$0.00,$80.60,0
8775-VURAWW-OS0,4,Male,43,14,6,Service,No,Unmarried,1,"$114,000.00",0,0,Own,Foreign,"$25,600",18,No,Yes,Mast,12,No,18,Yes,No,No,No,Yes,Yes,No,0,27,$18.40,$81.84,$106.00,$552.32,$0.00,$0.00,$124.40,0
8776-CNOHCF-L1R,5,Female,32,14,1,Sales,No,Unmarried,1,"$58,000.00",1,1,Own,Foreign,"$12,000",23,Yes,Yes,Mast,2,Yes,19,Yes,No,No,No,Yes,Yes,No,0,2,$24.60,$7.00,$121.80,$22.80,$0.00,$0.00,$146.40,0
8782-EPXXVK-FT9,5,Female,65,15,13,Service,No,Married,2,"$132,000.00",6,1,Own,Foreign,"$31,900",31,Yes,Yes,Visa,38,No,17,No,No,No,No,Yes,Yes,Yes,0,70,$130.80,"$1,826.00",$0.00,$0.00,$0.00,$0.00,$130.80,0
8783-KJXVKE-43W,5,Female,28,18,3,Crafts,No,Married,6,"$78,000.00",2,0,NoCar,N/A,$0,26,No,Yes,AMEX,3,No,17,Yes,Yes,Yes,Yes,Yes,Yes,No,0,4,$21.80,$13.32,$189.80,$140.84,$196.50,$143.10,$408.10,1
8786-EBXLMS-GTI,5,Female,73,20,18,Professional,No,Unmarried,1,"$130,000.00",0,1,Own,Domestic,"$79,000",23,Yes,Yes,AMEX,14,No,24,Yes,Yes,Yes,Yes,Yes,Yes,Yes,0,34,$51.60,$371.52,$174.40,"$1,110.72",$191.75,"$1,468.86",$417.75,1
8786-NITSCF-MFC,3,Female,21,16,0,Sales,No,Unmarried,3,"$38,000.00",5,1,Own,Foreign,"$11,600",26,No,No,Mast,4,No,19,Yes,Yes,Yes,Yes,Yes,Yes,No,1,6,$20.40,$21.72,$161.00,$157.84,$179.25,$248.70,$360.65,1
8789-SCPEIS-C7B,5,Female,25,14,2,Professional,No,Married,6,"$26,000.00",4,0,Lease,Domestic,"$5,600",22,Yes,No,AMEX,7,No,19,No,No,No,No,No,No,No,0,39,$33.80,$289.40,$0.00,$0.00,$0.00,$0.00,$33.80,0
8791-CRMUJG-SFB,1,Female,28,21,0,Professional,No,Unmarried,1,"$104,000.00",5,0,Own,Foreign,"$34,200",25,Yes,Yes,AMEX,8,Yes,17,Yes,Yes,Yes,Yes,Yes,Yes,No,0,13,$15.80,$35.80,$188.80,$452.00,$233.25,$682.68,$437.85,1
8791-ICWRCS-WUD,1,Female,30,10,9,Crafts,No,Married,5,"$64,000.00",0,1,Own,Foreign,"$17,200",25,No,Yes,Mast,6,Yes,20,No,No,No,No,No,No,No,0,7,$22.80,$42.76,$0.00,$0.00,$0.00,$0.00,$22.80,0
8793-CCOZEM-6S0,3,Male,34,16,4,Professional,No,Unmarried,1,"$42,000.00",2,1,Own,Domestic,"$13,900",20,Yes,Yes,Othe,11,Yes,18,No,Yes,No,Yes,Yes,No,No,0,30,$15.20,$92.44,$0.00,$0.00,$103.50,$711.96,$118.70,0
8793-YTKFWK-XAM,4,Male,31,11,9,Service,No,Married,2,"$76,000.00",4,1,Own,Foreign,"$27,000",28,No,Yes,Visa,14,No,16,No,No,No,Yes,Yes,No,No,0,18,$36.80,$128.36,$0.00,$0.00,$0.00,$0.00,$36.80,0
8795-FYOXCT-P09,5,Male,44,10,12,Professional,No,Unmarried,1,"$146,000.00",1,1,Own,Foreign,"$38,500",25,Yes,Yes,Disc,1,No,21,No,No,No,Yes,Yes,No,No,0,5,$27.00,$23.92,$0.00,$0.00,$0.00,$0.00,$27.00,0
8795-WCLSUA-FGE,2,Female,57,11,10,Professional,No,Unmarried,4,"$66,000.00",1,0,Own,Foreign,"$15,100",18,Yes,No,AMEX,10,No,15,No,No,No,No,No,Yes,No,0,39,$49.60,$412.96,$0.00,$0.00,$0.00,$0.00,$49.60,0
8797-MPBXJK-MID,2,Female,29,11,6,Professional,No,Married,4,"$104,000.00",0,1,NoCar,N/A,$0,13,No,No,Mast,8,No,22,No,No,No,No,No,No,No,0,24,$18.20,$94.76,$0.00,$0.00,$0.00,$0.00,$18.20,0
8798-SHDIXM-YZ0,1,Female,19,14,0,Sales,No,Married,5,"$64,000.00",3,1,Own,Domestic,"$15,200",18,No,No,Disc,2,Yes,18,No,Yes,Yes,Yes,Yes,No,No,0,3,$22.20,$11.44,$0.00,$0.00,$133.25,$50.58,$155.45,0
8802-GEPNIO-GC7,1,Female,78,11,23,Professional,Yes,Unmarried,1,"$46,000.00",2,0,Lease,Domestic,"$12,800",17,Yes,Yes,Mast,37,Yes,17,No,No,No,No,Yes,No,Yes,0,72,$146.00,"$2,074.60",$0.00,$0.00,$0.00,$0.00,$146.00,0
8802-ZPAEGX-52Q,3,Male,62,15,7,Sales,No,Married,3,"$112,000.00",0,0,Own,Domestic,"$18,000",21,No,Yes,Disc,27,No,17,No,No,No,No,No,No,Yes,0,54,$41.80,$443.00,$0.00,$0.00,$0.00,$0.00,$41.80,0
8807-NPCRLG-3LX,2,Female,28,21,0,Sales,No,Married,4,"$154,000.00",1,1,Own,Domestic,"$44,900",21,No,Yes,Disc,11,Yes,12,No,No,No,No,No,No,Yes,0,45,$37.00,$379.48,$0.00,$0.00,$0.00,$0.00,$37.00,0
8807-PQIEDY-00D,2,Male,35,15,9,Service,No,Married,3,"$132,000.00",0,1,Own,Foreign,"$30,700",20,Yes,Yes,Disc,16,No,19,No,No,No,No,Yes,No,No,0,55,$31.00,$336.96,$0.00,$0.00,$0.00,$0.00,$31.00,0
8812-IAUARX-VTS,3,Male,65,21,16,Crafts,Yes,Married,4,"$164,000.00",3,1,Lease,Foreign,"$42,900",23,Yes,Yes,Mast,39,No,20,Yes,No,No,No,No,Yes,Yes,0,71,$181.20,"$2,554.68",$183.80,"$2,628.08",$0.00,$0.00,$365.00,1
8813-UDSONB-OPJ,2,Male,44,16,7,Professional,No,Unmarried,1,"$108,000.00",10,1,NoCar,N/A,$0,29,No,Yes,AMEX,15,Yes,18,Yes,No,No,No,No,No,Yes,0,31,$33.40,$175.28,$142.40,$911.36,$0.00,$0.00,$175.80,0
8815-MJQAON-87H,5,Male,74,12,6,Sales,No,Married,2,"$100,000.00",1,1,Own,Domestic,"$26,100",31,No,No,Disc,17,No,17,No,No,No,No,No,No,Yes,0,32,$31.80,$208.84,$0.00,$0.00,$0.00,$0.00,$31.80,0
8816-QXSMOQ-H4M,2,Male,58,18,27,Labor,No,Unmarried,1,"$156,000.00",5,1,NoCar,N/A,$0,25,No,Yes,AMEX,33,Yes,16,No,No,No,Yes,Yes,No,Yes,1,70,$105.80,"$1,504.64",$0.00,$0.00,$0.00,$0.00,$105.80,0
8816-XMDQIV-XWE,2,Male,40,18,4,Sales,No,Unmarried,1,"$136,000.00",2,0,Own,Domestic,"$38,800",21,No,Yes,Mast,22,Yes,23,No,No,No,No,No,No,No,0,53,$53.20,$578.84,$0.00,$0.00,$0.00,$0.00,$53.20,0
8817-WGSBSL-R2Z,5,Male,51,12,10,Professional,No,Unmarried,1,"$108,000.00",0,1,Own,Domestic,"$27,500",32,Yes,Yes,AMEX,5,No,22,No,No,No,No,No,No,No,1,8,$22.60,$32.60,$0.00,$0.00,$0.00,$0.00,$22.60,0
8819-ICVEWX-9VL,2,Female,45,14,20,Service,No,Married,6,"$161,000.00",0,1,Own,Foreign,"$60,300",21,No,Yes,AMEX,27,No,18,No,Yes,Yes,Yes,Yes,No,Yes,0,60,$46.20,$544.64,$0.00,$0.00,$172.50,"$2,475.54",$218.70,0
8822-MXUYEV-8W6,1,Female,57,18,14,Service,Yes,Married,4,"$70,000.00",0,0,Lease,Domestic,"$8,900",18,Yes,Yes,Disc,25,No,13,Yes,No,Yes,No,No,Yes,Yes,0,62,$68.60,$887.68,$168.00,"$2,063.40",$0.00,$0.00,$236.60,0
8823-OHFZTW-1VO,4,Female,37,17,3,Sales,No,Married,3,"$74,000.00",2,0,Own,Foreign,"$14,100",25,Yes,No,AMEX,19,Yes,26,Yes,No,No,No,No,No,Yes,0,57,$63.40,$780.16,$134.00,"$1,493.12",$0.00,$0.00,$197.40,0
8824-OIWSDO-RNI,3,Male,45,19,7,Professional,No,Married,2,"$107,000.00",12,1,Own,Foreign,"$67,500",21,No,Yes,Disc,9,No,22,Yes,Yes,Yes,Yes,Yes,Yes,Yes,0,33,$24.00,$146.64,$193.60,"$1,173.04",$244.50,"$1,740.36",$462.10,1
8824-SHUCKM-5H0,3,Male,58,16,11,Service,No,Unmarried,1,"$140,000.00",0,1,Own,Foreign,"$42,200",23,No,Yes,Visa,13,Yes,11,No,No,No,Yes,No,No,No,0,13,$33.20,$79.76,$0.00,$0.00,$0.00,$0.00,$33.20,0
8828-EKUUDS-Z2E,2,Female,66,22,2,Sales,Yes,Married,2,"$44,000.00",12,1,Lease,Domestic,"$6,900",14,Yes,Yes,AMEX,9,No,21,Yes,No,No,No,No,Yes,No,0,21,$31.40,$119.28,$138.20,$524.16,$0.00,$0.00,$169.60,0
8831-QWKQHZ-LWS,4,Male,56,15,5,Sales,No,Unmarried,1,"$52,000.00",1,0,Own,Domestic,"$14,500",19,Yes,No,AMEX,4,No,22,No,No,No,No,No,No,No,0,4,$14.80,$8.44,$0.00,$0.00,$0.00,$0.00,$14.80,0
8832-LFXOKA-PEY,4,Female,57,20,6,Sales,No,Unmarried,2,"$234,000.00",0,0,Own,Foreign,"$98,200",16,Yes,Yes,AMEX,15,No,23,Yes,Yes,Yes,Yes,Yes,Yes,Yes,0,37,$34.20,$236.48,$166.00,"$1,264.76",$157.50,"$1,401.60",$357.70,1
8836-WJSYDN-S8B,5,Female,52,12,27,Professional,No,Married,2,"$212,000.00",3,1,Own,Foreign,"$95,100",24,No,No,Disc,25,Yes,29,No,No,No,Yes,No,No,Yes,1,49,$67.00,$690.64,$0.00,$0.00,$0.00,$0.00,$67.00,0
8838-HLCFUD-1RQ,3,Male,60,11,8,Sales,No,Unmarried,1,"$164,000.00",2,1,Own,Foreign,"$61,000",21,No,No,Mast,22,Yes,13,No,No,No,No,Yes,Yes,No,1,49,$30.00,$302.24,$0.00,$0.00,$0.00,$0.00,$30.00,0
8838-JOCXQZ-W69,4,Female,64,12,9,Sales,Yes,Unmarried,1,"$20,000.00",3,0,NoCar,N/A,$0,23,No,Yes,Visa,24,No,20,No,No,No,No,No,No,Yes,0,52,$41.80,$435.72,$0.00,$0.00,$0.00,$0.00,$41.80,0
8840-BUPLQG-AC2,4,Male,68,12,23,Labor,Yes,Unmarried,1,"$32,000.00",0,0,Own,Foreign,"$7,200",25,Yes,Yes,Mast,37,No,15,No,No,Yes,Yes,Yes,No,Yes,0,71,$115.80,"$1,660.44",$0.00,$0.00,$0.00,$0.00,$115.80,0
8844-HHTFSR-0KF,3,Female,36,15,9,Service,No,Unmarried,1,"$146,000.00",0,1,Own,Domestic,"$36,800",30,No,Yes,Othe,18,No,26,No,No,No,No,No,No,No,1,52,$64.60,$681.00,$0.00,$0.00,$0.00,$0.00,$64.60,0
8845-CTAEDU-PX9,1,Female,61,10,37,Labor,Yes,Unmarried,1,"$110,000.00",4,1,Own,Foreign,"$29,100",26,Yes,No,Visa,13,No,13,No,Yes,No,Yes,Yes,No,No,0,39,$42.20,$327.72,$0.00,$0.00,$110.50,$953.34,$152.70,0
8846-JJEGFU-I69,1,Female,59,13,15,Professional,No,Unmarried,1,"$126,000.00",0,0,Own,Domestic,"$36,200",16,Yes,No,Disc,13,No,13,No,Yes,No,Yes,Yes,No,No,0,41,$52.00,$383.20,$0.00,$0.00,$96.75,$917.22,$148.75,0
8847-XVXOIH-Q33,2,Male,29,14,5,Labor,No,Unmarried,2,"$44,000.00",4,0,Own,Domestic,"$11,000",30,No,No,Visa,9,No,27,No,No,No,No,Yes,No,Yes,0,19,$24.20,$94.00,$0.00,$0.00,$0.00,$0.00,$24.20,0
8848-WMYABN-778,3,Male,34,15,4,Professional,No,Unmarried,3,"$88,000.00",0,1,Lease,Foreign,"$20,900",22,No,No,Mast,3,Yes,15,Yes,Yes,Yes,Yes,No,Yes,No,1,9,$15.80,$30.36,$183.40,$238.84,$190.25,$396.18,$389.45,1
8852-WPIPHR-QDD,5,Female,39,13,4,Professional,No,Married,3,"$128,000.00",1,1,Own,Domestic,"$24,100",33,No,No,Disc,18,Yes,15,No,No,No,Yes,No,No,Yes,1,36,$26.00,$158.48,$0.00,$0.00,$0.00,$0.00,$26.00,0
8861-BZMCAM-0UM,2,Male,26,19,0,Service,No,Married,5,"$74,000.00",0,1,Own,Domestic,"$20,700",15,No,Yes,Disc,8,Yes,12,Yes,Yes,Yes,Yes,Yes,Yes,No,0,39,$56.60,$508.68,$164.40,"$1,325.76",$161.50,"$1,457.10",$382.50,1
8861-DDLBCY-RNJ,2,Male,27,21,0,Service,No,Married,4,"$106,000.00",15,1,Own,Domestic,"$32,300",19,No,No,Disc,5,Yes,23,Yes,Yes,Yes,Yes,Yes,No,No,0,4,$17.40,$17.88,$159.80,$90.84,$225.25,$147.90,$402.45,1
8863-IGECRD-VXX,3,Male,75,11,13,Sales,Yes,Unmarried,1,"$40,000.00",3,1,Lease,Domestic,"$11,500",23,No,No,Visa,36,Yes,14,No,No,No,No,No,No,Yes,0,72,$117.80,"$1,726.16",$0.00,$0.00,$0.00,$0.00,$117.80,0
8864-PBWBSD-69M,2,Female,39,11,4,Professional,No,Unmarried,1,"$62,000.00",2,0,NoCar,N/A,$0,17,No,No,AMEX,21,Yes,25,Yes,No,No,No,Yes,Yes,Yes,0,55,$46.20,$480.56,$189.60,"$2,070.00",$0.00,$0.00,$235.80,0
8864-QJEYKC-HRG,2,Female,38,8,10,Service,No,Married,4,"$62,000.00",5,1,Own,Foreign,"$16,800",25,No,Yes,Visa,13,No,24,No,No,No,No,No,No,Yes,0,27,$27.40,$139.20,$0.00,$0.00,$0.00,$0.00,$27.40,0
8874-LYRWEB-H6E,4,Female,49,13,6,Sales,No,Married,3,"$106,000.00",9,1,NoCar,N/A,$0,23,No,Yes,Disc,25,No,24,No,No,Yes,Yes,Yes,No,Yes,0,47,$70.80,$614.76,$0.00,$0.00,$0.00,$0.00,$70.80,0
8875-SRRYKT-J4F,3,Female,43,20,5,Professional,No,Married,2,"$146,000.00",1,1,NoCar,N/A,$0,22,No,Yes,Disc,11,Yes,30,Yes,Yes,Yes,Yes,Yes,Yes,No,0,29,$46.20,$262.36,$185.40,"$1,100.60",$312.50,"$2,134.08",$544.10,1
8877-ZFRMNO-VHG,3,Female,70,18,20,Labor,No,Unmarried,1,"$117,000.00",6,0,Own,Foreign,"$60,200",26,Yes,No,Visa,13,Yes,17,No,No,No,Yes,Yes,No,Yes,0,32,$41.00,$245.52,$0.00,$0.00,$0.00,$0.00,$41.00,0
8879-BDJSEM-N9Q,2,Female,55,14,18,Service,No,Married,4,"$261,000.00",3,1,Own,Foreign,"$88,100",16,No,Yes,Disc,36,Yes,19,No,Yes,Yes,Yes,Yes,No,Yes,0,71,$156.40,"$2,116.80",$0.00,$0.00,$248.75,"$4,270.14",$405.15,1
8879-QMWAZV-WKZ,1,Female,41,13,13,Labor,No,Married,4,"$148,000.00",1,1,Own,Domestic,"$48,700",25,Yes,Yes,Mast,23,No,22,No,No,No,Yes,Yes,No,Yes,0,66,$50.80,$708.08,$0.00,$0.00,$0.00,$0.00,$50.80,0
8880-CVYCMC-T8E,1,Female,19,13,0,Service,No,Married,3,"$28,000.00",0,1,Own,Domestic,"$5,500",31,No,No,Othe,1,Yes,31,No,No,No,Yes,Yes,No,No,0,12,$38.60,$109.04,$0.00,$0.00,$0.00,$0.00,$38.60,0
8881-BQDIRE-BY8,5,Female,46,12,16,Service,No,Married,2,"$180,000.00",7,1,Own,Foreign,"$41,100",27,No,Yes,AMEX,28,Yes,19,No,No,No,No,Yes,No,Yes,0,61,$61.00,$725.84,$0.00,$0.00,$0.00,$0.00,$61.00,0
8881-PUMSSQ-I6M,4,Female,40,16,11,Labor,No,Unmarried,3,"$54,000.00",1,1,Lease,Foreign,"$14,500",29,Yes,No,Visa,21,No,15,Yes,Yes,Yes,Yes,Yes,Yes,Yes,0,47,$62.00,$609.76,$210.00,"$1,888.76",$220.75,"$2,371.74",$492.75,1
8882-BPWMHP-FA4,5,Female,47,16,16,Labor,No,Married,6,"$176,000.00",0,0,NoCar,N/A,$0,25,No,Yes,Othe,15,No,18,Yes,No,Yes,Yes,Yes,No,No,0,43,$51.80,$443.00,$146.40,"$1,233.44",$0.00,$0.00,$198.20,0
8885-BDFXOQ-IDU,4,Male,68,18,4,Sales,Yes,Married,2,"$70,000.00",3,1,Lease,Domestic,"$15,800",24,No,No,Visa,34,No,17,No,No,No,No,No,No,Yes,1,65,$40.00,$494.88,$0.00,$0.00,$0.00,$0.00,$40.00,0
8888-ERPHEF-H3V,4,Female,77,11,23,Service,Yes,Unmarried,1,"$38,000.00",8,0,Lease,Domestic,"$9,800",30,No,Yes,Mast,13,No,29,No,No,No,No,No,No,Yes,1,32,$20.20,$120.00,$0.00,$0.00,$0.00,$0.00,$20.20,0
8889-QSSIZC-9BC,1,Male,55,13,10,Professional,No,Unmarried,1,"$96,000.00",1,1,Own,Foreign,"$21,200",31,No,Yes,Mast,31,No,21,No,No,No,Yes,No,No,Yes,0,63,$106.00,"$1,201.20",$0.00,$0.00,$0.00,$0.00,$106.00,0
8889-ZZTCKO-M2X,4,Male,42,19,6,Labor,No,Married,2,"$90,000.00",0,1,Own,Foreign,"$30,900",25,No,Yes,Disc,16,Yes,16,Yes,No,No,Yes,No,Yes,No,0,32,$47.00,$308.72,$146.80,$868.64,$0.00,$0.00,$193.80,0
8893-JSYRMQ-3VA,4,Male,22,11,3,Labor,No,Unmarried,3,"$34,000.00",9,0,Own,Foreign,"$7,000",18,No,Yes,Mast,1,Yes,0,No,No,No,No,No,No,No,0,1,$10.40,$2.08,$0.00,$0.00,$0.00,$0.00,$10.40,0
8896-GPAXGQ-GFS,1,Female,55,17,17,Labor,No,Married,4,"$143,000.00",0,1,Own,Domestic,"$59,900",22,No,Yes,Mast,37,No,21,Yes,No,No,No,No,Yes,Yes,0,71,$129.60,"$1,854.20",$156.20,"$2,276.84",$0.00,$0.00,$285.80,1
8896-WHEJJN-O7O,3,Male,57,15,21,Crafts,No,Unmarried,3,"$111,000.00",0,1,Own,Domestic,"$71,000",23,Yes,Yes,Disc,16,No,16,Yes,Yes,No,Yes,No,No,Yes,0,38,$31.40,$215.16,$129.60,$994.40,$87.50,$795.12,$248.50,0
8897-LGRDDL-815,5,Female,64,19,11,Sales,Yes,Unmarried,1,"$18,000.00",0,1,NoCar,N/A,$0,31,Yes,No,Disc,30,Yes,19,Yes,No,No,No,No,Yes,Yes,0,58,$77.00,$952.96,$139.20,"$1,632.52",$0.00,$0.00,$216.20,0
8898-CEIFEZ-5QX,4,Male,21,12,1,Professional,No,Unmarried,3,"$44,000.00",3,1,Own,Foreign,"$14,600",22,No,No,AMEX,3,No,20,No,No,No,Yes,No,No,Yes,1,44,$73.20,$621.04,$0.00,$0.00,$0.00,$0.00,$73.20,0
8898-ORQVDW-F5B,3,Male,57,11,31,Labor,Yes,Unmarried,2,"$50,000.00",1,0,Lease,Domestic,"$11,200",18,No,Yes,Othe,8,No,19,No,No,No,Yes,No,No,No,0,21,$16.80,$54.68,$0.00,$0.00,$0.00,$0.00,$16.80,0
8906-YTASPW-PT4,2,Female,79,13,7,Sales,Yes,Married,2,"$18,000.00",0,0,Lease,Foreign,"$5,200",31,No,No,Mast,27,No,0,No,No,No,Yes,No,No,Yes,0,63,$79.40,$992.16,$0.00,$0.00,$0.00,$0.00,$79.40,0
8909-ZPTWKD-PQL,2,Female,59,21,13,Service,No,Unmarried,3,"$182,000.00",2,1,Own,Domestic,"$84,200",21,Yes,Yes,Mast,12,No,11,No,Yes,Yes,Yes,Yes,Yes,No,0,29,$21.40,$102.16,$0.00,$0.00,$258.00,"$1,713.78",$279.40,1
8912-KKLHJN-FLS,4,Male,72,10,32,Agriculture,Yes,Married,2,"$46,000.00",10,0,Lease,Domestic,"$12,300",23,No,No,Visa,40,No,18,No,No,No,No,No,No,Yes,0,72,$203.00,"$2,778.12",$0.00,$0.00,$0.00,$0.00,$203.00,0
8912-XBGYIZ-1YX,3,Male,32,14,1,Sales,No,Married,4,"$104,000.00",2,1,Own,Foreign,"$18,700",24,No,No,AMEX,7,Yes,15,No,No,No,No,No,No,No,1,20,$19.00,$110.72,$0.00,$0.00,$0.00,$0.00,$19.00,0
8915-VIIEDV-0KB,4,Female,29,12,3,Professional,No,Married,5,"$50,000.00",3,1,Own,Foreign,"$15,100",21,Yes,No,AMEX,1,No,17,No,No,No,Yes,No,No,No,0,2,$7.40,$4.16,$0.00,$0.00,$0.00,$0.00,$7.40,0
8916-LWSVNK-W0Q,4,Female,36,12,8,Crafts,No,Married,2,"$108,000.00",1,1,Own,Domestic,"$31,100",24,No,No,Mast,3,Yes,14,No,No,Yes,Yes,Yes,No,No,0,8,$15.20,$20.24,$0.00,$0.00,$0.00,$0.00,$15.20,0
8922-AOMTSH-MV7,3,Female,68,15,15,Professional,No,Married,2,"$114,000.00",1,1,Own,Domestic,"$32,600",17,No,Yes,Mast,19,No,15,No,Yes,Yes,Yes,Yes,No,No,0,34,$30.00,$210.20,$0.00,$0.00,$178.25,"$1,376.40",$208.25,0
8923-GVFINO-LIN,1,Male,48,11,4,Sales,No,Married,2,"$62,000.00",9,1,Own,Domestic,"$17,000",22,Yes,Yes,Visa,30,No,22,No,No,No,No,No,No,No,0,47,$73.20,$720.40,$0.00,$0.00,$0.00,$0.00,$73.20,0
8926-HVVQHQ-HK2,5,Female,60,16,17,Professional,No,Married,2,"$198,000.00",4,1,NoCar,N/A,$0,30,Yes,No,AMEX,31,No,21,Yes,No,No,No,No,Yes,Yes,0,58,$57.20,$639.12,$104.00,"$1,137.68",$0.00,$0.00,$161.20,0
8930-KVONDZ-NNN,4,Male,32,18,1,Sales,No,Unmarried,1,"$106,000.00",0,1,Own,Foreign,"$24,600",22,Yes,Yes,Visa,3,Yes,19,No,No,No,No,No,No,No,1,3,$14.00,$6.64,$0.00,$0.00,$0.00,$0.00,$14.00,0
8931-XMXDFT-RXL,1,Female,79,7,45,Agriculture,Yes,Unmarried,1,"$40,000.00",2,1,Lease,Foreign,"$10,000",22,No,Yes,Visa,39,No,10,No,No,No,Yes,No,No,Yes,0,72,$73.00,"$1,045.76",$0.00,$0.00,$0.00,$0.00,$73.00,0
8934-HFHAKV-H2L,4,Male,37,18,4,Professional,No,Married,2,"$130,000.00",1,1,Own,Foreign,"$40,700",20,No,Yes,AMEX,19,Yes,23,No,No,No,Yes,Yes,No,Yes,0,44,$39.80,$367.88,$0.00,$0.00,$0.00,$0.00,$39.80,0
8941-OIVZZV-HQ4,1,Female,34,10,4,Professional,No,Unmarried,1,"$56,000.00",3,1,Own,Foreign,"$13,100",33,Yes,No,Visa,13,No,23,No,No,No,No,No,No,Yes,0,29,$19.80,$102.24,$0.00,$0.00,$0.00,$0.00,$19.80,0
8945-DFYLDV-HE9,4,Male,20,15,0,Sales,No,Unmarried,1,"$30,000.00",9,1,Lease,Domestic,"$7,500",22,Yes,Yes,AMEX,2,Yes,16,Yes,No,No,No,No,No,No,0,26,$11.60,$57.56,$70.20,$384.24,$0.00,$0.00,$81.80,0
8951-XCUNDQ-GSX,2,Female,66,17,19,Sales,No,Unmarried,2,"$109,000.00",0,1,Own,Foreign,"$55,500",22,Yes,Yes,Disc,14,Yes,28,Yes,No,No,Yes,Yes,No,No,0,33,$27.60,$187.00,$116.60,$743.20,$0.00,$0.00,$144.20,0
8955-ZXVWRD-WES,1,Male,60,20,21,Labor,Yes,Married,2,"$172,000.00",11,0,Own,Foreign,"$55,500",36,No,Yes,Disc,31,No,17,Yes,No,Yes,No,Yes,Yes,Yes,1,65,$102.00,"$1,287.48",$170.00,"$2,177.08",$0.00,$0.00,$272.00,0
8958-JAFMTN-CQ7,1,Female,47,20,8,Professional,No,Unmarried,1,"$180,000.00",8,0,NoCar,N/A,$0,30,No,Yes,Disc,3,No,27,Yes,Yes,Yes,Yes,Yes,Yes,No,0,7,$19.80,$36.76,$175.00,$253.12,$238.00,$341.16,$432.80,1
8959-QTRTXS-E04,1,Male,38,20,6,Labor,No,Unmarried,1,"$66,000.00",0,1,Own,Domestic,"$12,300",18,No,Yes,AMEX,5,Yes,16,Yes,No,No,No,No,Yes,No,0,10,$22.00,$44.08,$81.80,$146.64,$0.00,$0.00,$103.80,0
8959-RZWRHU-ST8,3,Female,44,16,11,Professional,No,Married,2,"$194,000.00",10,1,Own,Domestic,"$55,500",31,No,Yes,AMEX,25,No,13,No,No,No,Yes,Yes,No,Yes,0,46,$59.40,$490.16,$0.00,$0.00,$0.00,$0.00,$59.40,0
8959-SNKMKG-67O,5,Male,63,15,31,Service,No,Married,2,"$103,000.00",0,1,Own,Foreign,"$43,200",25,Yes,Yes,AMEX,40,Yes,22,No,Yes,Yes,Yes,Yes,No,Yes,1,72,$340.60,"$4,882.76",$0.00,$0.00,$251.50,"$4,332.54",$592.10,1
8961-KWFBTZ-VWA,4,Male,56,11,13,Professional,No,Unmarried,1,"$112,000.00",0,1,Own,Domestic,"$24,600",29,No,No,AMEX,27,Yes,21,No,Yes,No,Yes,Yes,No,Yes,0,52,$100.20,"$1,021.24",$0.00,$0.00,$155.50,"$1,921.02",$255.70,0
8962-KFCEEB-6S8,5,Male,66,16,10,Professional,No,Unmarried,1,"$154,000.00",4,0,Own,Foreign,"$37,300",31,No,No,Mast,27,No,21,No,No,No,Yes,No,No,No,0,66,$98.20,"$1,220.68",$0.00,$0.00,$0.00,$0.00,$98.20,0
8969-BHASJX-00S,2,Male,26,17,0,Professional,No,Married,4,"$50,000.00",0,1,Own,Domestic,"$10,600",21,No,Yes,AMEX,8,Yes,17,No,No,No,No,No,No,No,0,38,$43.80,$338.52,$0.00,$0.00,$0.00,$0.00,$43.80,0
8970-FKSRYN-TA5,2,Male,32,13,1,Sales,No,Married,6,"$48,000.00",0,1,Own,Domestic,"$12,800",17,No,Yes,AMEX,5,No,18,No,No,No,No,No,No,No,0,10,$33.60,$74.40,$0.00,$0.00,$0.00,$0.00,$33.60,0
8970-HPJHWA-ADR,5,Male,67,14,17,Agriculture,No,Unmarried,1,"$114,000.00",1,1,NoCar,N/A,$0,38,No,Yes,AMEX,35,No,20,No,No,No,No,No,Yes,Yes,0,70,$116.80,"$1,666.16",$0.00,$0.00,$0.00,$0.00,$116.80,0
8971-YUFNGN-41N,5,Female,52,11,25,Agriculture,No,Married,2,"$173,000.00",3,1,Own,Foreign,"$90,000",30,Yes,No,Mast,35,Yes,15,No,No,No,Yes,No,No,Yes,0,71,$90.60,"$1,306.60",$0.00,$0.00,$0.00,$0.00,$90.60,0
8974-LHXTHT-IZ5,3,Female,48,15,2,Sales,No,Married,2,"$54,000.00",11,1,Own,Foreign,"$10,800",31,No,No,Disc,10,No,22,Yes,No,No,No,No,No,Yes,1,38,$16.20,$116.12,$68.00,$557.28,$0.00,$0.00,$84.20,0
8991-KZUKTA-H55,3,Female,68,14,5,Sales,Yes,Unmarried,1,"$18,000.00",0,0,Own,Foreign,"$4,800",17,No,No,Disc,26,No,0,No,No,No,No,No,No,Yes,0,47,$74.20,$685.80,$0.00,$0.00,$0.00,$0.00,$74.20,0
8997-BEPDQM-H4M,4,Female,59,13,4,Sales,No,Married,2,"$66,000.00",0,1,NoCar,N/A,$0,26,No,No,Visa,16,No,17,No,No,No,Yes,No,No,Yes,0,41,$63.80,$529.88,$0.00,$0.00,$0.00,$0.00,$63.80,0
8998-OWLWNR-QWN,4,Female,32,20,3,Professional,No,Married,4,"$132,000.00",3,0,Own,Domestic,"$31,900",23,Yes,Yes,Disc,14,Yes,21,No,Yes,No,Yes,Yes,No,No,1,37,$22.60,$186.64,$0.00,$0.00,$122.50,"$1,023.42",$145.10,0
8998-XVAOZU-5HS,5,Male,50,14,6,Professional,No,Married,2,"$140,000.00",1,1,Own,Foreign,"$33,400",26,Yes,Yes,Disc,25,Yes,11,No,Yes,Yes,Yes,Yes,Yes,Yes,0,47,$46.20,$457.00,$0.00,$0.00,$203.50,"$2,259.84",$249.70,0
8999-AZOBII-VIX,3,Female,32,20,3,Professional,No,Married,4,"$76,000.00",0,1,Own,Foreign,"$18,600",29,No,No,Visa,13,Yes,14,Yes,Yes,Yes,Yes,Yes,Yes,Yes,0,47,$36.40,$328.20,$181.00,"$1,599.44",$241.75,"$2,684.82",$459.15,1
9000-OZEBMH-9HP,5,Male,50,13,11,Service,No,Married,4,"$132,000.00",1,0,Own,Foreign,"$69,000",28,No,Yes,Disc,19,No,22,Yes,Yes,No,Yes,Yes,No,No,0,41,$42.80,$381.00,$162.00,"$1,323.04",$172.50,"$1,533.18",$377.30,1
9004-UQQFLE-HQ8,1,Male,31,17,1,Sales,No,Married,6,"$46,000.00",2,1,Own,Domestic,"$15,000",22,Yes,No,Mast,10,Yes,23,Yes,No,No,No,No,Yes,No,0,45,$48.80,$413.24,$132.60,"$1,134.56",$0.00,$0.00,$181.40,0
9012-FHYGCS-MF3,4,Female,48,11,11,Sales,No,Unmarried,1,"$88,000.00",2,0,Lease,Domestic,"$11,000",32,Yes,No,Visa,24,No,19,No,No,No,No,No,No,Yes,0,54,$53.20,$639.16,$0.00,$0.00,$0.00,$0.00,$53.20,0
9016-BCTTUT-DYR,5,Female,22,17,0,Professional,No,Married,7,"$28,000.00",0,1,Own,Domestic,"$7,400",27,No,Yes,Mast,1,Yes,17,No,No,No,No,No,No,No,0,1,$16.00,$3.20,$0.00,$0.00,$0.00,$0.00,$16.00,0
9024-AGZOPZ-2UQ,1,Male,30,19,1,Sales,No,Unmarried,1,"$84,000.00",1,1,Own,Domestic,"$19,700",26,Yes,No,Othe,4,Yes,18,Yes,Yes,Yes,Yes,Yes,Yes,No,0,30,$36.20,$217.16,$204.00,"$1,139.36",$196.00,"$1,302.90",$436.20,1
9024-QQZDBM-RN4,5,Male,78,14,18,Professional,No,Unmarried,1,"$118,000.00",1,1,Own,Domestic,"$28,400",25,Yes,No,Visa,38,No,23,No,No,Yes,Yes,Yes,No,Yes,1,71,$73.80,"$1,044.32",$0.00,$0.00,$0.00,$0.00,$73.80,0
9025-NNFRMB-4QV,5,Female,61,15,29,Labor,Yes,Married,2,"$26,000.00",1,1,Own,Foreign,"$4,700",24,Yes,No,AMEX,38,Yes,20,Yes,No,Yes,No,No,Yes,Yes,0,69,$107.80,"$1,454.36",$169.20,"$2,373.48",$0.00,$0.00,$277.00,1
9027-TKELQJ-G8T,5,Male,58,17,17,Professional,No,Married,2,"$197,000.00",1,0,Own,Foreign,"$88,900",16,No,Yes,Visa,30,No,22,No,No,Yes,Yes,Yes,Yes,Yes,0,64,$94.60,"$1,223.76",$0.00,$0.00,$0.00,$0.00,$94.60,0
9028-KURTGQ-O61,4,Female,25,19,0,Sales,No,Unmarried,2,"$44,000.00",4,1,Own,Domestic,"$5,900",36,Yes,Yes,Visa,1,Yes,21,No,No,No,Yes,No,No,No,0,2,$11.60,$8.24,$0.00,$0.00,$0.00,$0.00,$11.60,0
9029-DRMTGS-4IS,1,Female,30,20,1,Sales,No,Unmarried,3,"$54,000.00",6,1,Own,Foreign,"$15,200",17,No,No,AMEX,5,No,18,No,No,No,No,No,No,No,1,7,$15.40,$22.40,$0.00,$0.00,$0.00,$0.00,$15.40,0
9029-VSHQPW-JG3,2,Female,46,18,10,Professional,No,Married,2,"$138,000.00",9,0,Own,Domestic,"$35,400",25,Yes,Yes,Visa,22,Yes,21,Yes,Yes,Yes,Yes,Yes,No,Yes,1,45,$38.00,$290.24,$163.40,"$1,549.36",$191.25,"$1,986.66",$392.65,1
9030-QBAJPQ-HZS,1,Female,68,8,14,Sales,No,Unmarried,1,"$136,000.00",0,1,NoCar,N/A,$0,24,No,No,Mast,28,No,20,No,No,No,No,No,No,Yes,1,52,$47.80,$536.60,$0.00,$0.00,$0.00,$0.00,$47.80,0
9032-INJQKT-7XT,5,Female,20,13,0,Sales,No,Married,2,"$52,000.00",0,1,Own,Domestic,"$11,600",23,Yes,No,Visa,2,Yes,23,Yes,No,No,No,No,No,Yes,1,32,$38.80,$270.52,$106.40,$658.28,$0.00,$0.00,$145.20,0
9033-SEWBOI-ZIO,3,Female,30,17,0,Sales,No,Unmarried,1,"$54,000.00",10,0,Own,Foreign,"$20,300",23,No,Yes,Disc,12,Yes,17,Yes,No,No,No,No,Yes,Yes,0,30,$47.20,$251.88,$90.80,$563.44,$0.00,$0.00,$138.00,0
9035-RTYCTI-52C,5,Female,50,15,10,Service,No,Unmarried,4,"$128,000.00",4,1,Own,Domestic,"$38,400",22,No,No,Mast,31,Yes,18,No,No,Yes,Yes,Yes,No,No,0,63,$45.20,$602.48,$0.00,$0.00,$0.00,$0.00,$45.20,0
9036-JCWMQM-POI,3,Male,64,10,2,Sales,No,Married,2,"$62,000.00",1,1,Own,Domestic,"$18,100",27,No,Yes,AMEX,24,Yes,25,No,No,No,No,No,No,Yes,1,56,$42.60,$471.16,$0.00,$0.00,$0.00,$0.00,$42.60,0
9038-CNAURT-ANA,1,Female,65,16,12,Professional,No,Unmarried,1,"$115,000.00",2,1,Own,Foreign,"$61,900",15,Yes,No,Disc,21,No,18,No,Yes,Yes,Yes,Yes,No,Yes,0,33,$25.40,$191.68,$0.00,$0.00,$183.50,"$1,422.30",$208.90,0
9038-ZUXFBH-IV4,1,Female,38,10,3,Professional,No,Married,5,"$76,000.00",7,0,Own,Foreign,"$21,400",20,No,Yes,Visa,2,No,16,No,No,No,No,No,Yes,No,1,6,$10.60,$11.12,$0.00,$0.00,$0.00,$0.00,$10.60,0
9043-MHPGSN-SE1,5,Male,26,15,0,Sales,No,Married,4,"$64,000.00",11,0,Own,Foreign,"$18,900",22,Yes,No,AMEX,8,Yes,27,No,No,No,Yes,No,No,No,0,37,$27.60,$211.00,$0.00,$0.00,$0.00,$0.00,$27.60,0
9045-LMVJAY-C5G,1,Male,22,14,1,Crafts,No,Unmarried,4,"$62,000.00",0,1,Own,Foreign,"$19,100",23,Yes,No,AMEX,4,Yes,23,No,No,No,No,No,No,No,0,36,$36.60,$279.36,$0.00,$0.00,$0.00,$0.00,$36.60,0
9049-IXVOST-CNT,1,Female,36,17,8,Labor,No,Unmarried,1,"$101,000.00",2,0,Own,Domestic,"$35,800",31,Yes,Yes,Disc,13,No,15,Yes,No,No,No,No,No,Yes,0,33,$51.60,$338.00,$130.60,$809.08,$0.00,$0.00,$182.20,0
9052-EDEMTD-RRH,3,Male,50,12,10,Professional,No,Unmarried,1,"$78,000.00",0,0,Lease,Foreign,"$20,900",20,No,Yes,Visa,4,Yes,8,No,No,Yes,No,No,No,No,0,14,$20.40,$75.68,$0.00,$0.00,$0.00,$0.00,$20.40,0
9052-INWTCF-LXX,2,Female,25,17,0,Sales,No,Unmarried,1,"$46,000.00",8,0,Own,Domestic,"$12,300",18,Yes,Yes,Disc,7,No,24,Yes,Yes,Yes,Yes,Yes,Yes,No,1,22,$40.20,$177.88,$148.80,$638.32,$167.25,$876.12,$356.25,1
9052-OTJSXS-DGW,5,Female,28,15,0,Sales,No,Unmarried,3,"$56,000.00",4,0,Lease,Domestic,"$18,900",20,No,No,Disc,4,Yes,22,No,No,No,Yes,Yes,No,No,0,5,$9.80,$15.28,$0.00,$0.00,$0.00,$0.00,$9.80,0
9054-RDSBCN-85W,4,Male,47,16,9,Professional,No,Unmarried,1,"$111,000.00",10,1,Own,Foreign,"$64,600",28,No,No,Mast,11,No,14,No,No,No,No,No,No,No,0,40,$42.20,$346.88,$0.00,$0.00,$0.00,$0.00,$42.20,0
9054-XWRNMX-8D4,1,Female,78,15,8,Professional,Yes,Unmarried,1,"$46,000.00",2,1,Own,Foreign,"$11,800",19,No,Yes,Mast,16,Yes,21,Yes,No,Yes,Yes,Yes,Yes,Yes,0,48,$58.00,$519.40,$168.80,"$1,606.04",$0.00,$0.00,$226.80,0
9056-AHASYK-1IF,4,Female,53,14,2,Sales,No,Married,7,"$36,000.00",0,1,Lease,Domestic,"$7,500",27,No,No,Mast,18,Yes,16,No,No,No,No,No,No,No,0,49,$57.40,$534.36,$0.00,$0.00,$0.00,$0.00,$57.40,0
9062-KQMRAP-J7W,3,Female,73,15,13,Sales,Yes,Unmarried,1,"$30,000.00",4,1,Own,Domestic,"$7,500",23,No,No,Disc,27,No,24,No,No,No,No,No,No,No,0,59,$41.40,$473.68,$0.00,$0.00,$0.00,$0.00,$41.40,0
9064-DHJRVC-0SG,2,Male,79,13,34,Professional,Yes,Unmarried,1,"$32,000.00",8,0,Own,Domestic,"$8,500",15,Yes,No,Mast,37,Yes,14,No,No,Yes,Yes,Yes,No,Yes,0,71,$117.80,"$1,702.00",$0.00,$0.00,$0.00,$0.00,$117.80,0
9064-XZEZFJ-SAL,1,Female,27,12,4,Service,No,Unmarried,2,"$66,000.00",0,0,Own,Foreign,"$18,600",16,No,No,Mast,9,No,17,Yes,No,No,No,No,No,No,0,33,$53.20,$341.76,$95.60,$650.64,$0.00,$0.00,$148.80,0
9067-YFIWQS-MHY,1,Female,36,16,2,Sales,No,Married,4,"$86,000.00",8,1,Own,Foreign,"$23,000",28,No,No,AMEX,11,Yes,22,Yes,No,No,No,No,No,No,1,29,$43.60,$256.24,$98.80,$578.56,$0.00,$0.00,$142.40,0
9069-XTCDOO-RZV,4,Male,57,21,11,Sales,No,Married,2,"$780,000.00",0,1,Own,Foreign,"$93,100",35,No,Yes,Disc,33,No,18,No,Yes,Yes,Yes,Yes,No,Yes,1,68,$152.00,"$2,065.92",$0.00,$0.00,$469.00,"$7,528.74",$621.00,1
9074-WPMXYF-1UR,5,Female,48,19,2,Sales,No,Unmarried,1,"$50,000.00",2,1,Own,Domestic,"$13,300",23,No,No,Mast,11,Yes,27,No,Yes,Yes,Yes,Yes,Yes,Yes,0,29,$43.40,$256.00,$0.00,$0.00,$168.25,"$1,176.30",$211.65,0
9075-CQTWMV-AUE,1,Male,23,12,2,Sales,No,Unmarried,2,"$30,000.00",0,1,Own,Foreign,"$10,000",20,Yes,No,AMEX,5,Yes,15,Yes,Yes,Yes,Yes,Yes,Yes,No,0,23,$31.20,$156.36,$170.60,$750.96,$175.75,$885.00,$377.55,1
9075-RZQRPR-DTZ,3,Female,26,19,0,Professional,No,Married,7,"$92,000.00",2,0,Own,Domestic,"$22,300",31,No,Yes,Othe,8,No,18,Yes,Yes,Yes,Yes,Yes,Yes,No,0,37,$23.00,$185.48,$193.00,"$1,393.84",$243.00,"$2,055.54",$459.00,1
9077-SYKCNK-9HL,5,Male,21,16,0,Professional,No,Unmarried,1,"$54,000.00",4,0,Own,Foreign,"$13,000",27,No,Yes,AMEX,4,Yes,16,No,No,No,No,No,No,No,1,6,$22.00,$20.60,$0.00,$0.00,$0.00,$0.00,$22.00,0
9079-XPFBAP-SGV,3,Female,67,13,6,Sales,No,Unmarried,1,"$76,000.00",3,0,Lease,Domestic,"$13,000",38,Yes,Yes,Mast,21,No,21,Yes,Yes,No,No,No,Yes,Yes,0,51,$33.00,$358.52,$164.20,"$1,630.48",$180.75,"$1,969.20",$377.95,1
9081-LQKEHW-40Z,5,Female,28,16,1,Sales,No,Unmarried,4,"$52,000.00",6,0,Lease,Domestic,"$14,000",21,Yes,No,Mast,10,No,21,Yes,No,No,No,No,Yes,Yes,0,44,$29.60,$259.68,$113.60,$958.48,$0.00,$0.00,$143.20,0
9081-UBQDSR-6IK,4,Male,73,14,34,Crafts,No,Married,2,"$164,000.00",4,1,Own,Domestic,"$68,900",25,Yes,Yes,Disc,40,Yes,21,No,No,No,Yes,Yes,No,Yes,1,72,$202.00,"$2,818.92",$0.00,$0.00,$0.00,$0.00,$202.00,0
9082-FIBGZG-W7E,4,Male,69,9,30,Professional,No,Married,2,"$149,000.00",2,1,Lease,Foreign,"$78,400",24,No,Yes,Visa,35,No,15,No,No,Yes,Yes,Yes,No,Yes,0,67,$110.40,"$1,492.28",$0.00,$0.00,$0.00,$0.00,$110.40,0
9083-WGKZAH-8XR,2,Female,20,15,0,Sales,No,Unmarried,1,"$38,000.00",4,1,Own,Domestic,"$7,600",24,No,Yes,Disc,1,Yes,27,Yes,No,No,No,No,Yes,No,0,1,$8.40,$1.68,$102.20,$20.44,$0.00,$0.00,$110.60,0
9084-HUOIWY-HYL,3,Female,40,13,2,Sales,No,Unmarried,2,"$38,000.00",0,1,Own,Foreign,"$11,400",22,No,No,Visa,17,Yes,20,No,No,No,No,No,No,No,0,41,$69.20,$506.16,$0.00,$0.00,$0.00,$0.00,$69.20,0
9086-UBHHMA-7A9,3,Female,35,7,2,Professional,No,Unmarried,3,"$32,000.00",3,0,Own,Domestic,"$8,600",25,No,Yes,Mast,3,Yes,19,No,No,No,No,No,No,No,0,9,$20.20,$33.64,$0.00,$0.00,$0.00,$0.00,$20.20,0
9087-CKDUEI-LST,3,Male,60,16,13,Professional,No,Married,2,"$156,000.00",1,1,Own,Domestic,"$25,200",33,Yes,Yes,Visa,24,Yes,20,No,No,No,Yes,Yes,Yes,Yes,0,66,$48.00,$607.04,$0.00,$0.00,$0.00,$0.00,$48.00,0
9087-SPYAKC-3QO,2,Male,66,10,11,Professional,No,Unmarried,1,"$68,000.00",5,1,Own,Foreign,"$18,200",27,No,Yes,Disc,24,No,21,No,Yes,Yes,Yes,Yes,No,No,1,55,$39.20,$447.92,$0.00,$0.00,$167.25,"$2,350.20",$206.45,0
9088-RLQLGN-QEY,3,Male,43,15,5,Sales,No,Married,5,"$124,000.00",1,1,Own,Foreign,"$21,300",18,No,No,Mast,19,Yes,20,Yes,Yes,Yes,Yes,Yes,Yes,No,1,48,$30.20,$304.80,$184.80,"$1,721.00",$224.00,"$2,481.06",$439.00,1
9091-USJPYF-5PF,2,Male,24,13,1,Sales,No,Unmarried,1,"$32,000.00",0,0,Own,Foreign,"$7,000",31,Yes,Yes,Visa,4,No,22,No,No,No,No,No,No,No,0,9,$9.40,$28.92,$0.00,$0.00,$0.00,$0.00,$9.40,0
9094-CFHMCP-U8X,2,Female,53,13,12,Professional,No,Married,5,"$106,000.00",9,1,Own,Domestic,"$70,900",23,Yes,Yes,Mast,35,No,18,Yes,No,No,No,No,No,Yes,0,71,$140.80,"$1,963.92",$125.20,"$1,679.32",$0.00,$0.00,$266.00,0
9094-UEYGMO-CBU,2,Male,37,14,9,Professional,No,Married,4,"$68,000.00",0,0,Own,Foreign,"$19,100",30,No,No,Visa,19,Yes,27,No,No,No,Yes,Yes,No,No,0,39,$50.00,$344.08,$0.00,$0.00,$0.00,$0.00,$50.00,0
9095-NXHCNI-HXG,3,Female,31,19,1,Professional,No,Unmarried,3,"$86,000.00",4,0,Own,Foreign,"$28,500",37,No,No,Disc,1,No,16,Yes,Yes,Yes,Yes,Yes,Yes,No,0,2,$17.20,$5.04,$131.40,$34.28,$143.75,$26.76,$292.35,1
9096-NFBIVO-0GI,3,Female,79,13,38,Labor,Yes,Unmarried,1,"$66,000.00",11,1,Own,Domestic,"$16,500",24,No,Yes,Disc,39,No,20,No,No,No,Yes,No,No,No,0,72,$180.20,"$2,677.52",$0.00,$0.00,$0.00,$0.00,$180.20,0
9096-WDAHND-G6L,4,Male,67,12,31,Crafts,No,Unmarried,1,"$172,000.00",0,0,Own,Domestic,"$52,200",24,No,No,Mast,32,Yes,19,No,No,No,Yes,Yes,No,Yes,0,63,$82.80,"$1,054.80",$0.00,$0.00,$0.00,$0.00,$82.80,0
9099-FFFQAY-E5L,5,Male,27,10,6,Labor,No,Unmarried,5,"$48,000.00",1,1,Own,Foreign,"$12,000",26,Yes,Yes,Visa,3,Yes,21,No,Yes,Yes,Yes,Yes,No,No,0,9,$17.20,$31.36,$0.00,$0.00,$92.75,$209.40,$109.95,0
9101-HEPAWQ-C1J,5,Female,43,12,11,Service,No,Married,2,"$74,000.00",0,0,Own,Foreign,"$13,600",28,No,No,Mast,5,Yes,23,No,No,No,No,No,No,No,0,12,$11.40,$28.84,$0.00,$0.00,$0.00,$0.00,$11.40,0
9101-HUFHJM-454,4,Female,35,19,3,Professional,No,Married,3,"$74,000.00",3,1,Own,Foreign,"$17,800",28,No,No,Disc,18,Yes,24,Yes,Yes,Yes,Yes,Yes,Yes,Yes,0,47,$44.80,$443.16,$228.60,"$2,116.12",$230.50,"$2,494.92",$503.90,1
9108-FHQQBK-LAH,1,Female,67,19,7,Sales,No,Unmarried,1,"$152,000.00",0,0,Own,Domestic,"$58,600",23,Yes,Yes,AMEX,22,No,24,Yes,No,No,No,No,Yes,No,1,42,$44.00,$342.16,$97.00,$808.00,$0.00,$0.00,$141.00,0
9110-FVPBBH-02Q,2,Male,39,14,11,Professional,No,Married,2,"$90,000.00",0,0,Own,Domestic,"$18,300",28,Yes,Yes,Disc,21,No,18,No,No,No,No,No,No,Yes,0,72,$116.60,"$1,615.64",$0.00,$0.00,$0.00,$0.00,$116.60,0
9114-RKFWAX-CQ6,2,Male,37,16,7,Labor,No,Unmarried,2,"$68,000.00",10,0,Own,Domestic,"$15,200",33,No,Yes,Mast,11,No,12,No,No,No,No,No,Yes,Yes,1,34,$25.00,$146.88,$0.00,$0.00,$0.00,$0.00,$25.00,0
9115-KVYZEP-B7Q,1,Male,59,11,34,Labor,Yes,Unmarried,1,"$158,000.00",2,1,Own,Foreign,"$32,800",20,No,Yes,Visa,21,Yes,20,No,No,No,No,No,No,Yes,0,41,$40.80,$317.60,$0.00,$0.00,$0.00,$0.00,$40.80,0
9120-FPONCL-79U,1,Male,31,13,3,Professional,No,Unmarried,1,"$72,000.00",0,0,Lease,Domestic,"$18,900",23,Yes,No,Mast,6,Yes,19,No,No,No,No,No,No,No,0,10,$22.20,$55.92,$0.00,$0.00,$0.00,$0.00,$22.20,0
9121-JUBJOI-RVF,5,Male,31,17,2,Professional,No,Unmarried,1,"$34,000.00",1,1,Lease,Foreign,"$11,000",30,No,No,Visa,11,No,25,Yes,Yes,No,Yes,Yes,Yes,Yes,1,25,$37.00,$171.00,$164.20,$814.52,$154.25,$871.08,$355.45,1
9122-PFMHXH-M31,1,Male,47,10,5,Sales,No,Married,2,"$58,000.00",7,0,Own,Foreign,"$13,300",27,No,No,Mast,29,No,18,No,No,No,No,No,No,Yes,1,60,$38.80,$510.16,$0.00,$0.00,$0.00,$0.00,$38.80,0
9122-ZFPMCO-NFJ,1,Female,49,12,5,Sales,No,Married,3,"$96,000.00",9,1,Own,Foreign,"$16,500",13,No,No,Visa,15,Yes,24,No,No,No,No,No,No,No,0,42,$48.20,$417.36,$0.00,$0.00,$0.00,$0.00,$48.20,0
9124-DZALHM-S6I,2,Female,66,12,15,Professional,Yes,Unmarried,1,"$32,000.00",1,1,Own,Foreign,"$8,600",25,Yes,Yes,Mast,26,Yes,25,No,No,No,No,No,No,No,1,53,$84.20,$859.48,$0.00,$0.00,$0.00,$0.00,$84.20,0
9127-WBQSXN-CYS,3,Male,68,12,39,Crafts,No,Unmarried,1,"$172,000.00",10,0,Own,Foreign,"$61,400",20,No,Yes,Disc,27,No,27,No,No,No,No,No,No,Yes,0,61,$62.60,$730.20,$0.00,$0.00,$0.00,$0.00,$62.60,0
9130-JKWTOS-A1U,1,Female,53,15,9,Service,No,Unmarried,1,"$56,000.00",2,1,NoCar,N/A,$0,28,No,No,Disc,22,No,21,Yes,No,No,No,No,Yes,No,0,56,$76.60,$831.92,$130.40,"$1,463.20",$0.00,$0.00,$207.00,0
9131-MPWUMX-Z0U,3,Male,46,12,8,Professional,No,Married,2,"$74,000.00",3,0,Own,Foreign,"$19,700",30,Yes,Yes,Visa,28,No,23,Yes,No,No,No,No,Yes,Yes,0,63,$84.20,"$1,030.52",$97.20,"$1,196.48",$0.00,$0.00,$181.40,0
9132-NOJRIF-5C2,3,Male,27,8,3,Professional,No,Unmarried,1,"$48,000.00",2,0,Own,Domestic,"$9,800",17,No,Yes,Mast,4,No,27,No,No,No,No,No,No,No,0,10,$22.60,$40.32,$0.00,$0.00,$0.00,$0.00,$22.60,0
9135-DNNOYH-BU8,2,Male,40,14,7,Service,No,Married,4,"$118,000.00",6,1,Own,Domestic,"$36,400",28,No,Yes,Mast,17,Yes,20,Yes,No,No,No,Yes,No,Yes,0,20,$39.40,$181.92,$147.60,$595.40,$0.00,$0.00,$187.00,0
9137-LWXDZU-QO5,3,Male,18,13,0,Crafts,No,Unmarried,1,"$34,000.00",0,0,Own,Domestic,"$7,800",30,Yes,Yes,Othe,0,Yes,26,Yes,Yes,No,Yes,Yes,Yes,Yes,0,7,$74.80,$92.16,$160.60,$177.92,$140.50,$177.24,$375.90,1
9137-TPLFSX-MUY,4,Male,53,9,7,Sales,No,Unmarried,1,"$58,000.00",6,0,Own,Domestic,"$15,200",32,No,Yes,Mast,3,Yes,20,No,No,No,No,No,No,No,0,9,$15.20,$36.04,$0.00,$0.00,$0.00,$0.00,$15.20,0
9138-CLWCEI-3Y8,1,Female,55,15,14,Labor,No,Married,4,"$178,000.00",1,1,Own,Domestic,"$59,500",20,No,Yes,Visa,28,Yes,17,No,No,No,Yes,Yes,No,No,0,50,$42.40,$433.36,$0.00,$0.00,$0.00,$0.00,$42.40,0
9139-PBOYPT-IOH,4,Male,23,12,2,Service,No,Married,5,"$28,000.00",2,1,Own,Domestic,"$7,500",19,Yes,Yes,Mast,5,No,15,No,No,Yes,Yes,Yes,No,No,0,15,$25.20,$82.44,$0.00,$0.00,$0.00,$0.00,$25.20,0
9139-ROWUXP-2VS,3,Female,72,12,19,Service,Yes,Married,2,"$18,000.00",6,0,Lease,Foreign,"$4,400",34,No,No,Visa,17,No,0,No,No,No,No,No,No,Yes,1,56,$71.80,$815.68,$0.00,$0.00,$0.00,$0.00,$71.80,0
9140-IFGCFI-VXB,5,Male,22,11,1,Professional,No,Unmarried,1,"$28,000.00",2,1,Lease,Domestic,"$4,200",26,No,Yes,Mast,1,Yes,0,No,No,No,No,No,No,Yes,0,1,$15.20,$3.04,$0.00,$0.00,$0.00,$0.00,$15.20,0
9141-FSAGHC-5LV,2,Male,73,19,8,Sales,No,Married,2,"$36,000.00",0,1,Lease,Foreign,"$9,000",17,Yes,No,Mast,25,No,15,Yes,No,No,No,No,Yes,Yes,1,60,$108.00,"$1,339.04",$111.20,"$1,261.28",$0.00,$0.00,$219.20,0
9141-IMUZJW-U82,3,Male,46,12,2,Sales,No,Unmarried,1,"$106,000.00",0,1,Own,Foreign,"$20,900",20,No,Yes,Disc,1,Yes,19,Yes,No,No,No,No,Yes,No,0,3,$14.20,$7.92,$90.80,$41.16,$0.00,$0.00,$105.00,0
9145-VOOJAV-81C,4,Male,71,9,39,Crafts,No,Unmarried,1,"$175,000.00",3,0,NoCar,N/A,$0,23,No,Yes,Mast,38,Yes,20,No,No,No,Yes,No,No,Yes,0,72,$108.00,"$1,584.48",$0.00,$0.00,$0.00,$0.00,$108.00,0
9148-FRUXBB-3CE,5,Female,27,12,7,Agriculture,No,Unmarried,1,"$78,000.00",1,0,Lease,Foreign,"$31,000",28,Yes,No,Mast,9,No,18,No,No,No,No,Yes,Yes,Yes,0,46,$40.40,$381.72,$0.00,$0.00,$0.00,$0.00,$40.40,0
9148-LMSXVM-OVQ,1,Female,70,13,26,Labor,Yes,Unmarried,1,"$34,000.00",0,0,Own,Foreign,"$6,900",24,No,Yes,Mast,25,Yes,21,No,No,No,No,Yes,Yes,Yes,1,55,$40.00,$432.72,$0.00,$0.00,$0.00,$0.00,$40.00,0
9155-FBCWQW-GZ8,5,Male,54,13,4,Sales,No,Married,2,"$58,000.00",0,1,Own,Domestic,"$11,400",27,No,Yes,Mast,23,No,19,No,No,No,Yes,No,No,Yes,0,56,$44.40,$472.32,$0.00,$0.00,$0.00,$0.00,$44.40,0
9156-FXQUCE-GTI,4,Male,48,17,15,Labor,No,Married,2,"$160,000.00",3,1,Own,Domestic,"$48,000",22,No,Yes,Visa,7,No,15,No,Yes,No,Yes,Yes,No,No,1,10,$14.40,$20.68,$0.00,$0.00,$98.50,$182.94,$112.90,0
9156-VTNKXY-XNC,1,Female,39,14,4,Sales,No,Married,4,"$48,000.00",1,0,NoCar,N/A,$0,22,No,No,Visa,11,Yes,22,Yes,No,No,No,No,Yes,No,0,29,$30.00,$181.80,$82.00,$435.24,$0.00,$0.00,$112.00,0
9159-LUYBZL-1FW,3,Male,32,18,1,Sales,No,Married,4,"$162,000.00",1,1,Own,Foreign,"$44,700",24,Yes,Yes,Disc,14,No,20,Yes,No,No,No,No,Yes,Yes,0,53,$30.60,$336.52,$119.20,"$1,249.56",$0.00,$0.00,$149.80,0
9165-BGQZIE-JB5,4,Female,54,19,14,Labor,No,Unmarried,1,"$125,000.00",0,1,Own,Foreign,"$64,600",20,No,Yes,Disc,11,Yes,20,Yes,Yes,Yes,Yes,No,Yes,No,0,40,$26.80,$217.56,$148.80,"$1,128.48",$177.50,"$1,547.46",$353.10,1
9165-SREVIU-CDN,4,Female,60,13,10,Sales,No,Unmarried,1,"$146,000.00",2,1,Own,Domestic,"$39,500",28,No,Yes,Disc,9,Yes,23,No,No,Yes,Yes,No,No,No,1,34,$19.80,$152.04,$0.00,$0.00,$0.00,$0.00,$19.80,0
9166-MHBMBK-P1V,5,Female,56,14,14,Professional,No,Unmarried,2,"$109,000.00",6,1,Own,Foreign,"$70,600",30,No,No,Disc,20,No,25,No,Yes,Yes,Yes,No,No,Yes,0,55,$38.20,$425.32,$0.00,$0.00,$143.25,"$1,919.04",$181.45,0
9166-NBENKT-6SQ,4,Male,63,14,19,Professional,No,Married,2,"$109,000.00",0,1,Own,Domestic,"$47,100",37,No,Yes,Mast,25,Yes,11,No,No,No,No,Yes,No,No,0,63,$71.40,$930.84,$0.00,$0.00,$0.00,$0.00,$71.40,0
9169-JNKUFP-5U7,3,Female,72,20,19,Professional,No,Unmarried,1,"$90,000.00",2,1,NoCar,N/A,$0,34,No,Yes,Disc,28,No,21,No,No,No,No,No,Yes,Yes,0,65,$41.80,$555.60,$0.00,$0.00,$0.00,$0.00,$41.80,0
9169-WRICRN-Y45,3,Female,74,14,7,Sales,No,Unmarried,1,"$40,000.00",8,1,Lease,Foreign,"$8,400",27,No,No,Mast,23,No,20,No,No,No,No,No,No,Yes,1,54,$35.20,$425.08,$0.00,$0.00,$0.00,$0.00,$35.20,0
9170-DWFWOA-P5A,4,Male,23,10,4,Service,No,Married,4,"$78,000.00",0,0,Own,Foreign,"$21,500",29,No,No,AMEX,5,No,27,No,No,No,No,Yes,No,No,1,48,$29.00,$267.36,$0.00,$0.00,$0.00,$0.00,$29.00,0
9170-KQNCYU-497,1,Female,21,16,0,Service,No,Unmarried,2,"$66,000.00",8,0,Own,Domestic,"$19,700",23,Yes,Yes,Mast,1,Yes,14,No,No,No,No,No,No,No,0,2,$8.20,$3.60,$0.00,$0.00,$0.00,$0.00,$8.20,0
9171-CRNWBE-F9A,3,Male,45,18,4,Professional,No,Married,2,"$162,000.00",1,0,Own,Foreign,"$32,300",17,No,Yes,AMEX,24,Yes,17,No,No,No,Yes,Yes,Yes,Yes,0,54,$60.00,$671.48,$0.00,$0.00,$0.00,$0.00,$60.00,0
9172-WITHKP-BXZ,2,Female,29,17,1,Sales,No,Married,2,"$70,000.00",0,0,Lease,Foreign,"$16,800",20,No,Yes,Mast,11,Yes,22,No,Yes,Yes,Yes,Yes,Yes,Yes,0,57,$68.20,$747.20,$0.00,$0.00,$215.75,"$2,924.64",$283.95,1
9173-ALBLAB-JN5,4,Male,46,15,4,Professional,No,Unmarried,1,"$104,000.00",2,0,Own,Domestic,"$36,600",25,Yes,No,Othe,5,No,24,No,No,No,No,No,No,No,0,14,$15.80,$44.08,$0.00,$0.00,$0.00,$0.00,$15.80,0
9175-XFUAVM-BTO,1,Female,66,14,3,Sales,No,Married,3,"$54,000.00",4,1,Own,Domestic,"$18,500",25,No,Yes,Visa,32,No,17,No,No,Yes,No,Yes,Yes,No,1,63,$56.60,$769.00,$0.00,$0.00,$0.00,$0.00,$56.60,0
9176-YPUZOB-0X8,3,Male,49,13,2,Sales,No,Unmarried,1,"$74,000.00",7,1,Own,Foreign,"$19,900",28,No,Yes,Mast,7,No,26,No,No,No,Yes,Yes,No,No,0,16,$35.00,$98.60,$0.00,$0.00,$0.00,$0.00,$35.00,0
9184-ABVZGX-Z4V,2,Male,65,17,7,Sales,No,Unmarried,1,"$182,000.00",0,1,Lease,Domestic,"$53,900",17,Yes,Yes,AMEX,36,Yes,17,Yes,Yes,Yes,Yes,No,Yes,Yes,1,68,$88.00,"$1,189.72",$223.80,"$3,109.76",$424.25,"$6,723.48",$736.05,1
9184-NSLRZE-BIB,5,Male,49,13,13,Professional,No,Unmarried,1,"$102,000.00",0,1,Own,Domestic,"$28,600",23,Yes,No,Visa,20,No,26,No,No,No,Yes,Yes,No,No,0,39,$25.00,$200.48,$0.00,$0.00,$0.00,$0.00,$25.00,0
9189-PABWPT-4E7,4,Male,48,20,17,Crafts,No,Married,2,"$54,000.00",5,0,Own,Domestic,"$18,100",24,No,Yes,Disc,17,Yes,14,Yes,Yes,Yes,No,No,Yes,Yes,1,52,$70.00,$716.48,$170.60,"$1,741.88",$193.75,"$2,452.92",$434.35,1
9191-DQPZIS-5DB,4,Female,29,12,4,Service,No,Unmarried,1,"$44,000.00",2,0,Own,Domestic,"$11,100",16,Yes,No,Visa,7,Yes,24,No,No,No,No,No,No,No,0,22,$33.60,$130.88,$0.00,$0.00,$0.00,$0.00,$33.60,0
9197-GCTAAU-00Z,2,Male,47,13,10,Service,No,Married,3,"$96,000.00",0,0,Own,Domestic,"$27,500",34,Yes,Yes,Mast,10,Yes,27,No,No,No,No,No,No,No,0,35,$38.00,$234.32,$0.00,$0.00,$0.00,$0.00,$38.00,0
9200-GVGEES-KKE,3,Male,51,18,1,Sales,No,Unmarried,1,"$48,000.00",4,1,Own,Domestic,"$7,600",21,No,Yes,Visa,19,No,13,Yes,No,No,No,No,Yes,Yes,0,44,$32.00,$257.60,$81.20,$696.44,$0.00,$0.00,$113.20,0
9201-ASDMLP-DS9,3,Male,20,15,0,Sales,No,Married,3,"$32,000.00",10,1,Own,Foreign,"$7,100",19,Yes,No,Visa,2,Yes,26,Yes,No,No,No,No,Yes,No,0,4,$15.00,$7.00,$91.20,$56.80,$0.00,$0.00,$106.20,0
9202-ICFPVU-5YX,5,Female,40,19,12,Labor,No,Married,2,"$107,000.00",4,0,Own,Domestic,"$56,500",26,No,Yes,Visa,22,No,25,Yes,Yes,Yes,No,No,Yes,No,0,59,$45.40,$510.36,$195.80,"$2,181.60",$269.50,"$3,674.58",$510.70,1
9204-WXRZIL-7QG,5,Male,70,16,35,Labor,No,Unmarried,1,"$526,000.00",1,1,Own,Foreign,"$92,200",29,No,Yes,AMEX,40,Yes,17,Yes,Yes,Yes,Yes,Yes,No,Yes,0,72,$139.40,"$1,924.72",$186.80,"$2,595.56",$265.25,"$4,361.64",$591.45,1
9205-PAZEXY-90Q,2,Female,72,20,27,Agriculture,Yes,Married,2,"$34,000.00",0,1,Own,Foreign,"$9,300",32,Yes,Yes,Mast,33,Yes,24,Yes,No,No,No,No,Yes,Yes,0,67,$55.60,$763.24,$154.20,"$2,064.60",$0.00,$0.00,$209.80,0
9206-DEBZID-YJ3,3,Female,32,11,5,Service,No,Unmarried,2,"$72,000.00",0,0,Own,Domestic,"$13,800",16,No,No,Visa,14,No,21,No,No,No,No,No,No,No,0,59,$51.40,$625.96,$0.00,$0.00,$0.00,$0.00,$51.40,0
9219-SKMXVG-KO5,3,Female,57,15,4,Sales,No,Unmarried,1,"$62,000.00",6,1,Own,Foreign,"$8,100",41,No,No,Mast,17,No,23,No,No,No,No,No,No,Yes,0,46,$48.60,$405.76,$0.00,$0.00,$0.00,$0.00,$48.60,0
9221-OXUFEY-119,1,Female,47,17,4,Sales,No,Married,3,"$146,000.00",5,0,Lease,Foreign,"$42,500",26,No,No,Disc,8,Yes,22,Yes,No,No,No,No,Yes,No,1,17,$45.60,$166.08,$137.00,$458.28,$0.00,$0.00,$182.60,0
9224-JXEVZX-X5R,5,Female,34,17,1,Sales,No,Unmarried,2,"$62,000.00",1,1,Lease,Domestic,"$11,000",22,No,Yes,Visa,9,Yes,17,Yes,No,No,No,No,No,No,1,11,$27.40,$54.28,$100.80,$209.80,$0.00,$0.00,$128.20,0
9227-RCUKBO-V8N,2,Female,25,9,3,Labor,No,Unmarried,1,"$50,000.00",0,1,Own,Foreign,"$13,300",33,No,No,Visa,3,No,21,No,No,No,No,No,No,No,1,6,$24.80,$29.28,$0.00,$0.00,$0.00,$0.00,$24.80,0
9228-IUCOHY-WW2,2,Female,29,15,6,Service,No,Married,5,"$42,000.00",8,1,Own,Foreign,"$10,300",29,Yes,No,Disc,11,Yes,23,Yes,Yes,Yes,No,Yes,Yes,No,0,21,$11.20,$50.56,$167.80,$644.64,$226.50,"$1,132.98",$405.50,1
9228-SUMFJZ-HDT,1,Male,29,16,3,Service,No,Married,7,"$110,000.00",6,1,Own,Foreign,"$20,100",34,No,No,Disc,12,No,13,No,No,No,No,No,No,No,0,19,$27.00,$96.80,$0.00,$0.00,$0.00,$0.00,$27.00,0
9231-CESRRQ-MPY,3,Male,21,16,0,Professional,No,Married,6,"$86,000.00",2,1,Own,Foreign,"$17,300",27,No,No,Othe,1,No,27,Yes,Yes,No,Yes,No,No,No,0,3,$14.20,$9.12,$109.00,$47.84,$173.50,$58.86,$296.70,1
9232-GXUCAP-4C2,5,Female,25,13,3,Crafts,No,Married,6,"$72,000.00",1,1,Own,Foreign,"$15,800",29,Yes,No,AMEX,7,Yes,18,No,No,No,Yes,Yes,No,No,0,17,$28.60,$102.40,$0.00,$0.00,$0.00,$0.00,$28.60,0
9243-KEGJHL-JTY,2,Female,29,12,2,Professional,No,Married,6,"$48,000.00",6,1,Own,Domestic,"$13,600",29,No,No,AMEX,11,No,18,No,No,No,Yes,Yes,No,No,0,48,$71.40,$655.04,$0.00,$0.00,$0.00,$0.00,$71.40,0
9244-NELAGU-B8N,3,Female,39,16,9,Agriculture,No,Unmarried,1,"$98,000.00",3,0,NoCar,N/A,$0,34,No,No,Mast,7,Yes,20,No,No,Yes,Yes,Yes,Yes,Yes,0,12,$28.40,$55.00,$0.00,$0.00,$0.00,$0.00,$28.40,0
9245-NOXCBL-ILE,3,Female,67,19,22,Sales,Yes,Unmarried,1,"$44,000.00",11,1,Own,Domestic,"$9,500",30,Yes,No,Disc,32,Yes,28,Yes,Yes,Yes,No,No,Yes,Yes,0,64,$66.00,$899.00,$210.20,"$2,684.60",$221.50,"$3,225.06",$497.70,1
9246-ETXIBX-CV7,2,Female,60,10,28,Labor,No,Unmarried,1,"$121,000.00",6,0,Own,Foreign,"$60,400",19,Yes,Yes,Mast,23,No,8,No,Yes,Yes,Yes,Yes,No,No,0,62,$42.80,$517.16,$0.00,$0.00,$186.00,"$2,747.28",$228.80,0
9246-LLUDZC-NK7,5,Female,19,14,0,Sales,No,Married,5,"$46,000.00",0,1,Own,Domestic,"$9,600",27,Yes,Yes,Visa,1,Yes,20,No,No,No,Yes,Yes,No,No,0,20,$50.80,$200.72,$0.00,$0.00,$0.00,$0.00,$50.80,0
9247-MPRRQJ-M3H,1,Male,23,15,0,Sales,No,Unmarried,3,"$42,000.00",0,1,Own,Foreign,"$12,000",18,No,No,Disc,5,Yes,21,Yes,No,No,Yes,Yes,Yes,No,0,24,$41.60,$194.00,$130.60,$565.24,$0.00,$0.00,$172.20,0
9249-AXADUL-D5S,1,Female,61,15,15,Professional,No,Unmarried,1,"$112,000.00",7,1,Lease,Foreign,"$33,600",28,Yes,Yes,AMEX,17,No,17,Yes,No,No,No,No,No,No,0,43,$42.20,$401.68,$113.00,"$1,021.52",$0.00,$0.00,$155.20,0
9255-ICUGTA-OH6,2,Male,35,12,1,Sales,No,Unmarried,1,"$38,000.00",0,1,Own,Domestic,"$9,300",23,No,Yes,Disc,13,No,20,No,Yes,Yes,Yes,Yes,No,Yes,0,25,$19.00,$89.80,$0.00,$0.00,$92.75,$536.10,$111.75,0
9257-UGOWQJ-0GM,5,Male,51,19,5,Sales,No,Unmarried,3,"$108,000.00",2,1,Own,Domestic,"$38,100",31,No,Yes,Disc,29,No,23,No,Yes,Yes,Yes,Yes,No,Yes,1,58,$41.00,$501.40,$0.00,$0.00,$198.00,"$2,487.36",$239.00,0
9259-ENLDVN-PCW,4,Female,70,11,17,Professional,Yes,Married,2,"$40,000.00",3,1,Own,Domestic,"$8,100",24,No,No,Disc,33,No,18,No,No,Yes,Yes,Yes,No,Yes,0,63,$125.40,"$1,543.32",$0.00,$0.00,$0.00,$0.00,$125.40,0
9262-FFTSMI-DAT,3,Male,27,13,4,Service,No,Married,4,"$34,000.00",2,1,Own,Domestic,"$7,900",24,No,No,AMEX,9,Yes,11,No,No,No,Yes,Yes,No,No,0,42,$29.60,$256.76,$0.00,$0.00,$0.00,$0.00,$29.60,0
9265-PEYHMB-1PL,3,Female,79,13,11,Professional,Yes,Married,2,"$20,000.00",6,1,Own,Foreign,"$2,400",34,No,No,Mast,37,Yes,20,No,No,No,No,No,No,Yes,0,71,$84.80,"$1,218.96",$0.00,$0.00,$0.00,$0.00,$84.80,0
9266-OLZOZZ-5H5,5,Male,58,13,6,Sales,Yes,Married,4,"$30,000.00",0,0,Own,Domestic,"$8,000",26,Yes,No,Visa,15,No,19,Yes,No,No,No,No,No,Yes,0,46,$38.80,$358.44,$133.80,"$1,160.16",$0.00,$0.00,$172.60,0
9266-ZNYFGY-9OK,1,Female,27,15,1,Sales,No,Unmarried,2,"$48,000.00",3,1,Own,Domestic,"$9,100",21,Yes,No,Visa,4,Yes,14,Yes,Yes,Yes,No,Yes,Yes,No,1,7,$31.00,$36.20,$117.00,$128.12,$115.25,$143.04,$263.25,0
9267-FGHTXT-Z79,2,Male,50,21,5,Professional,No,Unmarried,1,"$76,000.00",5,0,Own,Foreign,"$17,600",27,No,No,AMEX,3,No,18,Yes,Yes,Yes,Yes,No,Yes,No,0,7,$14.80,$13.52,$146.40,$175.04,$153.50,$242.04,$314.70,1
9268-EGPXPL-52P,3,Female,23,17,0,Sales,No,Unmarried,3,"$44,000.00",2,0,Own,Foreign,"$9,700",23,Yes,Yes,Disc,5,No,17,Yes,Yes,Yes,Yes,Yes,No,Yes,0,57,$21.80,$244.64,$197.00,"$2,234.52",$196.50,"$2,592.78",$415.30,1
9269-AJUKYB-IFF,3,Male,72,10,14,Sales,No,Unmarried,1,"$62,000.00",0,0,Own,Domestic,"$20,700",35,Yes,Yes,Disc,20,No,16,No,No,No,Yes,Yes,No,No,0,50,$61.20,$613.60,$0.00,$0.00,$0.00,$0.00,$61.20,0
9271-QHXIJE-VVI,3,Female,58,11,19,Labor,No,Married,4,"$118,000.00",5,1,Own,Domestic,"$37,300",23,No,No,Disc,14,Yes,21,No,No,No,No,No,No,Yes,0,23,$46.00,$203.40,$0.00,$0.00,$0.00,$0.00,$46.00,0
9273-JLQSYW-VH5,1,Female,48,14,5,Sales,No,Married,6,"$92,000.00",0,1,Own,Domestic,"$22,400",25,No,No,Disc,18,No,15,Yes,Yes,No,Yes,Yes,Yes,No,0,33,$45.40,$283.56,$125.80,$763.20,$156.75,"$1,252.86",$327.95,1
9274-AJOKVY-J1B,3,Female,40,14,1,Sales,No,Unmarried,2,"$94,000.00",3,1,Own,Domestic,"$13,800",31,No,Yes,Mast,5,No,21,Yes,Yes,No,No,No,Yes,No,0,12,$30.00,$81.04,$110.20,$265.84,$94.50,$271.02,$234.70,0
9274-WMSVYS-8MF,5,Male,41,20,9,Agriculture,No,Unmarried,1,"$134,000.00",0,1,NoCar,N/A,$0,30,No,No,AMEX,20,No,19,No,Yes,Yes,Yes,Yes,No,Yes,1,45,$44.40,$351.48,$0.00,$0.00,$111.25,"$1,206.18",$155.65,0
9276-YNCCVS-5J1,4,Female,74,9,17,Professional,Yes,Unmarried,1,"$22,000.00",1,1,Lease,Domestic,"$3,900",22,No,Yes,Visa,24,Yes,24,No,No,No,No,No,No,Yes,1,60,$124.00,"$1,463.04",$0.00,$0.00,$0.00,$0.00,$124.00,0
9277-MOJACF-1DM,1,Female,58,17,6,Sales,No,Married,3,"$90,000.00",0,0,Own,Foreign,"$17,900",19,Yes,Yes,Visa,31,No,17,Yes,Yes,No,No,No,Yes,Yes,0,69,$108.60,"$1,502.96",$197.60,"$2,578.04",$155.75,"$2,515.26",$461.95,1
9278-CKRRXE-19H,3,Male,45,13,20,Service,No,Unmarried,1,"$108,000.00",3,1,Own,Foreign,"$23,300",24,No,No,Mast,24,No,19,No,No,No,No,No,No,Yes,1,46,$46.40,$437.32,$0.00,$0.00,$0.00,$0.00,$46.40,0
9279-CDNOTY-G0E,2,Female,39,11,9,Service,No,Unmarried,1,"$98,000.00",9,0,Own,Foreign,"$21,300",28,Yes,Yes,Mast,21,Yes,25,No,No,No,No,No,No,Yes,1,53,$43.80,$437.48,$0.00,$0.00,$0.00,$0.00,$43.80,0
9280-NOVHLN-U6S,5,Female,40,17,7,Agriculture,No,Married,8,"$126,000.00",0,1,Lease,Foreign,"$28,200",24,No,No,AMEX,8,Yes,19,Yes,Yes,Yes,Yes,Yes,Yes,No,1,14,$38.00,$105.04,$157.40,$406.12,$124.00,$385.32,$319.40,1
9282-WPEYAO-PTU,5,Male,41,18,3,Sales,No,Married,2,"$70,000.00",3,1,NoCar,N/A,$0,22,Yes,Yes,AMEX,11,No,22,No,No,No,No,No,Yes,No,0,22,$35.40,$170.40,$0.00,$0.00,$0.00,$0.00,$35.40,0
9284-WZHORW-1F0,4,Female,27,19,0,Professional,No,Unmarried,1,"$182,000.00",3,0,Own,Foreign,"$20,300",31,Yes,No,Disc,9,Yes,15,Yes,Yes,No,No,No,No,No,1,18,$25.00,$102.84,$134.20,$439.60,$118.75,$538.80,$277.95,1
9285-NQRIGC-6I9,1,Female,62,15,15,Crafts,No,Unmarried,1,"$136,000.00",1,0,Own,Domestic,"$40,700",26,No,No,Visa,7,No,16,No,Yes,No,Yes,Yes,Yes,No,1,14,$17.80,$62.44,$0.00,$0.00,$119.50,$355.14,$137.30,0
9285-OLGYYU-RXX,3,Female,65,17,9,Sales,No,Married,2,"$140,000.00",2,1,Own,Foreign,"$33,400",26,No,No,Visa,18,No,22,Yes,No,No,Yes,Yes,Yes,No,0,41,$54.20,$501.08,$137.80,"$1,007.48",$0.00,$0.00,$192.00,0
9286-AHCZXN-36Q,4,Female,50,18,19,Crafts,No,Married,3,"$186,000.00",5,1,Own,Domestic,"$50,500",19,Yes,Yes,Mast,15,No,17,No,Yes,No,Yes,Yes,No,No,0,50,$94.60,$969.76,$0.00,$0.00,$117.25,"$1,300.38",$211.85,0
9286-ZRTPUR-2KQ,5,Female,38,16,9,Agriculture,No,Unmarried,1,"$176,000.00",1,0,Own,Domestic,"$43,600",27,No,Yes,AMEX,14,Yes,26,Yes,Yes,No,No,Yes,Yes,Yes,0,29,$31.60,$187.92,$132.60,$776.48,$126.50,$800.70,$290.70,1
9287-WEDAYS-ZG0,5,Male,65,13,2,Sales,No,Unmarried,1,"$54,000.00",0,1,Lease,Foreign,"$11,900",18,No,Yes,Mast,3,No,20,No,No,No,No,No,No,No,0,10,$6.80,$13.88,$0.00,$0.00,$0.00,$0.00,$6.80,0
9293-JVWBKD-OQC,2,Male,56,17,9,Professional,No,Married,2,"$106,000.00",1,1,Own,Foreign,"$37,800",26,No,Yes,Mast,32,Yes,12,No,Yes,Yes,Yes,Yes,Yes,Yes,0,55,$94.00,"$1,065.16",$0.00,$0.00,$211.75,"$2,682.30",$305.75,1
9295-PQTLNQ-F0C,2,Female,63,18,4,Professional,No,Unmarried,1,"$62,000.00",0,1,Own,Domestic,"$19,000",17,No,Yes,Visa,16,No,21,Yes,No,Yes,No,No,No,Yes,0,17,$47.60,$160.32,$138.40,$451.84,$0.00,$0.00,$186.00,0
9297-HQVEUE-27S,5,Male,54,14,7,Sales,No,Unmarried,1,"$150,000.00",5,1,Own,Foreign,"$29,400",32,No,No,AMEX,19,Yes,10,No,No,No,Yes,Yes,No,Yes,1,47,$125.80,"$1,223.76",$0.00,$0.00,$0.00,$0.00,$125.80,0
9298-YHUIAW-0YS,2,Male,72,14,14,Professional,No,Married,2,"$100,000.00",0,0,Lease,Domestic,"$23,500",34,No,Yes,Visa,36,No,20,No,No,No,No,No,No,Yes,0,70,$110.60,"$1,572.60",$0.00,$0.00,$0.00,$0.00,$110.60,0
9301-ANHJWV-DS3,5,Male,29,10,4,Professional,No,Unmarried,1,"$66,000.00",0,0,Own,Foreign,"$18,700",18,Yes,No,Visa,11,Yes,21,No,No,No,No,No,No,No,0,28,$35.60,$185.64,$0.00,$0.00,$0.00,$0.00,$35.60,0
9302-ESJDZV-MAD,1,Female,50,14,22,Labor,No,Married,3,"$170,000.00",2,1,NoCar,N/A,$0,19,Yes,Yes,Mast,30,No,18,No,No,No,No,Yes,Yes,Yes,0,63,$39.00,$474.40,$0.00,$0.00,$0.00,$0.00,$39.00,0
9303-FZYCXF-SYD,1,Female,43,12,16,Labor,No,Unmarried,1,"$98,000.00",5,1,Own,Domestic,"$27,300",22,No,No,Mast,25,No,20,Yes,Yes,Yes,Yes,Yes,Yes,Yes,0,71,$129.80,"$1,868.28",$213.20,"$2,965.96",$188.50,"$3,306.72",$531.50,1
9305-WQKHRM-WT8,2,Female,39,21,3,Professional,No,Unmarried,2,"$210,000.00",7,1,Own,Foreign,"$96,800",36,Yes,No,AMEX,10,No,24,Yes,Yes,Yes,Yes,Yes,Yes,No,1,40,$26.00,$211.40,$230.40,"$1,714.12",$374.50,"$3,513.84",$630.90,1
9307-LYOCSE-ZGV,4,Female,43,17,1,Sales,No,Unmarried,2,"$66,000.00",1,1,Lease,Foreign,"$13,700",29,No,Yes,AMEX,6,Yes,17,Yes,No,No,No,No,No,No,0,15,$10.20,$37.96,$111.80,$307.36,$0.00,$0.00,$122.00,0
9307-XSNCMT-QT9,2,Male,53,15,11,Professional,No,Unmarried,1,"$52,000.00",0,0,Own,Domestic,"$9,100",36,Yes,Yes,Mast,11,No,13,Yes,Yes,Yes,No,No,Yes,Yes,0,31,$40.40,$231.84,$143.20,$879.32,$116.25,$811.98,$299.85,1
9313-EQZSDU-5OA,2,Male,27,15,1,Professional,No,Unmarried,1,"$42,000.00",9,0,Own,Domestic,"$8,300",31,No,No,Mast,2,No,24,Yes,No,No,No,No,No,No,0,4,$12.40,$7.40,$129.40,$78.00,$0.00,$0.00,$141.80,0
9313-GMBMTQ-ISP,3,Female,32,18,5,Agriculture,No,Married,3,"$54,000.00",8,1,Lease,Foreign,"$13,000",29,No,No,AMEX,13,Yes,18,No,No,No,No,Yes,Yes,Yes,0,28,$39.00,$241.56,$0.00,$0.00,$0.00,$0.00,$39.00,0
9313-YQDSKI-YB3,4,Female,63,17,17,Labor,No,Married,2,"$109,000.00",3,1,Own,Foreign,"$49,700",36,Yes,Yes,Disc,32,Yes,15,Yes,No,No,No,No,No,Yes,0,65,$86.00,"$1,113.36",$105.20,"$1,372.40",$0.00,$0.00,$191.20,0
9315-LTBJBN-82Q,2,Female,52,17,5,Professional,No,Unmarried,1,"$170,000.00",2,1,Own,Domestic,"$44,800",30,Yes,No,Disc,26,Yes,25,No,Yes,Yes,Yes,Yes,No,No,0,54,$47.40,$507.52,$0.00,$0.00,$160.25,"$1,999.20",$207.65,0
9315-PCUNFQ-N19,4,Male,18,13,0,Labor,No,Unmarried,3,"$34,000.00",3,1,Own,Domestic,"$9,000",39,No,Yes,Disc,0,No,14,Yes,Yes,No,No,No,Yes,Yes,0,11,$69.60,$124.20,$121.60,$245.96,$116.00,$262.32,$307.20,1
9316-IVCNSL-MPG,2,Male,63,15,4,Sales,No,Married,2,"$90,000.00",5,1,Lease,Foreign,"$25,400",30,No,No,Visa,37,No,19,No,No,No,No,No,No,Yes,0,69,$186.80,"$2,480.72",$0.00,$0.00,$0.00,$0.00,$186.80,0
9320-EDQQYT-0BC,3,Male,48,17,3,Sales,No,Married,2,"$68,000.00",0,1,Lease,Domestic,"$15,700",30,Yes,Yes,Mast,30,Yes,21,No,No,Yes,Yes,Yes,No,Yes,0,69,$90.20,"$1,358.28",$0.00,$0.00,$0.00,$0.00,$90.20,0
9320-MBBQEY-3EF,1,Female,57,18,9,Sales,No,Unmarried,1,"$80,000.00",0,0,Own,Domestic,"$19,700",23,Yes,No,AMEX,12,Yes,27,No,No,No,No,No,No,Yes,0,43,$26.00,$237.76,$0.00,$0.00,$0.00,$0.00,$26.00,0
9320-YDWRSD-LSF,4,Male,25,19,0,Crafts,No,Unmarried,1,"$52,000.00",10,0,Own,Foreign,"$11,900",32,No,No,Mast,7,No,20,Yes,No,Yes,Yes,No,Yes,No,1,20,$34.20,$125.88,$124.40,$485.72,$0.00,$0.00,$158.60,0
9321-FCPRGD-QA6,3,Female,66,15,15,Professional,No,Unmarried,1,"$142,000.00",0,0,Own,Domestic,"$33,200",32,Yes,No,Disc,37,Yes,16,No,No,No,No,No,No,Yes,0,70,$85.60,"$1,163.44",$0.00,$0.00,$0.00,$0.00,$85.60,0
9321-XXHBOE-6V7,1,Male,35,12,15,Agriculture,No,Unmarried,1,"$64,000.00",4,0,Own,Domestic,"$12,800",27,Yes,No,Mast,17,Yes,20,No,No,No,No,No,Yes,Yes,0,52,$96.80,"$1,017.44",$0.00,$0.00,$0.00,$0.00,$96.80,0
9322-UHIXUR-7C7,3,Female,27,15,3,Professional,No,Unmarried,1,"$66,000.00",0,1,Own,Domestic,"$14,500",24,No,No,Visa,9,Yes,17,Yes,Yes,Yes,Yes,Yes,Yes,No,1,29,$30.60,$144.84,$135.40,$830.76,$132.25,$891.24,$298.25,1
9325-URAAUT-7FA,1,Male,47,19,3,Sales,No,Married,4,"$189,000.00",0,1,Own,Foreign,"$96,000",12,Yes,No,Mast,22,No,24,Yes,No,No,No,No,Yes,Yes,1,37,$31.80,$226.16,$118.20,$826.28,$0.00,$0.00,$150.00,0
9325-WPUGWE-EUA,3,Male,41,20,11,Labor,No,Unmarried,1,"$62,000.00",1,1,NoCar,N/A,$0,23,No,No,Disc,23,No,18,Yes,No,Yes,No,Yes,No,Yes,1,57,$31.60,$343.32,$188.60,"$2,013.52",$0.00,$0.00,$220.20,0
9327-HJWAMM-N9C,3,Male,63,20,10,Professional,No,Married,4,"$168,000.00",1,1,Own,Foreign,"$88,300",20,No,Yes,Disc,27,Yes,14,No,No,Yes,Yes,Yes,No,Yes,1,59,$67.00,$767.96,$0.00,$0.00,$0.00,$0.00,$67.00,0
9327-NQZHKL-ZQC,2,Male,52,10,18,Service,No,Married,5,"$134,000.00",0,1,Own,Domestic,"$31,100",36,No,No,Othe,6,Yes,16,No,No,No,No,Yes,No,Yes,0,9,$19.40,$33.24,$0.00,$0.00,$0.00,$0.00,$19.40,0
9330-CKKNXY-Z1S,5,Female,45,18,3,Professional,No,Married,2,"$106,000.00",1,0,Own,Foreign,"$30,800",30,No,No,Disc,3,No,20,No,No,No,No,No,Yes,No,0,18,$18.80,$55.44,$0.00,$0.00,$0.00,$0.00,$18.80,0
9331-GZYPEA-4X8,1,Female,22,12,1,Professional,No,Married,3,"$64,000.00",2,0,Own,Foreign,"$19,300",14,Yes,No,Mast,4,Yes,25,No,No,No,Yes,Yes,No,Yes,0,52,$49.00,$488.52,$0.00,$0.00,$0.00,$0.00,$49.00,0
9334-HETXZJ-33F,4,Male,35,20,4,Professional,No,Unmarried,4,"$60,000.00",11,0,Own,Foreign,"$12,500",26,No,Yes,Disc,9,Yes,20,Yes,No,No,Yes,No,No,No,1,25,$24.20,$139.76,$114.80,$505.80,$0.00,$0.00,$139.00,0
9334-IUMUSE-FAI,1,Male,54,10,3,Sales,No,Unmarried,2,"$50,000.00",8,1,Own,Domestic,"$13,100",21,Yes,No,Mast,2,Yes,18,No,No,No,No,No,Yes,No,1,15,$15.60,$40.68,$0.00,$0.00,$0.00,$0.00,$15.60,0
9337-MAIPAF-W8G,1,Male,28,17,0,Sales,No,Married,3,"$78,000.00",6,1,NoCar,N/A,$0,29,No,Yes,AMEX,8,No,22,No,No,No,Yes,Yes,No,No,0,11,$19.80,$47.72,$0.00,$0.00,$0.00,$0.00,$19.80,0
9342-LIOJLV-1IF,3,Female,29,13,1,Sales,No,Married,4,"$62,000.00",3,0,Lease,Foreign,"$15,600",25,Yes,No,Disc,11,No,21,Yes,Yes,Yes,Yes,Yes,Yes,No,1,31,$49.60,$289.72,$170.00,$971.60,$202.50,"$1,461.78",$422.10,1
9343-GXHLQQ-RNH,2,Female,50,13,15,Labor,No,Married,2,"$136,000.00",0,1,Own,Domestic,"$34,000",20,No,No,AMEX,20,No,16,No,No,Yes,Yes,Yes,Yes,No,1,49,$53.20,$528.64,$0.00,$0.00,$0.00,$0.00,$53.20,0
9343-WKHXRS-9B8,3,Female,37,18,2,Professional,No,Unmarried,1,"$102,000.00",0,0,Own,Foreign,"$47,700",19,Yes,Yes,Disc,2,Yes,22,Yes,Yes,Yes,Yes,Yes,Yes,No,1,7,$14.80,$15.64,$174.60,$190.48,$192.75,$299.94,$382.15,1
9347-RPQEUD-TUS,4,Male,57,11,12,Service,No,Unmarried,1,"$66,000.00",3,0,Own,Foreign,"$13,100",30,No,No,Othe,26,No,28,No,No,No,No,Yes,No,No,0,54,$70.80,$738.92,$0.00,$0.00,$0.00,$0.00,$70.80,0
9351-BJSQLP-WRG,4,Female,73,11,43,Labor,Yes,Unmarried,1,"$40,000.00",1,0,Own,Domestic,"$13,800",28,Yes,No,Othe,39,Yes,24,No,No,No,No,No,No,Yes,0,70,$91.80,"$1,231.96",$0.00,$0.00,$0.00,$0.00,$91.80,0
9352-NVBUOA-3JM,4,Male,18,13,0,Crafts,No,Unmarried,1,"$28,000.00",8,1,Lease,Domestic,"$8,200",28,No,Yes,AMEX,1,Yes,23,No,No,No,No,Yes,Yes,No,0,3,$15.00,$4.80,$0.00,$0.00,$0.00,$0.00,$15.00,0
9354-GTFVFQ-16K,3,Male,32,10,12,Agriculture,No,Unmarried,1,"$54,000.00",3,0,Own,Domestic,"$10,400",36,Yes,No,Visa,11,Yes,18,No,No,No,No,No,No,Yes,0,38,$43.80,$338.28,$0.00,$0.00,$0.00,$0.00,$43.80,0
9357-CBFHCN-N3K,5,Female,34,18,0,Sales,No,Unmarried,1,"$107,000.00",10,1,Own,Foreign,"$48,500",26,No,Yes,Disc,4,Yes,25,No,No,No,No,No,No,No,0,10,$11.00,$23.60,$0.00,$0.00,$0.00,$0.00,$11.00,0
9357-NOWBWV-55T,4,Female,22,17,0,Labor,No,Married,5,"$38,000.00",0,1,Own,Domestic,"$13,600",30,Yes,Yes,Visa,5,No,21,Yes,Yes,Yes,Yes,Yes,Yes,No,0,17,$23.80,$78.44,$226.80,$770.84,$266.25,"$1,018.74",$516.85,1
9357-WUXLKE-TTP,5,Female,27,18,0,Sales,No,Married,6,"$34,000.00",6,0,Own,Domestic,"$8,000",34,No,Yes,Mast,9,Yes,19,Yes,Yes,Yes,Yes,Yes,Yes,Yes,0,33,$32.40,$197.80,$147.00,$887.40,$173.25,"$1,332.36",$352.65,1
9361-FGLJEV-J1R,1,Male,29,13,5,Service,No,Unmarried,3,"$62,000.00",1,0,Lease,Domestic,"$14,400",22,No,Yes,Mast,2,Yes,25,Yes,No,No,Yes,Yes,Yes,No,1,11,$16.80,$28.32,$129.20,$275.44,$0.00,$0.00,$146.00,0
9361-PFCEED-QIM,4,Male,70,13,33,Labor,No,Married,3,"$240,000.00",6,1,Own,Domestic,"$89,400",24,Yes,Yes,Disc,39,No,14,No,No,No,Yes,Yes,No,Yes,1,71,$105.80,"$1,489.44",$0.00,$0.00,$0.00,$0.00,$105.80,0
9362-OENCQU-O6Z,1,Female,40,10,13,Labor,No,Unmarried,3,"$78,000.00",0,0,Own,Domestic,"$17,000",21,No,No,Mast,22,No,30,No,No,No,Yes,Yes,No,No,0,55,$58.40,$685.76,$0.00,$0.00,$0.00,$0.00,$58.40,0
9366-UTJUFF-HMM,1,Male,26,8,4,Professional,No,Unmarried,1,"$46,000.00",5,1,Own,Foreign,"$14,300",27,Yes,No,Othe,8,Yes,19,No,No,No,Yes,Yes,No,No,0,17,$14.80,$52.32,$0.00,$0.00,$0.00,$0.00,$14.80,0
9369-JGANTZ-TWM,1,Female,18,10,1,Service,No,Married,5,"$38,000.00",5,0,NoCar,N/A,$0,29,No,No,Othe,0,Yes,15,No,No,No,Yes,No,No,No,0,8,$46.20,$67.16,$0.00,$0.00,$0.00,$0.00,$46.20,0
9369-XNVHLO-UD1,2,Male,51,17,4,Sales,No,Married,4,"$116,000.00",11,0,Own,Foreign,"$34,600",30,No,Yes,AMEX,23,No,15,No,No,No,No,No,No,No,0,52,$32.00,$321.00,$0.00,$0.00,$0.00,$0.00,$32.00,0
9371-AWVRRA-R9V,3,Female,65,16,19,Sales,No,Unmarried,1,"$167,000.00",1,0,Own,Domestic,"$59,200",26,No,No,Disc,5,Yes,21,Yes,No,Yes,No,Yes,Yes,No,0,7,$22.60,$39.64,$120.00,$138.68,$0.00,$0.00,$142.60,0
9376-KIITIR-4VN,3,Female,57,13,9,Professional,No,Married,6,"$94,000.00",12,0,Own,Domestic,"$22,700",31,Yes,Yes,Mast,34,No,22,No,No,No,No,No,Yes,Yes,1,70,$120.20,"$1,670.48",$0.00,$0.00,$0.00,$0.00,$120.20,0
9380-CEFWSG-TR8,3,Female,21,16,0,Professional,No,Married,3,"$58,000.00",0,1,NoCar,N/A,$0,22,No,No,Othe,3,Yes,27,Yes,Yes,Yes,Yes,Yes,Yes,No,0,28,$18.40,$132.64,$160.80,$881.68,$139.25,$843.06,$318.45,1
9381-GBLQVX-22A,1,Male,61,9,22,Professional,No,Married,3,"$105,000.00",0,1,Own,Domestic,"$43,800",23,No,Yes,AMEX,14,No,21,No,No,No,Yes,Yes,No,Yes,0,41,$19.60,$156.76,$0.00,$0.00,$0.00,$0.00,$19.60,0
9381-NJFFUU-00K,1,Male,73,21,19,Labor,No,Married,2,"$126,000.00",8,0,Own,Domestic,"$71,000",12,No,Yes,Disc,34,No,22,Yes,Yes,Yes,No,Yes,No,Yes,0,69,$94.20,"$1,347.96",$176.00,"$2,344.24",$284.25,"$4,636.26",$554.45,1
9382-PYNZTH-YM3,4,Female,23,13,1,Professional,No,Married,4,"$106,000.00",5,1,Own,Domestic,"$18,900",13,Yes,No,Visa,5,Yes,26,No,No,No,No,No,Yes,No,0,14,$20.60,$62.08,$0.00,$0.00,$0.00,$0.00,$20.60,0
9385-RDQDUL-MJE,3,Female,65,10,36,Agriculture,No,Unmarried,1,"$144,000.00",2,1,Own,Domestic,"$93,300",30,No,Yes,AMEX,32,No,16,No,No,Yes,Yes,Yes,No,Yes,0,65,$54.20,$713.40,$0.00,$0.00,$0.00,$0.00,$54.20,0
9386-OCWGFF-CKA,1,Male,21,16,0,Service,No,Unmarried,1,"$36,000.00",0,0,Own,Domestic,"$10,000",23,No,No,Disc,2,Yes,18,No,No,No,No,No,No,No,0,2,$15.00,$6.16,$0.00,$0.00,$0.00,$0.00,$15.00,0
9389-BCPUDZ-KKD,2,Female,65,15,3,Sales,No,Unmarried,1,"$82,000.00",0,1,Own,Domestic,"$26,300",20,Yes,Yes,AMEX,15,Yes,19,No,No,No,No,No,No,No,0,39,$35.40,$272.32,$0.00,$0.00,$0.00,$0.00,$35.40,0
9389-DIVFAG-BWU,4,Male,30,13,9,Service,No,Unmarried,3,"$100,000.00",0,0,Own,Foreign,"$23,900",23,No,No,Visa,12,Yes,22,No,No,No,No,No,No,No,0,34,$39.80,$243.60,$0.00,$0.00,$0.00,$0.00,$39.80,0
9390-WZYAHB-FPZ,2,Female,57,8,32,Agriculture,No,Unmarried,1,"$146,000.00",8,1,Own,Foreign,"$43,400",22,Yes,Yes,Mast,40,No,16,No,No,No,No,No,No,Yes,0,72,$183.80,"$2,567.12",$0.00,$0.00,$0.00,$0.00,$183.80,0
9392-HGXBGS-8AN,3,Female,64,19,18,Service,No,Married,7,"$279,000.00",13,1,Own,Domestic,"$81,700",15,No,No,Visa,30,No,16,Yes,Yes,No,Yes,Yes,Yes,Yes,0,54,$69.40,$781.48,$184.60,"$1,971.84",$191.25,"$2,408.52",$445.25,1
9392-WSAONF-3QM,4,Male,35,20,6,Service,No,Unmarried,1,"$50,000.00",19,1,Lease,Domestic,"$11,300",19,Yes,No,Disc,17,No,28,Yes,Yes,Yes,Yes,Yes,Yes,Yes,0,65,$45.40,$549.12,$216.80,"$2,816.96",$409.25,"$6,505.14",$671.45,1
9393-XVJDYP-T0Y,3,Male,32,10,10,Service,No,Married,5,"$60,000.00",4,1,Own,Domestic,"$17,600",31,No,Yes,Disc,14,No,29,No,No,No,Yes,Yes,No,No,0,59,$36.00,$387.24,$0.00,$0.00,$0.00,$0.00,$36.00,0
9394-RHYZUA-QZ2,1,Female,74,15,11,Sales,Yes,Married,2,"$18,000.00",0,0,Lease,Foreign,"$3,800",33,No,Yes,Visa,11,No,0,Yes,No,No,No,No,No,No,0,24,$14.80,$73.36,$114.80,$558.16,$0.00,$0.00,$129.60,0
9396-TEWFMY-BZ3,5,Male,74,10,8,Sales,Yes,Unmarried,1,"$18,000.00",0,0,Lease,Foreign,"$5,300",24,No,Yes,Visa,6,Yes,0,No,No,No,Yes,Yes,Yes,No,1,17,$43.60,$191.16,$0.00,$0.00,$0.00,$0.00,$43.60,0
9402-KGKHDE-WVK,3,Female,58,10,22,Crafts,No,Married,2,"$152,000.00",5,1,NoCar,N/A,$0,16,No,Yes,Othe,28,No,20,No,No,No,Yes,Yes,No,No,0,40,$31.20,$312.60,$0.00,$0.00,$0.00,$0.00,$31.20,0
9405-KXWFIF-IS6,4,Male,77,15,25,Labor,Yes,Unmarried,1,"$58,000.00",10,1,Lease,Domestic,"$13,200",25,No,No,Disc,39,Yes,25,No,No,No,No,No,No,Yes,0,71,$105.80,"$1,434.44",$0.00,$0.00,$0.00,$0.00,$105.80,0
9405-TTUAHX-GC0,4,Female,24,15,2,Labor,No,Married,4,"$52,000.00",2,1,Own,Foreign,"$12,900",19,Yes,Yes,AMEX,6,No,23,Yes,No,Yes,No,No,Yes,No,0,43,$30.80,$261.00,$146.60,"$1,315.68",$0.00,$0.00,$177.40,0
9406-MWWUAM-QJ6,2,Female,38,14,11,Professional,No,Unmarried,1,"$142,000.00",3,0,Own,Foreign,"$18,800",45,Yes,Yes,AMEX,10,Yes,15,No,No,No,Yes,No,No,No,0,17,$29.00,$112.88,$0.00,$0.00,$0.00,$0.00,$29.00,0
9406-UAPEXS-YLU,5,Female,41,14,8,Professional,No,Married,2,"$78,000.00",4,1,Own,Foreign,"$17,400",30,No,Yes,Visa,23,Yes,19,No,No,No,No,No,No,Yes,0,63,$74.00,$936.92,$0.00,$0.00,$0.00,$0.00,$74.00,0
9407-JEVSSB-HYY,3,Female,59,15,3,Sales,No,Unmarried,1,"$64,000.00",1,1,Own,Domestic,"$14,100",32,No,Yes,Disc,33,No,21,Yes,Yes,No,No,No,Yes,Yes,0,60,$86.40,$988.52,$172.20,"$2,060.68",$135.25,"$1,902.36",$393.85,1
9408-BETJHC-E3P,4,Male,64,9,6,Sales,No,Married,2,"$104,000.00",0,1,NoCar,N/A,$0,28,Yes,No,AMEX,18,No,24,No,No,No,Yes,Yes,No,No,0,56,$47.80,$497.36,$0.00,$0.00,$0.00,$0.00,$47.80,0
9409-JOQSJT-AAV,4,Female,31,11,7,Professional,No,Unmarried,5,"$60,000.00",0,1,Own,Foreign,"$10,100",29,No,Yes,Mast,13,Yes,17,No,No,No,No,No,No,No,0,47,$34.00,$379.80,$0.00,$0.00,$0.00,$0.00,$34.00,0
9410-LGODRP-YK4,1,Female,41,11,4,Sales,No,Unmarried,3,"$66,000.00",10,0,Own,Domestic,"$14,200",29,Yes,No,Visa,17,No,19,No,No,No,No,No,No,Yes,1,54,$57.00,$583.12,$0.00,$0.00,$0.00,$0.00,$57.00,0
9411-CNRRPX-2HW,3,Male,56,17,16,Professional,No,Unmarried,1,"$219,000.00",5,0,Own,Domestic,"$46,100",15,No,Yes,Mast,33,No,12,Yes,Yes,No,Yes,Yes,Yes,No,0,63,$94.00,"$1,206.64",$152.80,"$1,859.96",$118.50,"$1,687.86",$365.30,1
9417-DDTNOZ-7NI,3,Male,63,11,20,Labor,Yes,Married,5,"$44,000.00",0,0,Lease,Domestic,"$12,500",18,No,Yes,Visa,8,Yes,24,No,No,No,No,Yes,No,No,0,15,$49.60,$155.32,$0.00,$0.00,$0.00,$0.00,$49.60,0
9421-HDHCAJ-PTH,3,Female,55,12,20,Labor,Yes,Married,4,"$18,000.00",0,1,Lease,Domestic,"$6,700",23,No,No,Mast,35,No,0,Yes,No,No,No,No,Yes,Yes,1,69,$89.80,"$1,345.64",$86.40,"$1,164.08",$0.00,$0.00,$176.20,0
9425-WLRKCC-R71,3,Female,65,22,4,Professional,No,Unmarried,3,"$146,000.00",5,1,Own,Foreign,"$31,800",19,Yes,No,Disc,28,Yes,21,Yes,Yes,Yes,Yes,Yes,Yes,Yes,0,52,$52.00,$520.24,$218.40,"$2,154.36",$324.75,"$3,970.62",$595.15,1
9426-VSZIPN-YAH,3,Female,76,14,27,Crafts,Yes,Married,2,"$20,000.00",5,0,Own,Foreign,"$5,900",21,No,No,Visa,37,No,16,No,No,No,No,No,No,Yes,1,70,$63.60,$914.56,$0.00,$0.00,$0.00,$0.00,$63.60,0
9427-YNKFNS-6RJ,2,Male,23,15,2,Service,No,Unmarried,1,"$74,000.00",0,1,Own,Domestic,"$20,200",23,No,Yes,Visa,5,Yes,19,No,No,Yes,Yes,No,No,Yes,0,24,$22.80,$85.20,$0.00,$0.00,$0.00,$0.00,$22.80,0
9427-YOKMMG-1SA,4,Male,54,18,8,Professional,No,Unmarried,1,"$133,000.00",1,1,Own,Foreign,"$68,400",23,No,Yes,Disc,36,Yes,29,No,No,No,No,Yes,No,Yes,0,66,$116.20,"$1,551.44",$0.00,$0.00,$0.00,$0.00,$116.20,0
9428-PNSZFS-80P,1,Female,37,12,1,Sales,No,Unmarried,2,"$52,000.00",1,1,Own,Domestic,"$14,900",19,Yes,No,Disc,2,No,20,No,No,No,Yes,Yes,No,No,0,3,$9.60,$6.76,$0.00,$0.00,$0.00,$0.00,$9.60,0
9428-RJROQX-SET,4,Female,34,11,6,Service,No,Unmarried,1,"$46,000.00",7,1,Own,Foreign,"$13,400",34,Yes,Yes,Disc,1,Yes,14,No,No,No,No,No,No,Yes,0,3,$11.80,$6.28,$0.00,$0.00,$0.00,$0.00,$11.80,0
9429-GTHOVO-TZE,4,Male,40,16,10,Crafts,No,Married,2,"$56,000.00",0,0,Own,Foreign,"$14,800",24,No,No,Disc,11,No,18,No,No,No,No,No,No,No,0,25,$21.60,$119.40,$0.00,$0.00,$0.00,$0.00,$21.60,0
9430-SCHEUM-ZDG,5,Female,38,18,3,Professional,No,Unmarried,2,"$117,000.00",2,0,Own,Foreign,"$64,600",29,Yes,Yes,Visa,12,No,21,Yes,No,No,No,No,No,Yes,0,30,$16.20,$94.16,$125.20,$712.72,$0.00,$0.00,$141.40,0
9433-QMQDMN-KPW,1,Male,62,9,21,Service,No,Married,2,"$90,000.00",3,1,Own,Domestic,"$19,200",32,Yes,Yes,Visa,32,No,14,No,No,No,No,No,No,No,1,67,$67.00,$863.32,$0.00,$0.00,$0.00,$0.00,$67.00,0
9440-EMPBYW-Y32,2,Male,79,9,37,Labor,Yes,Married,2,"$54,000.00",0,0,NoCar,N/A,$0,17,No,No,Visa,33,No,19,No,No,No,Yes,Yes,No,Yes,0,65,$135.40,"$1,729.48",$0.00,$0.00,$0.00,$0.00,$135.40,0
9440-HYZQYW-WCB,2,Male,25,12,0,Sales,No,Unmarried,1,"$38,000.00",6,0,Own,Foreign,"$8,700",34,Yes,Yes,Visa,1,Yes,33,Yes,No,No,Yes,Yes,No,No,1,1,$8.00,$1.60,$96.00,$19.20,$0.00,$0.00,$104.00,0
9442-DZYXWE-3RQ,5,Male,69,10,4,Sales,Yes,Unmarried,1,"$24,000.00",2,1,Lease,Domestic,"$6,200",31,No,No,Mast,15,Yes,23,No,No,No,No,No,No,Yes,0,30,$48.60,$279.44,$0.00,$0.00,$0.00,$0.00,$48.60,0
9442-PZDUNS-T90,4,Female,59,20,7,Professional,No,Unmarried,1,"$84,000.00",0,0,Own,Domestic,"$11,600",35,No,No,AMEX,8,Yes,21,No,No,No,No,No,No,No,0,19,$37.60,$138.96,$0.00,$0.00,$0.00,$0.00,$37.60,0
9443-DHNCRY-HYP,4,Male,47,17,12,Crafts,No,Married,2,"$192,000.00",6,0,Own,Domestic,"$28,100",27,No,Yes,Disc,29,No,22,Yes,No,No,Yes,No,Yes,Yes,1,54,$25.00,$273.20,$169.00,"$1,810.96",$0.00,$0.00,$194.00,0
9446-LFUTDB-7VF,1,Female,77,15,31,Labor,Yes,Married,2,"$20,000.00",0,1,Own,Foreign,"$4,700",23,No,Yes,Disc,39,No,9,No,No,No,No,No,No,Yes,1,72,$267.00,"$3,863.68",$0.00,$0.00,$0.00,$0.00,$267.00,0
9449-DVAQCH-WQ2,3,Female,37,12,5,Professional,No,Married,3,"$88,000.00",1,0,NoCar,N/A,$0,27,Yes,No,Visa,19,No,18,No,No,No,No,Yes,No,No,0,52,$35.40,$402.84,$0.00,$0.00,$0.00,$0.00,$35.40,0
9454-YISEAZ-K0D,1,Female,72,19,9,Sales,Yes,Unmarried,1,"$18,000.00",2,1,Own,Foreign,"$5,800",22,No,No,AMEX,23,No,0,Yes,Yes,Yes,Yes,Yes,Yes,Yes,0,54,$50.00,$545.36,$201.60,"$2,093.32",$268.75,"$3,626.58",$520.35,1
9455-WQIVOC-2F7,5,Female,45,16,11,Professional,No,Married,4,"$106,000.00",0,0,NoCar,N/A,$0,35,No,Yes,Disc,23,Yes,18,No,No,No,No,No,No,Yes,1,44,$57.60,$513.36,$0.00,$0.00,$0.00,$0.00,$57.60,0
9460-AYJSSQ-N4Z,4,Female,63,19,11,Service,No,Married,2,"$194,000.00",1,1,Own,Foreign,"$47,200",18,Yes,Yes,Visa,32,No,20,No,Yes,Yes,Yes,Yes,Yes,Yes,0,68,$101.80,"$1,458.16",$0.00,$0.00,$247.00,"$3,957.24",$348.80,1
9462-EXPIMT-IQ2,4,Male,53,14,5,Professional,No,Married,3,"$68,000.00",5,1,Own,Foreign,"$18,900",24,Yes,Yes,Disc,21,Yes,22,No,No,No,Yes,Yes,No,Yes,0,44,$39.40,$372.64,$0.00,$0.00,$0.00,$0.00,$39.40,0
9463-GTNGEI-EIZ,3,Male,74,11,14,Sales,No,Married,2,"$52,000.00",2,1,Own,Domestic,"$19,200",27,Yes,Yes,Mast,37,Yes,22,No,No,No,Yes,Yes,No,Yes,0,72,$61.20,$877.28,$0.00,$0.00,$0.00,$0.00,$61.20,0
9465-BPDMYK-2CB,1,Male,78,15,25,Service,Yes,Married,2,"$22,000.00",1,1,Lease,Domestic,"$5,800",30,No,No,Disc,37,Yes,15,No,No,No,No,No,No,Yes,0,71,$144.00,"$2,130.76",$0.00,$0.00,$0.00,$0.00,$144.00,0
9465-ENBLDQ-84F,4,Male,29,19,2,Service,No,Married,2,"$58,000.00",0,0,Lease,Domestic,"$16,000",24,Yes,Yes,AMEX,8,Yes,23,Yes,Yes,Yes,Yes,Yes,No,No,0,10,$16.00,$38.72,$147.80,$250.88,$163.00,$329.04,$326.80,1
9465-EXYIYN-Y0W,1,Female,45,14,4,Sales,No,Unmarried,3,"$50,000.00",7,0,Lease,Foreign,"$10,900",24,Yes,No,Mast,26,No,18,No,No,No,Yes,Yes,No,Yes,0,57,$62.80,$693.20,$0.00,$0.00,$0.00,$0.00,$62.80,0
9465-YMFVPL-FQF,1,Female,70,23,10,Professional,No,Married,4,"$116,000.00",0,1,Own,Foreign,"$33,200",23,No,No,Disc,32,No,20,Yes,Yes,Yes,No,No,Yes,Yes,1,60,$137.60,"$1,693.40",$192.40,"$2,302.04",$190.00,"$2,884.14",$520.00,1
9466-MLGDEN-Z8B,3,Female,18,13,0,Sales,No,Unmarried,1,"$36,000.00",0,1,Own,Domestic,"$10,200",27,Yes,No,AMEX,0,No,15,No,No,No,No,No,No,No,0,6,$21.40,$24.52,$0.00,$0.00,$0.00,$0.00,$21.40,0
9469-FWPWKV-HJY,5,Male,75,15,31,Crafts,Yes,Married,2,"$123,000.00",0,1,Own,Foreign,"$59,900",29,No,Yes,Disc,35,Yes,19,Yes,No,No,No,No,Yes,Yes,0,69,$88.00,"$1,208.44",$133.60,"$1,822.80",$0.00,$0.00,$221.60,0
9473-DFUBBK-ZNM,5,Female,29,19,1,Sales,No,Married,4,"$50,000.00",0,0,NoCar,N/A,$0,27,No,Yes,Disc,11,No,18,Yes,Yes,Yes,Yes,Yes,Yes,Yes,0,66,$79.60,"$1,061.04",$181.20,"$2,481.28",$229.25,"$3,535.50",$490.05,1
9478-RUICRR-T7Y,1,Male,30,14,2,Sales,No,Unmarried,2,"$48,000.00",8,1,NoCar,N/A,$0,27,No,Yes,AMEX,12,Yes,19,Yes,Yes,No,Yes,No,Yes,Yes,0,58,$85.00,$983.16,$165.20,"$1,886.60",$124.00,"$1,668.60",$374.20,1
9479-CQKHZE-55V,5,Male,77,17,16,Professional,No,Married,2,"$180,000.00",0,1,Own,Domestic,"$46,500",30,Yes,Yes,Disc,40,No,17,No,Yes,Yes,Yes,Yes,No,Yes,0,72,$314.80,"$4,536.00",$0.00,$0.00,$324.75,"$5,613.12",$639.55,1
9482-DUHRYC-8XB,4,Male,50,12,4,Sales,No,Unmarried,1,"$54,000.00",0,1,Lease,Domestic,"$12,100",24,No,No,AMEX,7,No,26,Yes,No,No,No,Yes,Yes,No,0,22,$43.80,$207.12,$121.40,$559.76,$0.00,$0.00,$165.20,0
9484-XPXYRM-EKK,1,Male,64,11,16,Professional,No,Unmarried,2,"$138,000.00",0,1,Own,Foreign,"$27,000",23,No,No,Mast,33,Yes,20,No,No,Yes,No,Yes,No,Yes,1,66,$47.20,$598.00,$0.00,$0.00,$0.00,$0.00,$47.20,0
9487-AJXUQN-5NH,5,Female,52,11,16,Professional,No,Married,3,"$82,000.00",0,1,Lease,Domestic,"$24,500",26,No,No,Visa,6,No,23,No,No,No,Yes,Yes,No,No,0,16,$21.00,$65.04,$0.00,$0.00,$0.00,$0.00,$21.00,0
9487-HTGRMD-K88,2,Male,41,17,16,Agriculture,No,Unmarried,1,"$100,000.00",1,1,Own,Foreign,"$30,200",22,No,Yes,AMEX,7,No,14,Yes,Yes,No,Yes,Yes,Yes,No,0,25,$24.60,$114.64,$144.00,$663.24,$222.75,"$1,324.08",$391.35,1
9487-LJNZEI-KN0,5,Female,34,20,2,Service,No,Unmarried,1,"$144,000.00",2,0,Own,Domestic,"$35,500",23,No,Yes,Disc,15,No,11,Yes,Yes,Yes,Yes,Yes,Yes,No,0,37,$39.40,$304.60,$169.60,"$1,203.48",$209.00,"$1,743.36",$418.00,1
9489-INLKZZ-QVF,1,Male,57,20,17,Professional,No,Married,2,"$194,000.00",0,0,Own,Foreign,"$45,300",16,No,Yes,AMEX,24,No,22,Yes,No,No,No,No,Yes,No,0,41,$56.60,$502.80,$103.40,$830.20,$0.00,$0.00,$160.00,0
9491-FAHNZV-U05,2,Female,25,15,3,Crafts,No,Married,5,"$32,000.00",7,1,Own,Domestic,"$7,200",27,No,Yes,AMEX,7,No,23,Yes,Yes,No,Yes,Yes,Yes,No,0,22,$40.60,$174.88,$133.80,$558.12,$129.25,$617.94,$303.65,1
9491-IHWAUT-OGG,2,Male,43,20,7,Professional,No,Unmarried,1,"$108,000.00",0,0,Own,Foreign,"$22,200",27,No,No,Disc,5,Yes,17,Yes,No,Yes,Yes,Yes,No,No,0,10,$14.20,$33.64,$116.60,$208.64,$0.00,$0.00,$130.80,0
9506-MCBRGQ-4YC,4,Male,78,14,21,Professional,No,Married,2,"$152,000.00",9,1,Own,Domestic,"$29,600",19,Yes,No,AMEX,23,No,14,No,Yes,No,Yes,Yes,No,Yes,0,41,$42.60,$360.40,$0.00,$0.00,$137.25,"$1,367.58",$179.85,0
9507-CHXZEA-FPB,2,Female,62,16,13,Professional,No,Married,2,"$128,000.00",6,1,Own,Domestic,"$28,000",16,No,Yes,Disc,18,Yes,17,Yes,No,No,No,No,Yes,No,0,42,$109.80,$870.04,$146.00,"$1,122.72",$0.00,$0.00,$255.80,0
9509-TWYLDW-KW9,5,Male,77,10,7,Sales,Yes,Married,2,"$24,000.00",9,1,Lease,Domestic,"$5,200",20,Yes,Yes,Visa,8,Yes,17,No,No,No,Yes,Yes,No,No,0,11,$10.80,$19.24,$0.00,$0.00,$0.00,$0.00,$10.80,0
9512-ESDUPH-9LX,5,Male,37,18,3,Sales,No,Married,2,"$98,000.00",14,1,NoCar,N/A,$0,23,No,Yes,Disc,14,Yes,25,Yes,Yes,Yes,No,Yes,Yes,No,0,24,$29.40,$151.20,$181.20,$872.04,$248.75,"$1,399.38",$459.35,1
9513-EFLYMG-UEA,2,Female,68,11,12,Sales,No,Unmarried,1,"$102,000.00",1,1,Own,Foreign,"$46,700",17,Yes,Yes,AMEX,23,No,28,No,No,No,Yes,Yes,No,Yes,0,48,$29.80,$285.24,$0.00,$0.00,$0.00,$0.00,$29.80,0
9514-WIXQQL-ABO,3,Female,30,16,6,Agriculture,No,Unmarried,1,"$126,000.00",0,1,Own,Domestic,"$24,400",21,No,No,Visa,1,Yes,26,Yes,Yes,No,No,No,Yes,No,0,2,$6.20,$1.48,$112.60,$20.00,$89.50,$19.68,$208.30,0
9515-UKHWAK-X7X,2,Female,48,13,10,Professional,No,Unmarried,3,"$136,000.00",3,1,NoCar,N/A,$0,28,No,Yes,Disc,18,No,21,No,Yes,No,Yes,Yes,No,No,1,39,$48.60,$356.44,$0.00,$0.00,$192.50,"$1,661.10",$241.10,0
9516-LVHKOJ-VNA,3,Male,24,18,0,Sales,No,Unmarried,2,"$84,000.00",4,1,Own,Domestic,"$24,700",21,No,Yes,Disc,2,No,19,Yes,Yes,No,No,No,Yes,No,1,3,$7.00,$6.04,$112.20,$45.48,$102.25,$39.90,$221.45,0
9517-AJMRRS-H7Q,5,Male,35,13,11,Labor,No,Married,4,"$88,000.00",2,1,Own,Foreign,"$18,400",30,Yes,Yes,Disc,12,Yes,24,No,Yes,Yes,Yes,Yes,No,No,0,41,$34.20,$280.28,$0.00,$0.00,$196.00,"$1,935.72",$230.20,0
9518-MWCQQO-Q97,4,Male,65,15,38,Crafts,No,Unmarried,1,"$273,000.00",0,1,Own,Foreign,"$86,600",30,Yes,Yes,Mast,40,Yes,21,No,No,No,No,No,No,Yes,0,72,$160.20,"$2,343.72",$0.00,$0.00,$0.00,$0.00,$160.20,0
9521-AILDLM-GVV,1,Male,70,12,18,Service,Yes,Unmarried,1,"$30,000.00",0,1,Lease,Domestic,"$6,600",19,No,No,Mast,32,Yes,10,Yes,No,No,No,No,No,Yes,0,63,$61.20,$740.48,$108.00,"$1,250.96",$0.00,$0.00,$169.20,0
9522-BFLYJM-P8U,5,Male,40,18,4,Professional,No,Married,4,"$78,000.00",1,1,NoCar,N/A,$0,25,Yes,Yes,Disc,22,Yes,21,Yes,No,No,No,No,Yes,Yes,0,58,$42.00,$433.44,$119.40,"$1,425.92",$0.00,$0.00,$161.40,0
9523-PJUBAK-KSC,1,Female,61,13,27,Labor,No,Unmarried,2,"$110,000.00",10,1,Own,Foreign,"$34,600",24,No,No,Disc,34,No,17,No,Yes,Yes,Yes,Yes,No,Yes,0,70,$74.20,"$1,081.68",$0.00,$0.00,$227.50,"$3,763.08",$301.70,1
9523-USJEJO-ATB,3,Male,67,17,16,Professional,No,Married,2,"$103,000.00",1,1,Own,Domestic,"$62,000",24,No,No,Visa,23,Yes,20,No,No,No,No,No,No,No,0,57,$49.40,$558.44,$0.00,$0.00,$0.00,$0.00,$49.40,0
9524-GQVEQL-IUA,3,Female,64,16,18,Labor,Yes,Unmarried,1,"$48,000.00",3,1,Lease,Domestic,"$9,700",26,No,Yes,Mast,12,No,19,No,No,No,Yes,Yes,No,Yes,0,40,$22.00,$195.24,$0.00,$0.00,$0.00,$0.00,$22.00,0
9527-TCNEKR-HSH,3,Male,48,15,9,Sales,No,Married,4,"$66,000.00",4,1,Own,Foreign,"$12,500",14,No,Yes,AMEX,21,No,16,No,Yes,Yes,Yes,Yes,No,Yes,0,59,$44.40,$514.96,$0.00,$0.00,$125.50,"$1,708.74",$169.90,0
9528-AHOUXQ-SI4,4,Female,21,10,2,Labor,No,Unmarried,1,"$40,000.00",0,0,Own,Foreign,"$10,600",29,No,No,Visa,3,Yes,18,No,Yes,Yes,Yes,No,Yes,No,1,14,$24.80,$58.96,$0.00,$0.00,$81.00,$286.44,$105.80,0
9529-BLGKKU-EWO,5,Female,76,15,33,Labor,Yes,Unmarried,1,"$28,000.00",2,0,Lease,Foreign,"$9,300",22,Yes,Yes,Visa,37,Yes,17,No,No,No,No,No,No,Yes,0,70,$101.00,"$1,400.56",$0.00,$0.00,$0.00,$0.00,$101.00,0
9529-XMMXKG-NCQ,4,Male,28,10,10,Agriculture,No,Married,2,"$68,000.00",4,0,Own,Domestic,"$18,000",22,No,No,Mast,10,No,13,No,No,No,No,No,No,Yes,0,60,$107.60,"$1,286.48",$0.00,$0.00,$0.00,$0.00,$107.60,0
9539-DKJEEL-TPE,3,Female,35,17,4,Professional,No,Married,5,"$72,000.00",1,1,Own,Foreign,"$19,200",18,No,Yes,Disc,16,Yes,17,Yes,No,No,Yes,No,No,No,0,37,$67.20,$502.12,$162.00,"$1,168.08",$0.00,$0.00,$229.20,0
9540-SJICFS-LU2,3,Female,25,18,1,Labor,No,Married,8,"$90,000.00",6,1,Own,Foreign,"$24,800",36,No,Yes,AMEX,8,No,24,Yes,No,No,No,No,Yes,No,1,9,$32.40,$66.00,$118.20,$156.68,$0.00,$0.00,$150.60,0
9543-EJFNCH-1PK,2,Female,55,12,12,Professional,No,Unmarried,1,"$112,000.00",1,0,Own,Foreign,"$31,100",27,Yes,Yes,Visa,3,No,15,No,No,No,No,No,No,No,0,7,$10.00,$7.88,$0.00,$0.00,$0.00,$0.00,$10.00,0
9543-KRZTJX-1TS,5,Female,41,11,16,Labor,No,Married,2,"$154,000.00",14,1,Own,Domestic,"$27,800",31,Yes,No,Mast,2,No,15,No,No,No,Yes,Yes,No,No,0,4,$11.20,$11.84,$0.00,$0.00,$0.00,$0.00,$11.20,0
9545-RGEVKT-H47,3,Male,72,8,7,Sales,No,Unmarried,1,"$48,000.00",1,0,Own,Foreign,"$9,900",25,Yes,Yes,AMEX,28,No,15,No,No,No,Yes,No,No,Yes,0,55,$53.80,$535.72,$0.00,$0.00,$0.00,$0.00,$53.80,0
9549-BWMGNM-N7R,1,Male,29,15,4,Service,No,Married,4,"$40,000.00",0,0,Lease,Domestic,"$10,500",26,No,No,Disc,10,Yes,18,No,No,No,No,No,No,No,0,27,$18.00,$100.00,$0.00,$0.00,$0.00,$0.00,$18.00,0
9550-BYTUWR-QG4,5,Male,19,14,0,Sales,No,Married,4,"$50,000.00",2,0,Own,Foreign,"$12,100",29,No,No,Disc,1,Yes,19,No,No,No,Yes,Yes,No,No,0,13,$16.20,$46.28,$0.00,$0.00,$0.00,$0.00,$16.20,0
9550-SLQHEY-UP0,2,Male,42,17,5,Professional,No,Married,4,"$90,000.00",12,1,NoCar,N/A,$0,16,No,No,AMEX,13,No,15,No,No,No,No,No,No,No,0,35,$28.20,$195.16,$0.00,$0.00,$0.00,$0.00,$28.20,0
9552-FVXIDU-TR5,3,Male,52,12,19,Labor,No,Married,2,"$110,000.00",11,1,Own,Domestic,"$50,900",29,Yes,Yes,Disc,34,No,14,No,No,No,Yes,Yes,No,Yes,0,69,$110.40,"$1,566.80",$0.00,$0.00,$0.00,$0.00,$110.40,0
9553-WKDCMK-2EK,1,Female,35,11,15,Service,No,Unmarried,1,"$130,000.00",0,1,Own,Domestic,"$35,100",18,No,Yes,Disc,3,No,20,No,Yes,No,Yes,Yes,No,No,1,8,$12.00,$26.96,$0.00,$0.00,$102.00,$217.50,$114.00,0
9554-BRBGCD-RJE,1,Female,60,12,14,Professional,No,Married,2,"$144,000.00",0,1,Own,Foreign,"$38,600",22,Yes,Yes,Mast,20,Yes,21,No,No,Yes,Yes,Yes,No,No,0,54,$91.00,$937.16,$0.00,$0.00,$0.00,$0.00,$91.00,0
9555-ZPUWFZ-612,2,Male,79,16,38,Service,Yes,Married,2,"$64,000.00",4,1,NoCar,N/A,$0,21,No,Yes,Disc,34,No,13,No,No,No,No,No,No,Yes,0,70,$91.00,"$1,293.76",$0.00,$0.00,$0.00,$0.00,$91.00,0
9557-IITNLK-1NR,4,Male,18,13,0,Professional,No,Unmarried,2,"$24,000.00",0,1,Own,Domestic,"$4,700",24,No,No,AMEX,0,Yes,17,Yes,Yes,No,No,No,Yes,No,0,5,$28.00,$29.00,$143.60,$120.00,$117.50,$140.94,$289.10,1
9559-JKEJRA-QU8,4,Female,23,14,0,Sales,No,Unmarried,3,"$36,000.00",0,0,Own,Foreign,"$9,300",27,No,Yes,Mast,3,No,26,No,No,No,No,No,No,No,0,14,$44.00,$105.56,$0.00,$0.00,$0.00,$0.00,$44.00,0
9560-IRZYCB-5MA,5,Male,76,8,22,Labor,Yes,Married,2,"$18,000.00",1,1,Lease,Foreign,"$2,300",21,Yes,Yes,Disc,20,No,20,No,No,No,Yes,Yes,No,Yes,1,43,$47.20,$401.92,$0.00,$0.00,$0.00,$0.00,$47.20,0
9562-VQOTDG-UNT,1,Female,48,17,11,Service,No,Unmarried,1,"$82,000.00",2,0,Lease,Foreign,"$15,400",22,Yes,Yes,Mast,14,No,25,No,No,Yes,No,No,No,Yes,1,26,$22.40,$118.36,$0.00,$0.00,$0.00,$0.00,$22.40,0
9563-EQXDEW-J9B,5,Male,51,19,9,Professional,No,Married,2,"$132,000.00",6,1,Own,Foreign,"$28,700",26,No,No,Visa,25,Yes,24,Yes,Yes,Yes,Yes,Yes,Yes,No,0,46,$83.40,$783.40,$217.40,"$1,892.12",$234.50,"$2,576.34",$535.30,1
9563-WVTOBD-C1W,1,Male,35,14,8,Crafts,No,Unmarried,1,"$70,000.00",1,1,Own,Foreign,"$16,800",32,Yes,Yes,AMEX,11,No,25,No,No,No,Yes,No,No,Yes,0,26,$26.60,$131.88,$0.00,$0.00,$0.00,$0.00,$26.60,0
9564-ABGIMT-78O,4,Male,35,13,3,Sales,No,Unmarried,1,"$70,000.00",1,0,Own,Domestic,"$15,900",21,Yes,Yes,Mast,11,Yes,21,No,No,Yes,Yes,Yes,No,No,0,24,$27.60,$124.16,$0.00,$0.00,$0.00,$0.00,$27.60,0
9564-LGEDRT-10Y,1,Female,72,13,4,Sales,Yes,Married,2,"$18,000.00",4,0,Own,Foreign,"$5,400",26,Yes,No,Mast,30,Yes,17,No,No,No,No,No,No,No,0,67,$67.00,$892.32,$0.00,$0.00,$0.00,$0.00,$67.00,0
9564-QHCBED-ADT,5,Female,44,17,8,Professional,No,Unmarried,1,"$119,000.00",9,1,Own,Domestic,"$62,600",22,Yes,No,Disc,8,No,16,Yes,Yes,Yes,Yes,No,Yes,Yes,1,10,$29.20,$56.12,$173.00,$281.32,$127.50,$250.26,$329.70,1
9565-CKQZAR-8A2,1,Female,77,14,29,Professional,Yes,Married,2,"$66,000.00",6,0,Own,Domestic,"$15,000",20,Yes,Yes,Mast,37,Yes,20,No,No,No,No,No,No,Yes,0,69,$85.00,"$1,147.72",$0.00,$0.00,$0.00,$0.00,$85.00,0
9566-BUMJEB-KUD,1,Female,36,11,10,Labor,No,Married,4,"$72,000.00",2,0,Own,Foreign,"$18,900",31,Yes,No,Visa,8,Yes,24,No,No,No,No,Yes,Yes,No,0,21,$17.40,$51.88,$0.00,$0.00,$0.00,$0.00,$17.40,0
9567-VLTAUK-6AK,3,Female,38,18,1,Sales,No,Unmarried,1,"$66,000.00",1,1,Own,Domestic,"$14,900",23,Yes,No,Disc,21,No,26,Yes,No,Yes,No,No,Yes,No,0,51,$55.20,$587.44,$154.00,"$1,596.36",$0.00,$0.00,$209.20,0
9569-AUARYI-SOV,1,Female,25,15,0,Professional,No,Married,4,"$34,000.00",0,0,Own,Domestic,"$8,100",34,Yes,No,Disc,7,Yes,21,No,Yes,Yes,No,No,No,No,0,15,$16.80,$57.12,$0.00,$0.00,$171.50,$571.44,$188.30,0
9569-DANQUD-TAG,2,Female,33,16,2,Sales,No,Married,2,"$70,000.00",0,0,Own,Domestic,"$16,300",24,Yes,Yes,Disc,5,Yes,20,No,No,No,Yes,Yes,No,Yes,1,13,$18.20,$39.32,$0.00,$0.00,$0.00,$0.00,$18.20,0
9569-INPBJS-4DG,4,Male,40,13,2,Sales,No,Married,4,"$194,000.00",0,1,Own,Domestic,"$63,800",25,No,No,Mast,14,No,13,No,No,No,No,Yes,No,No,0,36,$16.40,$112.72,$0.00,$0.00,$0.00,$0.00,$16.40,0
9576-DLFIAH-I33,1,Male,27,15,1,Sales,No,Unmarried,2,"$138,000.00",2,1,Own,Foreign,"$34,100",18,Yes,Yes,Disc,6,Yes,23,No,No,No,No,No,No,Yes,0,13,$17.60,$50.32,$0.00,$0.00,$0.00,$0.00,$17.60,0
9576-VRMWTE-K56,5,Female,61,22,3,Sales,No,Unmarried,3,"$116,000.00",0,1,Own,Foreign,"$32,200",28,Yes,Yes,Disc,14,No,20,Yes,Yes,Yes,No,Yes,Yes,No,0,26,$25.80,$155.56,$158.00,$786.40,$231.25,"$1,373.70",$415.05,1
9579-FZRGEU-RXE,4,Male,20,10,2,Labor,No,Married,3,"$40,000.00",0,0,Own,Domestic,"$9,700",33,Yes,Yes,Visa,2,Yes,15,No,No,No,No,No,No,No,0,25,$24.60,$129.92,$0.00,$0.00,$0.00,$0.00,$24.60,0
9579-WHIKLU-797,5,Male,68,12,25,Service,Yes,Married,2,"$94,000.00",1,0,Own,Foreign,"$26,100",33,Yes,No,AMEX,40,Yes,17,Yes,No,No,No,No,Yes,Yes,0,72,$375.60,"$5,383.00",$155.60,"$2,179.44",$0.00,$0.00,$531.20,1
9581-DYJTQD-B85,5,Male,41,19,4,Professional,No,Unmarried,1,"$174,000.00",0,0,Own,Domestic,"$47,800",31,Yes,No,AMEX,3,Yes,20,No,No,No,No,No,Yes,No,0,7,$31.60,$40.88,$0.00,$0.00,$0.00,$0.00,$31.60,0
9581-XCXMRE-NB1,1,Female,65,14,5,Sales,No,Unmarried,1,"$106,000.00",1,0,Own,Foreign,"$19,900",31,No,No,Mast,14,No,24,No,No,No,No,No,No,Yes,0,38,$40.80,$263.20,$0.00,$0.00,$0.00,$0.00,$40.80,0
9583-AHGTAC-QD9,5,Male,48,14,2,Sales,No,Unmarried,1,"$118,000.00",6,0,Own,Foreign,"$38,400",9,No,Yes,Visa,13,Yes,12,Yes,No,No,No,No,Yes,Yes,0,47,$45.60,$411.40,$78.20,$758.00,$0.00,$0.00,$123.80,0
9583-QGZJMP-WEL,1,Male,71,17,32,Labor,Yes,Married,2,"$80,000.00",8,0,Own,Foreign,"$23,500",16,No,No,Visa,32,No,15,No,No,No,No,No,No,Yes,0,62,$74.80,$947.44,$0.00,$0.00,$0.00,$0.00,$74.80,0
9584-USPNVB-8ET,2,Male,67,11,22,Professional,No,Married,2,"$126,000.00",0,1,Own,Domestic,"$74,900",21,No,Yes,Mast,39,No,15,No,No,Yes,Yes,Yes,No,Yes,0,72,$78.80,"$1,119.76",$0.00,$0.00,$0.00,$0.00,$78.80,0
9585-CGVQZH-NKB,2,Male,77,11,11,Sales,Yes,Married,2,"$22,000.00",0,1,Own,Foreign,"$6,400",23,No,Yes,Mast,27,No,24,No,No,No,No,Yes,Yes,Yes,0,57,$71.60,$820.68,$0.00,$0.00,$0.00,$0.00,$71.60,0
9586-EVNZHV-SNG,1,Male,42,14,7,Sales,No,Unmarried,3,"$64,000.00",4,0,NoCar,N/A,$0,22,No,No,Mast,24,No,24,No,Yes,Yes,Yes,Yes,No,Yes,0,59,$63.80,$735.72,$0.00,$0.00,$219.75,"$3,102.48",$283.55,1
9587-OELKTA-OVY,4,Male,63,16,13,Professional,No,Unmarried,1,"$152,000.00",8,0,Own,Domestic,"$32,300",28,No,Yes,Mast,22,No,24,No,No,No,Yes,Yes,No,Yes,0,34,$23.80,$145.28,$0.00,$0.00,$0.00,$0.00,$23.80,0
9587-ZIYQIE-ACX,3,Female,45,20,6,Professional,No,Married,2,"$94,000.00",9,1,Own,Foreign,"$19,900",27,Yes,Yes,Disc,27,No,17,Yes,No,No,No,No,No,Yes,0,69,$107.60,"$1,494.96",$112.20,"$1,578.04",$0.00,$0.00,$219.80,0
9588-FLNZYX-Q8X,2,Female,77,14,18,Professional,No,Unmarried,1,"$82,000.00",0,0,Own,Foreign,"$17,000",13,Yes,Yes,Disc,40,Yes,26,No,No,No,No,No,No,Yes,0,72,$145.80,"$2,128.72",$0.00,$0.00,$0.00,$0.00,$145.80,0
9591-DHXYZG-V8E,2,Female,24,15,0,Sales,No,Unmarried,1,"$56,000.00",4,0,Own,Domestic,"$13,700",20,No,Yes,AMEX,1,Yes,19,No,Yes,Yes,Yes,Yes,No,No,0,5,$8.20,$7.80,$0.00,$0.00,$105.50,$90.42,$113.70,0
9593-GJQWOS-4VC,1,Male,50,9,2,Sales,No,Unmarried,1,"$46,000.00",0,1,Own,Foreign,"$15,000",23,Yes,Yes,Mast,9,No,20,No,No,No,Yes,No,Yes,No,0,32,$48.40,$308.96,$0.00,$0.00,$0.00,$0.00,$48.40,0
9593-YUJKEA-GMP,2,Female,42,16,1,Sales,No,Unmarried,1,"$40,000.00",6,1,Lease,Foreign,"$12,200",24,No,Yes,Disc,20,Yes,25,No,No,No,Yes,No,No,No,1,33,$23.00,$143.88,$0.00,$0.00,$0.00,$0.00,$23.00,0
9597-XOVHCQ-QMX,1,Male,75,9,39,Crafts,Yes,Unmarried,1,"$50,000.00",6,1,Own,Domestic,"$15,100",22,Yes,No,Visa,39,No,20,No,No,No,No,No,No,Yes,0,71,$452.80,"$6,404.08",$0.00,$0.00,$0.00,$0.00,$452.80,1
9599-KTGIJG-XPT,4,Male,73,12,13,Professional,No,Unmarried,1,"$144,000.00",1,1,NoCar,N/A,$0,24,No,Yes,AMEX,36,No,18,No,No,No,No,No,No,Yes,0,69,$61.80,$959.36,$0.00,$0.00,$0.00,$0.00,$61.80,0
9599-SUFBSF-W16,4,Male,77,13,39,Crafts,Yes,Married,2,"$120,000.00",1,0,Lease,Domestic,"$24,700",13,No,Yes,AMEX,20,No,23,No,No,No,No,Yes,No,Yes,0,38,$48.40,$393.88,$0.00,$0.00,$0.00,$0.00,$48.40,0
9600-FZQSUD-BNJ,4,Female,38,14,9,Crafts,No,Married,8,"$82,000.00",0,1,Lease,Domestic,"$24,700",28,Yes,Yes,Othe,20,Yes,20,No,Yes,Yes,Yes,Yes,No,Yes,0,69,$103.60,"$1,397.12",$0.00,$0.00,$280.75,"$4,603.02",$384.35,1
9602-WWJMTE-F77,5,Female,21,14,0,Sales,No,Married,6,"$60,000.00",0,1,Own,Foreign,"$17,500",34,Yes,Yes,Mast,3,Yes,16,No,No,No,Yes,No,No,Yes,0,46,$35.80,$296.28,$0.00,$0.00,$0.00,$0.00,$35.80,0
9603-SSNZAA-FKV,1,Female,36,16,9,Professional,No,Unmarried,1,"$52,000.00",0,1,Own,Foreign,"$16,400",26,Yes,Yes,Mast,6,No,19,No,No,No,No,No,Yes,No,0,7,$16.60,$24.96,$0.00,$0.00,$0.00,$0.00,$16.60,0
9606-USYKZI-IH2,3,Male,78,17,38,Labor,Yes,Married,2,"$112,000.00",1,1,Own,Foreign,"$23,100",18,No,No,Disc,35,No,25,No,No,Yes,Yes,Yes,No,Yes,0,69,$73.60,$998.24,$0.00,$0.00,$0.00,$0.00,$73.60,0
9607-SSUZLA-6BC,4,Female,24,14,3,Service,No,Married,4,"$106,000.00",6,1,NoCar,N/A,$0,29,No,Yes,Disc,6,Yes,19,No,No,No,No,No,No,Yes,0,60,$88.00,"$1,100.72",$0.00,$0.00,$0.00,$0.00,$88.00,0
9610-LCFAKJ-JBM,1,Male,49,10,20,Labor,No,Unmarried,1,"$160,000.00",0,1,Own,Domestic,"$36,600",24,Yes,Yes,Visa,32,No,22,No,No,No,No,No,No,Yes,0,65,$114.40,"$1,436.40",$0.00,$0.00,$0.00,$0.00,$114.40,0
9618-HTHIIO-XS3,1,Female,49,14,5,Sales,No,Married,3,"$112,000.00",0,1,NoCar,N/A,$0,25,No,No,Visa,31,Yes,18,No,No,No,Yes,Yes,No,Yes,1,71,$104.00,"$1,460.16",$0.00,$0.00,$0.00,$0.00,$104.00,0
9621-GVBWNE-B55,1,Male,36,20,3,Professional,No,Married,2,"$92,000.00",12,0,Lease,Domestic,"$27,000",15,Yes,Yes,Mast,18,No,19,No,No,No,No,Yes,No,Yes,1,48,$38.20,$372.04,$0.00,$0.00,$0.00,$0.00,$38.20,0
9621-YAXANT-7FF,4,Female,57,21,5,Professional,Yes,Unmarried,1,"$38,000.00",0,0,NoCar,N/A,$0,22,No,Yes,Disc,15,No,16,Yes,Yes,Yes,Yes,Yes,Yes,No,0,40,$57.60,$465.48,$235.20,"$1,826.96",$281.25,"$2,582.64",$574.05,1
9622-LXMOAF-E9C,2,Female,44,11,14,Labor,No,Married,2,"$124,000.00",2,1,NoCar,N/A,$0,29,No,No,Disc,22,Yes,19,No,No,No,No,No,No,No,0,56,$32.80,$353.32,$0.00,$0.00,$0.00,$0.00,$32.80,0
9623-FHGRBD-PO7,2,Male,22,15,0,Professional,No,Married,4,"$76,000.00",0,1,NoCar,N/A,$0,22,No,Yes,Disc,5,No,12,No,No,No,No,No,No,Yes,0,22,$37.40,$150.40,$0.00,$0.00,$0.00,$0.00,$37.40,0
9627-ISOUSK-GQW,5,Male,68,16,22,Labor,Yes,Unmarried,1,"$68,000.00",3,0,Own,Foreign,"$16,700",17,No,Yes,Visa,23,No,15,Yes,Yes,Yes,Yes,Yes,Yes,Yes,0,53,$39.60,$441.20,$184.80,"$1,896.08",$243.25,"$3,171.06",$467.65,1
9628-QSSBHI-RP8,4,Male,51,19,9,Professional,No,Unmarried,2,"$162,000.00",12,0,Own,Foreign,"$42,300",16,No,Yes,Visa,8,No,15,No,No,Yes,Yes,No,Yes,No,0,18,$28.60,$85.24,$0.00,$0.00,$0.00,$0.00,$28.60,0
9636-HPBDTP-KS8,3,Male,64,13,23,Professional,No,Unmarried,1,"$113,000.00",9,1,Own,Foreign,"$53,100",25,Yes,Yes,Visa,36,No,18,No,No,No,No,Yes,No,Yes,0,71,$120.60,"$1,734.60",$0.00,$0.00,$0.00,$0.00,$120.60,0
9636-LDFQLP-Q92,2,Male,39,20,9,Labor,No,Unmarried,1,"$140,000.00",3,1,Own,Foreign,"$43,800",30,Yes,No,Mast,21,Yes,19,Yes,Yes,Yes,Yes,Yes,Yes,Yes,0,50,$37.00,$367.48,$283.80,"$2,744.32",$315.25,"$3,760.98",$636.05,1
9639-BQFQEY-ABN,4,Female,79,10,15,Professional,Yes,Married,2,"$44,000.00",3,1,NoCar,N/A,$0,22,No,No,Visa,21,No,26,No,No,No,Yes,Yes,No,Yes,0,39,$58.00,$405.88,$0.00,$0.00,$0.00,$0.00,$58.00,0
9639-WDHBCL-5A8,3,Male,22,15,0,Sales,No,Unmarried,1,"$38,000.00",1,0,Own,Foreign,"$9,400",28,Yes,Yes,Othe,1,No,21,No,No,No,Yes,Yes,Yes,No,1,2,$9.40,$2.20,$0.00,$0.00,$0.00,$0.00,$9.40,0
9642-BLLHBK-RE0,3,Female,35,13,9,Labor,No,Unmarried,1,"$82,000.00",0,1,Lease,Foreign,"$21,000",25,No,No,Disc,12,Yes,26,Yes,Yes,No,No,No,Yes,No,0,21,$14.00,$77.44,$149.60,$601.20,$104.75,$531.90,$268.35,0
9642-CYUNYX-LPY,4,Female,31,12,1,Sales,No,Married,5,"$36,000.00",2,1,Own,Foreign,"$8,400",33,No,No,Othe,6,Yes,20,No,No,No,Yes,Yes,No,Yes,1,17,$13.60,$42.92,$0.00,$0.00,$0.00,$0.00,$13.60,0
9643-NDPSTS-VDD,5,Male,67,6,15,Professional,Yes,Married,2,"$24,000.00",0,1,Lease,Domestic,"$5,900",20,Yes,Yes,Mast,39,Yes,17,No,No,No,No,No,No,Yes,0,72,$96.20,"$1,298.24",$0.00,$0.00,$0.00,$0.00,$96.20,0
9644-LHNIES-DGT,2,Male,35,13,6,Sales,No,Married,3,"$46,000.00",2,1,Own,Domestic,"$11,900",26,No,Yes,Disc,10,Yes,20,No,No,No,No,No,No,Yes,0,37,$42.20,$305.52,$0.00,$0.00,$0.00,$0.00,$42.20,0
9646-FRBESD-5CK,2,Male,53,17,3,Sales,No,Unmarried,1,"$188,000.00",1,0,Own,Foreign,"$53,700",24,No,No,AMEX,6,Yes,15,Yes,No,No,Yes,No,No,No,0,16,$14.40,$33.08,$128.20,$422.04,$0.00,$0.00,$142.60,0
9646-NHVEEJ-VZ9,2,Female,68,15,5,Sales,Yes,Unmarried,1,"$34,000.00",4,1,Lease,Domestic,"$8,600",28,Yes,Yes,Visa,24,No,21,No,No,Yes,No,No,No,No,0,58,$60.60,$669.16,$0.00,$0.00,$0.00,$0.00,$60.60,0
9647-NVQTYY-Q4L,3,Female,47,20,14,Service,No,Unmarried,1,"$96,000.00",8,0,Own,Foreign,"$27,100",23,Yes,Yes,Disc,19,No,14,No,No,No,No,No,No,No,0,52,$58.80,$584.20,$0.00,$0.00,$0.00,$0.00,$58.80,0
9647-ZVHKCG-MXR,5,Female,38,20,6,Service,No,Unmarried,1,"$68,000.00",2,0,Own,Domestic,"$14,400",31,Yes,Yes,Disc,1,No,13,Yes,Yes,Yes,No,No,Yes,No,0,3,$7.00,$9.92,$153.80,$56.04,$132.50,$82.62,$293.30,1
9653-VCOLVN-63A,1,Male,67,12,13,Professional,No,Married,2,"$94,000.00",0,0,Own,Domestic,"$32,500",19,Yes,No,Disc,35,No,14,No,No,No,No,No,No,Yes,0,69,$88.20,"$1,330.48",$0.00,$0.00,$0.00,$0.00,$88.20,0
9654-LNSZSZ-KR0,5,Female,60,18,6,Sales,No,Unmarried,1,"$172,000.00",3,1,Own,Domestic,"$53,800",28,No,No,Disc,13,No,19,Yes,Yes,Yes,No,Yes,Yes,Yes,0,30,$38.80,$195.32,$131.40,$732.52,$126.00,$864.54,$296.20,1
9655-AVBLHY-HSG,2,Male,68,12,17,Labor,No,Married,5,"$160,000.00",1,1,Own,Domestic,"$42,500",24,No,Yes,Mast,37,No,17,No,No,No,No,No,No,Yes,1,72,$230.20,"$3,414.92",$0.00,$0.00,$0.00,$0.00,$230.20,0
9657-VOOLQE-XVR,1,Male,48,20,8,Professional,No,Married,2,"$212,000.00",1,1,Own,Foreign,"$89,900",24,No,Yes,Disc,29,No,28,No,No,No,Yes,Yes,No,No,0,65,$43.00,$569.88,$0.00,$0.00,$0.00,$0.00,$43.00,0
9660-SKUWKE-D6O,4,Female,68,12,7,Sales,Yes,Married,2,"$24,000.00",0,1,Lease,Domestic,"$5,200",26,No,Yes,Othe,27,No,15,No,No,No,No,No,Yes,Yes,0,52,$73.40,$758.52,$0.00,$0.00,$0.00,$0.00,$73.40,0
9662-FUSYIM-1IV,4,Male,64,17,22,Service,No,Unmarried,1,"$107,000.00",11,1,NoCar,N/A,$0,23,No,No,Visa,18,No,21,Yes,No,No,Yes,Yes,No,No,0,28,$32.40,$211.92,$142.00,$776.76,$0.00,$0.00,$174.40,0
9664-VTHIZT-N1D,4,Male,37,21,3,Professional,No,Married,3,"$106,000.00",2,1,Own,Foreign,"$18,000",25,No,Yes,Visa,3,Yes,22,No,No,No,No,Yes,No,No,0,16,$13.80,$33.28,$0.00,$0.00,$0.00,$0.00,$13.80,0
9665-BSWFJD-TUL,1,Male,41,11,7,Service,No,Married,2,"$104,000.00",1,0,NoCar,N/A,$0,27,No,No,Visa,11,No,22,No,No,No,No,No,No,No,1,24,$20.40,$91.64,$0.00,$0.00,$0.00,$0.00,$20.40,0
9667-MUTWBN-CTA,2,Male,18,12,0,Professional,No,Unmarried,2,"$28,000.00",2,0,Own,Domestic,"$4,200",28,Yes,No,Visa,0,Yes,22,No,No,No,No,Yes,No,Yes,0,9,$36.80,$55.92,$0.00,$0.00,$0.00,$0.00,$36.80,0
9671-ALAHDR-WW2,1,Male,51,18,16,Labor,No,Married,3,"$143,000.00",2,0,Own,Foreign,"$92,700",27,No,Yes,AMEX,33,No,20,Yes,No,Yes,No,No,No,Yes,0,68,$175.20,"$2,353.24",$141.60,"$1,921.88",$0.00,$0.00,$316.80,1
9671-WTYPVQ-HYH,1,Male,32,14,4,Agriculture,No,Unmarried,3,"$44,000.00",0,0,Own,Domestic,"$11,500",32,No,Yes,Disc,9,No,12,No,No,No,No,No,Yes,No,0,13,$14.60,$48.16,$0.00,$0.00,$0.00,$0.00,$14.60,0
9672-IOQEXF-W7O,3,Male,39,8,15,Agriculture,No,Unmarried,1,"$92,000.00",12,1,Own,Foreign,"$29,500",25,No,Yes,Othe,21,Yes,19,No,No,No,Yes,Yes,No,No,0,58,$92.40,"$1,093.48",$0.00,$0.00,$0.00,$0.00,$92.40,0
9674-LSLCQN-NU6,3,Female,48,21,11,Service,No,Married,3,"$102,000.00",1,1,Own,Domestic,"$31,100",19,Yes,Yes,AMEX,27,Yes,18,No,No,Yes,Yes,Yes,No,Yes,1,55,$32.60,$344.76,$0.00,$0.00,$0.00,$0.00,$32.60,0
9680-RTEIGM-JUV,2,Female,20,15,0,Sales,No,Unmarried,1,"$56,000.00",2,1,NoCar,N/A,$0,20,Yes,Yes,AMEX,2,Yes,25,Yes,No,No,No,No,Yes,Yes,1,13,$11.60,$27.64,$95.40,$255.68,$0.00,$0.00,$107.00,0
9683-ZEVCUA-G0A,5,Female,24,11,2,Professional,No,Unmarried,1,"$42,000.00",7,1,Own,Domestic,"$9,700",23,No,No,Visa,2,Yes,15,Yes,No,Yes,Yes,Yes,No,Yes,1,6,$11.40,$11.68,$138.20,$122.72,$0.00,$0.00,$149.60,0
9685-CNYUFH-WRN,2,Male,67,11,3,Sales,No,Married,2,"$48,000.00",16,1,NoCar,N/A,$0,22,Yes,No,Disc,25,No,17,No,No,Yes,Yes,Yes,No,Yes,0,47,$70.00,$653.28,$0.00,$0.00,$0.00,$0.00,$70.00,0
9688-LUOMBJ-M3P,4,Female,74,13,17,Sales,Yes,Married,2,"$46,000.00",4,1,Own,Foreign,"$11,600",19,No,No,Visa,40,No,14,No,No,Yes,Yes,No,No,Yes,0,72,$253.20,"$3,705.56",$0.00,$0.00,$0.00,$0.00,$253.20,0
9693-EYQCTU-O92,3,Female,59,17,6,Sales,Yes,Unmarried,1,"$18,000.00",2,1,Lease,Foreign,"$4,100",25,No,Yes,Disc,9,Yes,0,No,No,No,Yes,No,No,No,1,18,$43.00,$144.64,$0.00,$0.00,$0.00,$0.00,$43.00,0
9693-JKQHWU-HQL,2,Female,75,14,19,Agriculture,Yes,Married,2,"$110,000.00",0,1,Own,Domestic,"$24,500",25,No,No,Mast,33,No,24,No,No,No,No,No,Yes,Yes,1,68,$52.20,$753.00,$0.00,$0.00,$0.00,$0.00,$52.20,0
9698-CLJJBU-ZW7,2,Male,24,18,0,Sales,No,Married,4,"$44,000.00",8,1,Own,Domestic,"$8,000",28,Yes,Yes,Disc,1,No,19,No,Yes,Yes,Yes,No,Yes,No,1,5,$9.60,$5.96,$0.00,$0.00,$104.00,$101.22,$113.60,0
9698-EEPUOH-LHZ,4,Male,57,11,32,Labor,No,Married,2,"$236,000.00",0,1,Own,Domestic,"$80,100",25,Yes,Yes,Disc,40,Yes,19,No,No,No,No,No,Yes,Yes,0,72,$211.80,"$3,007.16",$0.00,$0.00,$0.00,$0.00,$211.80,0
9699-YXPXDK-8T6,3,Female,58,10,6,Sales,No,Married,3,"$54,000.00",1,1,Own,Domestic,"$15,500",39,No,Yes,Disc,37,No,18,No,No,No,Yes,Yes,No,Yes,0,71,$88.80,"$1,262.36",$0.00,$0.00,$0.00,$0.00,$88.80,0
9700-ABSJSP-IP3,1,Female,67,9,13,Professional,No,Married,2,"$192,000.00",8,1,Own,Foreign,"$41,700",33,Yes,Yes,Mast,10,No,30,No,No,Yes,Yes,Yes,No,No,0,23,$25.60,$106.32,$0.00,$0.00,$0.00,$0.00,$25.60,0
9700-DGCABT-FRY,2,Female,32,13,2,Sales,No,Married,3,"$44,000.00",0,1,Own,Domestic,"$9,600",23,No,No,Mast,8,No,20,No,No,No,No,No,No,No,1,29,$43.00,$255.28,$0.00,$0.00,$0.00,$0.00,$43.00,0
9702-XRANJC-13S,1,Male,28,13,4,Service,No,Unmarried,1,"$58,000.00",10,0,Own,Foreign,"$18,000",23,No,No,Visa,1,Yes,18,No,No,No,No,No,No,No,0,1,$10.40,$2.08,$0.00,$0.00,$0.00,$0.00,$10.40,0
9705-SBORMY-SLG,3,Female,52,12,10,Sales,No,Unmarried,1,"$196,000.00",1,1,NoCar,N/A,$0,29,No,No,Visa,32,Yes,14,No,No,No,Yes,Yes,No,No,1,64,$96.00,"$1,191.60",$0.00,$0.00,$0.00,$0.00,$96.00,0
9706-GVZNPQ-X9N,4,Female,42,16,2,Sales,No,Unmarried,1,"$80,000.00",4,1,Own,Foreign,"$16,500",26,Yes,No,Disc,16,No,15,Yes,Yes,Yes,Yes,Yes,Yes,No,0,35,$47.00,$373.68,$144.20,$998.88,$145.25,"$1,062.60",$336.45,1
9706-LRUNNB-VUT,5,Female,23,13,2,Professional,No,Unmarried,1,"$30,000.00",4,0,Lease,Domestic,"$6,800",19,Yes,No,Disc,1,Yes,16,No,Yes,No,Yes,Yes,No,No,1,1,$7.60,$1.52,$0.00,$0.00,$63.50,$15.24,$71.10,0
9708-FSIKUI-JFI,3,Female,22,17,0,Professional,No,Unmarried,1,"$76,000.00",6,0,NoCar,N/A,$0,29,Yes,Yes,Mast,3,Yes,29,No,Yes,Yes,Yes,Yes,No,No,0,3,$5.80,$11.00,$0.00,$0.00,$101.00,$53.88,$106.80,0
9709-ZRWTBY-OAH,2,Male,50,16,9,Professional,No,Unmarried,2,"$122,000.00",7,1,Own,Domestic,"$32,600",25,Yes,Yes,Visa,3,No,19,Yes,No,No,Yes,No,No,No,1,9,$12.20,$28.36,$126.40,$181.24,$0.00,$0.00,$138.60,0
9714-LCYJJB-SCS,5,Male,25,14,1,Professional,No,Unmarried,5,"$100,000.00",1,0,NoCar,N/A,$0,15,No,Yes,Disc,7,Yes,22,Yes,No,Yes,No,No,No,Yes,0,46,$57.80,$527.48,$119.00,"$1,055.60",$0.00,$0.00,$176.80,0
9716-WKBJBO-YPB,1,Female,43,14,9,Crafts,No,Unmarried,1,"$82,000.00",4,0,Own,Foreign,"$17,400",25,Yes,No,AMEX,5,Yes,23,No,No,No,No,No,No,No,0,12,$20.60,$48.96,$0.00,$0.00,$0.00,$0.00,$20.60,0
9717-FVMBYC-YGZ,4,Female,68,7,17,Professional,No,Unmarried,1,"$114,000.00",7,0,NoCar,N/A,$0,22,No,No,AMEX,9,Yes,20,No,No,No,Yes,Yes,No,Yes,0,31,$24.80,$156.72,$0.00,$0.00,$0.00,$0.00,$24.80,0
9717-ZTBUVW-CCK,5,Female,71,14,27,Labor,No,Unmarried,1,"$295,000.00",6,1,Own,Domestic,"$79,100",31,No,Yes,Disc,15,No,15,No,Yes,Yes,Yes,Yes,No,Yes,0,38,$63.80,$479.12,$0.00,$0.00,$178.00,"$1,546.14",$241.80,0
9721-QZEIAO-LAJ,1,Female,79,9,9,Professional,Yes,Unmarried,1,"$30,000.00",4,0,Lease,Domestic,"$8,400",17,Yes,Yes,Visa,13,No,34,No,No,No,Yes,Yes,No,No,0,31,$37.40,$259.16,$0.00,$0.00,$0.00,$0.00,$37.40,0
9723-TCTGWO-TZ0,3,Female,29,13,2,Sales,No,Married,3,"$58,000.00",0,0,Own,Domestic,"$15,100",30,No,Yes,Mast,7,Yes,12,No,No,No,Yes,No,No,No,1,13,$39.00,$110.40,$0.00,$0.00,$0.00,$0.00,$39.00,0
9723-VUGZBJ-ZQA,3,Male,18,13,0,Service,No,Unmarried,1,"$30,000.00",0,0,Lease,Domestic,"$6,100",30,No,Yes,Visa,1,Yes,24,No,No,No,No,No,No,No,0,2,$16.20,$5.76,$0.00,$0.00,$0.00,$0.00,$16.20,0
9728-PCVERU-QUL,4,Male,62,18,15,Professional,No,Unmarried,1,"$130,000.00",0,1,Own,Domestic,"$26,300",27,No,Yes,Disc,13,No,23,No,Yes,Yes,Yes,Yes,Yes,No,0,30,$24.40,$145.64,$0.00,$0.00,$262.50,"$1,863.72",$286.90,1
9730-HTXQGE-VQU,1,Male,46,16,5,Sales,No,Married,2,"$58,000.00",0,0,Own,Foreign,"$20,300",32,No,No,Mast,8,Yes,25,No,No,No,No,No,No,No,0,27,$32.40,$147.96,$0.00,$0.00,$0.00,$0.00,$32.40,0
9730-TRTEVX-I50,5,Female,45,13,3,Sales,No,Unmarried,1,"$36,000.00",5,0,Lease,Foreign,"$9,000",30,No,No,Disc,2,No,12,No,No,No,Yes,No,No,No,0,9,$17.20,$24.12,$0.00,$0.00,$0.00,$0.00,$17.20,0
9732-PWXJZD-D81,3,Male,39,12,9,Labor,No,Married,5,"$86,000.00",0,1,Own,Domestic,"$21,100",27,Yes,No,AMEX,13,No,8,No,No,No,No,No,No,Yes,0,32,$24.40,$152.48,$0.00,$0.00,$0.00,$0.00,$24.40,0
9744-IIOOQN-C6R,3,Male,48,15,15,Labor,No,Unmarried,1,"$48,000.00",0,1,NoCar,N/A,$0,26,No,Yes,Mast,4,No,21,No,No,No,No,No,Yes,No,0,8,$16.20,$22.16,$0.00,$0.00,$0.00,$0.00,$16.20,0
9744-RWPAGD-OWL,3,Female,75,18,23,Professional,No,Unmarried,1,"$138,000.00",0,1,Own,Foreign,"$72,000",26,Yes,Yes,Disc,18,Yes,21,No,Yes,No,Yes,Yes,No,No,1,41,$77.20,$612.04,$0.00,$0.00,$159.75,"$1,652.16",$236.95,0
9751-KKBDPN-CJG,2,Female,19,14,0,Service,No,Unmarried,2,"$40,000.00",0,1,Own,Foreign,"$8,000",36,Yes,Yes,Visa,2,No,28,No,Yes,Yes,Yes,Yes,Yes,No,0,3,$13.60,$6.76,$0.00,$0.00,$138.50,$67.50,$152.10,0
9751-UJKWLO-R2B,1,Male,42,17,12,Service,No,Unmarried,2,"$114,000.00",0,1,Own,Domestic,"$70,600",28,No,Yes,Disc,22,No,18,Yes,No,No,No,No,No,Yes,0,51,$49.40,$499.52,$99.40,"$1,016.56",$0.00,$0.00,$148.80,0
9755-GDNGDU-RHC,2,Male,18,13,0,Sales,No,Unmarried,1,"$36,000.00",6,1,Own,Domestic,"$9,100",28,Yes,No,AMEX,0,Yes,16,Yes,No,No,Yes,Yes,No,No,1,4,$24.80,$23.40,$137.20,$74.04,$0.00,$0.00,$162.00,0
9756-ZVYPOX-JIM,4,Female,25,12,1,Professional,No,Married,5,"$56,000.00",1,0,Lease,Foreign,"$12,300",37,No,No,Visa,7,Yes,17,No,No,No,No,No,No,No,0,12,$20.60,$53.36,$0.00,$0.00,$0.00,$0.00,$20.60,0
9758-NBCVXD-AWA,3,Female,55,10,9,Sales,No,Married,2,"$82,000.00",13,1,Own,Foreign,"$23,900",20,No,No,Othe,31,No,17,No,No,No,No,No,No,Yes,0,67,$134.60,"$1,727.80",$0.00,$0.00,$0.00,$0.00,$134.60,0
9758-OITZZF-IN8,5,Female,54,12,8,Sales,No,Unmarried,1,"$82,000.00",8,1,Own,Domestic,"$20,100",31,No,Yes,Mast,26,Yes,20,No,No,No,No,No,No,Yes,0,45,$62.60,$596.16,$0.00,$0.00,$0.00,$0.00,$62.60,0
9758-STTNOX-JRP,2,Female,78,12,49,Labor,Yes,Unmarried,1,"$168,000.00",3,1,Own,Foreign,"$50,600",24,Yes,Yes,Othe,35,Yes,17,No,Yes,Yes,Yes,Yes,No,No,0,69,$146.00,"$1,885.04",$0.00,$0.00,$197.75,"$3,211.20",$343.75,1
9759-CXKPKH-8QW,3,Male,20,15,0,Sales,No,Unmarried,6,"$60,000.00",0,1,Own,Foreign,"$16,400",34,No,No,AMEX,2,No,10,Yes,Yes,No,Yes,No,No,No,0,27,$37.00,$208.32,$190.80,"$1,015.32",$229.25,"$1,401.36",$457.05,1
9760-LDVQAI-6XY,1,Male,37,10,3,Professional,No,Unmarried,1,"$60,000.00",0,1,Own,Domestic,"$12,800",26,Yes,No,Disc,14,Yes,21,No,No,No,No,Yes,Yes,Yes,1,48,$19.00,$183.96,$0.00,$0.00,$0.00,$0.00,$19.00,0
9761-RVCLUC-SR2,4,Male,28,21,0,Sales,No,Married,5,"$58,000.00",2,1,Own,Foreign,"$12,200",34,No,No,Disc,3,Yes,19,Yes,Yes,Yes,Yes,Yes,No,No,0,5,$27.60,$27.40,$127.60,$120.04,$122.75,$111.72,$277.95,1
9762-TBYLNL-C4U,5,Male,22,17,0,Sales,No,Unmarried,1,"$38,000.00",0,1,Own,Foreign,"$10,300",27,Yes,No,Visa,2,No,31,Yes,Yes,Yes,No,Yes,Yes,Yes,0,2,$11.60,$3.12,$123.60,$31.52,$131.00,$41.76,$266.20,0
9766-JHVFAL-RX2,4,Female,21,13,0,Professional,No,Unmarried,1,"$80,000.00",3,1,Own,Domestic,"$23,600",29,Yes,Yes,Othe,2,Yes,16,Yes,No,No,Yes,No,Yes,No,1,3,$28.20,$16.16,$107.40,$24.76,$0.00,$0.00,$135.60,0
9769-TIWOIU-7YX,3,Male,29,13,3,Professional,No,Unmarried,4,"$40,000.00",0,1,Own,Foreign,"$9,000",25,Yes,Yes,Visa,7,Yes,20,No,No,No,No,No,No,No,1,6,$19.80,$18.04,$0.00,$0.00,$0.00,$0.00,$19.80,0
9769-WBWUBQ-EUO,5,Male,44,12,17,Service,No,Married,2,"$164,000.00",4,0,Own,Foreign,"$42,700",23,Yes,Yes,AMEX,26,No,25,No,No,No,Yes,Yes,No,Yes,0,60,$76.80,$976.36,$0.00,$0.00,$0.00,$0.00,$76.80,0
9770-ERDOON-B3Y,2,Male,31,14,1,Sales,No,Married,3,"$60,000.00",0,0,Lease,Foreign,"$18,800",16,No,No,Visa,3,No,19,No,No,No,No,No,No,No,0,8,$12.80,$20.64,$0.00,$0.00,$0.00,$0.00,$12.80,0
9772-PVKSGK-BYH,4,Female,70,14,20,Professional,No,Unmarried,2,"$102,000.00",1,1,Own,Foreign,"$62,000",18,Yes,Yes,AMEX,36,Yes,26,No,No,No,No,Yes,No,Yes,1,71,$118.20,"$1,594.72",$0.00,$0.00,$0.00,$0.00,$118.20,0
9773-CPEUBF-6D9,5,Female,78,10,27,Service,No,Unmarried,1,"$162,000.00",10,1,Own,Foreign,"$43,900",26,No,Yes,Mast,23,Yes,19,No,No,No,Yes,No,No,No,0,52,$63.80,$668.56,$0.00,$0.00,$0.00,$0.00,$63.80,0
9774-ZLYNUW-254,1,Female,79,18,6,Sales,Yes,Married,2,"$28,000.00",0,0,Own,Foreign,"$8,800",25,No,Yes,Disc,31,No,22,No,No,No,No,No,No,Yes,0,60,$108.40,"$1,286.24",$0.00,$0.00,$0.00,$0.00,$108.40,0
9780-WTOMLB-AYF,4,Male,64,19,20,Crafts,No,Married,2,"$132,000.00",1,1,Own,Domestic,"$33,900",20,No,Yes,Mast,40,No,10,Yes,Yes,Yes,No,Yes,Yes,No,0,72,$165.00,"$2,326.48",$210.00,"$2,952.96",$264.50,"$4,484.58",$639.50,1
9780-ZWIECB-825,3,Female,72,17,33,Agriculture,No,Unmarried,1,"$130,000.00",9,0,Own,Domestic,"$67,700",32,No,No,AMEX,27,Yes,23,No,No,No,Yes,Yes,No,No,0,55,$33.80,$386.60,$0.00,$0.00,$0.00,$0.00,$33.80,0
9782-MIKGGI-2EC,4,Male,47,21,5,Professional,No,Married,4,"$122,000.00",0,1,Own,Foreign,"$57,700",36,No,Yes,Disc,13,No,25,No,No,No,No,Yes,Yes,No,0,32,$65.00,$409.80,$0.00,$0.00,$0.00,$0.00,$65.00,0
9783-VWYGCO-70P,1,Male,68,13,7,Sales,Yes,Married,2,"$30,000.00",0,1,Lease,Foreign,"$4,200",32,No,No,Disc,40,No,18,No,No,No,No,No,No,Yes,0,72,$289.80,"$4,197.04",$0.00,$0.00,$0.00,$0.00,$289.80,1
9784-YBTNDX-GDJ,1,Female,38,17,1,Sales,No,Unmarried,1,"$52,000.00",0,1,Own,Domestic,"$15,600",32,No,Yes,Visa,6,Yes,17,No,No,No,No,Yes,No,No,1,17,$19.60,$55.80,$0.00,$0.00,$0.00,$0.00,$19.60,0
9785-AJWQWG-M62,2,Male,60,10,26,Crafts,Yes,Unmarried,1,"$82,000.00",4,1,Lease,Foreign,"$17,900",22,No,Yes,Othe,39,No,16,No,No,No,No,No,No,Yes,0,72,$186.00,"$2,780.64",$0.00,$0.00,$0.00,$0.00,$186.00,0
9786-HNOEUR-LOL,3,Male,62,16,7,Sales,No,Married,2,"$118,000.00",1,0,Own,Domestic,"$24,000",25,Yes,No,AMEX,11,No,21,No,No,No,No,No,No,No,0,30,$14.00,$74.08,$0.00,$0.00,$0.00,$0.00,$14.00,0
9786-YJUVSV-IGV,2,Male,63,9,19,Professional,No,Unmarried,1,"$142,000.00",0,0,Own,Domestic,"$32,100",31,No,Yes,Mast,31,Yes,15,No,No,No,No,No,No,Yes,0,62,$95.60,"$1,139.60",$0.00,$0.00,$0.00,$0.00,$95.60,0
9791-NHIEQI-ZAB,2,Male,36,7,10,Professional,No,Unmarried,1,"$68,000.00",7,0,NoCar,N/A,$0,24,No,Yes,Mast,16,No,23,No,No,No,Yes,Yes,No,No,0,15,$12.60,$35.28,$0.00,$0.00,$0.00,$0.00,$12.60,0
9791-YBDYWO-6TU,5,Male,60,16,12,Professional,No,Married,9,"$150,000.00",8,1,Lease,Domestic,"$30,200",24,No,Yes,AMEX,16,Yes,16,No,Yes,Yes,Yes,Yes,No,No,0,40,$30.40,$236.16,$0.00,$0.00,$286.75,"$2,735.76",$317.15,1
9793-GDAQAV-HZC,4,Male,35,16,3,Sales,No,Married,2,"$82,000.00",1,1,Own,Foreign,"$23,400",20,No,Yes,Disc,15,Yes,13,Yes,No,No,No,No,No,No,0,27,$32.00,$158.92,$94.60,$490.52,$0.00,$0.00,$126.60,0
9794-ZMSWZC-HR0,2,Male,77,9,29,Labor,Yes,Unmarried,1,"$46,000.00",0,1,Lease,Foreign,"$13,500",23,Yes,Yes,AMEX,40,No,18,No,No,No,No,No,No,Yes,1,72,$130.40,"$1,917.20",$0.00,$0.00,$0.00,$0.00,$130.40,0
9796-BYXDZX-K3X,3,Male,69,15,11,Service,Yes,Married,2,"$44,000.00",4,1,Own,Foreign,"$10,800",31,No,Yes,Mast,38,No,19,Yes,No,No,No,No,Yes,Yes,0,70,$73.60,"$1,013.64",$127.00,"$1,678.84",$0.00,$0.00,$200.60,0
9800-LYSRQF-PRV,1,Female,20,15,0,Service,No,Married,6,"$30,000.00",0,0,Lease,Foreign,"$5,900",17,No,No,Visa,2,Yes,23,Yes,Yes,Yes,Yes,Yes,Yes,No,0,8,$23.60,$34.60,$150.00,$224.68,$114.75,$219.72,$288.35,1
9800-TSVDJH-FJX,2,Male,62,21,9,Sales,No,Unmarried,1,"$250,000.00",0,1,Own,Domestic,"$79,700",22,No,Yes,AMEX,14,Yes,16,No,Yes,Yes,Yes,Yes,No,Yes,0,35,$88.60,$604.00,$0.00,$0.00,$178.25,"$1,474.02",$266.85,0
9802-DUNHYJ-M9J,2,Male,66,14,27,Professional,No,Married,2,"$111,000.00",4,1,Own,Foreign,"$48,600",22,No,Yes,AMEX,34,Yes,28,No,No,Yes,Yes,Yes,No,Yes,1,64,$86.20,"$1,106.16",$0.00,$0.00,$0.00,$0.00,$86.20,0
9803-GWCZVU-I7L,4,Female,34,19,3,Professional,No,Married,2,"$94,000.00",4,1,NoCar,N/A,$0,15,Yes,No,Disc,7,No,21,No,Yes,Yes,Yes,Yes,No,No,0,15,$14.60,$55.36,$0.00,$0.00,$179.25,$566.40,$193.85,0
9804-JHFSPO-C87,5,Male,58,12,29,Crafts,No,Married,4,"$242,000.00",4,1,Own,Domestic,"$94,200",38,Yes,No,AMEX,31,No,24,No,No,No,No,No,No,Yes,0,61,$53.80,$638.64,$0.00,$0.00,$0.00,$0.00,$53.80,0
9806-FPJFJU-VT8,1,Male,24,11,1,Sales,No,Unmarried,1,"$30,000.00",5,1,Own,Domestic,"$7,500",26,Yes,No,AMEX,1,Yes,19,No,No,No,No,No,No,No,0,2,$7.60,$1.64,$0.00,$0.00,$0.00,$0.00,$7.60,0
9807-IYGMUM-XOH,1,Female,34,21,3,Professional,No,Unmarried,1,"$108,000.00",7,1,Own,Foreign,"$26,800",21,No,Yes,Disc,16,Yes,25,Yes,Yes,Yes,Yes,Yes,Yes,No,0,51,$36.00,$371.52,$216.00,"$2,224.88",$314.00,"$3,902.76",$566.00,1
9807-RQWCQK-E9X,2,Female,36,18,3,Sales,No,Unmarried,2,"$120,000.00",5,0,Own,Domestic,"$27,400",31,Yes,No,Othe,4,Yes,20,No,No,No,No,Yes,No,No,0,13,$19.60,$35.80,$0.00,$0.00,$0.00,$0.00,$19.60,0
9809-KSYXWI-8FP,4,Male,50,11,5,Sales,No,Unmarried,1,"$64,000.00",11,1,Lease,Domestic,"$14,700",26,No,Yes,Othe,15,No,17,No,No,No,Yes,Yes,No,Yes,1,33,$54.20,$329.60,$0.00,$0.00,$0.00,$0.00,$54.20,0
9809-NBCXAS-1RB,4,Male,36,12,5,Sales,No,Unmarried,2,"$90,000.00",3,0,Own,Domestic,"$21,200",26,Yes,Yes,Disc,13,No,29,Yes,No,No,No,No,Yes,No,0,38,$27.00,$195.76,$109.60,$898.88,$0.00,$0.00,$136.60,0
9810-RWEYBF-H9N,4,Female,45,16,5,Professional,No,Unmarried,1,"$142,000.00",0,0,Own,Domestic,"$25,700",26,No,Yes,Disc,12,Yes,20,No,No,No,No,No,No,Yes,0,24,$30.80,$135.00,$0.00,$0.00,$0.00,$0.00,$30.80,0
9813-TLUHXQ-RVZ,4,Male,74,17,34,Labor,Yes,Unmarried,1,"$52,000.00",0,1,Lease,Foreign,"$7,100",12,Yes,No,Disc,39,No,18,No,Yes,Yes,Yes,Yes,No,Yes,0,71,$114.60,"$1,593.56",$0.00,$0.00,$196.50,"$3,352.32",$311.10,1
9819-KBLSEK-N7M,3,Male,50,12,13,Service,No,Unmarried,1,"$108,000.00",5,0,Own,Domestic,"$28,500",35,No,No,Visa,22,No,17,No,No,No,No,No,No,No,0,34,$38.40,$221.28,$0.00,$0.00,$0.00,$0.00,$38.40,0
9826-KJMIJL-MCK,1,Male,19,14,0,Labor,No,Unmarried,1,"$26,000.00",7,1,Own,Domestic,"$3,900",15,Yes,No,AMEX,1,Yes,21,No,No,No,Yes,No,No,No,0,14,$27.60,$79.16,$0.00,$0.00,$0.00,$0.00,$27.60,0
9827-KTWUYN-E41,3,Female,59,10,22,Professional,No,Unmarried,1,"$135,000.00",0,0,Own,Foreign,"$98,500",32,No,Yes,AMEX,19,No,26,No,No,No,Yes,No,No,Yes,0,48,$44.40,$400.84,$0.00,$0.00,$0.00,$0.00,$44.40,0
9827-QPOKBY-LKO,5,Male,32,16,5,Service,No,Married,2,"$84,000.00",0,1,Own,Foreign,"$19,100",30,No,Yes,Visa,14,Yes,13,No,No,No,Yes,No,No,No,0,42,$31.00,$270.56,$0.00,$0.00,$0.00,$0.00,$31.00,0
9829-URPLKI-D16,1,Male,63,14,11,Professional,No,Unmarried,1,"$98,000.00",4,1,NoCar,N/A,$0,25,No,Yes,AMEX,20,No,17,No,No,No,No,No,No,No,0,45,$38.20,$322.20,$0.00,$0.00,$0.00,$0.00,$38.20,0
9830-UFEBRB-WOE,4,Male,72,9,34,Agriculture,Yes,Unmarried,1,"$72,000.00",1,1,NoCar,N/A,$0,33,Yes,Yes,Visa,14,Yes,16,No,No,No,No,No,No,No,0,30,$54.40,$329.24,$0.00,$0.00,$0.00,$0.00,$54.40,0
9831-FASJKX-KDA,4,Male,20,15,0,Crafts,No,Unmarried,4,"$36,000.00",2,0,Lease,Foreign,"$5,900",43,Yes,Yes,AMEX,2,No,21,No,No,No,No,No,No,No,0,7,$21.00,$32.32,$0.00,$0.00,$0.00,$0.00,$21.00,0
9834-TWWKKW-HCR,5,Male,54,15,13,Service,No,Unmarried,1,"$194,000.00",0,1,Own,Foreign,"$54,700",24,Yes,Yes,AMEX,28,Yes,21,No,No,Yes,Yes,Yes,No,No,0,61,$67.40,$840.48,$0.00,$0.00,$0.00,$0.00,$67.40,0
9835-WHJVJX-VJP,5,Female,20,15,0,Sales,No,Married,4,"$84,000.00",0,0,Own,Domestic,"$19,400",20,Yes,Yes,Mast,2,Yes,23,No,No,No,Yes,Yes,No,No,0,17,$35.60,$123.00,$0.00,$0.00,$0.00,$0.00,$35.60,0
9837-XXBOHV-UQJ,1,Female,75,12,12,Sales,Yes,Unmarried,1,"$18,000.00",8,0,Own,Domestic,"$4,400",21,No,Yes,Mast,2,No,0,No,No,No,No,No,No,No,0,2,$14.20,$5.36,$0.00,$0.00,$0.00,$0.00,$14.20,0
9839-XDOELB-L4D,5,Female,21,15,0,Sales,No,Married,7,"$58,000.00",10,1,Own,Domestic,"$13,900",27,Yes,No,Visa,3,Yes,22,No,No,No,Yes,Yes,No,No,1,16,$28.60,$85.56,$0.00,$0.00,$0.00,$0.00,$28.60,0
9840-VEWFQZ-W5V,3,Female,43,19,4,Sales,No,Married,2,"$66,000.00",5,1,Own,Foreign,"$17,200",22,Yes,Yes,Disc,9,Yes,18,No,No,No,No,No,No,No,0,27,$26.60,$161.24,$0.00,$0.00,$0.00,$0.00,$26.60,0
9841-HCDWMI-E3T,1,Female,77,14,36,Labor,Yes,Married,2,"$116,000.00",0,0,Own,Domestic,"$27,900",24,No,No,Mast,37,Yes,23,No,No,No,No,No,No,Yes,0,70,$75.40,"$1,141.16",$0.00,$0.00,$0.00,$0.00,$75.40,0
9842-OTUMVH-RW3,5,Male,63,19,6,Sales,No,Married,2,"$90,000.00",0,0,Own,Foreign,"$18,300",25,No,No,Mast,20,Yes,18,Yes,No,No,No,No,Yes,No,1,40,$35.20,$308.48,$140.00,"$1,088.92",$0.00,$0.00,$175.20,0
9844-JTMVSQ-J5G,3,Male,55,16,29,Crafts,No,Unmarried,1,"$143,000.00",0,1,Own,Domestic,"$94,800",23,No,Yes,AMEX,37,No,21,Yes,No,Yes,Yes,Yes,Yes,Yes,0,69,$74.00,"$1,028.88",$217.60,"$2,940.96",$0.00,$0.00,$291.60,1
9844-XTDOZB-DSM,4,Male,58,18,10,Professional,No,Married,2,"$360,000.00",12,1,Own,Foreign,"$90,700",29,Yes,Yes,Disc,22,No,15,Yes,Yes,Yes,Yes,Yes,No,Yes,0,40,$49.80,$409.68,$183.60,"$1,481.64",$253.00,"$2,221.26",$486.40,1
9847-QFQVFK-D8O,1,Female,79,13,35,Service,Yes,Unmarried,1,"$48,000.00",0,0,Own,Domestic,"$8,800",22,Yes,No,Visa,24,No,16,No,No,No,No,No,No,Yes,0,46,$44.80,$396.20,$0.00,$0.00,$0.00,$0.00,$44.80,0
9849-YYXVBK-BK7,1,Female,33,12,5,Service,No,Married,2,"$68,000.00",6,1,Own,Domestic,"$17,900",16,Yes,No,Disc,15,No,17,No,No,No,Yes,Yes,No,No,0,42,$47.20,$367.56,$0.00,$0.00,$0.00,$0.00,$47.20,0
9851-IOJSCQ-EIQ,4,Male,74,10,16,Professional,Yes,Unmarried,1,"$18,000.00",3,0,Lease,Domestic,"$3,400",27,No,No,Othe,32,No,0,No,No,No,Yes,Yes,No,Yes,0,59,$32.60,$400.80,$0.00,$0.00,$0.00,$0.00,$32.60,0
9852-FJWQJI-KV7,4,Male,56,12,4,Sales,No,Unmarried,3,"$58,000.00",2,1,Own,Foreign,"$11,600",25,No,Yes,Visa,5,Yes,16,No,No,No,No,Yes,No,No,0,14,$23.80,$69.00,$0.00,$0.00,$0.00,$0.00,$23.80,0
9856-GTSPWN-TCM,3,Male,68,12,35,Labor,Yes,Married,2,"$36,000.00",0,0,Own,Foreign,"$8,500",20,Yes,No,Visa,39,Yes,22,No,No,No,No,No,No,Yes,0,70,$165.80,"$2,301.76",$0.00,$0.00,$0.00,$0.00,$165.80,0
9859-HVFWTA-SPQ,5,Female,37,14,10,Agriculture,No,Unmarried,1,"$78,000.00",2,1,Own,Domestic,"$14,500",33,Yes,Yes,Mast,3,No,34,No,No,No,No,Yes,No,No,0,9,$13.60,$23.56,$0.00,$0.00,$0.00,$0.00,$13.60,0
9859-QUGDRR-6ZJ,3,Male,54,14,5,Sales,No,Unmarried,1,"$102,000.00",2,0,Own,Foreign,"$32,900",25,No,Yes,Visa,5,No,10,No,No,No,No,No,No,No,1,24,$26.60,$113.84,$0.00,$0.00,$0.00,$0.00,$26.60,0
9860-AXCYEV-DW4,3,Female,39,19,6,Professional,No,Unmarried,1,"$184,000.00",1,1,Own,Foreign,"$49,700",25,Yes,Yes,Visa,3,No,14,Yes,Yes,Yes,Yes,No,No,No,1,6,$11.80,$11.44,$128.60,$112.48,$114.75,$136.26,$255.15,0
9860-KXZFDN-O45,2,Female,48,11,3,Sales,No,Unmarried,1,"$72,000.00",0,1,Own,Foreign,"$19,200",22,No,No,Disc,30,Yes,22,No,No,No,No,No,No,Yes,1,56,$68.60,$750.36,$0.00,$0.00,$0.00,$0.00,$68.60,0
9862-HZUCRY-AF7,2,Female,32,14,3,Professional,No,Unmarried,2,"$60,000.00",0,0,Own,Domestic,"$17,200",20,No,Yes,Disc,8,No,21,No,No,No,Yes,Yes,Yes,No,0,16,$45.20,$157.32,$0.00,$0.00,$0.00,$0.00,$45.20,0
9865-XFWZHE-PQ7,1,Male,65,9,4,Sales,No,Married,2,"$68,000.00",4,0,Lease,Foreign,"$22,200",33,Yes,No,Othe,5,No,23,No,Yes,No,Yes,Yes,No,No,0,8,$12.40,$23.20,$0.00,$0.00,$84.00,$173.58,$96.40,0
9866-SSBACV-AH0,3,Male,20,15,0,Sales,No,Married,5,"$32,000.00",11,1,Lease,Foreign,"$9,100",29,No,No,Visa,2,No,14,No,No,No,No,Yes,No,No,1,30,$27.80,$164.28,$0.00,$0.00,$0.00,$0.00,$27.80,0
9867-QSQZPJ-A1Y,5,Male,27,18,0,Professional,No,Married,5,"$54,000.00",1,1,Own,Domestic,"$14,100",23,No,No,Disc,9,No,24,No,No,No,Yes,Yes,No,Yes,1,27,$36.20,$186.92,$0.00,$0.00,$0.00,$0.00,$36.20,0
9868-IKITYD-74T,5,Female,79,22,24,Professional,Yes,Unmarried,1,"$48,000.00",1,1,Lease,Foreign,"$10,500",28,No,No,AMEX,40,No,16,No,Yes,Yes,Yes,Yes,Yes,Yes,1,72,$118.60,"$1,761.40",$0.00,$0.00,$283.25,"$4,861.20",$401.85,1
9872-RSYZHI-NQ9,3,Female,51,11,13,Professional,No,Married,2,"$182,000.00",0,1,Own,Domestic,"$39,200",11,Yes,Yes,Mast,4,Yes,16,No,No,No,No,No,No,No,0,5,$19.20,$17.76,$0.00,$0.00,$0.00,$0.00,$19.20,0
9872-SOCOTU-XIW,1,Male,22,17,0,Professional,No,Unmarried,3,"$40,000.00",0,0,Own,Domestic,"$8,800",28,No,No,AMEX,4,Yes,24,Yes,No,Yes,Yes,Yes,Yes,Yes,0,40,$35.00,$289.00,$156.20,"$1,232.40",$0.00,$0.00,$191.20,0
9873-WQTSZT-XNM,5,Male,37,17,1,Sales,No,Unmarried,1,"$42,000.00",0,0,Own,Domestic,"$3,100",21,No,Yes,AMEX,19,No,22,Yes,Yes,Yes,Yes,Yes,Yes,No,1,37,$37.20,$292.88,$176.60,"$1,251.92",$205.25,"$1,750.26",$419.05,1
9874-OYPBRP-30S,4,Female,36,13,11,Service,No,Married,4,"$84,000.00",9,1,Own,Foreign,"$19,600",23,No,Yes,Disc,18,Yes,12,No,No,No,Yes,Yes,No,Yes,1,57,$57.40,$725.04,$0.00,$0.00,$0.00,$0.00,$57.40,0
9876-FBGIGP-VL3,1,Male,32,12,11,Agriculture,No,Married,5,"$52,000.00",0,1,Own,Domestic,"$7,200",21,No,No,Disc,14,Yes,24,Yes,No,No,No,No,No,Yes,0,60,$110.60,"$1,360.56",$126.80,"$1,567.84",$0.00,$0.00,$237.40,0
9877-VOINYO-QZW,3,Male,29,19,0,Sales,No,Unmarried,1,"$110,000.00",0,1,Own,Foreign,"$30,900",22,No,No,Disc,1,No,0,Yes,No,No,No,No,No,No,0,1,$8.20,$1.64,$80.00,$16.00,$0.00,$0.00,$88.20,0
9877-ZIUCDE-U4J,3,Female,51,16,10,Sales,No,Unmarried,1,"$112,000.00",2,0,Own,Domestic,"$27,300",15,No,No,Mast,12,No,19,No,No,No,Yes,No,No,No,0,27,$25.40,$133.40,$0.00,$0.00,$0.00,$0.00,$25.40,0
9879-IDPVNI-ISP,5,Female,29,14,6,Crafts,No,Unmarried,1,"$74,000.00",3,0,Own,Foreign,"$22,700",16,No,No,Mast,11,Yes,20,No,No,No,No,Yes,No,No,0,20,$32.20,$130.04,$0.00,$0.00,$0.00,$0.00,$32.20,0
9881-YGIHTY-WM6,1,Female,69,10,6,Sales,No,Married,2,"$146,000.00",0,1,Own,Foreign,"$42,300",30,No,No,Othe,30,Yes,17,No,No,No,No,Yes,No,No,0,64,$90.40,"$1,131.20",$0.00,$0.00,$0.00,$0.00,$90.40,0
9886-BWBBAF-GUM,1,Female,50,17,16,Agriculture,No,Unmarried,1,"$108,000.00",2,0,Own,Foreign,"$31,600",15,No,No,Disc,3,Yes,21,Yes,Yes,Yes,No,Yes,Yes,Yes,0,19,$9.40,$38.52,$160.00,$602.16,$121.50,$510.24,$290.90,1
9889-KISZOV-DGP,4,Female,48,13,7,Sales,No,Married,3,"$90,000.00",0,1,Lease,Domestic,"$26,600",26,Yes,No,Mast,31,No,18,Yes,Yes,No,No,No,Yes,No,0,54,$88.60,$887.68,$189.80,"$2,095.56",$203.25,"$2,675.82",$481.65,1
9890-EGNIOS-BWR,2,Female,35,15,7,Agriculture,No,Married,3,"$60,000.00",0,0,Lease,Foreign,"$11,000",27,No,No,Disc,11,No,21,Yes,No,No,No,No,Yes,No,0,35,$36.40,$302.80,$140.60,$930.72,$0.00,$0.00,$177.00,0
9891-CXKYJM-6RQ,3,Female,37,12,11,Labor,No,Married,2,"$140,000.00",11,1,Own,Foreign,"$42,900",30,Yes,No,Visa,19,No,20,Yes,Yes,No,Yes,Yes,No,Yes,1,72,$193.20,"$2,697.24",$179.60,"$2,595.52",$267.50,"$4,529.58",$640.30,1
9891-ZXATIA-55Z,3,Male,38,16,10,Labor,No,Married,2,"$148,000.00",0,1,Own,Foreign,"$36,500",27,Yes,Yes,AMEX,15,Yes,18,No,No,No,Yes,No,No,No,1,36,$56.40,$417.52,$0.00,$0.00,$0.00,$0.00,$56.40,0
9895-DHNPRQ-EBG,1,Female,48,19,8,Professional,No,Unmarried,1,"$107,000.00",3,1,NoCar,N/A,$0,24,Yes,No,Mast,12,No,17,No,No,No,Yes,Yes,Yes,No,0,43,$57.40,$502.16,$0.00,$0.00,$0.00,$0.00,$57.40,0
9895-KWBXQZ-CCY,5,Male,39,14,10,Labor,No,Married,2,"$98,000.00",11,0,Own,Foreign,"$35,200",27,No,Yes,AMEX,12,No,17,No,No,No,No,Yes,No,No,0,27,$55.80,$328.04,$0.00,$0.00,$0.00,$0.00,$55.80,0
9902-FFHARK-5F9,2,Female,70,17,26,Service,Yes,Unmarried,1,"$176,000.00",6,1,NoCar,N/A,$0,28,No,Yes,AMEX,19,No,13,No,No,No,No,No,No,No,1,34,$59.20,$376.52,$0.00,$0.00,$0.00,$0.00,$59.20,0
9904-DDOTQN-H21,3,Female,31,17,1,Sales,No,Unmarried,1,"$70,000.00",0,0,Own,Foreign,"$22,200",28,Yes,Yes,Mast,6,Yes,25,No,No,No,No,No,No,No,0,9,$18.80,$37.32,$0.00,$0.00,$0.00,$0.00,$18.80,0
9906-KAISVV-KMN,3,Male,56,13,23,Labor,No,Married,3,"$168,000.00",1,1,Own,Foreign,"$35,800",26,No,No,Disc,37,No,17,No,No,No,No,No,No,Yes,0,72,$170.20,"$2,448.68",$0.00,$0.00,$0.00,$0.00,$170.20,0
9906-YUMMTT-90Q,5,Female,53,8,10,Professional,No,Married,3,"$50,000.00",0,0,Lease,Domestic,"$9,700",23,Yes,No,Visa,12,No,23,No,No,No,No,No,No,No,0,30,$25.40,$149.64,$0.00,$0.00,$0.00,$0.00,$25.40,0
9907-UPFRPP-XA8,4,Male,60,12,9,Professional,No,Unmarried,1,"$82,000.00",3,1,Own,Domestic,"$26,300",25,Yes,No,Visa,15,Yes,18,No,No,No,No,No,No,Yes,1,31,$29.80,$181.36,$0.00,$0.00,$0.00,$0.00,$29.80,0
9910-GXMLHA-13C,4,Female,60,15,26,Labor,Yes,Married,2,"$76,000.00",10,1,Own,Domestic,"$17,300",27,No,No,Othe,39,No,25,No,No,No,Yes,Yes,Yes,Yes,1,71,$81.60,"$1,179.24",$0.00,$0.00,$0.00,$0.00,$81.60,0
9912-MNWVPA-W85,5,Male,66,9,16,Service,No,Married,2,"$112,000.00",1,0,NoCar,N/A,$0,15,No,No,Disc,16,No,15,No,No,No,No,No,No,No,0,39,$41.40,$303.52,$0.00,$0.00,$0.00,$0.00,$41.40,0
9915-AXMFDK-4GY,2,Female,54,14,17,Crafts,No,Married,2,"$80,000.00",6,1,Own,Domestic,"$8,900",28,No,Yes,Visa,26,No,23,No,Yes,No,No,No,No,No,0,58,$50.20,$621.12,$0.00,$0.00,$175.00,"$2,341.38",$225.20,0
9919-ORWGSQ-8Q6,2,Male,67,16,21,Labor,No,Married,2,"$137,000.00",1,1,Own,Foreign,"$64,100",23,No,No,Disc,31,No,22,No,No,Yes,Yes,Yes,No,No,0,58,$80.00,$920.48,$0.00,$0.00,$0.00,$0.00,$80.00,0
9919-XFCSCR-I4R,2,Female,31,12,8,Labor,No,Unmarried,2,"$80,000.00",9,0,Own,Domestic,"$23,500",17,No,No,Mast,13,No,21,No,Yes,Yes,Yes,Yes,No,Yes,0,54,$66.40,$703.36,$0.00,$0.00,$182.50,"$2,413.98",$248.90,0
9920-FTWPQS-L1R,4,Female,35,18,4,Professional,No,Unmarried,1,"$82,000.00",1,1,NoCar,N/A,$0,25,No,No,Disc,2,Yes,18,Yes,No,No,No,No,Yes,No,0,4,$16.80,$10.36,$119.60,$91.16,$0.00,$0.00,$136.40,0
9922-FWOQRP-2PA,1,Male,67,17,20,Professional,Yes,Unmarried,1,"$124,000.00",0,0,Own,Domestic,"$32,600",18,No,Yes,AMEX,39,No,21,Yes,No,No,No,No,No,Yes,0,72,$139.60,"$2,088.04",$153.40,"$2,185.68",$0.00,$0.00,$293.00,1
9924-PVEYVX-VBS,5,Female,38,9,17,Agriculture,No,Married,6,"$64,000.00",2,1,Lease,Domestic,"$20,000",25,Yes,No,Visa,20,No,27,No,No,No,Yes,Yes,No,Yes,0,68,$61.20,$840.84,$0.00,$0.00,$0.00,$0.00,$61.20,0
9925-OTDOXL-HJ9,4,Male,31,15,2,Sales,No,Unmarried,2,"$40,000.00",6,0,Own,Domestic,"$6,600",21,No,No,AMEX,11,Yes,20,No,No,No,No,No,No,No,0,27,$42.60,$233.08,$0.00,$0.00,$0.00,$0.00,$42.60,0
9925-XHHURD-XVV,2,Female,54,18,17,Crafts,No,Married,4,"$114,000.00",3,1,Own,Domestic,"$27,800",12,No,No,Disc,24,No,19,Yes,Yes,Yes,No,No,Yes,Yes,0,33,$31.40,$225.00,$156.20,$973.48,$138.25,"$1,149.42",$325.85,1
9926-CMIOYZ-7ZK,2,Female,18,13,0,Service,No,Married,4,"$50,000.00",0,1,Own,Domestic,"$10,800",15,No,Yes,Visa,1,Yes,17,Yes,No,No,No,No,No,No,0,2,$17.60,$4.84,$70.80,$16.56,$0.00,$0.00,$88.40,0
9932-DYKKRX-CBW,3,Female,66,14,27,Labor,Yes,Married,2,"$68,000.00",2,0,Own,Foreign,"$16,300",22,No,No,Disc,21,No,35,Yes,Yes,Yes,Yes,Yes,Yes,Yes,0,39,$40.40,$321.92,$189.40,"$1,423.72",$251.50,"$2,290.02",$481.30,1
9932-EAHNJR-O9V,5,Male,70,9,42,Crafts,Yes,Unmarried,1,"$114,000.00",3,1,Own,Domestic,"$30,800",26,No,Yes,AMEX,23,Yes,10,No,No,No,No,No,No,No,0,57,$84.20,$952.72,$0.00,$0.00,$0.00,$0.00,$84.20,0
9932-HDHLNA-IRD,4,Male,33,15,8,Crafts,No,Unmarried,2,"$56,000.00",2,1,Lease,Foreign,"$14,900",18,Yes,No,Mast,15,Yes,20,Yes,No,No,Yes,Yes,No,No,0,58,$40.60,$475.36,$113.20,"$1,319.16",$0.00,$0.00,$153.80,0
9932-JRQLDZ-AYG,3,Male,26,14,1,Sales,No,Unmarried,1,"$38,000.00",2,0,Own,Domestic,"$10,100",33,No,No,AMEX,4,Yes,13,Yes,Yes,No,Yes,No,Yes,No,0,12,$16.80,$36.28,$129.60,$274.36,$101.00,$271.74,$247.40,0
9936-JXYWJK-YJ6,1,Male,60,10,5,Sales,No,Married,3,"$72,000.00",7,1,Lease,Foreign,"$22,600",17,No,No,Disc,30,Yes,31,No,No,No,No,No,No,Yes,0,65,$96.80,"$1,294.88",$0.00,$0.00,$0.00,$0.00,$96.80,0
9937-SFPLRK-H9Y,2,Male,70,17,2,Sales,No,Married,2,"$56,000.00",9,0,Own,Domestic,"$15,700",29,Yes,Yes,AMEX,26,Yes,21,No,No,No,No,Yes,No,No,0,59,$57.00,$644.64,$0.00,$0.00,$0.00,$0.00,$57.00,0
9939-UQSAIS-TYG,4,Female,50,20,9,Professional,No,Married,5,"$100,000.00",8,1,Own,Foreign,"$17,100",31,No,Yes,Visa,20,No,16,Yes,Yes,No,Yes,Yes,No,Yes,1,42,$83.00,$701.76,$138.20,"$1,227.08",$178.25,"$1,708.08",$399.45,1
9943-HAMXQB-MUT,5,Female,71,13,24,Labor,No,Unmarried,1,"$108,000.00",0,1,Own,Domestic,"$55,900",33,No,Yes,Disc,28,No,20,Yes,Yes,Yes,Yes,Yes,No,Yes,1,51,$23.40,$244.68,$188.80,"$1,860.24",$224.00,"$2,669.88",$436.20,1
9949-AFKEEO-2UJ,3,Male,68,20,17,Service,Yes,Married,2,"$34,000.00",3,0,Own,Foreign,"$9,100",30,No,Yes,AMEX,16,Yes,28,Yes,Yes,Yes,Yes,Yes,Yes,Yes,0,52,$24.20,$254.96,$252.00,"$2,680.72",$310.00,"$3,545.70",$586.20,1
9950-DBPJLI-54J,5,Female,24,13,1,Sales,No,Married,3,"$66,000.00",7,1,Own,Domestic,"$24,000",26,No,No,Visa,1,Yes,21,No,No,No,Yes,Yes,No,No,1,2,$7.00,$2.52,$0.00,$0.00,$0.00,$0.00,$7.00,0
9952-CNPOYJ-0KL,2,Male,59,15,15,Service,No,Married,2,"$184,000.00",0,1,Own,Foreign,"$82,300",25,Yes,Yes,Visa,40,No,21,Yes,No,No,No,No,No,Yes,0,72,$196.20,"$2,771.36",$152.60,"$2,164.76",$0.00,$0.00,$348.80,1
9953-IKWKOC-PRS,4,Male,47,14,18,Labor,No,Married,4,"$156,000.00",2,1,Own,Domestic,"$37,700",23,Yes,Yes,AMEX,15,No,19,No,No,No,Yes,Yes,No,Yes,0,33,$56.60,$394.64,$0.00,$0.00,$0.00,$0.00,$56.60,0
9953-WBREQG-X9M,3,Female,42,19,3,Professional,No,Unmarried,2,"$118,000.00",0,1,Own,Foreign,"$41,000",26,Yes,No,Mast,17,No,17,Yes,No,No,Yes,Yes,No,Yes,0,43,$43.20,$389.24,$126.80,$943.88,$0.00,$0.00,$170.00,0
9955-CVMUZH-O6X,5,Female,63,14,17,Professional,No,Married,2,"$82,000.00",9,0,Own,Foreign,"$18,800",25,Yes,Yes,AMEX,36,No,15,No,Yes,No,Yes,Yes,No,Yes,1,71,$92.40,"$1,313.08",$0.00,$0.00,$161.00,"$2,685.90",$253.40,0
9957-EJTUGH-O2N,3,Male,54,12,5,Sales,No,Married,2,"$60,000.00",0,1,Own,Domestic,"$20,000",23,Yes,No,Visa,25,Yes,19,No,No,No,Yes,Yes,No,No,0,59,$56.80,$666.32,$0.00,$0.00,$0.00,$0.00,$56.80,0
9959-FTDURM-67O,3,Female,38,11,11,Service,No,Unmarried,1,"$112,000.00",5,1,Own,Domestic,"$19,200",29,No,No,Disc,20,Yes,22,Yes,No,No,No,No,No,Yes,0,64,$87.80,"$1,108.72",$106.20,"$1,299.04",$0.00,$0.00,$194.00,0
9963-LIXPAS-PYV,5,Female,25,10,3,Service,No,Married,3,"$44,000.00",4,1,Own,Foreign,"$10,200",30,Yes,No,AMEX,6,Yes,22,No,No,No,No,No,No,No,1,12,$25.60,$67.60,$0.00,$0.00,$0.00,$0.00,$25.60,0
9968-VJKTZG-NNZ,5,Male,49,14,6,Sales,No,Unmarried,2,"$92,000.00",1,0,NoCar,N/A,$0,28,Yes,Yes,Mast,18,Yes,19,No,No,No,Yes,No,No,Yes,1,27,$26.00,$130.64,$0.00,$0.00,$0.00,$0.00,$26.00,0
9975-VKATOU-J4H,5,Female,37,9,3,Sales,No,Married,3,"$68,000.00",0,0,Own,Foreign,"$16,400",34,No,Yes,Visa,10,Yes,18,No,No,No,No,No,No,No,1,23,$21.80,$96.80,$0.00,$0.00,$0.00,$0.00,$21.80,0
9976-EWHQDK-CWR,3,Female,63,11,32,Labor,No,Unmarried,1,"$304,000.00",2,1,Own,Domestic,"$91,900",30,No,Yes,Visa,25,Yes,16,No,No,Yes,Yes,Yes,No,No,0,56,$58.00,$638.72,$0.00,$0.00,$0.00,$0.00,$58.00,0
9976-IIYYXO-712,4,Female,23,7,5,Crafts,No,Married,3,"$32,000.00",0,1,Own,Domestic,"$10,300",17,Yes,No,Mast,5,No,17,No,No,No,No,No,No,No,1,19,$26.40,$101.96,$0.00,$0.00,$0.00,$0.00,$26.40,0
9976-YGHFSH-GYQ,4,Female,43,16,5,Sales,No,Unmarried,1,"$116,000.00",0,0,Own,Foreign,"$30,200",26,Yes,Yes,Visa,1,No,17,No,Yes,No,Yes,Yes,No,No,0,1,$3.60,$0.72,$0.00,$0.00,$72.75,$17.46,$76.35,0
9979-YOPGLE-VN1,3,Male,78,11,14,Sales,Yes,Married,2,"$34,000.00",0,0,Own,Domestic,"$6,000",33,No,No,AMEX,27,No,13,No,No,No,No,No,No,No,1,50,$37.60,$419.92,$0.00,$0.00,$0.00,$0.00,$37.60,0
9980-ZIBEGL-OBS,3,Female,52,19,8,Professional,No,Married,3,"$142,000.00",10,1,Own,Foreign,"$53,700",28,No,Yes,Disc,30,Yes,23,No,No,No,Yes,No,Yes,Yes,0,64,$133.20,"$1,784.88",$0.00,$0.00,$0.00,$0.00,$133.20,0
9984-QRMGJV-LBA,2,Male,71,13,22,Labor,Yes,Married,2,"$48,000.00",1,1,Own,Domestic,"$8,800",33,Yes,No,Disc,39,No,14,No,No,No,Yes,No,No,Yes,1,72,$97.60,"$1,376.88",$0.00,$0.00,$0.00,$0.00,$97.60,0
9986-NEXLVW-QB2,1,Female,66,15,7,Sales,Yes,Married,2,"$100,000.00",2,1,Own,Foreign,"$25,800",22,Yes,No,AMEX,33,Yes,21,No,No,No,No,No,No,Yes,0,60,$61.80,$732.60,$0.00,$0.00,$0.00,$0.00,$61.80,0
9987-TYXPMR-SYS,4,Male,76,20,16,Sales,No,Married,2,"$179,000.00",4,1,Own,Foreign,"$75,700",19,Yes,No,Disc,39,No,12,Yes,Yes,Yes,Yes,Yes,No,Yes,0,72,$225.40,"$3,136.64",$248.20,"$3,657.96",$386.25,"$6,358.32",$859.85,1
9991-FCIBKT-W29,3,Male,46,17,6,Sales,No,Unmarried,1,"$168,000.00",5,0,Own,Foreign,"$30,600",27,No,Yes,Disc,15,Yes,19,No,Yes,Yes,Yes,Yes,No,No,0,22,$27.00,$122.84,$0.00,$0.00,$231.50,"$1,065.00",$258.50,0
9992-FSFJPL-5D6,5,Male,46,8,15,Crafts,No,Married,2,"$94,000.00",1,0,Own,Foreign,"$22,400",24,No,Yes,Mast,19,No,22,No,No,No,Yes,No,No,No,1,43,$63.80,$628.04,$0.00,$0.00,$0.00,$0.00,$63.80,0
9997-QIXKNU-54A,4,Male,26,15,3,Labor,No,Unmarried,2,"$62,000.00",5,1,Own,Domestic,"$17,100",24,Yes,No,AMEX,9,Yes,21,Yes,No,No,No,No,Yes,No,0,13,$29.80,$77.64,$138.40,$334.80,$0.00,$0.00,$168.20,0
9998-ZGHXLK-EOT,3,Female,31,14,5,Professional,No,Unmarried,1,"$52,000.00",3,0,Own,Domestic,"$11,600",24,Yes,No,Mast,6,Yes,21,No,No,No,No,No,No,No,0,7,$25.40,$37.40,$0.00,$0.00,$0.00,$0.00,$25.40,0
9999-EGLHVE-19G,1,Male,32,16,6,Crafts,No,Married,4,"$72,000.00",6,1,NoCar,N/A,$0,18,No,No,Disc,3,Yes,21,Yes,Yes,Yes,Yes,Yes,Yes,No,0,5,$14.00,$24.56,$228.20,$199.40,$451.75,$456.18,$693.95,1